ISO-10303-21;
HEADER;
FILE_DESCRIPTION(('Open CASCADE Model'),'2;1');
FILE_NAME('Open CASCADE Shape Model','2026-09-11T16:26:55',('Author'),(
    'Open CASCADE'),'Open CASCADE STEP processor 7.9','Open CASCADE 7.9'
  ,'Unknown');
FILE_SCHEMA(('AUTOMOTIVE_DESIGN { 1 0 10303 214 1 1 1 1 }'));
ENDSEC;
DATA;
#1 = APPLICATION_PROTOCOL_DEFINITION('international standard',
  'automotive_design',2000,#2);
#2 = APPLICATION_CONTEXT(
  'core data for automotive mechanical design processes');
#3 = SHAPE_DEFINITION_REPRESENTATION(#4,#10);
#4 = PRODUCT_DEFINITION_SHAPE('','',#5);
#5 = PRODUCT_DEFINITION('design','',#6,#9);
#6 = PRODUCT_DEFINITION_FORMATION('','',#7);
#7 = PRODUCT('Open CASCADE STEP translator 7.9 1',
  'Open CASCADE STEP translator 7.9 1','',(#8));
#8 = PRODUCT_CONTEXT('',#2,'mechanical');
#9 = PRODUCT_DEFINITION_CONTEXT('part definition',#2,'design');
#10 = ADVANCED_BREP_SHAPE_REPRESENTATION('',(#11,#15),#6129);
#11 = AXIS2_PLACEMENT_3D('',#12,#13,#14);
#12 = CARTESIAN_POINT('',(0.,0.,0.));
#13 = DIRECTION('',(0.,0.,1.));
#14 = DIRECTION('',(1.,0.,-0.));
#15 = MANIFOLD_SOLID_BREP('',#16);
#16 = CLOSED_SHELL('',(#17,#137,#238,#335,#507,#557,#1113,#1618,#1830,
    #2344,#2849,#2899,#2949,#2976,#3002,#3100,#3338,#3884,#3912,#3959,
    #3986,#4013,#4020,#4067,#4094,#4121,#4128,#4175,#4202,#4229,#4236,
    #4283,#4310,#4337,#4344,#4370,#4669,#5097,#5104,#5158,#5553,#5600,
    #5627,#5654,#5661,#5708,#5735,#5762,#5769,#5816,#5843,#5870,#5877,
    #5924,#5951,#5978,#5985,#6066,#6115,#6122));
#17 = ADVANCED_FACE('',(#18),#32,.F.);
#18 = FACE_BOUND('',#19,.F.);
#19 = EDGE_LOOP('',(#20,#55,#83,#111));
#20 = ORIENTED_EDGE('',*,*,#21,.F.);
#21 = EDGE_CURVE('',#22,#24,#26,.T.);
#22 = VERTEX_POINT('',#23);
#23 = CARTESIAN_POINT('',(-6.E+03,-1.33E+03,0.));
#24 = VERTEX_POINT('',#25);
#25 = CARTESIAN_POINT('',(-6.E+03,-1.33E+03,3.26E+03));
#26 = SURFACE_CURVE('',#27,(#31,#43),.PCURVE_S1.);
#27 = LINE('',#28,#29);
#28 = CARTESIAN_POINT('',(-6.E+03,-1.33E+03,0.));
#29 = VECTOR('',#30,1.);
#30 = DIRECTION('',(0.,0.,1.));
#31 = PCURVE('',#32,#37);
#32 = PLANE('',#33);
#33 = AXIS2_PLACEMENT_3D('',#34,#35,#36);
#34 = CARTESIAN_POINT('',(-6.E+03,-1.45E+03,0.));
#35 = DIRECTION('',(1.,0.,0.));
#36 = DIRECTION('',(0.,0.,1.));
#37 = DEFINITIONAL_REPRESENTATION('',(#38),#42);
#38 = LINE('',#39,#40);
#39 = CARTESIAN_POINT('',(0.,-120.));
#40 = VECTOR('',#41,1.);
#41 = DIRECTION('',(1.,0.));
#42 = ( GEOMETRIC_REPRESENTATION_CONTEXT(2) 
PARAMETRIC_REPRESENTATION_CONTEXT() REPRESENTATION_CONTEXT('2D SPACE',''
  ) );
#43 = PCURVE('',#44,#49);
#44 = CYLINDRICAL_SURFACE('',#45,120.);
#45 = AXIS2_PLACEMENT_3D('',#46,#47,#48);
#46 = CARTESIAN_POINT('',(-5.88E+03,-1.33E+03,0.));
#47 = DIRECTION('',(0.,0.,1.));
#48 = DIRECTION('',(-1.,-0.,0.));
#49 = DEFINITIONAL_REPRESENTATION('',(#50),#54);
#50 = LINE('',#51,#52);
#51 = CARTESIAN_POINT('',(0.,0.));
#52 = VECTOR('',#53,1.);
#53 = DIRECTION('',(0.,1.));
#54 = ( GEOMETRIC_REPRESENTATION_CONTEXT(2) 
PARAMETRIC_REPRESENTATION_CONTEXT() REPRESENTATION_CONTEXT('2D SPACE',''
  ) );
#55 = ORIENTED_EDGE('',*,*,#56,.T.);
#56 = EDGE_CURVE('',#22,#57,#59,.T.);
#57 = VERTEX_POINT('',#58);
#58 = CARTESIAN_POINT('',(-6.E+03,1.33E+03,0.));
#59 = SURFACE_CURVE('',#60,(#64,#71),.PCURVE_S1.);
#60 = LINE('',#61,#62);
#61 = CARTESIAN_POINT('',(-6.E+03,-1.45E+03,0.));
#62 = VECTOR('',#63,1.);
#63 = DIRECTION('',(0.,1.,0.));
#64 = PCURVE('',#32,#65);
#65 = DEFINITIONAL_REPRESENTATION('',(#66),#70);
#66 = LINE('',#67,#68);
#67 = CARTESIAN_POINT('',(0.,0.));
#68 = VECTOR('',#69,1.);
#69 = DIRECTION('',(0.,-1.));
#70 = ( GEOMETRIC_REPRESENTATION_CONTEXT(2) 
PARAMETRIC_REPRESENTATION_CONTEXT() REPRESENTATION_CONTEXT('2D SPACE',''
  ) );
#71 = PCURVE('',#72,#77);
#72 = PLANE('',#73);
#73 = AXIS2_PLACEMENT_3D('',#74,#75,#76);
#74 = CARTESIAN_POINT('',(-6.E+03,-1.45E+03,0.));
#75 = DIRECTION('',(0.,0.,1.));
#76 = DIRECTION('',(1.,0.,0.));
#77 = DEFINITIONAL_REPRESENTATION('',(#78),#82);
#78 = LINE('',#79,#80);
#79 = CARTESIAN_POINT('',(0.,0.));
#80 = VECTOR('',#81,1.);
#81 = DIRECTION('',(0.,1.));
#82 = ( GEOMETRIC_REPRESENTATION_CONTEXT(2) 
PARAMETRIC_REPRESENTATION_CONTEXT() REPRESENTATION_CONTEXT('2D SPACE',''
  ) );
#83 = ORIENTED_EDGE('',*,*,#84,.T.);
#84 = EDGE_CURVE('',#57,#85,#87,.T.);
#85 = VERTEX_POINT('',#86);
#86 = CARTESIAN_POINT('',(-6.E+03,1.33E+03,3.26E+03));
#87 = SURFACE_CURVE('',#88,(#92,#99),.PCURVE_S1.);
#88 = LINE('',#89,#90);
#89 = CARTESIAN_POINT('',(-6.E+03,1.33E+03,0.));
#90 = VECTOR('',#91,1.);
#91 = DIRECTION('',(0.,0.,1.));
#92 = PCURVE('',#32,#93);
#93 = DEFINITIONAL_REPRESENTATION('',(#94),#98);
#94 = LINE('',#95,#96);
#95 = CARTESIAN_POINT('',(0.,-2.78E+03));
#96 = VECTOR('',#97,1.);
#97 = DIRECTION('',(1.,0.));
#98 = ( GEOMETRIC_REPRESENTATION_CONTEXT(2) 
PARAMETRIC_REPRESENTATION_CONTEXT() REPRESENTATION_CONTEXT('2D SPACE',''
  ) );
#99 = PCURVE('',#100,#105);
#100 = CYLINDRICAL_SURFACE('',#101,120.);
#101 = AXIS2_PLACEMENT_3D('',#102,#103,#104);
#102 = CARTESIAN_POINT('',(-5.88E+03,1.33E+03,0.));
#103 = DIRECTION('',(0.,0.,1.));
#104 = DIRECTION('',(-1.,-0.,0.));
#105 = DEFINITIONAL_REPRESENTATION('',(#106),#110);
#106 = LINE('',#107,#108);
#107 = CARTESIAN_POINT('',(-0.,0.));
#108 = VECTOR('',#109,1.);
#109 = DIRECTION('',(-0.,1.));
#110 = ( GEOMETRIC_REPRESENTATION_CONTEXT(2) 
PARAMETRIC_REPRESENTATION_CONTEXT() REPRESENTATION_CONTEXT('2D SPACE',''
  ) );
#111 = ORIENTED_EDGE('',*,*,#112,.F.);
#112 = EDGE_CURVE('',#24,#85,#113,.T.);
#113 = SURFACE_CURVE('',#114,(#118,#125),.PCURVE_S1.);
#114 = LINE('',#115,#116);
#115 = CARTESIAN_POINT('',(-6.E+03,-1.33E+03,3.26E+03));
#116 = VECTOR('',#117,1.);
#117 = DIRECTION('',(0.,1.,0.));
#118 = PCURVE('',#32,#119);
#119 = DEFINITIONAL_REPRESENTATION('',(#120),#124);
#120 = LINE('',#121,#122);
#121 = CARTESIAN_POINT('',(3.26E+03,-120.));
#122 = VECTOR('',#123,1.);
#123 = DIRECTION('',(0.,-1.));
#124 = ( GEOMETRIC_REPRESENTATION_CONTEXT(2) 
PARAMETRIC_REPRESENTATION_CONTEXT() REPRESENTATION_CONTEXT('2D SPACE',''
  ) );
#125 = PCURVE('',#126,#131);
#126 = CYLINDRICAL_SURFACE('',#127,90.);
#127 = AXIS2_PLACEMENT_3D('',#128,#129,#130);
#128 = CARTESIAN_POINT('',(-5.91E+03,-1.33E+03,3.26E+03));
#129 = DIRECTION('',(0.,1.,0.));
#130 = DIRECTION('',(-1.,0.,0.));
#131 = DEFINITIONAL_REPRESENTATION('',(#132),#136);
#132 = LINE('',#133,#134);
#133 = CARTESIAN_POINT('',(0.,0.));
#134 = VECTOR('',#135,1.);
#135 = DIRECTION('',(0.,1.));
#136 = ( GEOMETRIC_REPRESENTATION_CONTEXT(2) 
PARAMETRIC_REPRESENTATION_CONTEXT() REPRESENTATION_CONTEXT('2D SPACE',''
  ) );
#137 = ADVANCED_FACE('',(#138),#44,.T.);
#138 = FACE_BOUND('',#139,.T.);
#139 = EDGE_LOOP('',(#140,#141,#165,#193));
#140 = ORIENTED_EDGE('',*,*,#21,.F.);
#141 = ORIENTED_EDGE('',*,*,#142,.T.);
#142 = EDGE_CURVE('',#22,#143,#145,.T.);
#143 = VERTEX_POINT('',#144);
#144 = CARTESIAN_POINT('',(-5.88E+03,-1.45E+03,0.));
#145 = SURFACE_CURVE('',#146,(#151,#158),.PCURVE_S1.);
#146 = CIRCLE('',#147,120.);
#147 = AXIS2_PLACEMENT_3D('',#148,#149,#150);
#148 = CARTESIAN_POINT('',(-5.88E+03,-1.33E+03,0.));
#149 = DIRECTION('',(0.,0.,1.));
#150 = DIRECTION('',(0.,-1.,0.));
#151 = PCURVE('',#44,#152);
#152 = DEFINITIONAL_REPRESENTATION('',(#153),#157);
#153 = LINE('',#154,#155);
#154 = CARTESIAN_POINT('',(-4.712388980385,0.));
#155 = VECTOR('',#156,1.);
#156 = DIRECTION('',(1.,0.));
#157 = ( GEOMETRIC_REPRESENTATION_CONTEXT(2) 
PARAMETRIC_REPRESENTATION_CONTEXT() REPRESENTATION_CONTEXT('2D SPACE',''
  ) );
#158 = PCURVE('',#72,#159);
#159 = DEFINITIONAL_REPRESENTATION('',(#160),#164);
#160 = CIRCLE('',#161,120.);
#161 = AXIS2_PLACEMENT_2D('',#162,#163);
#162 = CARTESIAN_POINT('',(120.,120.));
#163 = DIRECTION('',(0.,-1.));
#164 = ( GEOMETRIC_REPRESENTATION_CONTEXT(2) 
PARAMETRIC_REPRESENTATION_CONTEXT() REPRESENTATION_CONTEXT('2D SPACE',''
  ) );
#165 = ORIENTED_EDGE('',*,*,#166,.T.);
#166 = EDGE_CURVE('',#143,#167,#169,.T.);
#167 = VERTEX_POINT('',#168);
#168 = CARTESIAN_POINT('',(-5.88E+03,-1.45E+03,3.26E+03));
#169 = SURFACE_CURVE('',#170,(#174,#181),.PCURVE_S1.);
#170 = LINE('',#171,#172);
#171 = CARTESIAN_POINT('',(-5.88E+03,-1.45E+03,0.));
#172 = VECTOR('',#173,1.);
#173 = DIRECTION('',(0.,0.,1.));
#174 = PCURVE('',#44,#175);
#175 = DEFINITIONAL_REPRESENTATION('',(#176),#180);
#176 = LINE('',#177,#178);
#177 = CARTESIAN_POINT('',(1.570796326795,0.));
#178 = VECTOR('',#179,1.);
#179 = DIRECTION('',(0.,1.));
#180 = ( GEOMETRIC_REPRESENTATION_CONTEXT(2) 
PARAMETRIC_REPRESENTATION_CONTEXT() REPRESENTATION_CONTEXT('2D SPACE',''
  ) );
#181 = PCURVE('',#182,#187);
#182 = PLANE('',#183);
#183 = AXIS2_PLACEMENT_3D('',#184,#185,#186);
#184 = CARTESIAN_POINT('',(-6.E+03,-1.45E+03,0.));
#185 = DIRECTION('',(0.,1.,0.));
#186 = DIRECTION('',(0.,0.,1.));
#187 = DEFINITIONAL_REPRESENTATION('',(#188),#192);
#188 = LINE('',#189,#190);
#189 = CARTESIAN_POINT('',(0.,120.));
#190 = VECTOR('',#191,1.);
#191 = DIRECTION('',(1.,0.));
#192 = ( GEOMETRIC_REPRESENTATION_CONTEXT(2) 
PARAMETRIC_REPRESENTATION_CONTEXT() REPRESENTATION_CONTEXT('2D SPACE',''
  ) );
#193 = ORIENTED_EDGE('',*,*,#194,.T.);
#194 = EDGE_CURVE('',#167,#24,#195,.T.);
#195 = SURFACE_CURVE('',#196,(#201,#208),.PCURVE_S1.);
#196 = CIRCLE('',#197,120.);
#197 = AXIS2_PLACEMENT_3D('',#198,#199,#200);
#198 = CARTESIAN_POINT('',(-5.88E+03,-1.33E+03,3.26E+03));
#199 = DIRECTION('',(-0.,-0.,-1.));
#200 = DIRECTION('',(0.,-1.,0.));
#201 = PCURVE('',#44,#202);
#202 = DEFINITIONAL_REPRESENTATION('',(#203),#207);
#203 = LINE('',#204,#205);
#204 = CARTESIAN_POINT('',(1.570796326795,3.26E+03));
#205 = VECTOR('',#206,1.);
#206 = DIRECTION('',(-1.,-0.));
#207 = ( GEOMETRIC_REPRESENTATION_CONTEXT(2) 
PARAMETRIC_REPRESENTATION_CONTEXT() REPRESENTATION_CONTEXT('2D SPACE',''
  ) );
#208 = PCURVE('',#209,#232);
#209 = SURFACE_OF_REVOLUTION('',#210,#229);
#210 = B_SPLINE_CURVE_WITH_KNOTS('',5,(#211,#212,#213,#214,#215,#216,
    #217,#218,#219,#220,#221,#222,#223,#224,#225,#226,#227,#228),
  .UNSPECIFIED.,.F.,.F.,(6,4,4,4,6),(0.,0.392699081699,0.785398163397,
    1.178097245096,1.570796326795),.UNSPECIFIED.);
#211 = CARTESIAN_POINT('',(-5.88E+03,-1.45E+03,3.26E+03));
#212 = CARTESIAN_POINT('',(-5.88E+03,-1.45E+03,3.267068583471E+03));
#213 = CARTESIAN_POINT('',(-5.88E+03,-1.449306053686E+03,
    3.274137168727E+03));
#214 = CARTESIAN_POINT('',(-5.88E+03,-1.447918095382E+03,
    3.281114906321E+03));
#215 = CARTESIAN_POINT('',(-5.88E+03,-1.44585418771E+03,
    3.287910989321E+03));
#216 = CARTESIAN_POINT('',(-5.88E+03,-1.440444128142E+03,
    3.300972028505E+03));
#217 = CARTESIAN_POINT('',(-5.88E+03,-1.437097974877E+03,
    3.30723698799E+03));
#218 = CARTESIAN_POINT('',(-5.88E+03,-1.433145404036E+03,
    3.313152428288E+03));
#219 = CARTESIAN_POINT('',(-5.88E+03,-1.428637853612E+03,
    3.318641367001E+03));
#220 = CARTESIAN_POINT('',(-5.88E+03,-1.418641367001E+03,
    3.328637853612E+03));
#221 = CARTESIAN_POINT('',(-5.88E+03,-1.413152428288E+03,
    3.333145404036E+03));
#222 = CARTESIAN_POINT('',(-5.88E+03,-1.40723698799E+03,
    3.337097974877E+03));
#223 = CARTESIAN_POINT('',(-5.88E+03,-1.400972028505E+03,
    3.340444128142E+03));
#224 = CARTESIAN_POINT('',(-5.88E+03,-1.387910989321E+03,
    3.34585418771E+03));
#225 = CARTESIAN_POINT('',(-5.88E+03,-1.381114906321E+03,
    3.347918095382E+03));
#226 = CARTESIAN_POINT('',(-5.88E+03,-1.374137168727E+03,
    3.349306053686E+03));
#227 = CARTESIAN_POINT('',(-5.88E+03,-1.367068583471E+03,3.35E+03));
#228 = CARTESIAN_POINT('',(-5.88E+03,-1.36E+03,3.35E+03));
#229 = AXIS1_PLACEMENT('',#230,#231);
#230 = CARTESIAN_POINT('',(-5.88E+03,-1.33E+03,3.26E+03));
#231 = DIRECTION('',(0.,0.,1.));
#232 = DEFINITIONAL_REPRESENTATION('',(#233),#237);
#233 = LINE('',#234,#235);
#234 = CARTESIAN_POINT('',(-0.,0.));
#235 = VECTOR('',#236,1.);
#236 = DIRECTION('',(-1.,0.));
#237 = ( GEOMETRIC_REPRESENTATION_CONTEXT(2) 
PARAMETRIC_REPRESENTATION_CONTEXT() REPRESENTATION_CONTEXT('2D SPACE',''
  ) );
#238 = ADVANCED_FACE('',(#239),#126,.T.);
#239 = FACE_BOUND('',#240,.T.);
#240 = EDGE_LOOP('',(#241,#263,#291,#334));
#241 = ORIENTED_EDGE('',*,*,#242,.T.);
#242 = EDGE_CURVE('',#24,#243,#245,.T.);
#243 = VERTEX_POINT('',#244);
#244 = CARTESIAN_POINT('',(-5.91E+03,-1.33E+03,3.35E+03));
#245 = SURFACE_CURVE('',#246,(#251,#257),.PCURVE_S1.);
#246 = CIRCLE('',#247,90.);
#247 = AXIS2_PLACEMENT_3D('',#248,#249,#250);
#248 = CARTESIAN_POINT('',(-5.91E+03,-1.33E+03,3.26E+03));
#249 = DIRECTION('',(0.,1.,0.));
#250 = DIRECTION('',(-1.,0.,0.));
#251 = PCURVE('',#126,#252);
#252 = DEFINITIONAL_REPRESENTATION('',(#253),#256);
#253 = B_SPLINE_CURVE_WITH_KNOTS('',1,(#254,#255),.UNSPECIFIED.,.F.,.F.,
  (2,2),(0.,1.570796326795),.PIECEWISE_BEZIER_KNOTS.);
#254 = CARTESIAN_POINT('',(0.,0.));
#255 = CARTESIAN_POINT('',(1.570796326795,0.));
#256 = ( GEOMETRIC_REPRESENTATION_CONTEXT(2) 
PARAMETRIC_REPRESENTATION_CONTEXT() REPRESENTATION_CONTEXT('2D SPACE',''
  ) );
#257 = PCURVE('',#209,#258);
#258 = DEFINITIONAL_REPRESENTATION('',(#259),#262);
#259 = B_SPLINE_CURVE_WITH_KNOTS('',1,(#260,#261),.UNSPECIFIED.,.F.,.F.,
  (2,2),(0.,1.570796326795),.PIECEWISE_BEZIER_KNOTS.);
#260 = CARTESIAN_POINT('',(-1.570796326795,0.));
#261 = CARTESIAN_POINT('',(-1.570796326795,1.570796326795));
#262 = ( GEOMETRIC_REPRESENTATION_CONTEXT(2) 
PARAMETRIC_REPRESENTATION_CONTEXT() REPRESENTATION_CONTEXT('2D SPACE',''
  ) );
#263 = ORIENTED_EDGE('',*,*,#264,.T.);
#264 = EDGE_CURVE('',#243,#265,#267,.T.);
#265 = VERTEX_POINT('',#266);
#266 = CARTESIAN_POINT('',(-5.91E+03,1.33E+03,3.35E+03));
#267 = SURFACE_CURVE('',#268,(#272,#279),.PCURVE_S1.);
#268 = LINE('',#269,#270);
#269 = CARTESIAN_POINT('',(-5.91E+03,-1.33E+03,3.35E+03));
#270 = VECTOR('',#271,1.);
#271 = DIRECTION('',(0.,1.,0.));
#272 = PCURVE('',#126,#273);
#273 = DEFINITIONAL_REPRESENTATION('',(#274),#278);
#274 = LINE('',#275,#276);
#275 = CARTESIAN_POINT('',(1.570796326795,0.));
#276 = VECTOR('',#277,1.);
#277 = DIRECTION('',(0.,1.));
#278 = ( GEOMETRIC_REPRESENTATION_CONTEXT(2) 
PARAMETRIC_REPRESENTATION_CONTEXT() REPRESENTATION_CONTEXT('2D SPACE',''
  ) );
#279 = PCURVE('',#280,#285);
#280 = PLANE('',#281);
#281 = AXIS2_PLACEMENT_3D('',#282,#283,#284);
#282 = CARTESIAN_POINT('',(-6.E+03,-1.45E+03,3.35E+03));
#283 = DIRECTION('',(0.,0.,1.));
#284 = DIRECTION('',(1.,0.,0.));
#285 = DEFINITIONAL_REPRESENTATION('',(#286),#290);
#286 = LINE('',#287,#288);
#287 = CARTESIAN_POINT('',(90.,120.));
#288 = VECTOR('',#289,1.);
#289 = DIRECTION('',(0.,1.));
#290 = ( GEOMETRIC_REPRESENTATION_CONTEXT(2) 
PARAMETRIC_REPRESENTATION_CONTEXT() REPRESENTATION_CONTEXT('2D SPACE',''
  ) );
#291 = ORIENTED_EDGE('',*,*,#292,.F.);
#292 = EDGE_CURVE('',#85,#265,#293,.T.);
#293 = SURFACE_CURVE('',#294,(#299,#305),.PCURVE_S1.);
#294 = CIRCLE('',#295,90.);
#295 = AXIS2_PLACEMENT_3D('',#296,#297,#298);
#296 = CARTESIAN_POINT('',(-5.91E+03,1.33E+03,3.26E+03));
#297 = DIRECTION('',(0.,1.,0.));
#298 = DIRECTION('',(-1.,0.,0.));
#299 = PCURVE('',#126,#300);
#300 = DEFINITIONAL_REPRESENTATION('',(#301),#304);
#301 = B_SPLINE_CURVE_WITH_KNOTS('',1,(#302,#303),.UNSPECIFIED.,.F.,.F.,
  (2,2),(0.,1.570796326795),.PIECEWISE_BEZIER_KNOTS.);
#302 = CARTESIAN_POINT('',(0.,2.66E+03));
#303 = CARTESIAN_POINT('',(1.570796326795,2.66E+03));
#304 = ( GEOMETRIC_REPRESENTATION_CONTEXT(2) 
PARAMETRIC_REPRESENTATION_CONTEXT() REPRESENTATION_CONTEXT('2D SPACE',''
  ) );
#305 = PCURVE('',#306,#329);
#306 = SURFACE_OF_REVOLUTION('',#307,#326);
#307 = B_SPLINE_CURVE_WITH_KNOTS('',5,(#308,#309,#310,#311,#312,#313,
    #314,#315,#316,#317,#318,#319,#320,#321,#322,#323,#324,#325),
  .UNSPECIFIED.,.F.,.F.,(6,4,4,4,6),(0.,0.392699081699,0.785398163397,
    1.178097245096,1.570796326795),.UNSPECIFIED.);
#308 = CARTESIAN_POINT('',(-6.E+03,1.33E+03,3.26E+03));
#309 = CARTESIAN_POINT('',(-6.E+03,1.33E+03,3.267068583471E+03));
#310 = CARTESIAN_POINT('',(-5.999306053686E+03,1.33E+03,
    3.274137168727E+03));
#311 = CARTESIAN_POINT('',(-5.997918095382E+03,1.33E+03,
    3.281114906321E+03));
#312 = CARTESIAN_POINT('',(-5.99585418771E+03,1.33E+03,
    3.287910989321E+03));
#313 = CARTESIAN_POINT('',(-5.990444128142E+03,1.33E+03,
    3.300972028505E+03));
#314 = CARTESIAN_POINT('',(-5.987097974877E+03,1.33E+03,
    3.30723698799E+03));
#315 = CARTESIAN_POINT('',(-5.983145404036E+03,1.33E+03,
    3.313152428288E+03));
#316 = CARTESIAN_POINT('',(-5.978637853612E+03,1.33E+03,
    3.318641367001E+03));
#317 = CARTESIAN_POINT('',(-5.968641367001E+03,1.33E+03,
    3.328637853612E+03));
#318 = CARTESIAN_POINT('',(-5.963152428288E+03,1.33E+03,
    3.333145404036E+03));
#319 = CARTESIAN_POINT('',(-5.95723698799E+03,1.33E+03,
    3.337097974877E+03));
#320 = CARTESIAN_POINT('',(-5.950972028505E+03,1.33E+03,
    3.340444128142E+03));
#321 = CARTESIAN_POINT('',(-5.937910989321E+03,1.33E+03,
    3.34585418771E+03));
#322 = CARTESIAN_POINT('',(-5.931114906321E+03,1.33E+03,
    3.347918095382E+03));
#323 = CARTESIAN_POINT('',(-5.924137168727E+03,1.33E+03,
    3.349306053686E+03));
#324 = CARTESIAN_POINT('',(-5.917068583471E+03,1.33E+03,3.35E+03));
#325 = CARTESIAN_POINT('',(-5.91E+03,1.33E+03,3.35E+03));
#326 = AXIS1_PLACEMENT('',#327,#328);
#327 = CARTESIAN_POINT('',(-5.88E+03,1.33E+03,3.26E+03));
#328 = DIRECTION('',(0.,0.,1.));
#329 = DEFINITIONAL_REPRESENTATION('',(#330),#333);
#330 = B_SPLINE_CURVE_WITH_KNOTS('',1,(#331,#332),.UNSPECIFIED.,.F.,.F.,
  (2,2),(0.,1.570796326795),.PIECEWISE_BEZIER_KNOTS.);
#331 = CARTESIAN_POINT('',(0.,0.));
#332 = CARTESIAN_POINT('',(0.,1.570796326795));
#333 = ( GEOMETRIC_REPRESENTATION_CONTEXT(2) 
PARAMETRIC_REPRESENTATION_CONTEXT() REPRESENTATION_CONTEXT('2D SPACE',''
  ) );
#334 = ORIENTED_EDGE('',*,*,#112,.F.);
#335 = ADVANCED_FACE('',(#336),#72,.F.);
#336 = FACE_BOUND('',#337,.F.);
#337 = EDGE_LOOP('',(#338,#339,#340,#363,#396,#424,#453,#481));
#338 = ORIENTED_EDGE('',*,*,#56,.F.);
#339 = ORIENTED_EDGE('',*,*,#142,.T.);
#340 = ORIENTED_EDGE('',*,*,#341,.T.);
#341 = EDGE_CURVE('',#143,#342,#344,.T.);
#342 = VERTEX_POINT('',#343);
#343 = CARTESIAN_POINT('',(5.88E+03,-1.45E+03,0.));
#344 = SURFACE_CURVE('',#345,(#349,#356),.PCURVE_S1.);
#345 = LINE('',#346,#347);
#346 = CARTESIAN_POINT('',(-6.E+03,-1.45E+03,0.));
#347 = VECTOR('',#348,1.);
#348 = DIRECTION('',(1.,0.,0.));
#349 = PCURVE('',#72,#350);
#350 = DEFINITIONAL_REPRESENTATION('',(#351),#355);
#351 = LINE('',#352,#353);
#352 = CARTESIAN_POINT('',(0.,0.));
#353 = VECTOR('',#354,1.);
#354 = DIRECTION('',(1.,0.));
#355 = ( GEOMETRIC_REPRESENTATION_CONTEXT(2) 
PARAMETRIC_REPRESENTATION_CONTEXT() REPRESENTATION_CONTEXT('2D SPACE',''
  ) );
#356 = PCURVE('',#182,#357);
#357 = DEFINITIONAL_REPRESENTATION('',(#358),#362);
#358 = LINE('',#359,#360);
#359 = CARTESIAN_POINT('',(0.,0.));
#360 = VECTOR('',#361,1.);
#361 = DIRECTION('',(0.,1.));
#362 = ( GEOMETRIC_REPRESENTATION_CONTEXT(2) 
PARAMETRIC_REPRESENTATION_CONTEXT() REPRESENTATION_CONTEXT('2D SPACE',''
  ) );
#363 = ORIENTED_EDGE('',*,*,#364,.F.);
#364 = EDGE_CURVE('',#365,#342,#367,.T.);
#365 = VERTEX_POINT('',#366);
#366 = CARTESIAN_POINT('',(6.E+03,-1.33E+03,0.));
#367 = SURFACE_CURVE('',#368,(#373,#384),.PCURVE_S1.);
#368 = CIRCLE('',#369,120.);
#369 = AXIS2_PLACEMENT_3D('',#370,#371,#372);
#370 = CARTESIAN_POINT('',(5.88E+03,-1.33E+03,0.));
#371 = DIRECTION('',(-0.,-0.,-1.));
#372 = DIRECTION('',(0.,-1.,0.));
#373 = PCURVE('',#72,#374);
#374 = DEFINITIONAL_REPRESENTATION('',(#375),#383);
#375 = ( BOUNDED_CURVE() B_SPLINE_CURVE(2,(#376,#377,#378,#379,#380,#381
,#382),.UNSPECIFIED.,.T.,.F.) B_SPLINE_CURVE_WITH_KNOTS((1,2,2,2,2,1),(
    -2.094395102393,0.,2.094395102393,4.188790204786,6.28318530718,
8.377580409573),.UNSPECIFIED.) CURVE() GEOMETRIC_REPRESENTATION_ITEM() 
RATIONAL_B_SPLINE_CURVE((1.,0.5,1.,0.5,1.,0.5,1.)) REPRESENTATION_ITEM(
  '') );
#376 = CARTESIAN_POINT('',(1.188E+04,0.));
#377 = CARTESIAN_POINT('',(1.167215390309E+04,0.));
#378 = CARTESIAN_POINT('',(1.177607695155E+04,180.));
#379 = CARTESIAN_POINT('',(1.188E+04,360.));
#380 = CARTESIAN_POINT('',(1.198392304845E+04,180.));
#381 = CARTESIAN_POINT('',(1.208784609691E+04,1.847411112976E-13));
#382 = CARTESIAN_POINT('',(1.188E+04,0.));
#383 = ( GEOMETRIC_REPRESENTATION_CONTEXT(2) 
PARAMETRIC_REPRESENTATION_CONTEXT() REPRESENTATION_CONTEXT('2D SPACE',''
  ) );
#384 = PCURVE('',#385,#390);
#385 = CYLINDRICAL_SURFACE('',#386,120.);
#386 = AXIS2_PLACEMENT_3D('',#387,#388,#389);
#387 = CARTESIAN_POINT('',(5.88E+03,-1.33E+03,0.));
#388 = DIRECTION('',(0.,0.,1.));
#389 = DIRECTION('',(1.,0.,-0.));
#390 = DEFINITIONAL_REPRESENTATION('',(#391),#395);
#391 = LINE('',#392,#393);
#392 = CARTESIAN_POINT('',(4.712388980385,-0.));
#393 = VECTOR('',#394,1.);
#394 = DIRECTION('',(-1.,0.));
#395 = ( GEOMETRIC_REPRESENTATION_CONTEXT(2) 
PARAMETRIC_REPRESENTATION_CONTEXT() REPRESENTATION_CONTEXT('2D SPACE',''
  ) );
#396 = ORIENTED_EDGE('',*,*,#397,.T.);
#397 = EDGE_CURVE('',#365,#398,#400,.T.);
#398 = VERTEX_POINT('',#399);
#399 = CARTESIAN_POINT('',(6.E+03,1.33E+03,0.));
#400 = SURFACE_CURVE('',#401,(#405,#412),.PCURVE_S1.);
#401 = LINE('',#402,#403);
#402 = CARTESIAN_POINT('',(6.E+03,-1.45E+03,0.));
#403 = VECTOR('',#404,1.);
#404 = DIRECTION('',(0.,1.,0.));
#405 = PCURVE('',#72,#406);
#406 = DEFINITIONAL_REPRESENTATION('',(#407),#411);
#407 = LINE('',#408,#409);
#408 = CARTESIAN_POINT('',(1.2E+04,0.));
#409 = VECTOR('',#410,1.);
#410 = DIRECTION('',(0.,1.));
#411 = ( GEOMETRIC_REPRESENTATION_CONTEXT(2) 
PARAMETRIC_REPRESENTATION_CONTEXT() REPRESENTATION_CONTEXT('2D SPACE',''
  ) );
#412 = PCURVE('',#413,#418);
#413 = PLANE('',#414);
#414 = AXIS2_PLACEMENT_3D('',#415,#416,#417);
#415 = CARTESIAN_POINT('',(6.E+03,-1.45E+03,0.));
#416 = DIRECTION('',(1.,0.,0.));
#417 = DIRECTION('',(0.,0.,1.));
#418 = DEFINITIONAL_REPRESENTATION('',(#419),#423);
#419 = LINE('',#420,#421);
#420 = CARTESIAN_POINT('',(0.,0.));
#421 = VECTOR('',#422,1.);
#422 = DIRECTION('',(0.,-1.));
#423 = ( GEOMETRIC_REPRESENTATION_CONTEXT(2) 
PARAMETRIC_REPRESENTATION_CONTEXT() REPRESENTATION_CONTEXT('2D SPACE',''
  ) );
#424 = ORIENTED_EDGE('',*,*,#425,.T.);
#425 = EDGE_CURVE('',#398,#426,#428,.T.);
#426 = VERTEX_POINT('',#427);
#427 = CARTESIAN_POINT('',(5.88E+03,1.45E+03,0.));
#428 = SURFACE_CURVE('',#429,(#434,#441),.PCURVE_S1.);
#429 = CIRCLE('',#430,120.);
#430 = AXIS2_PLACEMENT_3D('',#431,#432,#433);
#431 = CARTESIAN_POINT('',(5.88E+03,1.33E+03,0.));
#432 = DIRECTION('',(0.,0.,1.));
#433 = DIRECTION('',(0.,-1.,0.));
#434 = PCURVE('',#72,#435);
#435 = DEFINITIONAL_REPRESENTATION('',(#436),#440);
#436 = CIRCLE('',#437,120.);
#437 = AXIS2_PLACEMENT_2D('',#438,#439);
#438 = CARTESIAN_POINT('',(1.188E+04,2.78E+03));
#439 = DIRECTION('',(0.,-1.));
#440 = ( GEOMETRIC_REPRESENTATION_CONTEXT(2) 
PARAMETRIC_REPRESENTATION_CONTEXT() REPRESENTATION_CONTEXT('2D SPACE',''
  ) );
#441 = PCURVE('',#442,#447);
#442 = CYLINDRICAL_SURFACE('',#443,120.);
#443 = AXIS2_PLACEMENT_3D('',#444,#445,#446);
#444 = CARTESIAN_POINT('',(5.88E+03,1.33E+03,0.));
#445 = DIRECTION('',(0.,0.,1.));
#446 = DIRECTION('',(1.,0.,-0.));
#447 = DEFINITIONAL_REPRESENTATION('',(#448),#452);
#448 = LINE('',#449,#450);
#449 = CARTESIAN_POINT('',(-1.570796326795,0.));
#450 = VECTOR('',#451,1.);
#451 = DIRECTION('',(1.,0.));
#452 = ( GEOMETRIC_REPRESENTATION_CONTEXT(2) 
PARAMETRIC_REPRESENTATION_CONTEXT() REPRESENTATION_CONTEXT('2D SPACE',''
  ) );
#453 = ORIENTED_EDGE('',*,*,#454,.F.);
#454 = EDGE_CURVE('',#455,#426,#457,.T.);
#455 = VERTEX_POINT('',#456);
#456 = CARTESIAN_POINT('',(-5.88E+03,1.45E+03,0.));
#457 = SURFACE_CURVE('',#458,(#462,#469),.PCURVE_S1.);
#458 = LINE('',#459,#460);
#459 = CARTESIAN_POINT('',(-6.E+03,1.45E+03,0.));
#460 = VECTOR('',#461,1.);
#461 = DIRECTION('',(1.,0.,0.));
#462 = PCURVE('',#72,#463);
#463 = DEFINITIONAL_REPRESENTATION('',(#464),#468);
#464 = LINE('',#465,#466);
#465 = CARTESIAN_POINT('',(0.,2.9E+03));
#466 = VECTOR('',#467,1.);
#467 = DIRECTION('',(1.,0.));
#468 = ( GEOMETRIC_REPRESENTATION_CONTEXT(2) 
PARAMETRIC_REPRESENTATION_CONTEXT() REPRESENTATION_CONTEXT('2D SPACE',''
  ) );
#469 = PCURVE('',#470,#475);
#470 = PLANE('',#471);
#471 = AXIS2_PLACEMENT_3D('',#472,#473,#474);
#472 = CARTESIAN_POINT('',(-6.E+03,1.45E+03,0.));
#473 = DIRECTION('',(0.,1.,0.));
#474 = DIRECTION('',(0.,0.,1.));
#475 = DEFINITIONAL_REPRESENTATION('',(#476),#480);
#476 = LINE('',#477,#478);
#477 = CARTESIAN_POINT('',(0.,0.));
#478 = VECTOR('',#479,1.);
#479 = DIRECTION('',(0.,1.));
#480 = ( GEOMETRIC_REPRESENTATION_CONTEXT(2) 
PARAMETRIC_REPRESENTATION_CONTEXT() REPRESENTATION_CONTEXT('2D SPACE',''
  ) );
#481 = ORIENTED_EDGE('',*,*,#482,.F.);
#482 = EDGE_CURVE('',#57,#455,#483,.T.);
#483 = SURFACE_CURVE('',#484,(#489,#500),.PCURVE_S1.);
#484 = CIRCLE('',#485,120.);
#485 = AXIS2_PLACEMENT_3D('',#486,#487,#488);
#486 = CARTESIAN_POINT('',(-5.88E+03,1.33E+03,0.));
#487 = DIRECTION('',(-0.,-0.,-1.));
#488 = DIRECTION('',(0.,-1.,0.));
#489 = PCURVE('',#72,#490);
#490 = DEFINITIONAL_REPRESENTATION('',(#491),#499);
#491 = ( BOUNDED_CURVE() B_SPLINE_CURVE(2,(#492,#493,#494,#495,#496,#497
,#498),.UNSPECIFIED.,.T.,.F.) B_SPLINE_CURVE_WITH_KNOTS((1,2,2,2,2,1),(
    -2.094395102393,0.,2.094395102393,4.188790204786,6.28318530718,
8.377580409573),.UNSPECIFIED.) CURVE() GEOMETRIC_REPRESENTATION_ITEM() 
RATIONAL_B_SPLINE_CURVE((1.,0.5,1.,0.5,1.,0.5,1.)) REPRESENTATION_ITEM(
  '') );
#492 = CARTESIAN_POINT('',(120.,2.66E+03));
#493 = CARTESIAN_POINT('',(-87.84609690826,2.66E+03));
#494 = CARTESIAN_POINT('',(16.076951545867,2.84E+03));
#495 = CARTESIAN_POINT('',(120.,3.02E+03));
#496 = CARTESIAN_POINT('',(223.92304845413,2.84E+03));
#497 = CARTESIAN_POINT('',(327.84609690826,2.66E+03));
#498 = CARTESIAN_POINT('',(120.,2.66E+03));
#499 = ( GEOMETRIC_REPRESENTATION_CONTEXT(2) 
PARAMETRIC_REPRESENTATION_CONTEXT() REPRESENTATION_CONTEXT('2D SPACE',''
  ) );
#500 = PCURVE('',#100,#501);
#501 = DEFINITIONAL_REPRESENTATION('',(#502),#506);
#502 = LINE('',#503,#504);
#503 = CARTESIAN_POINT('',(1.570796326795,-0.));
#504 = VECTOR('',#505,1.);
#505 = DIRECTION('',(-1.,0.));
#506 = ( GEOMETRIC_REPRESENTATION_CONTEXT(2) 
PARAMETRIC_REPRESENTATION_CONTEXT() REPRESENTATION_CONTEXT('2D SPACE',''
  ) );
#507 = ADVANCED_FACE('',(#508),#100,.T.);
#508 = FACE_BOUND('',#509,.F.);
#509 = EDGE_LOOP('',(#510,#511,#512,#535));
#510 = ORIENTED_EDGE('',*,*,#84,.F.);
#511 = ORIENTED_EDGE('',*,*,#482,.T.);
#512 = ORIENTED_EDGE('',*,*,#513,.T.);
#513 = EDGE_CURVE('',#455,#514,#516,.T.);
#514 = VERTEX_POINT('',#515);
#515 = CARTESIAN_POINT('',(-5.88E+03,1.45E+03,3.26E+03));
#516 = SURFACE_CURVE('',#517,(#521,#528),.PCURVE_S1.);
#517 = LINE('',#518,#519);
#518 = CARTESIAN_POINT('',(-5.88E+03,1.45E+03,0.));
#519 = VECTOR('',#520,1.);
#520 = DIRECTION('',(0.,0.,1.));
#521 = PCURVE('',#100,#522);
#522 = DEFINITIONAL_REPRESENTATION('',(#523),#527);
#523 = LINE('',#524,#525);
#524 = CARTESIAN_POINT('',(-1.570796326795,0.));
#525 = VECTOR('',#526,1.);
#526 = DIRECTION('',(-0.,1.));
#527 = ( GEOMETRIC_REPRESENTATION_CONTEXT(2) 
PARAMETRIC_REPRESENTATION_CONTEXT() REPRESENTATION_CONTEXT('2D SPACE',''
  ) );
#528 = PCURVE('',#470,#529);
#529 = DEFINITIONAL_REPRESENTATION('',(#530),#534);
#530 = LINE('',#531,#532);
#531 = CARTESIAN_POINT('',(0.,120.));
#532 = VECTOR('',#533,1.);
#533 = DIRECTION('',(1.,0.));
#534 = ( GEOMETRIC_REPRESENTATION_CONTEXT(2) 
PARAMETRIC_REPRESENTATION_CONTEXT() REPRESENTATION_CONTEXT('2D SPACE',''
  ) );
#535 = ORIENTED_EDGE('',*,*,#536,.F.);
#536 = EDGE_CURVE('',#85,#514,#537,.T.);
#537 = SURFACE_CURVE('',#538,(#543,#550),.PCURVE_S1.);
#538 = CIRCLE('',#539,120.);
#539 = AXIS2_PLACEMENT_3D('',#540,#541,#542);
#540 = CARTESIAN_POINT('',(-5.88E+03,1.33E+03,3.26E+03));
#541 = DIRECTION('',(-0.,0.,-1.));
#542 = DIRECTION('',(-1.,0.,0.));
#543 = PCURVE('',#100,#544);
#544 = DEFINITIONAL_REPRESENTATION('',(#545),#549);
#545 = LINE('',#546,#547);
#546 = CARTESIAN_POINT('',(-0.,3.26E+03));
#547 = VECTOR('',#548,1.);
#548 = DIRECTION('',(-1.,0.));
#549 = ( GEOMETRIC_REPRESENTATION_CONTEXT(2) 
PARAMETRIC_REPRESENTATION_CONTEXT() REPRESENTATION_CONTEXT('2D SPACE',''
  ) );
#550 = PCURVE('',#306,#551);
#551 = DEFINITIONAL_REPRESENTATION('',(#552),#556);
#552 = LINE('',#553,#554);
#553 = CARTESIAN_POINT('',(-0.,0.));
#554 = VECTOR('',#555,1.);
#555 = DIRECTION('',(-1.,0.));
#556 = ( GEOMETRIC_REPRESENTATION_CONTEXT(2) 
PARAMETRIC_REPRESENTATION_CONTEXT() REPRESENTATION_CONTEXT('2D SPACE',''
  ) );
#557 = ADVANCED_FACE('',(#558,#615),#209,.T.);
#558 = FACE_BOUND('',#559,.F.);
#559 = EDGE_LOOP('',(#560,#587,#588,#589));
#560 = ORIENTED_EDGE('',*,*,#561,.F.);
#561 = EDGE_CURVE('',#167,#562,#564,.T.);
#562 = VERTEX_POINT('',#563);
#563 = CARTESIAN_POINT('',(-5.88E+03,-1.36E+03,3.35E+03));
#564 = SURFACE_CURVE('',#565,(#570,#576),.PCURVE_S1.);
#565 = CIRCLE('',#566,90.);
#566 = AXIS2_PLACEMENT_3D('',#567,#568,#569);
#567 = CARTESIAN_POINT('',(-5.88E+03,-1.36E+03,3.26E+03));
#568 = DIRECTION('',(-1.,-0.,0.));
#569 = DIRECTION('',(0.,-1.,0.));
#570 = PCURVE('',#209,#571);
#571 = DEFINITIONAL_REPRESENTATION('',(#572),#575);
#572 = B_SPLINE_CURVE_WITH_KNOTS('',1,(#573,#574),.UNSPECIFIED.,.F.,.F.,
  (2,2),(0.,1.570796326795),.PIECEWISE_BEZIER_KNOTS.);
#573 = CARTESIAN_POINT('',(0.,0.));
#574 = CARTESIAN_POINT('',(0.,1.570796326795));
#575 = ( GEOMETRIC_REPRESENTATION_CONTEXT(2) 
PARAMETRIC_REPRESENTATION_CONTEXT() REPRESENTATION_CONTEXT('2D SPACE',''
  ) );
#576 = PCURVE('',#577,#582);
#577 = CYLINDRICAL_SURFACE('',#578,90.);
#578 = AXIS2_PLACEMENT_3D('',#579,#580,#581);
#579 = CARTESIAN_POINT('',(5.88E+03,-1.36E+03,3.26E+03));
#580 = DIRECTION('',(-1.,-0.,-0.));
#581 = DIRECTION('',(0.,-1.,0.));
#582 = DEFINITIONAL_REPRESENTATION('',(#583),#586);
#583 = B_SPLINE_CURVE_WITH_KNOTS('',1,(#584,#585),.UNSPECIFIED.,.F.,.F.,
  (2,2),(0.,1.570796326795),.PIECEWISE_BEZIER_KNOTS.);
#584 = CARTESIAN_POINT('',(0.,1.176E+04));
#585 = CARTESIAN_POINT('',(1.570796326795,1.176E+04));
#586 = ( GEOMETRIC_REPRESENTATION_CONTEXT(2) 
PARAMETRIC_REPRESENTATION_CONTEXT() REPRESENTATION_CONTEXT('2D SPACE',''
  ) );
#587 = ORIENTED_EDGE('',*,*,#194,.T.);
#588 = ORIENTED_EDGE('',*,*,#242,.T.);
#589 = ORIENTED_EDGE('',*,*,#590,.F.);
#590 = EDGE_CURVE('',#562,#243,#591,.T.);
#591 = SURFACE_CURVE('',#592,(#597,#604),.PCURVE_S1.);
#592 = CIRCLE('',#593,30.);
#593 = AXIS2_PLACEMENT_3D('',#594,#595,#596);
#594 = CARTESIAN_POINT('',(-5.88E+03,-1.33E+03,3.35E+03));
#595 = DIRECTION('',(-0.,-0.,-1.));
#596 = DIRECTION('',(0.,-1.,0.));
#597 = PCURVE('',#209,#598);
#598 = DEFINITIONAL_REPRESENTATION('',(#599),#603);
#599 = LINE('',#600,#601);
#600 = CARTESIAN_POINT('',(-0.,1.570796326795));
#601 = VECTOR('',#602,1.);
#602 = DIRECTION('',(-1.,0.));
#603 = ( GEOMETRIC_REPRESENTATION_CONTEXT(2) 
PARAMETRIC_REPRESENTATION_CONTEXT() REPRESENTATION_CONTEXT('2D SPACE',''
  ) );
#604 = PCURVE('',#280,#605);
#605 = DEFINITIONAL_REPRESENTATION('',(#606),#614);
#606 = ( BOUNDED_CURVE() B_SPLINE_CURVE(2,(#607,#608,#609,#610,#611,#612
,#613),.UNSPECIFIED.,.T.,.F.) B_SPLINE_CURVE_WITH_KNOTS((1,2,2,2,2,1),(
    -2.094395102393,0.,2.094395102393,4.188790204786,6.28318530718,
8.377580409573),.UNSPECIFIED.) CURVE() GEOMETRIC_REPRESENTATION_ITEM() 
RATIONAL_B_SPLINE_CURVE((1.,0.5,1.,0.5,1.,0.5,1.)) REPRESENTATION_ITEM(
  '') );
#607 = CARTESIAN_POINT('',(120.,90.));
#608 = CARTESIAN_POINT('',(68.038475772934,90.));
#609 = CARTESIAN_POINT('',(94.019237886467,135.));
#610 = CARTESIAN_POINT('',(120.,180.));
#611 = CARTESIAN_POINT('',(145.98076211353,135.));
#612 = CARTESIAN_POINT('',(171.96152422706,90.));
#613 = CARTESIAN_POINT('',(120.,90.));
#614 = ( GEOMETRIC_REPRESENTATION_CONTEXT(2) 
PARAMETRIC_REPRESENTATION_CONTEXT() REPRESENTATION_CONTEXT('2D SPACE',''
  ) );
#615 = FACE_BOUND('',#616,.F.);
#616 = EDGE_LOOP('',(#617,#749,#900,#1030));
#617 = ORIENTED_EDGE('',*,*,#618,.F.);
#618 = EDGE_CURVE('',#619,#621,#623,.T.);
#619 = VERTEX_POINT('',#620);
#620 = CARTESIAN_POINT('',(-5.975E+03,-1.355E+03,3.318686155193E+03));
#621 = VERTEX_POINT('',#622);
#622 = CARTESIAN_POINT('',(-5.975E+03,-1.349998058893E+03,3.32E+03));
#623 = SURFACE_CURVE('',#624,(#662,#703),.PCURVE_S1.);
#624 = B_SPLINE_CURVE_WITH_KNOTS('',8,(#625,#626,#627,#628,#629,#630,
    #631,#632,#633,#634,#635,#636,#637,#638,#639,#640,#641,#642,#643,
    #644,#645,#646,#647,#648,#649,#650,#651,#652,#653,#654,#655,#656,
    #657,#658,#659,#660,#661),.UNSPECIFIED.,.F.,.F.,(9,7,7,7,7,9),(0.,
    0.240196981176,0.347581623522,0.517905156345,0.682667099901,1.),
  .UNSPECIFIED.);
#625 = CARTESIAN_POINT('',(-5.975E+03,-1.403314391493E+03,3.26E+03));
#626 = CARTESIAN_POINT('',(-5.975E+03,-1.403314391493E+03,
    3.263211178088E+03));
#627 = CARTESIAN_POINT('',(-5.975E+03,-1.403100067229E+03,
    3.266422993298E+03));
#628 = CARTESIAN_POINT('',(-5.975E+03,-1.402671273313E+03,
    3.269617736603E+03));
#629 = CARTESIAN_POINT('',(-5.975E+03,-1.402030524877E+03,
    3.272778747355E+03));
#630 = CARTESIAN_POINT('',(-5.975E+03,-1.401182416747E+03,
    3.275890308841E+03));
#631 = CARTESIAN_POINT('',(-5.975E+03,-1.400133389549E+03,
    3.278937610336E+03));
#632 = CARTESIAN_POINT('',(-5.975E+03,-1.398891748594E+03,
    3.281906765627E+03));
#633 = CARTESIAN_POINT('',(-5.975E+03,-1.396831256517E+03,
    3.28607159304E+03));
#634 = CARTESIAN_POINT('',(-5.975E+03,-1.396158169562E+03,
    3.287340257751E+03));
#635 = CARTESIAN_POINT('',(-5.975E+03,-1.395449453865E+03,
    3.288589787575E+03));
#636 = CARTESIAN_POINT('',(-5.975E+03,-1.394706031123E+03,
    3.289819175784E+03));
#637 = CARTESIAN_POINT('',(-5.975E+03,-1.393928864864E+03,
    3.291027489497E+03));
#638 = CARTESIAN_POINT('',(-5.975E+03,-1.393118955109E+03,
    3.292213866428E+03));
#639 = CARTESIAN_POINT('',(-5.975E+03,-1.392277334255E+03,
    3.293377512362E+03));
#640 = CARTESIAN_POINT('',(-5.975E+03,-1.390021550474E+03,
    3.296326157922E+03));
#641 = CARTESIAN_POINT('',(-5.975E+03,-1.38856090585E+03,
    3.298075632732E+03));
#642 = CARTESIAN_POINT('',(-5.975E+03,-1.387027361552E+03,
    3.299763218941E+03));
#643 = CARTESIAN_POINT('',(-5.975E+03,-1.385425249494E+03,
    3.301386532252E+03));
#644 = CARTESIAN_POINT('',(-5.975E+03,-1.383758946831E+03,
    3.302943654316E+03));
#645 = CARTESIAN_POINT('',(-5.975E+03,-1.382032828124E+03,
    3.304433084927E+03));
#646 = CARTESIAN_POINT('',(-5.975E+03,-1.380251225092E+03,
    3.305853700996E+03));
#647 = CARTESIAN_POINT('',(-5.975E+03,-1.37664541041E+03,
    3.308511628588E+03));
#648 = CARTESIAN_POINT('',(-5.975E+03,-1.374824465808E+03,
    3.309753427988E+03));
#649 = CARTESIAN_POINT('',(-5.975E+03,-1.372959347506E+03,
    3.310929456482E+03));
#650 = CARTESIAN_POINT('',(-5.975E+03,-1.371053742132E+03,
    3.312039350094E+03));
#651 = CARTESIAN_POINT('',(-5.975E+03,-1.369111210865E+03,
    3.313083000537E+03));
#652 = CARTESIAN_POINT('',(-5.975E+03,-1.367135164724E+03,
    3.314060510854E+03));
#653 = CARTESIAN_POINT('',(-5.975E+03,-1.365128839852E+03,
    3.314972151062E+03));
#654 = CARTESIAN_POINT('',(-5.975E+03,-1.359178605433E+03,
    3.317448030397E+03));
#655 = CARTESIAN_POINT('',(-5.975E+03,-1.355162322565E+03,
    3.318834257645E+03));
#656 = CARTESIAN_POINT('',(-5.975E+03,-1.351066524682E+03,
    3.319980824744E+03));
#657 = CARTESIAN_POINT('',(-5.975E+03,-1.346909967206E+03,
    3.320891889785E+03));
#658 = CARTESIAN_POINT('',(-5.975E+03,-1.342710019096E+03,
    3.321571632896E+03));
#659 = CARTESIAN_POINT('',(-5.975E+03,-1.338482531795E+03,
    3.322023487466E+03));
#660 = CARTESIAN_POINT('',(-5.975E+03,-1.334241715762E+03,
    3.32224949799E+03));
#661 = CARTESIAN_POINT('',(-5.975E+03,-1.33E+03,3.32224949799E+03));
#662 = PCURVE('',#209,#663);
#663 = DEFINITIONAL_REPRESENTATION('',(#664),#702);
#664 = B_SPLINE_CURVE_WITH_KNOTS('',8,(#665,#666,#667,#668,#669,#670,
    #671,#672,#673,#674,#675,#676,#677,#678,#679,#680,#681,#682,#683,
    #684,#685,#686,#687,#688,#689,#690,#691,#692,#693,#694,#695,#696,
    #697,#698,#699,#700,#701),.UNSPECIFIED.,.F.,.F.,(9,7,7,7,7,9),(0.,
    0.240196981176,0.347581623522,0.517905156345,0.682667099901,1.),
  .UNSPECIFIED.);
#665 = CARTESIAN_POINT('',(-0.913532173549,0.));
#666 = CARTESIAN_POINT('',(-0.913532173549,3.567975653812E-02));
#667 = CARTESIAN_POINT('',(-0.914946123004,7.136659010965E-02));
#668 = CARTESIAN_POINT('',(-0.91777495168,0.106932960897));
#669 = CARTESIAN_POINT('',(-0.922019430488,0.142263046286));
#670 = CARTESIAN_POINT('',(-0.927683722743,0.177246233175));
#671 = CARTESIAN_POINT('',(-0.934775424441,0.211772231196));
#672 = CARTESIAN_POINT('',(-0.943302258092,0.245727514512));
#673 = CARTESIAN_POINT('',(-0.957719879835,0.293864680179));
#674 = CARTESIAN_POINT('',(-0.962461793611,0.308600343715));
#675 = CARTESIAN_POINT('',(-0.967491817113,0.323189945915));
#676 = CARTESIAN_POINT('',(-0.972810432708,0.337623883583));
#677 = CARTESIAN_POINT('',(-0.978418080752,0.351892717251));
#678 = CARTESIAN_POINT('',(-0.984315109497,0.365987112879));
#679 = CARTESIAN_POINT('',(-0.990501708138,0.379897802845));
#680 = CARTESIAN_POINT('',(-1.007249634164,0.415373406731));
#681 = CARTESIAN_POINT('',(-1.01824998332,0.436646289349));
#682 = CARTESIAN_POINT('',(-1.02997870022,0.457397431134));
#683 = CARTESIAN_POINT('',(-1.04243474165,0.477591571511));
#684 = CARTESIAN_POINT('',(-1.055615581409,0.497194445339));
#685 = CARTESIAN_POINT('',(-1.069516537563,0.516172521692));
#686 = CARTESIAN_POINT('',(-1.084130037011,0.534493008339));
#687 = CARTESIAN_POINT('',(-1.114259522844,0.569179525228));
#688 = CARTESIAN_POINT('',(-1.129730612672,0.585590042898));
#689 = CARTESIAN_POINT('',(-1.145848606861,0.601327538889));
#690 = CARTESIAN_POINT('',(-1.162600923417,0.616364671828));
#691 = CARTESIAN_POINT('',(-1.179971521275,0.630675100752));
#692 = CARTESIAN_POINT('',(-1.197940543246,0.644233690818));
#693 = CARTESIAN_POINT('',(-1.216483958962,0.657016719035));
#694 = CARTESIAN_POINT('',(-1.272339262939,0.692085986765));
#695 = CARTESIAN_POINT('',(-1.311116778298,0.712202514436));
#696 = CARTESIAN_POINT('',(-1.351716572612,0.729207961281));
#697 = CARTESIAN_POINT('',(-1.393881222767,0.742964968702));
#698 = CARTESIAN_POINT('',(-1.437277951956,0.753357835698));
#699 = CARTESIAN_POINT('',(-1.481506514824,0.760309404752));
#700 = CARTESIAN_POINT('',(-1.526146687195,0.763786496398));
#701 = CARTESIAN_POINT('',(-1.570796326795,0.763786496398));
#702 = ( GEOMETRIC_REPRESENTATION_CONTEXT(2) 
PARAMETRIC_REPRESENTATION_CONTEXT() REPRESENTATION_CONTEXT('2D SPACE',''
  ) );
#703 = PCURVE('',#704,#709);
#704 = PLANE('',#705);
#705 = AXIS2_PLACEMENT_3D('',#706,#707,#708);
#706 = CARTESIAN_POINT('',(-5.975E+03,-1.425E+03,40.));
#707 = DIRECTION('',(1.,0.,0.));
#708 = DIRECTION('',(0.,0.,1.));
#709 = DEFINITIONAL_REPRESENTATION('',(#710),#748);
#710 = B_SPLINE_CURVE_WITH_KNOTS('',8,(#711,#712,#713,#714,#715,#716,
    #717,#718,#719,#720,#721,#722,#723,#724,#725,#726,#727,#728,#729,
    #730,#731,#732,#733,#734,#735,#736,#737,#738,#739,#740,#741,#742,
    #743,#744,#745,#746,#747),.UNSPECIFIED.,.F.,.F.,(9,7,7,7,7,9),(0.,
    0.240196981176,0.347581623522,0.517905156345,0.682667099901,1.),
  .UNSPECIFIED.);
#711 = CARTESIAN_POINT('',(3.22E+03,-21.68560850692));
#712 = CARTESIAN_POINT('',(3.223211178088E+03,-21.68560850692));
#713 = CARTESIAN_POINT('',(3.226422993298E+03,-21.89993277132));
#714 = CARTESIAN_POINT('',(3.229617736603E+03,-22.32872668662));
#715 = CARTESIAN_POINT('',(3.232778747355E+03,-22.96947512277));
#716 = CARTESIAN_POINT('',(3.235890308841E+03,-23.81758325331));
#717 = CARTESIAN_POINT('',(3.238937610336E+03,-24.8666104512));
#718 = CARTESIAN_POINT('',(3.241906765627E+03,-26.10825140587));
#719 = CARTESIAN_POINT('',(3.24607159304E+03,-28.16874348337));
#720 = CARTESIAN_POINT('',(3.247340257751E+03,-28.84183043765));
#721 = CARTESIAN_POINT('',(3.248589787575E+03,-29.55054613546));
#722 = CARTESIAN_POINT('',(3.249819175784E+03,-30.29396887686));
#723 = CARTESIAN_POINT('',(3.251027489497E+03,-31.07113513606));
#724 = CARTESIAN_POINT('',(3.252213866428E+03,-31.88104489129));
#725 = CARTESIAN_POINT('',(3.253377512362E+03,-32.72266574485));
#726 = CARTESIAN_POINT('',(3.256326157922E+03,-34.97844952596));
#727 = CARTESIAN_POINT('',(3.258075632732E+03,-36.43909415026));
#728 = CARTESIAN_POINT('',(3.259763218941E+03,-37.97263844847));
#729 = CARTESIAN_POINT('',(3.261386532252E+03,-39.57475050592));
#730 = CARTESIAN_POINT('',(3.262943654316E+03,-41.24105316869));
#731 = CARTESIAN_POINT('',(3.264433084927E+03,-42.96717187607));
#732 = CARTESIAN_POINT('',(3.265853700996E+03,-44.74877490789));
#733 = CARTESIAN_POINT('',(3.268511628588E+03,-48.35458958963));
#734 = CARTESIAN_POINT('',(3.269753427988E+03,-50.17553419192));
#735 = CARTESIAN_POINT('',(3.270929456482E+03,-52.04065249357));
#736 = CARTESIAN_POINT('',(3.272039350094E+03,-53.94625786777));
#737 = CARTESIAN_POINT('',(3.273083000537E+03,-55.88878913483));
#738 = CARTESIAN_POINT('',(3.274060510854E+03,-57.86483527605));
#739 = CARTESIAN_POINT('',(3.274972151062E+03,-59.87116014766));
#740 = CARTESIAN_POINT('',(3.277448030397E+03,-65.82139456723));
#741 = CARTESIAN_POINT('',(3.278834257645E+03,-69.83767743536));
#742 = CARTESIAN_POINT('',(3.279980824744E+03,-73.93347531776));
#743 = CARTESIAN_POINT('',(3.280891889785E+03,-78.09003279384));
#744 = CARTESIAN_POINT('',(3.281571632896E+03,-82.289980904));
#745 = CARTESIAN_POINT('',(3.282023487466E+03,-86.51746820509));
#746 = CARTESIAN_POINT('',(3.28224949799E+03,-90.75828423799));
#747 = CARTESIAN_POINT('',(3.28224949799E+03,-95.));
#748 = ( GEOMETRIC_REPRESENTATION_CONTEXT(2) 
PARAMETRIC_REPRESENTATION_CONTEXT() REPRESENTATION_CONTEXT('2D SPACE',''
  ) );
#749 = ORIENTED_EDGE('',*,*,#750,.T.);
#750 = EDGE_CURVE('',#619,#751,#753,.T.);
#751 = VERTEX_POINT('',#752);
#752 = CARTESIAN_POINT('',(-5.905E+03,-1.425E+03,3.318686155193E+03));
#753 = SURFACE_CURVE('',#754,(#799,#847),.PCURVE_S1.);
#754 = B_SPLINE_CURVE_WITH_KNOTS('',7,(#755,#756,#757,#758,#759,#760,
    #761,#762,#763,#764,#765,#766,#767,#768,#769,#770,#771,#772,#773,
    #774,#775,#776,#777,#778,#779,#780,#781,#782,#783,#784,#785,#786,
    #787,#788,#789,#790,#791,#792,#793,#794,#795,#796,#797,#798),
  .UNSPECIFIED.,.F.,.F.,(8,6,6,6,6,6,6,8),(0.,0.246364281703,
    0.336691165681,0.389473904609,0.500083277443,0.663045912851,
    0.753343603922,1.),.UNSPECIFIED.);
#755 = CARTESIAN_POINT('',(-5.975E+03,-1.355E+03,3.318686155193E+03));
#756 = CARTESIAN_POINT('',(-5.975E+03,-1.35869972025E+03,
    3.317591410007E+03));
#757 = CARTESIAN_POINT('',(-5.974771867471E+03,-1.362418283043E+03,
    3.316529386221E+03));
#758 = CARTESIAN_POINT('',(-5.974311422251E+03,-1.366144173608E+03,
    3.315508604003E+03));
#759 = CARTESIAN_POINT('',(-5.973614017224E+03,-1.369863772094E+03,
    3.314539259809E+03));
#760 = CARTESIAN_POINT('',(-5.972675505915E+03,-1.373561483107E+03,
    3.313633119785E+03));
#761 = CARTESIAN_POINT('',(-5.97149267104E+03,-1.377219732011E+03,
    3.312803355217E+03));
#762 = CARTESIAN_POINT('',(-5.969540955906E+03,-1.382138170087E+03,
    3.31179205081E+03));
#763 = CARTESIAN_POINT('',(-5.968984427729E+03,-1.383449589801E+03,
    3.311532831359E+03));
#764 = CARTESIAN_POINT('',(-5.968394965067E+03,-1.384751876508E+03,
    3.311286372591E+03));
#765 = CARTESIAN_POINT('',(-5.967772616991E+03,-1.386043927141E+03,
    3.311053349971E+03));
#766 = CARTESIAN_POINT('',(-5.967117507169E+03,-1.387324581967E+03,
    3.310834430907E+03));
#767 = CARTESIAN_POINT('',(-5.966429850552E+03,-1.388592627755E+03,
    3.310630260498E+03));
#768 = CARTESIAN_POINT('',(-5.9652893061E+03,-1.390579680157E+03,
    3.310331113794E+03));
#769 = CARTESIAN_POINT('',(-5.964857638448E+03,-1.391307822968E+03,
    3.31022602413E+03));
#770 = CARTESIAN_POINT('',(-5.964415032103E+03,-1.39203097669E+03,
    3.310126299605E+03));
#771 = CARTESIAN_POINT('',(-5.963961563842E+03,-1.39274888467E+03,
    3.310032056786E+03));
#772 = CARTESIAN_POINT('',(-5.963497323378E+03,-1.393461286718E+03,
    3.309943406315E+03));
#773 = CARTESIAN_POINT('',(-5.963022414514E+03,-1.394167919534E+03,
    3.30986045175E+03));
#774 = CARTESIAN_POINT('',(-5.961519649706E+03,-1.39633666117E+03,
    3.309621587991E+03));
#775 = CARTESIAN_POINT('',(-5.960455979611E+03,-1.397778356498E+03,
    3.309485312996E+03));
#776 = CARTESIAN_POINT('',(-5.959347086425E+03,-1.399191079049E+03,
    3.309375351493E+03));
#777 = CARTESIAN_POINT('',(-5.95819434265E+03,-1.400572374491E+03,
    3.309292412654E+03));
#778 = CARTESIAN_POINT('',(-5.956999365744E+03,-1.401919865193E+03,
    3.309236993264E+03));
#779 = CARTESIAN_POINT('',(-5.955764039732E+03,-1.40323126514E+03,
    3.309209350346E+03));
#780 = CARTESIAN_POINT('',(-5.952614285359E+03,-1.406380137835E+03,
    3.309209670721E+03));
#781 = CARTESIAN_POINT('',(-5.950654880357E+03,-1.408173112363E+03,
    3.30927014568E+03));
#782 = CARTESIAN_POINT('',(-5.948619465897E+03,-1.409876131923E+03,
    3.309390929715E+03));
#783 = CARTESIAN_POINT('',(-5.94651559462E+03,-1.411483621827E+03,
    3.309570770579E+03));
#784 = CARTESIAN_POINT('',(-5.944351040228E+03,-1.412991325444E+03,
    3.309807357722E+03));
#785 = CARTESIAN_POINT('',(-5.942133679811E+03,-1.414396100354E+03,
    3.310097567957E+03));
#786 = CARTESIAN_POINT('',(-5.93861795455E+03,-1.416415983597E+03,
    3.310626226243E+03));
#787 = CARTESIAN_POINT('',(-5.937350573727E+03,-1.417103958028E+03,
    3.310830069551E+03));
#788 = CARTESIAN_POINT('',(-5.936070575058E+03,-1.417759411893E+03,
    3.311048660361E+03));
#789 = CARTESIAN_POINT('',(-5.934779171106E+03,-1.418382129362E+03,
    3.311281354554E+03));
#790 = CARTESIAN_POINT('',(-5.933477521063E+03,-1.418971985902E+03,
    3.311527485592E+03));
#791 = CARTESIAN_POINT('',(-5.932166727579E+03,-1.419528931612E+03,
    3.311786378771E+03));
#792 = CARTESIAN_POINT('',(-5.927245154115E+03,-1.421484445757E+03,
    3.312797590411E+03));
#793 = CARTESIAN_POINT('',(-5.923582897592E+03,-1.422670067475E+03,
    3.313627872828E+03));
#794 = CARTESIAN_POINT('',(-5.91988100428E+03,-1.423610784523E+03,
    3.314534769389E+03));
#795 = CARTESIAN_POINT('',(-5.91615711869E+03,-1.424309821654E+03,
    3.315505057599E+03));
#796 = CARTESIAN_POINT('',(-5.912426895897E+03,-1.424771338711E+03,
    3.316526926446E+03));
#797 = CARTESIAN_POINT('',(-5.908704005302E+03,-1.425E+03,
    3.317590142063E+03));
#798 = CARTESIAN_POINT('',(-5.905E+03,-1.425E+03,3.318686155193E+03));
#799 = PCURVE('',#209,#800);
#800 = DEFINITIONAL_REPRESENTATION('',(#801),#846);
#801 = B_SPLINE_CURVE_WITH_KNOTS('',7,(#802,#803,#804,#805,#806,#807,
    #808,#809,#810,#811,#812,#813,#814,#815,#816,#817,#818,#819,#820,
    #821,#822,#823,#824,#825,#826,#827,#828,#829,#830,#831,#832,#833,
    #834,#835,#836,#837,#838,#839,#840,#841,#842,#843,#844,#845),
  .UNSPECIFIED.,.F.,.F.,(8,6,6,6,6,6,6,8),(0.,0.246364281703,
    0.336691165681,0.389473904609,0.500083277443,0.663045912851,
    0.753343603922,1.),.UNSPECIFIED.);
#802 = CARTESIAN_POINT('',(-1.313472611824,0.71030941853));
#803 = CARTESIAN_POINT('',(-1.277050495375,0.694265532034));
#804 = CARTESIAN_POINT('',(-1.240666420828,0.678959473085));
#805 = CARTESIAN_POINT('',(-1.204243171216,0.66446660786));
#806 = CARTESIAN_POINT('',(-1.167720091975,0.650885136438));
#807 = CARTESIAN_POINT('',(-1.13104602509,0.638332973748));
#808 = CARTESIAN_POINT('',(-1.094176736481,0.626946149709));
#809 = CARTESIAN_POINT('',(-1.043479865087,0.613170520839));
#810 = CARTESIAN_POINT('',(-1.029849714955,0.609650825725));
#811 = CARTESIAN_POINT('',(-1.016189442156,0.606314234507));
#812 = CARTESIAN_POINT('',(-1.002498651993,0.603167968306));
#813 = CARTESIAN_POINT('',(-0.988777459092,0.600219208573));
#814 = CARTESIAN_POINT('',(-0.97502655587,0.597474935045));
#815 = CARTESIAN_POINT('',(-0.95319532753,0.59346149873));
#816 = CARTESIAN_POINT('',(-0.945133680152,0.59205331623));
#817 = CARTESIAN_POINT('',(-0.937062615652,0.59071853537));
#818 = CARTESIAN_POINT('',(-0.928982468178,0.58945842668));
#819 = CARTESIAN_POINT('',(-0.920893636271,0.588274198835));
#820 = CARTESIAN_POINT('',(-0.912796589895,0.587166985448));
#821 = CARTESIAN_POINT('',(-0.8877079699,0.583981179218));
#822 = CARTESIAN_POINT('',(-0.870689773279,0.582167236612));
#823 = CARTESIAN_POINT('',(-0.853643178226,0.580705772045));
#824 = CARTESIAN_POINT('',(-0.836574321899,0.579604581141));
#825 = CARTESIAN_POINT('',(-0.819489846955,0.578869142617));
#826 = CARTESIAN_POINT('',(-0.802397226996,0.578502308228));
#827 = CARTESIAN_POINT('',(-0.760123128685,0.578506559754));
#828 = CARTESIAN_POINT('',(-0.734938352718,0.579309093098));
#829 = CARTESIAN_POINT('',(-0.70978136871,0.58091194834));
#830 = CARTESIAN_POINT('',(-0.684674703714,0.58330118353));
#831 = CARTESIAN_POINT('',(-0.659635946463,0.586451364451));
#832 = CARTESIAN_POINT('',(-0.634679918097,0.590328336608));
#833 = CARTESIAN_POINT('',(-0.596045013049,0.597420726029));
#834 = CARTESIAN_POINT('',(-0.582298418103,0.600160500676));
#835 = CARTESIAN_POINT('',(-0.568581500523,0.603104717735));
#836 = CARTESIAN_POINT('',(-0.554894958827,0.606246407627));
#837 = CARTESIAN_POINT('',(-0.541238914068,0.609578397757));
#838 = CARTESIAN_POINT('',(-0.527612978341,0.613093474496));
#839 = CARTESIAN_POINT('',(-0.476875817277,0.626867041965));
#840 = CARTESIAN_POINT('',(-0.439962695994,0.638260293198));
#841 = CARTESIAN_POINT('',(-0.403245440545,0.650822222624));
#842 = CARTESIAN_POINT('',(-0.366679702854,0.664416257534));
#843 = CARTESIAN_POINT('',(-0.330214177667,0.678924022829));
#844 = CARTESIAN_POINT('',(-0.29378801587,0.694246949849));
#845 = CARTESIAN_POINT('',(-0.257323714971,0.71030941853));
#846 = ( GEOMETRIC_REPRESENTATION_CONTEXT(2) 
PARAMETRIC_REPRESENTATION_CONTEXT() REPRESENTATION_CONTEXT('2D SPACE',''
  ) );
#847 = PCURVE('',#848,#853);
#848 = CYLINDRICAL_SURFACE('',#849,70.);
#849 = AXIS2_PLACEMENT_3D('',#850,#851,#852);
#850 = CARTESIAN_POINT('',(-5.905E+03,-1.355E+03,40.));
#851 = DIRECTION('',(0.,0.,1.));
#852 = DIRECTION('',(-1.,-0.,0.));
#853 = DEFINITIONAL_REPRESENTATION('',(#854),#899);
#854 = B_SPLINE_CURVE_WITH_KNOTS('',7,(#855,#856,#857,#858,#859,#860,
    #861,#862,#863,#864,#865,#866,#867,#868,#869,#870,#871,#872,#873,
    #874,#875,#876,#877,#878,#879,#880,#881,#882,#883,#884,#885,#886,
    #887,#888,#889,#890,#891,#892,#893,#894,#895,#896,#897,#898),
  .UNSPECIFIED.,.F.,.F.,(8,6,6,6,6,6,6,8),(0.,0.246364281703,
    0.336691165681,0.389473904609,0.500083277443,0.663045912851,
    0.753343603922,1.),.UNSPECIFIED.);
#855 = CARTESIAN_POINT('',(0.,3.278686155193E+03));
#856 = CARTESIAN_POINT('',(5.285314642602E-02,3.277591410007E+03));
#857 = CARTESIAN_POINT('',(0.1059754805,3.276529386221E+03));
#858 = CARTESIAN_POINT('',(0.159443593733,3.275508604003E+03));
#859 = CARTESIAN_POINT('',(0.21331534203,3.274539259809E+03));
#860 = CARTESIAN_POINT('',(0.267636906859,3.273633119785E+03));
#861 = CARTESIAN_POINT('',(0.322445381698,3.272803355217E+03));
#862 = CARTESIAN_POINT('',(0.398038580111,3.27179205081E+03));
#863 = CARTESIAN_POINT('',(0.418384656666,3.271532831359E+03));
#864 = CARTESIAN_POINT('',(0.438796609089,3.271286372591E+03));
#865 = CARTESIAN_POINT('',(0.459273570881,3.271053349971E+03));
#866 = CARTESIAN_POINT('',(0.47981389557,3.270834430907E+03));
#867 = CARTESIAN_POINT('',(0.500415046189,3.270630260498E+03));
#868 = CARTESIAN_POINT('',(0.533145294618,3.270331113794E+03));
#869 = CARTESIAN_POINT('',(0.545236675384,3.27022602413E+03));
#870 = CARTESIAN_POINT('',(0.557346906829,3.270126299605E+03));
#871 = CARTESIAN_POINT('',(0.569475179102,3.270032056786E+03));
#872 = CARTESIAN_POINT('',(0.581620582118,3.269943406315E+03));
#873 = CARTESIAN_POINT('',(0.59378209495,3.26986045175E+03));
#874 = CARTESIAN_POINT('',(0.631475114806,3.269621587991E+03));
#875 = CARTESIAN_POINT('',(0.657058320456,3.269485312996E+03));
#876 = CARTESIAN_POINT('',(0.682696413735,3.269375351493E+03));
#877 = CARTESIAN_POINT('',(0.708377174446,3.269292412654E+03));
#878 = CARTESIAN_POINT('',(0.734087567441,3.269236993264E+03));
#879 = CARTESIAN_POINT('',(0.759813276152,3.269209350346E+03));
#880 = CARTESIAN_POINT('',(0.823439018384,3.269209670721E+03));
#881 = CARTESIAN_POINT('',(0.861344002331,3.26927014568E+03));
#882 = CARTESIAN_POINT('',(0.899197313085,3.269390929715E+03));
#883 = CARTESIAN_POINT('',(0.936955239126,3.269570770579E+03));
#884 = CARTESIAN_POINT('',(0.974581717511,3.269807357722E+03));
#885 = CARTESIAN_POINT('',(1.012045185153,3.270097567957E+03));
#886 = CARTESIAN_POINT('',(1.06996887251,3.270626226243E+03));
#887 = CARTESIAN_POINT('',(1.090563844112,3.270830069551E+03));
#888 = CARTESIAN_POINT('',(1.111098072263,3.271048660361E+03));
#889 = CARTESIAN_POINT('',(1.131569012114,3.271281354554E+03));
#890 = CARTESIAN_POINT('',(1.151975008842,3.271527485592E+03));
#891 = CARTESIAN_POINT('',(1.172315187121,3.271786378771E+03));
#892 = CARTESIAN_POINT('',(1.247970043759,3.272797590411E+03));
#893 = CARTESIAN_POINT('',(1.30284481882,3.273627872828E+03));
#894 = CARTESIAN_POINT('',(1.35723140349,3.274534769389E+03));
#895 = CARTESIAN_POINT('',(1.411166964829,3.275505057599E+03));
#896 = CARTESIAN_POINT('',(1.464697805431,3.276526926446E+03));
#897 = CARTESIAN_POINT('',(1.51788196534,3.277590142063E+03));
#898 = CARTESIAN_POINT('',(1.570796326795,3.278686155193E+03));
#899 = ( GEOMETRIC_REPRESENTATION_CONTEXT(2) 
PARAMETRIC_REPRESENTATION_CONTEXT() REPRESENTATION_CONTEXT('2D SPACE',''
  ) );
#900 = ORIENTED_EDGE('',*,*,#901,.T.);
#901 = EDGE_CURVE('',#751,#902,#904,.T.);
#902 = VERTEX_POINT('',#903);
#903 = CARTESIAN_POINT('',(-5.899998058893E+03,-1.425E+03,3.32E+03));
#904 = SURFACE_CURVE('',#905,(#943,#984),.PCURVE_S1.);
#905 = B_SPLINE_CURVE_WITH_KNOTS('',8,(#906,#907,#908,#909,#910,#911,
    #912,#913,#914,#915,#916,#917,#918,#919,#920,#921,#922,#923,#924,
    #925,#926,#927,#928,#929,#930,#931,#932,#933,#934,#935,#936,#937,
    #938,#939,#940,#941,#942),.UNSPECIFIED.,.F.,.F.,(9,7,7,7,7,9),(0.,
    0.240196981183,0.34758162353,0.517905156354,0.682667099909,1.),
  .UNSPECIFIED.);
#906 = CARTESIAN_POINT('',(-5.953314391493E+03,-1.425E+03,3.26E+03));
#907 = CARTESIAN_POINT('',(-5.953314391493E+03,-1.425E+03,
    3.263211178089E+03));
#908 = CARTESIAN_POINT('',(-5.953100067229E+03,-1.425E+03,
    3.266422993298E+03));
#909 = CARTESIAN_POINT('',(-5.952671273313E+03,-1.425E+03,
    3.269617736604E+03));
#910 = CARTESIAN_POINT('',(-5.952030524877E+03,-1.425E+03,
    3.272778747356E+03));
#911 = CARTESIAN_POINT('',(-5.951182416747E+03,-1.425E+03,
    3.275890308842E+03));
#912 = CARTESIAN_POINT('',(-5.950133389549E+03,-1.425E+03,
    3.278937610337E+03));
#913 = CARTESIAN_POINT('',(-5.948891748594E+03,-1.425E+03,
    3.281906765628E+03));
#914 = CARTESIAN_POINT('',(-5.946831256516E+03,-1.425E+03,
    3.286071593041E+03));
#915 = CARTESIAN_POINT('',(-5.946158169562E+03,-1.425E+03,
    3.287340257751E+03));
#916 = CARTESIAN_POINT('',(-5.945449453864E+03,-1.425E+03,
    3.288589787576E+03));
#917 = CARTESIAN_POINT('',(-5.944706031123E+03,-1.425E+03,
    3.289819175785E+03));
#918 = CARTESIAN_POINT('',(-5.943928864864E+03,-1.425E+03,
    3.291027489498E+03));
#919 = CARTESIAN_POINT('',(-5.943118955108E+03,-1.425E+03,
    3.292213866429E+03));
#920 = CARTESIAN_POINT('',(-5.942277334255E+03,-1.425E+03,
    3.293377512363E+03));
#921 = CARTESIAN_POINT('',(-5.940021550474E+03,-1.425E+03,
    3.296326157923E+03));
#922 = CARTESIAN_POINT('',(-5.938560905849E+03,-1.425E+03,
    3.298075632732E+03));
#923 = CARTESIAN_POINT('',(-5.937027361551E+03,-1.425E+03,
    3.299763218942E+03));
#924 = CARTESIAN_POINT('',(-5.935425249493E+03,-1.425E+03,
    3.301386532253E+03));
#925 = CARTESIAN_POINT('',(-5.933758946831E+03,-1.425E+03,
    3.302943654316E+03));
#926 = CARTESIAN_POINT('',(-5.932032828123E+03,-1.425E+03,
    3.304433084928E+03));
#927 = CARTESIAN_POINT('',(-5.930251225091E+03,-1.425E+03,
    3.305853700997E+03));
#928 = CARTESIAN_POINT('',(-5.92664541041E+03,-1.425E+03,
    3.308511628588E+03));
#929 = CARTESIAN_POINT('',(-5.924824465807E+03,-1.425E+03,
    3.309753427989E+03));
#930 = CARTESIAN_POINT('',(-5.922959347506E+03,-1.425E+03,
    3.310929456483E+03));
#931 = CARTESIAN_POINT('',(-5.921053742131E+03,-1.425E+03,
    3.312039350095E+03));
#932 = CARTESIAN_POINT('',(-5.919111210864E+03,-1.425E+03,
    3.313083000537E+03));
#933 = CARTESIAN_POINT('',(-5.917135164723E+03,-1.425E+03,
    3.314060510854E+03));
#934 = CARTESIAN_POINT('',(-5.915128839852E+03,-1.425E+03,
    3.314972151062E+03));
#935 = CARTESIAN_POINT('',(-5.909178605432E+03,-1.425E+03,
    3.317448030397E+03));
#936 = CARTESIAN_POINT('',(-5.905162322564E+03,-1.425E+03,
    3.318834257645E+03));
#937 = CARTESIAN_POINT('',(-5.901066524682E+03,-1.425E+03,
    3.319980824744E+03));
#938 = CARTESIAN_POINT('',(-5.896909967206E+03,-1.425E+03,
    3.320891889785E+03));
#939 = CARTESIAN_POINT('',(-5.892710019096E+03,-1.425E+03,
    3.321571632896E+03));
#940 = CARTESIAN_POINT('',(-5.888482531795E+03,-1.425E+03,
    3.322023487466E+03));
#941 = CARTESIAN_POINT('',(-5.884241715762E+03,-1.425E+03,
    3.32224949799E+03));
#942 = CARTESIAN_POINT('',(-5.88E+03,-1.425E+03,3.32224949799E+03));
#943 = PCURVE('',#209,#944);
#944 = DEFINITIONAL_REPRESENTATION('',(#945),#983);
#945 = B_SPLINE_CURVE_WITH_KNOTS('',8,(#946,#947,#948,#949,#950,#951,
    #952,#953,#954,#955,#956,#957,#958,#959,#960,#961,#962,#963,#964,
    #965,#966,#967,#968,#969,#970,#971,#972,#973,#974,#975,#976,#977,
    #978,#979,#980,#981,#982),.UNSPECIFIED.,.F.,.F.,(9,7,7,7,7,9),(0.,
    0.240196981183,0.34758162353,0.517905156354,0.682667099909,1.),
  .UNSPECIFIED.);
#946 = CARTESIAN_POINT('',(-0.657264153246,0.));
#947 = CARTESIAN_POINT('',(-0.657264153246,3.567975653915E-02));
#948 = CARTESIAN_POINT('',(-0.65585020379,7.136659011169E-02));
#949 = CARTESIAN_POINT('',(-0.653021375115,0.1069329609));
#950 = CARTESIAN_POINT('',(-0.648776896306,0.14226304629));
#951 = CARTESIAN_POINT('',(-0.643112604051,0.17724623318));
#952 = CARTESIAN_POINT('',(-0.636020902353,0.211772231202));
#953 = CARTESIAN_POINT('',(-0.627494068701,0.245727514518));
#954 = CARTESIAN_POINT('',(-0.613076446958,0.293864680187));
#955 = CARTESIAN_POINT('',(-0.608334533181,0.308600343722));
#956 = CARTESIAN_POINT('',(-0.603304509679,0.323189945923));
#957 = CARTESIAN_POINT('',(-0.597985894084,0.337623883591));
#958 = CARTESIAN_POINT('',(-0.592378246039,0.351892717259));
#959 = CARTESIAN_POINT('',(-0.586481217295,0.365987112887));
#960 = CARTESIAN_POINT('',(-0.580294618653,0.379897802852));
#961 = CARTESIAN_POINT('',(-0.563546692627,0.415373406739));
#962 = CARTESIAN_POINT('',(-0.55254634347,0.436646289356));
#963 = CARTESIAN_POINT('',(-0.54081762657,0.457397431142));
#964 = CARTESIAN_POINT('',(-0.52836158514,0.477591571519));
#965 = CARTESIAN_POINT('',(-0.51518074538,0.497194445347));
#966 = CARTESIAN_POINT('',(-0.501279789226,0.5161725217));
#967 = CARTESIAN_POINT('',(-0.486666289778,0.534493008347));
#968 = CARTESIAN_POINT('',(-0.456536803944,0.569179525236));
#969 = CARTESIAN_POINT('',(-0.441065714116,0.585590042905));
#970 = CARTESIAN_POINT('',(-0.424947719926,0.601327538895));
#971 = CARTESIAN_POINT('',(-0.408195403371,0.616364671835));
#972 = CARTESIAN_POINT('',(-0.390824805513,0.630675100757));
#973 = CARTESIAN_POINT('',(-0.372855783541,0.644233690823));
#974 = CARTESIAN_POINT('',(-0.354312367825,0.65701671904));
#975 = CARTESIAN_POINT('',(-0.298457063849,0.692085986768));
#976 = CARTESIAN_POINT('',(-0.25967954849,0.712202514439));
#977 = CARTESIAN_POINT('',(-0.219079754178,0.729207961282));
#978 = CARTESIAN_POINT('',(-0.176915104022,0.742964968705));
#979 = CARTESIAN_POINT('',(-0.133518374836,0.753357835698));
#980 = CARTESIAN_POINT('',(-8.92898119685E-02,0.760309404753));
#981 = CARTESIAN_POINT('',(-4.464963959891E-02,0.763786496398));
#982 = CARTESIAN_POINT('',(0.,0.763786496398));
#983 = ( GEOMETRIC_REPRESENTATION_CONTEXT(2) 
PARAMETRIC_REPRESENTATION_CONTEXT() REPRESENTATION_CONTEXT('2D SPACE',''
  ) );
#984 = PCURVE('',#985,#990);
#985 = PLANE('',#986);
#986 = AXIS2_PLACEMENT_3D('',#987,#988,#989);
#987 = CARTESIAN_POINT('',(-5.975E+03,-1.425E+03,40.));
#988 = DIRECTION('',(0.,1.,0.));
#989 = DIRECTION('',(0.,0.,1.));
#990 = DEFINITIONAL_REPRESENTATION('',(#991),#1029);
#991 = B_SPLINE_CURVE_WITH_KNOTS('',8,(#992,#993,#994,#995,#996,#997,
    #998,#999,#1000,#1001,#1002,#1003,#1004,#1005,#1006,#1007,#1008,
    #1009,#1010,#1011,#1012,#1013,#1014,#1015,#1016,#1017,#1018,#1019,
    #1020,#1021,#1022,#1023,#1024,#1025,#1026,#1027,#1028),
  .UNSPECIFIED.,.F.,.F.,(9,7,7,7,7,9),(0.,0.240196981183,0.34758162353,
    0.517905156354,0.682667099909,1.),.UNSPECIFIED.);
#992 = CARTESIAN_POINT('',(3.22E+03,21.685608506924));
#993 = CARTESIAN_POINT('',(3.223211178089E+03,21.685608506924));
#994 = CARTESIAN_POINT('',(3.226422993298E+03,21.899932771334));
#995 = CARTESIAN_POINT('',(3.229617736604E+03,22.328726686657));
#996 = CARTESIAN_POINT('',(3.232778747356E+03,22.969475122846));
#997 = CARTESIAN_POINT('',(3.235890308842E+03,23.817583253438));
#998 = CARTESIAN_POINT('',(3.238937610337E+03,24.866610451384));
#999 = CARTESIAN_POINT('',(3.241906765628E+03,26.108251406129));
#1000 = CARTESIAN_POINT('',(3.246071593041E+03,28.168743483726));
#1001 = CARTESIAN_POINT('',(3.247340257751E+03,28.84183043802));
#1002 = CARTESIAN_POINT('',(3.248589787576E+03,29.550546135854));
#1003 = CARTESIAN_POINT('',(3.249819175785E+03,30.293968877274));
#1004 = CARTESIAN_POINT('',(3.251027489498E+03,31.071135136492));
#1005 = CARTESIAN_POINT('',(3.252213866429E+03,31.881044891738));
#1006 = CARTESIAN_POINT('',(3.253377512363E+03,32.722665745322));
#1007 = CARTESIAN_POINT('',(3.256326157923E+03,34.978449526495));
#1008 = CARTESIAN_POINT('',(3.258075632732E+03,36.439094150829));
#1009 = CARTESIAN_POINT('',(3.259763218942E+03,37.972638449073));
#1010 = CARTESIAN_POINT('',(3.261386532253E+03,39.574750506564));
#1011 = CARTESIAN_POINT('',(3.262943654316E+03,41.241053169376));
#1012 = CARTESIAN_POINT('',(3.264433084928E+03,42.967171876795));
#1013 = CARTESIAN_POINT('',(3.265853700997E+03,44.748774908656));
#1014 = CARTESIAN_POINT('',(3.268511628588E+03,48.354589590441));
#1015 = CARTESIAN_POINT('',(3.269753427989E+03,50.175534192734));
#1016 = CARTESIAN_POINT('',(3.270929456483E+03,52.040652494394));
#1017 = CARTESIAN_POINT('',(3.272039350095E+03,53.946257868599));
#1018 = CARTESIAN_POINT('',(3.273083000537E+03,55.888789135653));
#1019 = CARTESIAN_POINT('',(3.274060510854E+03,57.864835276876));
#1020 = CARTESIAN_POINT('',(3.274972151062E+03,59.871160148483));
#1021 = CARTESIAN_POINT('',(3.277448030397E+03,65.821394567959));
#1022 = CARTESIAN_POINT('',(3.278834257645E+03,69.837677436068));
#1023 = CARTESIAN_POINT('',(3.279980824744E+03,73.933475318195));
#1024 = CARTESIAN_POINT('',(3.280891889785E+03,78.090032794399));
#1025 = CARTESIAN_POINT('',(3.281571632896E+03,82.28998090426));
#1026 = CARTESIAN_POINT('',(3.282023487466E+03,86.517468205342));
#1027 = CARTESIAN_POINT('',(3.28224949799E+03,90.758284238103));
#1028 = CARTESIAN_POINT('',(3.28224949799E+03,95.));
#1029 = ( GEOMETRIC_REPRESENTATION_CONTEXT(2) 
PARAMETRIC_REPRESENTATION_CONTEXT() REPRESENTATION_CONTEXT('2D SPACE',''
  ) );
#1030 = ORIENTED_EDGE('',*,*,#1031,.F.);
#1031 = EDGE_CURVE('',#621,#902,#1032,.T.);
#1032 = SURFACE_CURVE('',#1033,(#1056,#1082),.PCURVE_S1.);
#1033 = B_SPLINE_CURVE_WITH_KNOTS('',6,(#1034,#1035,#1036,#1037,#1038,
    #1039,#1040,#1041,#1042,#1043,#1044,#1045,#1046,#1047,#1048,#1049,
    #1050,#1051,#1052,#1053,#1054,#1055),.UNSPECIFIED.,.F.,.F.,(7,5,5,5,
    7),(0.,0.25,0.5,0.75,1.),.UNSPECIFIED.);
#1034 = CARTESIAN_POINT('',(-5.977082039325E+03,-1.33E+03,3.32E+03));
#1035 = CARTESIAN_POINT('',(-5.977082039325E+03,-1.336353902401E+03,
    3.32E+03));
#1036 = CARTESIAN_POINT('',(-5.97658301267E+03,-1.342708176331E+03,
    3.32E+03));
#1037 = CARTESIAN_POINT('',(-5.975584853235E+03,-1.349013009443E+03,
    3.32E+03));
#1038 = CARTESIAN_POINT('',(-5.974094277131E+03,-1.355219894789E+03,
    3.32E+03));
#1039 = CARTESIAN_POINT('',(-5.972123642286E+03,-1.36128144765E+03,
    3.32E+03));
#1040 = CARTESIAN_POINT('',(-5.967260575927E+03,-1.373021928409E+03,
    3.32E+03));
#1041 = CARTESIAN_POINT('',(-5.964367860057E+03,-1.378701542804E+03,
    3.32E+03));
#1042 = CARTESIAN_POINT('',(-5.961032925809E+03,-1.384144469993E+03,
    3.32E+03));
#1043 = CARTESIAN_POINT('',(-5.957280540866E+03,-1.389308465546E+03,
    3.32E+03));
#1044 = CARTESIAN_POINT('',(-5.953140255813E+03,-1.394154480864E+03,
    3.32E+03));
#1045 = CARTESIAN_POINT('',(-5.944154480864E+03,-1.403140255813E+03,
    3.32E+03));
#1046 = CARTESIAN_POINT('',(-5.939308465546E+03,-1.407280540866E+03,
    3.32E+03));
#1047 = CARTESIAN_POINT('',(-5.934144469993E+03,-1.411032925809E+03,
    3.32E+03));
#1048 = CARTESIAN_POINT('',(-5.928701542804E+03,-1.414367860057E+03,
    3.32E+03));
#1049 = CARTESIAN_POINT('',(-5.923021928409E+03,-1.417260575927E+03,
    3.32E+03));
#1050 = CARTESIAN_POINT('',(-5.91128144765E+03,-1.422123642286E+03,
    3.32E+03));
#1051 = CARTESIAN_POINT('',(-5.905219894789E+03,-1.424094277131E+03,
    3.32E+03));
#1052 = CARTESIAN_POINT('',(-5.899013009443E+03,-1.425584853235E+03,
    3.32E+03));
#1053 = CARTESIAN_POINT('',(-5.892708176331E+03,-1.42658301267E+03,
    3.32E+03));
#1054 = CARTESIAN_POINT('',(-5.886353902401E+03,-1.427082039325E+03,
    3.32E+03));
#1055 = CARTESIAN_POINT('',(-5.88E+03,-1.427082039325E+03,3.32E+03));
#1056 = PCURVE('',#209,#1057);
#1057 = DEFINITIONAL_REPRESENTATION('',(#1058),#1081);
#1058 = B_SPLINE_CURVE_WITH_KNOTS('',6,(#1059,#1060,#1061,#1062,#1063,
    #1064,#1065,#1066,#1067,#1068,#1069,#1070,#1071,#1072,#1073,#1074,
    #1075,#1076,#1077,#1078,#1079,#1080),.UNSPECIFIED.,.F.,.F.,(7,5,5,5,
    7),(0.,0.25,0.5,0.75,1.),.UNSPECIFIED.);
#1059 = CARTESIAN_POINT('',(-1.570796326795,0.729727656227));
#1060 = CARTESIAN_POINT('',(-1.505347532716,0.729727656227));
#1061 = CARTESIAN_POINT('',(-1.439894947052,0.729727656227));
#1062 = CARTESIAN_POINT('',(-1.374446785946,0.729727656227));
#1063 = CARTESIAN_POINT('',(-1.308998624839,0.729727656227));
#1064 = CARTESIAN_POINT('',(-1.243546039175,0.729727656227));
#1065 = CARTESIAN_POINT('',(-1.112648451017,0.729727656227));
#1066 = CARTESIAN_POINT('',(-1.047195865353,0.729727656227));
#1067 = CARTESIAN_POINT('',(-0.981747704247,0.729727656227));
#1068 = CARTESIAN_POINT('',(-0.91629954314,0.729727656227));
#1069 = CARTESIAN_POINT('',(-0.850846957477,0.729727656227));
#1070 = CARTESIAN_POINT('',(-0.719949369318,0.729727656227));
#1071 = CARTESIAN_POINT('',(-0.654496783655,0.729727656227));
#1072 = CARTESIAN_POINT('',(-0.589048622548,0.729727656227));
#1073 = CARTESIAN_POINT('',(-0.523600461442,0.729727656227));
#1074 = CARTESIAN_POINT('',(-0.458147875778,0.729727656227));
#1075 = CARTESIAN_POINT('',(-0.32725028762,0.729727656227));
#1076 = CARTESIAN_POINT('',(-0.261797701956,0.729727656227));
#1077 = CARTESIAN_POINT('',(-0.19634954085,0.729727656227));
#1078 = CARTESIAN_POINT('',(-0.130901379743,0.729727656227));
#1079 = CARTESIAN_POINT('',(-6.544879407907E-02,0.729727656227));
#1080 = CARTESIAN_POINT('',(0.,0.729727656227));
#1081 = ( GEOMETRIC_REPRESENTATION_CONTEXT(2) 
PARAMETRIC_REPRESENTATION_CONTEXT() REPRESENTATION_CONTEXT('2D SPACE',''
  ) );
#1082 = PCURVE('',#1083,#1088);
#1083 = PLANE('',#1084);
#1084 = AXIS2_PLACEMENT_3D('',#1085,#1086,#1087);
#1085 = CARTESIAN_POINT('',(-5.975E+03,-1.425E+03,3.32E+03));
#1086 = DIRECTION('',(0.,0.,1.));
#1087 = DIRECTION('',(1.,0.,0.));
#1088 = DEFINITIONAL_REPRESENTATION('',(#1089),#1112);
#1089 = B_SPLINE_CURVE_WITH_KNOTS('',6,(#1090,#1091,#1092,#1093,#1094,
    #1095,#1096,#1097,#1098,#1099,#1100,#1101,#1102,#1103,#1104,#1105,
    #1106,#1107,#1108,#1109,#1110,#1111),.UNSPECIFIED.,.F.,.F.,(7,5,5,5,
    7),(0.,0.25,0.5,0.75,1.),.UNSPECIFIED.);
#1090 = CARTESIAN_POINT('',(-2.082039324993,95.));
#1091 = CARTESIAN_POINT('',(-2.082039324993,88.646097599446));
#1092 = CARTESIAN_POINT('',(-1.583012669911,82.291823669424));
#1093 = CARTESIAN_POINT('',(-0.584853234762,75.986990557448));
#1094 = CARTESIAN_POINT('',(0.90572286871,69.780105210672));
#1095 = CARTESIAN_POINT('',(2.876357713624,63.718552349559));
#1096 = CARTESIAN_POINT('',(7.739424072738,51.978071590665));
#1097 = CARTESIAN_POINT('',(10.632139943275,46.298457195962));
#1098 = CARTESIAN_POINT('',(13.967074191378,40.855530006579));
#1099 = CARTESIAN_POINT('',(17.719459133815,35.691534453548));
#1100 = CARTESIAN_POINT('',(21.859744187447,30.845519136309));
#1101 = CARTESIAN_POINT('',(30.845519136304,21.859744187451));
#1102 = CARTESIAN_POINT('',(35.691534453541,17.719459133819));
#1103 = CARTESIAN_POINT('',(40.855530006577,13.967074191382));
#1104 = CARTESIAN_POINT('',(46.298457195955,10.632139943278));
#1105 = CARTESIAN_POINT('',(51.97807159066,7.73942407274));
#1106 = CARTESIAN_POINT('',(63.718552349548,2.876357713628));
#1107 = CARTESIAN_POINT('',(69.780105210687,0.905722868704));
#1108 = CARTESIAN_POINT('',(75.986990557422,-0.584853234757));
#1109 = CARTESIAN_POINT('',(82.291823669435,-1.583012669911));
#1110 = CARTESIAN_POINT('',(88.646097599443,-2.082039324994));
#1111 = CARTESIAN_POINT('',(95.,-2.082039324994));
#1112 = ( GEOMETRIC_REPRESENTATION_CONTEXT(2) 
PARAMETRIC_REPRESENTATION_CONTEXT() REPRESENTATION_CONTEXT('2D SPACE',''
  ) );
#1113 = ADVANCED_FACE('',(#1114,#1162,#1276,#1390,#1504),#182,.F.);
#1114 = FACE_BOUND('',#1115,.F.);
#1115 = EDGE_LOOP('',(#1116,#1117,#1140,#1161));
#1116 = ORIENTED_EDGE('',*,*,#166,.T.);
#1117 = ORIENTED_EDGE('',*,*,#1118,.F.);
#1118 = EDGE_CURVE('',#1119,#167,#1121,.T.);
#1119 = VERTEX_POINT('',#1120);
#1120 = CARTESIAN_POINT('',(5.88E+03,-1.45E+03,3.26E+03));
#1121 = SURFACE_CURVE('',#1122,(#1126,#1133),.PCURVE_S1.);
#1122 = LINE('',#1123,#1124);
#1123 = CARTESIAN_POINT('',(5.88E+03,-1.45E+03,3.26E+03));
#1124 = VECTOR('',#1125,1.);
#1125 = DIRECTION('',(-1.,-0.,-0.));
#1126 = PCURVE('',#182,#1127);
#1127 = DEFINITIONAL_REPRESENTATION('',(#1128),#1132);
#1128 = LINE('',#1129,#1130);
#1129 = CARTESIAN_POINT('',(3.26E+03,1.188E+04));
#1130 = VECTOR('',#1131,1.);
#1131 = DIRECTION('',(-0.,-1.));
#1132 = ( GEOMETRIC_REPRESENTATION_CONTEXT(2) 
PARAMETRIC_REPRESENTATION_CONTEXT() REPRESENTATION_CONTEXT('2D SPACE',''
  ) );
#1133 = PCURVE('',#577,#1134);
#1134 = DEFINITIONAL_REPRESENTATION('',(#1135),#1139);
#1135 = LINE('',#1136,#1137);
#1136 = CARTESIAN_POINT('',(0.,0.));
#1137 = VECTOR('',#1138,1.);
#1138 = DIRECTION('',(0.,1.));
#1139 = ( GEOMETRIC_REPRESENTATION_CONTEXT(2) 
PARAMETRIC_REPRESENTATION_CONTEXT() REPRESENTATION_CONTEXT('2D SPACE',''
  ) );
#1140 = ORIENTED_EDGE('',*,*,#1141,.F.);
#1141 = EDGE_CURVE('',#342,#1119,#1142,.T.);
#1142 = SURFACE_CURVE('',#1143,(#1147,#1154),.PCURVE_S1.);
#1143 = LINE('',#1144,#1145);
#1144 = CARTESIAN_POINT('',(5.88E+03,-1.45E+03,0.));
#1145 = VECTOR('',#1146,1.);
#1146 = DIRECTION('',(0.,0.,1.));
#1147 = PCURVE('',#182,#1148);
#1148 = DEFINITIONAL_REPRESENTATION('',(#1149),#1153);
#1149 = LINE('',#1150,#1151);
#1150 = CARTESIAN_POINT('',(0.,1.188E+04));
#1151 = VECTOR('',#1152,1.);
#1152 = DIRECTION('',(1.,0.));
#1153 = ( GEOMETRIC_REPRESENTATION_CONTEXT(2) 
PARAMETRIC_REPRESENTATION_CONTEXT() REPRESENTATION_CONTEXT('2D SPACE',''
  ) );
#1154 = PCURVE('',#385,#1155);
#1155 = DEFINITIONAL_REPRESENTATION('',(#1156),#1160);
#1156 = LINE('',#1157,#1158);
#1157 = CARTESIAN_POINT('',(-1.570796326795,0.));
#1158 = VECTOR('',#1159,1.);
#1159 = DIRECTION('',(-0.,1.));
#1160 = ( GEOMETRIC_REPRESENTATION_CONTEXT(2) 
PARAMETRIC_REPRESENTATION_CONTEXT() REPRESENTATION_CONTEXT('2D SPACE',''
  ) );
#1161 = ORIENTED_EDGE('',*,*,#341,.F.);
#1162 = FACE_BOUND('',#1163,.F.);
#1163 = EDGE_LOOP('',(#1164,#1194,#1222,#1250));
#1164 = ORIENTED_EDGE('',*,*,#1165,.F.);
#1165 = EDGE_CURVE('',#1166,#1168,#1170,.T.);
#1166 = VERTEX_POINT('',#1167);
#1167 = CARTESIAN_POINT('',(-2.99E+03,-1.45E+03,590.));
#1168 = VERTEX_POINT('',#1169);
#1169 = CARTESIAN_POINT('',(-2.61E+03,-1.45E+03,590.));
#1170 = SURFACE_CURVE('',#1171,(#1175,#1182),.PCURVE_S1.);
#1171 = LINE('',#1172,#1173);
#1172 = CARTESIAN_POINT('',(-2.99E+03,-1.45E+03,590.));
#1173 = VECTOR('',#1174,1.);
#1174 = DIRECTION('',(1.,0.,0.));
#1175 = PCURVE('',#182,#1176);
#1176 = DEFINITIONAL_REPRESENTATION('',(#1177),#1181);
#1177 = LINE('',#1178,#1179);
#1178 = CARTESIAN_POINT('',(590.,3.01E+03));
#1179 = VECTOR('',#1180,1.);
#1180 = DIRECTION('',(0.,1.));
#1181 = ( GEOMETRIC_REPRESENTATION_CONTEXT(2) 
PARAMETRIC_REPRESENTATION_CONTEXT() REPRESENTATION_CONTEXT('2D SPACE',''
  ) );
#1182 = PCURVE('',#1183,#1188);
#1183 = PLANE('',#1184);
#1184 = AXIS2_PLACEMENT_3D('',#1185,#1186,#1187);
#1185 = CARTESIAN_POINT('',(-2.99E+03,-1.45E+03,590.));
#1186 = DIRECTION('',(0.,0.,1.));
#1187 = DIRECTION('',(1.,0.,0.));
#1188 = DEFINITIONAL_REPRESENTATION('',(#1189),#1193);
#1189 = LINE('',#1190,#1191);
#1190 = CARTESIAN_POINT('',(0.,0.));
#1191 = VECTOR('',#1192,1.);
#1192 = DIRECTION('',(1.,0.));
#1193 = ( GEOMETRIC_REPRESENTATION_CONTEXT(2) 
PARAMETRIC_REPRESENTATION_CONTEXT() REPRESENTATION_CONTEXT('2D SPACE',''
  ) );
#1194 = ORIENTED_EDGE('',*,*,#1195,.F.);
#1195 = EDGE_CURVE('',#1196,#1166,#1198,.T.);
#1196 = VERTEX_POINT('',#1197);
#1197 = CARTESIAN_POINT('',(-2.99E+03,-1.45E+03,450.));
#1198 = SURFACE_CURVE('',#1199,(#1203,#1210),.PCURVE_S1.);
#1199 = LINE('',#1200,#1201);
#1200 = CARTESIAN_POINT('',(-2.99E+03,-1.45E+03,450.));
#1201 = VECTOR('',#1202,1.);
#1202 = DIRECTION('',(0.,0.,1.));
#1203 = PCURVE('',#182,#1204);
#1204 = DEFINITIONAL_REPRESENTATION('',(#1205),#1209);
#1205 = LINE('',#1206,#1207);
#1206 = CARTESIAN_POINT('',(450.,3.01E+03));
#1207 = VECTOR('',#1208,1.);
#1208 = DIRECTION('',(1.,0.));
#1209 = ( GEOMETRIC_REPRESENTATION_CONTEXT(2) 
PARAMETRIC_REPRESENTATION_CONTEXT() REPRESENTATION_CONTEXT('2D SPACE',''
  ) );
#1210 = PCURVE('',#1211,#1216);
#1211 = PLANE('',#1212);
#1212 = AXIS2_PLACEMENT_3D('',#1213,#1214,#1215);
#1213 = CARTESIAN_POINT('',(-2.99E+03,-1.45E+03,450.));
#1214 = DIRECTION('',(1.,0.,0.));
#1215 = DIRECTION('',(0.,0.,1.));
#1216 = DEFINITIONAL_REPRESENTATION('',(#1217),#1221);
#1217 = LINE('',#1218,#1219);
#1218 = CARTESIAN_POINT('',(0.,0.));
#1219 = VECTOR('',#1220,1.);
#1220 = DIRECTION('',(1.,0.));
#1221 = ( GEOMETRIC_REPRESENTATION_CONTEXT(2) 
PARAMETRIC_REPRESENTATION_CONTEXT() REPRESENTATION_CONTEXT('2D SPACE',''
  ) );
#1222 = ORIENTED_EDGE('',*,*,#1223,.T.);
#1223 = EDGE_CURVE('',#1196,#1224,#1226,.T.);
#1224 = VERTEX_POINT('',#1225);
#1225 = CARTESIAN_POINT('',(-2.61E+03,-1.45E+03,450.));
#1226 = SURFACE_CURVE('',#1227,(#1231,#1238),.PCURVE_S1.);
#1227 = LINE('',#1228,#1229);
#1228 = CARTESIAN_POINT('',(-2.99E+03,-1.45E+03,450.));
#1229 = VECTOR('',#1230,1.);
#1230 = DIRECTION('',(1.,0.,0.));
#1231 = PCURVE('',#182,#1232);
#1232 = DEFINITIONAL_REPRESENTATION('',(#1233),#1237);
#1233 = LINE('',#1234,#1235);
#1234 = CARTESIAN_POINT('',(450.,3.01E+03));
#1235 = VECTOR('',#1236,1.);
#1236 = DIRECTION('',(0.,1.));
#1237 = ( GEOMETRIC_REPRESENTATION_CONTEXT(2) 
PARAMETRIC_REPRESENTATION_CONTEXT() REPRESENTATION_CONTEXT('2D SPACE',''
  ) );
#1238 = PCURVE('',#1239,#1244);
#1239 = PLANE('',#1240);
#1240 = AXIS2_PLACEMENT_3D('',#1241,#1242,#1243);
#1241 = CARTESIAN_POINT('',(-2.99E+03,-1.45E+03,450.));
#1242 = DIRECTION('',(0.,0.,1.));
#1243 = DIRECTION('',(1.,0.,0.));
#1244 = DEFINITIONAL_REPRESENTATION('',(#1245),#1249);
#1245 = LINE('',#1246,#1247);
#1246 = CARTESIAN_POINT('',(0.,0.));
#1247 = VECTOR('',#1248,1.);
#1248 = DIRECTION('',(1.,0.));
#1249 = ( GEOMETRIC_REPRESENTATION_CONTEXT(2) 
PARAMETRIC_REPRESENTATION_CONTEXT() REPRESENTATION_CONTEXT('2D SPACE',''
  ) );
#1250 = ORIENTED_EDGE('',*,*,#1251,.T.);
#1251 = EDGE_CURVE('',#1224,#1168,#1252,.T.);
#1252 = SURFACE_CURVE('',#1253,(#1257,#1264),.PCURVE_S1.);
#1253 = LINE('',#1254,#1255);
#1254 = CARTESIAN_POINT('',(-2.61E+03,-1.45E+03,450.));
#1255 = VECTOR('',#1256,1.);
#1256 = DIRECTION('',(0.,0.,1.));
#1257 = PCURVE('',#182,#1258);
#1258 = DEFINITIONAL_REPRESENTATION('',(#1259),#1263);
#1259 = LINE('',#1260,#1261);
#1260 = CARTESIAN_POINT('',(450.,3.39E+03));
#1261 = VECTOR('',#1262,1.);
#1262 = DIRECTION('',(1.,0.));
#1263 = ( GEOMETRIC_REPRESENTATION_CONTEXT(2) 
PARAMETRIC_REPRESENTATION_CONTEXT() REPRESENTATION_CONTEXT('2D SPACE',''
  ) );
#1264 = PCURVE('',#1265,#1270);
#1265 = PLANE('',#1266);
#1266 = AXIS2_PLACEMENT_3D('',#1267,#1268,#1269);
#1267 = CARTESIAN_POINT('',(-2.61E+03,-1.45E+03,450.));
#1268 = DIRECTION('',(1.,0.,0.));
#1269 = DIRECTION('',(0.,0.,1.));
#1270 = DEFINITIONAL_REPRESENTATION('',(#1271),#1275);
#1271 = LINE('',#1272,#1273);
#1272 = CARTESIAN_POINT('',(0.,0.));
#1273 = VECTOR('',#1274,1.);
#1274 = DIRECTION('',(1.,0.));
#1275 = ( GEOMETRIC_REPRESENTATION_CONTEXT(2) 
PARAMETRIC_REPRESENTATION_CONTEXT() REPRESENTATION_CONTEXT('2D SPACE',''
  ) );
#1276 = FACE_BOUND('',#1277,.F.);
#1277 = EDGE_LOOP('',(#1278,#1308,#1336,#1364));
#1278 = ORIENTED_EDGE('',*,*,#1279,.F.);
#1279 = EDGE_CURVE('',#1280,#1282,#1284,.T.);
#1280 = VERTEX_POINT('',#1281);
#1281 = CARTESIAN_POINT('',(-1.89E+03,-1.45E+03,590.));
#1282 = VERTEX_POINT('',#1283);
#1283 = CARTESIAN_POINT('',(-1.51E+03,-1.45E+03,590.));
#1284 = SURFACE_CURVE('',#1285,(#1289,#1296),.PCURVE_S1.);
#1285 = LINE('',#1286,#1287);
#1286 = CARTESIAN_POINT('',(-1.89E+03,-1.45E+03,590.));
#1287 = VECTOR('',#1288,1.);
#1288 = DIRECTION('',(1.,0.,0.));
#1289 = PCURVE('',#182,#1290);
#1290 = DEFINITIONAL_REPRESENTATION('',(#1291),#1295);
#1291 = LINE('',#1292,#1293);
#1292 = CARTESIAN_POINT('',(590.,4.11E+03));
#1293 = VECTOR('',#1294,1.);
#1294 = DIRECTION('',(0.,1.));
#1295 = ( GEOMETRIC_REPRESENTATION_CONTEXT(2) 
PARAMETRIC_REPRESENTATION_CONTEXT() REPRESENTATION_CONTEXT('2D SPACE',''
  ) );
#1296 = PCURVE('',#1297,#1302);
#1297 = PLANE('',#1298);
#1298 = AXIS2_PLACEMENT_3D('',#1299,#1300,#1301);
#1299 = CARTESIAN_POINT('',(-1.89E+03,-1.45E+03,590.));
#1300 = DIRECTION('',(0.,0.,1.));
#1301 = DIRECTION('',(1.,0.,0.));
#1302 = DEFINITIONAL_REPRESENTATION('',(#1303),#1307);
#1303 = LINE('',#1304,#1305);
#1304 = CARTESIAN_POINT('',(0.,0.));
#1305 = VECTOR('',#1306,1.);
#1306 = DIRECTION('',(1.,0.));
#1307 = ( GEOMETRIC_REPRESENTATION_CONTEXT(2) 
PARAMETRIC_REPRESENTATION_CONTEXT() REPRESENTATION_CONTEXT('2D SPACE',''
  ) );
#1308 = ORIENTED_EDGE('',*,*,#1309,.F.);
#1309 = EDGE_CURVE('',#1310,#1280,#1312,.T.);
#1310 = VERTEX_POINT('',#1311);
#1311 = CARTESIAN_POINT('',(-1.89E+03,-1.45E+03,450.));
#1312 = SURFACE_CURVE('',#1313,(#1317,#1324),.PCURVE_S1.);
#1313 = LINE('',#1314,#1315);
#1314 = CARTESIAN_POINT('',(-1.89E+03,-1.45E+03,450.));
#1315 = VECTOR('',#1316,1.);
#1316 = DIRECTION('',(0.,0.,1.));
#1317 = PCURVE('',#182,#1318);
#1318 = DEFINITIONAL_REPRESENTATION('',(#1319),#1323);
#1319 = LINE('',#1320,#1321);
#1320 = CARTESIAN_POINT('',(450.,4.11E+03));
#1321 = VECTOR('',#1322,1.);
#1322 = DIRECTION('',(1.,0.));
#1323 = ( GEOMETRIC_REPRESENTATION_CONTEXT(2) 
PARAMETRIC_REPRESENTATION_CONTEXT() REPRESENTATION_CONTEXT('2D SPACE',''
  ) );
#1324 = PCURVE('',#1325,#1330);
#1325 = PLANE('',#1326);
#1326 = AXIS2_PLACEMENT_3D('',#1327,#1328,#1329);
#1327 = CARTESIAN_POINT('',(-1.89E+03,-1.45E+03,450.));
#1328 = DIRECTION('',(1.,0.,0.));
#1329 = DIRECTION('',(0.,0.,1.));
#1330 = DEFINITIONAL_REPRESENTATION('',(#1331),#1335);
#1331 = LINE('',#1332,#1333);
#1332 = CARTESIAN_POINT('',(0.,0.));
#1333 = VECTOR('',#1334,1.);
#1334 = DIRECTION('',(1.,0.));
#1335 = ( GEOMETRIC_REPRESENTATION_CONTEXT(2) 
PARAMETRIC_REPRESENTATION_CONTEXT() REPRESENTATION_CONTEXT('2D SPACE',''
  ) );
#1336 = ORIENTED_EDGE('',*,*,#1337,.T.);
#1337 = EDGE_CURVE('',#1310,#1338,#1340,.T.);
#1338 = VERTEX_POINT('',#1339);
#1339 = CARTESIAN_POINT('',(-1.51E+03,-1.45E+03,450.));
#1340 = SURFACE_CURVE('',#1341,(#1345,#1352),.PCURVE_S1.);
#1341 = LINE('',#1342,#1343);
#1342 = CARTESIAN_POINT('',(-1.89E+03,-1.45E+03,450.));
#1343 = VECTOR('',#1344,1.);
#1344 = DIRECTION('',(1.,0.,0.));
#1345 = PCURVE('',#182,#1346);
#1346 = DEFINITIONAL_REPRESENTATION('',(#1347),#1351);
#1347 = LINE('',#1348,#1349);
#1348 = CARTESIAN_POINT('',(450.,4.11E+03));
#1349 = VECTOR('',#1350,1.);
#1350 = DIRECTION('',(0.,1.));
#1351 = ( GEOMETRIC_REPRESENTATION_CONTEXT(2) 
PARAMETRIC_REPRESENTATION_CONTEXT() REPRESENTATION_CONTEXT('2D SPACE',''
  ) );
#1352 = PCURVE('',#1353,#1358);
#1353 = PLANE('',#1354);
#1354 = AXIS2_PLACEMENT_3D('',#1355,#1356,#1357);
#1355 = CARTESIAN_POINT('',(-1.89E+03,-1.45E+03,450.));
#1356 = DIRECTION('',(0.,0.,1.));
#1357 = DIRECTION('',(1.,0.,0.));
#1358 = DEFINITIONAL_REPRESENTATION('',(#1359),#1363);
#1359 = LINE('',#1360,#1361);
#1360 = CARTESIAN_POINT('',(0.,0.));
#1361 = VECTOR('',#1362,1.);
#1362 = DIRECTION('',(1.,0.));
#1363 = ( GEOMETRIC_REPRESENTATION_CONTEXT(2) 
PARAMETRIC_REPRESENTATION_CONTEXT() REPRESENTATION_CONTEXT('2D SPACE',''
  ) );
#1364 = ORIENTED_EDGE('',*,*,#1365,.T.);
#1365 = EDGE_CURVE('',#1338,#1282,#1366,.T.);
#1366 = SURFACE_CURVE('',#1367,(#1371,#1378),.PCURVE_S1.);
#1367 = LINE('',#1368,#1369);
#1368 = CARTESIAN_POINT('',(-1.51E+03,-1.45E+03,450.));
#1369 = VECTOR('',#1370,1.);
#1370 = DIRECTION('',(0.,0.,1.));
#1371 = PCURVE('',#182,#1372);
#1372 = DEFINITIONAL_REPRESENTATION('',(#1373),#1377);
#1373 = LINE('',#1374,#1375);
#1374 = CARTESIAN_POINT('',(450.,4.49E+03));
#1375 = VECTOR('',#1376,1.);
#1376 = DIRECTION('',(1.,0.));
#1377 = ( GEOMETRIC_REPRESENTATION_CONTEXT(2) 
PARAMETRIC_REPRESENTATION_CONTEXT() REPRESENTATION_CONTEXT('2D SPACE',''
  ) );
#1378 = PCURVE('',#1379,#1384);
#1379 = PLANE('',#1380);
#1380 = AXIS2_PLACEMENT_3D('',#1381,#1382,#1383);
#1381 = CARTESIAN_POINT('',(-1.51E+03,-1.45E+03,450.));
#1382 = DIRECTION('',(1.,0.,0.));
#1383 = DIRECTION('',(0.,0.,1.));
#1384 = DEFINITIONAL_REPRESENTATION('',(#1385),#1389);
#1385 = LINE('',#1386,#1387);
#1386 = CARTESIAN_POINT('',(0.,0.));
#1387 = VECTOR('',#1388,1.);
#1388 = DIRECTION('',(1.,0.));
#1389 = ( GEOMETRIC_REPRESENTATION_CONTEXT(2) 
PARAMETRIC_REPRESENTATION_CONTEXT() REPRESENTATION_CONTEXT('2D SPACE',''
  ) );
#1390 = FACE_BOUND('',#1391,.F.);
#1391 = EDGE_LOOP('',(#1392,#1422,#1450,#1478));
#1392 = ORIENTED_EDGE('',*,*,#1393,.F.);
#1393 = EDGE_CURVE('',#1394,#1396,#1398,.T.);
#1394 = VERTEX_POINT('',#1395);
#1395 = CARTESIAN_POINT('',(1.51E+03,-1.45E+03,590.));
#1396 = VERTEX_POINT('',#1397);
#1397 = CARTESIAN_POINT('',(1.89E+03,-1.45E+03,590.));
#1398 = SURFACE_CURVE('',#1399,(#1403,#1410),.PCURVE_S1.);
#1399 = LINE('',#1400,#1401);
#1400 = CARTESIAN_POINT('',(1.51E+03,-1.45E+03,590.));
#1401 = VECTOR('',#1402,1.);
#1402 = DIRECTION('',(1.,0.,0.));
#1403 = PCURVE('',#182,#1404);
#1404 = DEFINITIONAL_REPRESENTATION('',(#1405),#1409);
#1405 = LINE('',#1406,#1407);
#1406 = CARTESIAN_POINT('',(590.,7.51E+03));
#1407 = VECTOR('',#1408,1.);
#1408 = DIRECTION('',(0.,1.));
#1409 = ( GEOMETRIC_REPRESENTATION_CONTEXT(2) 
PARAMETRIC_REPRESENTATION_CONTEXT() REPRESENTATION_CONTEXT('2D SPACE',''
  ) );
#1410 = PCURVE('',#1411,#1416);
#1411 = PLANE('',#1412);
#1412 = AXIS2_PLACEMENT_3D('',#1413,#1414,#1415);
#1413 = CARTESIAN_POINT('',(1.51E+03,-1.45E+03,590.));
#1414 = DIRECTION('',(0.,0.,1.));
#1415 = DIRECTION('',(1.,0.,0.));
#1416 = DEFINITIONAL_REPRESENTATION('',(#1417),#1421);
#1417 = LINE('',#1418,#1419);
#1418 = CARTESIAN_POINT('',(0.,0.));
#1419 = VECTOR('',#1420,1.);
#1420 = DIRECTION('',(1.,0.));
#1421 = ( GEOMETRIC_REPRESENTATION_CONTEXT(2) 
PARAMETRIC_REPRESENTATION_CONTEXT() REPRESENTATION_CONTEXT('2D SPACE',''
  ) );
#1422 = ORIENTED_EDGE('',*,*,#1423,.F.);
#1423 = EDGE_CURVE('',#1424,#1394,#1426,.T.);
#1424 = VERTEX_POINT('',#1425);
#1425 = CARTESIAN_POINT('',(1.51E+03,-1.45E+03,450.));
#1426 = SURFACE_CURVE('',#1427,(#1431,#1438),.PCURVE_S1.);
#1427 = LINE('',#1428,#1429);
#1428 = CARTESIAN_POINT('',(1.51E+03,-1.45E+03,450.));
#1429 = VECTOR('',#1430,1.);
#1430 = DIRECTION('',(0.,0.,1.));
#1431 = PCURVE('',#182,#1432);
#1432 = DEFINITIONAL_REPRESENTATION('',(#1433),#1437);
#1433 = LINE('',#1434,#1435);
#1434 = CARTESIAN_POINT('',(450.,7.51E+03));
#1435 = VECTOR('',#1436,1.);
#1436 = DIRECTION('',(1.,0.));
#1437 = ( GEOMETRIC_REPRESENTATION_CONTEXT(2) 
PARAMETRIC_REPRESENTATION_CONTEXT() REPRESENTATION_CONTEXT('2D SPACE',''
  ) );
#1438 = PCURVE('',#1439,#1444);
#1439 = PLANE('',#1440);
#1440 = AXIS2_PLACEMENT_3D('',#1441,#1442,#1443);
#1441 = CARTESIAN_POINT('',(1.51E+03,-1.45E+03,450.));
#1442 = DIRECTION('',(1.,0.,0.));
#1443 = DIRECTION('',(0.,0.,1.));
#1444 = DEFINITIONAL_REPRESENTATION('',(#1445),#1449);
#1445 = LINE('',#1446,#1447);
#1446 = CARTESIAN_POINT('',(0.,0.));
#1447 = VECTOR('',#1448,1.);
#1448 = DIRECTION('',(1.,0.));
#1449 = ( GEOMETRIC_REPRESENTATION_CONTEXT(2) 
PARAMETRIC_REPRESENTATION_CONTEXT() REPRESENTATION_CONTEXT('2D SPACE',''
  ) );
#1450 = ORIENTED_EDGE('',*,*,#1451,.T.);
#1451 = EDGE_CURVE('',#1424,#1452,#1454,.T.);
#1452 = VERTEX_POINT('',#1453);
#1453 = CARTESIAN_POINT('',(1.89E+03,-1.45E+03,450.));
#1454 = SURFACE_CURVE('',#1455,(#1459,#1466),.PCURVE_S1.);
#1455 = LINE('',#1456,#1457);
#1456 = CARTESIAN_POINT('',(1.51E+03,-1.45E+03,450.));
#1457 = VECTOR('',#1458,1.);
#1458 = DIRECTION('',(1.,0.,0.));
#1459 = PCURVE('',#182,#1460);
#1460 = DEFINITIONAL_REPRESENTATION('',(#1461),#1465);
#1461 = LINE('',#1462,#1463);
#1462 = CARTESIAN_POINT('',(450.,7.51E+03));
#1463 = VECTOR('',#1464,1.);
#1464 = DIRECTION('',(0.,1.));
#1465 = ( GEOMETRIC_REPRESENTATION_CONTEXT(2) 
PARAMETRIC_REPRESENTATION_CONTEXT() REPRESENTATION_CONTEXT('2D SPACE',''
  ) );
#1466 = PCURVE('',#1467,#1472);
#1467 = PLANE('',#1468);
#1468 = AXIS2_PLACEMENT_3D('',#1469,#1470,#1471);
#1469 = CARTESIAN_POINT('',(1.51E+03,-1.45E+03,450.));
#1470 = DIRECTION('',(0.,0.,1.));
#1471 = DIRECTION('',(1.,0.,0.));
#1472 = DEFINITIONAL_REPRESENTATION('',(#1473),#1477);
#1473 = LINE('',#1474,#1475);
#1474 = CARTESIAN_POINT('',(0.,0.));
#1475 = VECTOR('',#1476,1.);
#1476 = DIRECTION('',(1.,0.));
#1477 = ( GEOMETRIC_REPRESENTATION_CONTEXT(2) 
PARAMETRIC_REPRESENTATION_CONTEXT() REPRESENTATION_CONTEXT('2D SPACE',''
  ) );
#1478 = ORIENTED_EDGE('',*,*,#1479,.T.);
#1479 = EDGE_CURVE('',#1452,#1396,#1480,.T.);
#1480 = SURFACE_CURVE('',#1481,(#1485,#1492),.PCURVE_S1.);
#1481 = LINE('',#1482,#1483);
#1482 = CARTESIAN_POINT('',(1.89E+03,-1.45E+03,450.));
#1483 = VECTOR('',#1484,1.);
#1484 = DIRECTION('',(0.,0.,1.));
#1485 = PCURVE('',#182,#1486);
#1486 = DEFINITIONAL_REPRESENTATION('',(#1487),#1491);
#1487 = LINE('',#1488,#1489);
#1488 = CARTESIAN_POINT('',(450.,7.89E+03));
#1489 = VECTOR('',#1490,1.);
#1490 = DIRECTION('',(1.,0.));
#1491 = ( GEOMETRIC_REPRESENTATION_CONTEXT(2) 
PARAMETRIC_REPRESENTATION_CONTEXT() REPRESENTATION_CONTEXT('2D SPACE',''
  ) );
#1492 = PCURVE('',#1493,#1498);
#1493 = PLANE('',#1494);
#1494 = AXIS2_PLACEMENT_3D('',#1495,#1496,#1497);
#1495 = CARTESIAN_POINT('',(1.89E+03,-1.45E+03,450.));
#1496 = DIRECTION('',(1.,0.,0.));
#1497 = DIRECTION('',(0.,0.,1.));
#1498 = DEFINITIONAL_REPRESENTATION('',(#1499),#1503);
#1499 = LINE('',#1500,#1501);
#1500 = CARTESIAN_POINT('',(0.,0.));
#1501 = VECTOR('',#1502,1.);
#1502 = DIRECTION('',(1.,0.));
#1503 = ( GEOMETRIC_REPRESENTATION_CONTEXT(2) 
PARAMETRIC_REPRESENTATION_CONTEXT() REPRESENTATION_CONTEXT('2D SPACE',''
  ) );
#1504 = FACE_BOUND('',#1505,.F.);
#1505 = EDGE_LOOP('',(#1506,#1536,#1564,#1592));
#1506 = ORIENTED_EDGE('',*,*,#1507,.F.);
#1507 = EDGE_CURVE('',#1508,#1510,#1512,.T.);
#1508 = VERTEX_POINT('',#1509);
#1509 = CARTESIAN_POINT('',(2.61E+03,-1.45E+03,590.));
#1510 = VERTEX_POINT('',#1511);
#1511 = CARTESIAN_POINT('',(2.99E+03,-1.45E+03,590.));
#1512 = SURFACE_CURVE('',#1513,(#1517,#1524),.PCURVE_S1.);
#1513 = LINE('',#1514,#1515);
#1514 = CARTESIAN_POINT('',(2.61E+03,-1.45E+03,590.));
#1515 = VECTOR('',#1516,1.);
#1516 = DIRECTION('',(1.,0.,0.));
#1517 = PCURVE('',#182,#1518);
#1518 = DEFINITIONAL_REPRESENTATION('',(#1519),#1523);
#1519 = LINE('',#1520,#1521);
#1520 = CARTESIAN_POINT('',(590.,8.61E+03));
#1521 = VECTOR('',#1522,1.);
#1522 = DIRECTION('',(0.,1.));
#1523 = ( GEOMETRIC_REPRESENTATION_CONTEXT(2) 
PARAMETRIC_REPRESENTATION_CONTEXT() REPRESENTATION_CONTEXT('2D SPACE',''
  ) );
#1524 = PCURVE('',#1525,#1530);
#1525 = PLANE('',#1526);
#1526 = AXIS2_PLACEMENT_3D('',#1527,#1528,#1529);
#1527 = CARTESIAN_POINT('',(2.61E+03,-1.45E+03,590.));
#1528 = DIRECTION('',(0.,0.,1.));
#1529 = DIRECTION('',(1.,0.,0.));
#1530 = DEFINITIONAL_REPRESENTATION('',(#1531),#1535);
#1531 = LINE('',#1532,#1533);
#1532 = CARTESIAN_POINT('',(0.,0.));
#1533 = VECTOR('',#1534,1.);
#1534 = DIRECTION('',(1.,0.));
#1535 = ( GEOMETRIC_REPRESENTATION_CONTEXT(2) 
PARAMETRIC_REPRESENTATION_CONTEXT() REPRESENTATION_CONTEXT('2D SPACE',''
  ) );
#1536 = ORIENTED_EDGE('',*,*,#1537,.F.);
#1537 = EDGE_CURVE('',#1538,#1508,#1540,.T.);
#1538 = VERTEX_POINT('',#1539);
#1539 = CARTESIAN_POINT('',(2.61E+03,-1.45E+03,450.));
#1540 = SURFACE_CURVE('',#1541,(#1545,#1552),.PCURVE_S1.);
#1541 = LINE('',#1542,#1543);
#1542 = CARTESIAN_POINT('',(2.61E+03,-1.45E+03,450.));
#1543 = VECTOR('',#1544,1.);
#1544 = DIRECTION('',(0.,0.,1.));
#1545 = PCURVE('',#182,#1546);
#1546 = DEFINITIONAL_REPRESENTATION('',(#1547),#1551);
#1547 = LINE('',#1548,#1549);
#1548 = CARTESIAN_POINT('',(450.,8.61E+03));
#1549 = VECTOR('',#1550,1.);
#1550 = DIRECTION('',(1.,0.));
#1551 = ( GEOMETRIC_REPRESENTATION_CONTEXT(2) 
PARAMETRIC_REPRESENTATION_CONTEXT() REPRESENTATION_CONTEXT('2D SPACE',''
  ) );
#1552 = PCURVE('',#1553,#1558);
#1553 = PLANE('',#1554);
#1554 = AXIS2_PLACEMENT_3D('',#1555,#1556,#1557);
#1555 = CARTESIAN_POINT('',(2.61E+03,-1.45E+03,450.));
#1556 = DIRECTION('',(1.,0.,0.));
#1557 = DIRECTION('',(0.,0.,1.));
#1558 = DEFINITIONAL_REPRESENTATION('',(#1559),#1563);
#1559 = LINE('',#1560,#1561);
#1560 = CARTESIAN_POINT('',(0.,0.));
#1561 = VECTOR('',#1562,1.);
#1562 = DIRECTION('',(1.,0.));
#1563 = ( GEOMETRIC_REPRESENTATION_CONTEXT(2) 
PARAMETRIC_REPRESENTATION_CONTEXT() REPRESENTATION_CONTEXT('2D SPACE',''
  ) );
#1564 = ORIENTED_EDGE('',*,*,#1565,.T.);
#1565 = EDGE_CURVE('',#1538,#1566,#1568,.T.);
#1566 = VERTEX_POINT('',#1567);
#1567 = CARTESIAN_POINT('',(2.99E+03,-1.45E+03,450.));
#1568 = SURFACE_CURVE('',#1569,(#1573,#1580),.PCURVE_S1.);
#1569 = LINE('',#1570,#1571);
#1570 = CARTESIAN_POINT('',(2.61E+03,-1.45E+03,450.));
#1571 = VECTOR('',#1572,1.);
#1572 = DIRECTION('',(1.,0.,0.));
#1573 = PCURVE('',#182,#1574);
#1574 = DEFINITIONAL_REPRESENTATION('',(#1575),#1579);
#1575 = LINE('',#1576,#1577);
#1576 = CARTESIAN_POINT('',(450.,8.61E+03));
#1577 = VECTOR('',#1578,1.);
#1578 = DIRECTION('',(0.,1.));
#1579 = ( GEOMETRIC_REPRESENTATION_CONTEXT(2) 
PARAMETRIC_REPRESENTATION_CONTEXT() REPRESENTATION_CONTEXT('2D SPACE',''
  ) );
#1580 = PCURVE('',#1581,#1586);
#1581 = PLANE('',#1582);
#1582 = AXIS2_PLACEMENT_3D('',#1583,#1584,#1585);
#1583 = CARTESIAN_POINT('',(2.61E+03,-1.45E+03,450.));
#1584 = DIRECTION('',(0.,0.,1.));
#1585 = DIRECTION('',(1.,0.,0.));
#1586 = DEFINITIONAL_REPRESENTATION('',(#1587),#1591);
#1587 = LINE('',#1588,#1589);
#1588 = CARTESIAN_POINT('',(0.,0.));
#1589 = VECTOR('',#1590,1.);
#1590 = DIRECTION('',(1.,0.));
#1591 = ( GEOMETRIC_REPRESENTATION_CONTEXT(2) 
PARAMETRIC_REPRESENTATION_CONTEXT() REPRESENTATION_CONTEXT('2D SPACE',''
  ) );
#1592 = ORIENTED_EDGE('',*,*,#1593,.T.);
#1593 = EDGE_CURVE('',#1566,#1510,#1594,.T.);
#1594 = SURFACE_CURVE('',#1595,(#1599,#1606),.PCURVE_S1.);
#1595 = LINE('',#1596,#1597);
#1596 = CARTESIAN_POINT('',(2.99E+03,-1.45E+03,450.));
#1597 = VECTOR('',#1598,1.);
#1598 = DIRECTION('',(0.,0.,1.));
#1599 = PCURVE('',#182,#1600);
#1600 = DEFINITIONAL_REPRESENTATION('',(#1601),#1605);
#1601 = LINE('',#1602,#1603);
#1602 = CARTESIAN_POINT('',(450.,8.99E+03));
#1603 = VECTOR('',#1604,1.);
#1604 = DIRECTION('',(1.,0.));
#1605 = ( GEOMETRIC_REPRESENTATION_CONTEXT(2) 
PARAMETRIC_REPRESENTATION_CONTEXT() REPRESENTATION_CONTEXT('2D SPACE',''
  ) );
#1606 = PCURVE('',#1607,#1612);
#1607 = PLANE('',#1608);
#1608 = AXIS2_PLACEMENT_3D('',#1609,#1610,#1611);
#1609 = CARTESIAN_POINT('',(2.99E+03,-1.45E+03,450.));
#1610 = DIRECTION('',(1.,0.,0.));
#1611 = DIRECTION('',(0.,0.,1.));
#1612 = DEFINITIONAL_REPRESENTATION('',(#1613),#1617);
#1613 = LINE('',#1614,#1615);
#1614 = CARTESIAN_POINT('',(0.,0.));
#1615 = VECTOR('',#1616,1.);
#1616 = DIRECTION('',(1.,0.));
#1617 = ( GEOMETRIC_REPRESENTATION_CONTEXT(2) 
PARAMETRIC_REPRESENTATION_CONTEXT() REPRESENTATION_CONTEXT('2D SPACE',''
  ) );
#1618 = ADVANCED_FACE('',(#1619),#280,.T.);
#1619 = FACE_BOUND('',#1620,.T.);
#1620 = EDGE_LOOP('',(#1621,#1622,#1623,#1646,#1697,#1725,#1776,#1804));
#1621 = ORIENTED_EDGE('',*,*,#264,.F.);
#1622 = ORIENTED_EDGE('',*,*,#590,.F.);
#1623 = ORIENTED_EDGE('',*,*,#1624,.F.);
#1624 = EDGE_CURVE('',#1625,#562,#1627,.T.);
#1625 = VERTEX_POINT('',#1626);
#1626 = CARTESIAN_POINT('',(5.88E+03,-1.36E+03,3.35E+03));
#1627 = SURFACE_CURVE('',#1628,(#1632,#1639),.PCURVE_S1.);
#1628 = LINE('',#1629,#1630);
#1629 = CARTESIAN_POINT('',(5.88E+03,-1.36E+03,3.35E+03));
#1630 = VECTOR('',#1631,1.);
#1631 = DIRECTION('',(-1.,-0.,-0.));
#1632 = PCURVE('',#280,#1633);
#1633 = DEFINITIONAL_REPRESENTATION('',(#1634),#1638);
#1634 = LINE('',#1635,#1636);
#1635 = CARTESIAN_POINT('',(1.188E+04,90.));
#1636 = VECTOR('',#1637,1.);
#1637 = DIRECTION('',(-1.,-0.));
#1638 = ( GEOMETRIC_REPRESENTATION_CONTEXT(2) 
PARAMETRIC_REPRESENTATION_CONTEXT() REPRESENTATION_CONTEXT('2D SPACE',''
  ) );
#1639 = PCURVE('',#577,#1640);
#1640 = DEFINITIONAL_REPRESENTATION('',(#1641),#1645);
#1641 = LINE('',#1642,#1643);
#1642 = CARTESIAN_POINT('',(1.570796326795,0.));
#1643 = VECTOR('',#1644,1.);
#1644 = DIRECTION('',(0.,1.));
#1645 = ( GEOMETRIC_REPRESENTATION_CONTEXT(2) 
PARAMETRIC_REPRESENTATION_CONTEXT() REPRESENTATION_CONTEXT('2D SPACE',''
  ) );
#1646 = ORIENTED_EDGE('',*,*,#1647,.F.);
#1647 = EDGE_CURVE('',#1648,#1625,#1650,.T.);
#1648 = VERTEX_POINT('',#1649);
#1649 = CARTESIAN_POINT('',(5.91E+03,-1.33E+03,3.35E+03));
#1650 = SURFACE_CURVE('',#1651,(#1656,#1667),.PCURVE_S1.);
#1651 = CIRCLE('',#1652,30.);
#1652 = AXIS2_PLACEMENT_3D('',#1653,#1654,#1655);
#1653 = CARTESIAN_POINT('',(5.88E+03,-1.33E+03,3.35E+03));
#1654 = DIRECTION('',(0.,-0.,-1.));
#1655 = DIRECTION('',(1.,0.,-0.));
#1656 = PCURVE('',#280,#1657);
#1657 = DEFINITIONAL_REPRESENTATION('',(#1658),#1666);
#1658 = ( BOUNDED_CURVE() B_SPLINE_CURVE(2,(#1659,#1660,#1661,#1662,
#1663,#1664,#1665),.UNSPECIFIED.,.T.,.F.) B_SPLINE_CURVE_WITH_KNOTS((1,2
    ,2,2,2,1),(-2.094395102393,0.,2.094395102393,4.188790204786,
6.28318530718,8.377580409573),.UNSPECIFIED.) CURVE() 
GEOMETRIC_REPRESENTATION_ITEM() RATIONAL_B_SPLINE_CURVE((1.,0.5,1.,0.5,
1.,0.5,1.)) REPRESENTATION_ITEM('') );
#1659 = CARTESIAN_POINT('',(1.191E+04,120.));
#1660 = CARTESIAN_POINT('',(1.191E+04,68.038475772934));
#1661 = CARTESIAN_POINT('',(1.1865E+04,94.019237886467));
#1662 = CARTESIAN_POINT('',(1.182E+04,120.));
#1663 = CARTESIAN_POINT('',(1.1865E+04,145.98076211353));
#1664 = CARTESIAN_POINT('',(1.191E+04,171.96152422706));
#1665 = CARTESIAN_POINT('',(1.191E+04,120.));
#1666 = ( GEOMETRIC_REPRESENTATION_CONTEXT(2) 
PARAMETRIC_REPRESENTATION_CONTEXT() REPRESENTATION_CONTEXT('2D SPACE',''
  ) );
#1667 = PCURVE('',#1668,#1691);
#1668 = SURFACE_OF_REVOLUTION('',#1669,#1688);
#1669 = B_SPLINE_CURVE_WITH_KNOTS('',5,(#1670,#1671,#1672,#1673,#1674,
    #1675,#1676,#1677,#1678,#1679,#1680,#1681,#1682,#1683,#1684,#1685,
    #1686,#1687),.UNSPECIFIED.,.F.,.F.,(6,4,4,4,6),(0.,0.392699081699,
    0.785398163397,1.178097245096,1.570796326795),.UNSPECIFIED.);
#1670 = CARTESIAN_POINT('',(6.E+03,-1.33E+03,3.26E+03));
#1671 = CARTESIAN_POINT('',(6.E+03,-1.33E+03,3.267068583471E+03));
#1672 = CARTESIAN_POINT('',(5.999306053686E+03,-1.33E+03,
    3.274137168727E+03));
#1673 = CARTESIAN_POINT('',(5.997918095382E+03,-1.33E+03,
    3.281114906321E+03));
#1674 = CARTESIAN_POINT('',(5.99585418771E+03,-1.33E+03,
    3.287910989321E+03));
#1675 = CARTESIAN_POINT('',(5.990444128142E+03,-1.33E+03,
    3.300972028505E+03));
#1676 = CARTESIAN_POINT('',(5.987097974877E+03,-1.33E+03,
    3.30723698799E+03));
#1677 = CARTESIAN_POINT('',(5.983145404036E+03,-1.33E+03,
    3.313152428288E+03));
#1678 = CARTESIAN_POINT('',(5.978637853612E+03,-1.33E+03,
    3.318641367001E+03));
#1679 = CARTESIAN_POINT('',(5.968641367001E+03,-1.33E+03,
    3.328637853612E+03));
#1680 = CARTESIAN_POINT('',(5.963152428288E+03,-1.33E+03,
    3.333145404036E+03));
#1681 = CARTESIAN_POINT('',(5.95723698799E+03,-1.33E+03,
    3.337097974877E+03));
#1682 = CARTESIAN_POINT('',(5.950972028505E+03,-1.33E+03,
    3.340444128142E+03));
#1683 = CARTESIAN_POINT('',(5.937910989321E+03,-1.33E+03,
    3.34585418771E+03));
#1684 = CARTESIAN_POINT('',(5.931114906321E+03,-1.33E+03,
    3.347918095382E+03));
#1685 = CARTESIAN_POINT('',(5.924137168727E+03,-1.33E+03,
    3.349306053686E+03));
#1686 = CARTESIAN_POINT('',(5.917068583471E+03,-1.33E+03,3.35E+03));
#1687 = CARTESIAN_POINT('',(5.91E+03,-1.33E+03,3.35E+03));
#1688 = AXIS1_PLACEMENT('',#1689,#1690);
#1689 = CARTESIAN_POINT('',(5.88E+03,-1.33E+03,3.26E+03));
#1690 = DIRECTION('',(0.,0.,1.));
#1691 = DEFINITIONAL_REPRESENTATION('',(#1692),#1696);
#1692 = LINE('',#1693,#1694);
#1693 = CARTESIAN_POINT('',(-0.,1.570796326795));
#1694 = VECTOR('',#1695,1.);
#1695 = DIRECTION('',(-1.,0.));
#1696 = ( GEOMETRIC_REPRESENTATION_CONTEXT(2) 
PARAMETRIC_REPRESENTATION_CONTEXT() REPRESENTATION_CONTEXT('2D SPACE',''
  ) );
#1697 = ORIENTED_EDGE('',*,*,#1698,.F.);
#1698 = EDGE_CURVE('',#1699,#1648,#1701,.T.);
#1699 = VERTEX_POINT('',#1700);
#1700 = CARTESIAN_POINT('',(5.91E+03,1.33E+03,3.35E+03));
#1701 = SURFACE_CURVE('',#1702,(#1706,#1713),.PCURVE_S1.);
#1702 = LINE('',#1703,#1704);
#1703 = CARTESIAN_POINT('',(5.91E+03,1.33E+03,3.35E+03));
#1704 = VECTOR('',#1705,1.);
#1705 = DIRECTION('',(-0.,-1.,-0.));
#1706 = PCURVE('',#280,#1707);
#1707 = DEFINITIONAL_REPRESENTATION('',(#1708),#1712);
#1708 = LINE('',#1709,#1710);
#1709 = CARTESIAN_POINT('',(1.191E+04,2.78E+03));
#1710 = VECTOR('',#1711,1.);
#1711 = DIRECTION('',(-0.,-1.));
#1712 = ( GEOMETRIC_REPRESENTATION_CONTEXT(2) 
PARAMETRIC_REPRESENTATION_CONTEXT() REPRESENTATION_CONTEXT('2D SPACE',''
  ) );
#1713 = PCURVE('',#1714,#1719);
#1714 = CYLINDRICAL_SURFACE('',#1715,90.);
#1715 = AXIS2_PLACEMENT_3D('',#1716,#1717,#1718);
#1716 = CARTESIAN_POINT('',(5.91E+03,1.33E+03,3.26E+03));
#1717 = DIRECTION('',(-0.,-1.,-0.));
#1718 = DIRECTION('',(1.,0.,-0.));
#1719 = DEFINITIONAL_REPRESENTATION('',(#1720),#1724);
#1720 = LINE('',#1721,#1722);
#1721 = CARTESIAN_POINT('',(1.570796326795,0.));
#1722 = VECTOR('',#1723,1.);
#1723 = DIRECTION('',(0.,1.));
#1724 = ( GEOMETRIC_REPRESENTATION_CONTEXT(2) 
PARAMETRIC_REPRESENTATION_CONTEXT() REPRESENTATION_CONTEXT('2D SPACE',''
  ) );
#1725 = ORIENTED_EDGE('',*,*,#1726,.F.);
#1726 = EDGE_CURVE('',#1727,#1699,#1729,.T.);
#1727 = VERTEX_POINT('',#1728);
#1728 = CARTESIAN_POINT('',(5.88E+03,1.36E+03,3.35E+03));
#1729 = SURFACE_CURVE('',#1730,(#1735,#1746),.PCURVE_S1.);
#1730 = CIRCLE('',#1731,30.);
#1731 = AXIS2_PLACEMENT_3D('',#1732,#1733,#1734);
#1732 = CARTESIAN_POINT('',(5.88E+03,1.33E+03,3.35E+03));
#1733 = DIRECTION('',(0.,-0.,-1.));
#1734 = DIRECTION('',(0.,1.,-0.));
#1735 = PCURVE('',#280,#1736);
#1736 = DEFINITIONAL_REPRESENTATION('',(#1737),#1745);
#1737 = ( BOUNDED_CURVE() B_SPLINE_CURVE(2,(#1738,#1739,#1740,#1741,
#1742,#1743,#1744),.UNSPECIFIED.,.T.,.F.) B_SPLINE_CURVE_WITH_KNOTS((1,2
    ,2,2,2,1),(-2.094395102393,0.,2.094395102393,4.188790204786,
6.28318530718,8.377580409573),.UNSPECIFIED.) CURVE() 
GEOMETRIC_REPRESENTATION_ITEM() RATIONAL_B_SPLINE_CURVE((1.,0.5,1.,0.5,
1.,0.5,1.)) REPRESENTATION_ITEM('') );
#1738 = CARTESIAN_POINT('',(1.188E+04,2.81E+03));
#1739 = CARTESIAN_POINT('',(1.193196152423E+04,2.81E+03));
#1740 = CARTESIAN_POINT('',(1.190598076211E+04,2.765E+03));
#1741 = CARTESIAN_POINT('',(1.188E+04,2.72E+03));
#1742 = CARTESIAN_POINT('',(1.185401923789E+04,2.765E+03));
#1743 = CARTESIAN_POINT('',(1.182803847577E+04,2.81E+03));
#1744 = CARTESIAN_POINT('',(1.188E+04,2.81E+03));
#1745 = ( GEOMETRIC_REPRESENTATION_CONTEXT(2) 
PARAMETRIC_REPRESENTATION_CONTEXT() REPRESENTATION_CONTEXT('2D SPACE',''
  ) );
#1746 = PCURVE('',#1747,#1770);
#1747 = SURFACE_OF_REVOLUTION('',#1748,#1767);
#1748 = B_SPLINE_CURVE_WITH_KNOTS('',5,(#1749,#1750,#1751,#1752,#1753,
    #1754,#1755,#1756,#1757,#1758,#1759,#1760,#1761,#1762,#1763,#1764,
    #1765,#1766),.UNSPECIFIED.,.F.,.F.,(6,4,4,4,6),(0.,0.392699081699,
    0.785398163397,1.178097245096,1.570796326795),.UNSPECIFIED.);
#1749 = CARTESIAN_POINT('',(5.88E+03,1.45E+03,3.26E+03));
#1750 = CARTESIAN_POINT('',(5.88E+03,1.45E+03,3.267068583471E+03));
#1751 = CARTESIAN_POINT('',(5.88E+03,1.449306053686E+03,
    3.274137168727E+03));
#1752 = CARTESIAN_POINT('',(5.88E+03,1.447918095382E+03,
    3.281114906321E+03));
#1753 = CARTESIAN_POINT('',(5.88E+03,1.44585418771E+03,
    3.287910989321E+03));
#1754 = CARTESIAN_POINT('',(5.88E+03,1.440444128142E+03,
    3.300972028505E+03));
#1755 = CARTESIAN_POINT('',(5.88E+03,1.437097974877E+03,
    3.30723698799E+03));
#1756 = CARTESIAN_POINT('',(5.88E+03,1.433145404036E+03,
    3.313152428288E+03));
#1757 = CARTESIAN_POINT('',(5.88E+03,1.428637853612E+03,
    3.318641367001E+03));
#1758 = CARTESIAN_POINT('',(5.88E+03,1.418641367001E+03,
    3.328637853612E+03));
#1759 = CARTESIAN_POINT('',(5.88E+03,1.413152428288E+03,
    3.333145404036E+03));
#1760 = CARTESIAN_POINT('',(5.88E+03,1.40723698799E+03,
    3.337097974877E+03));
#1761 = CARTESIAN_POINT('',(5.88E+03,1.400972028505E+03,
    3.340444128142E+03));
#1762 = CARTESIAN_POINT('',(5.88E+03,1.387910989321E+03,
    3.34585418771E+03));
#1763 = CARTESIAN_POINT('',(5.88E+03,1.381114906321E+03,
    3.347918095382E+03));
#1764 = CARTESIAN_POINT('',(5.88E+03,1.374137168727E+03,
    3.349306053686E+03));
#1765 = CARTESIAN_POINT('',(5.88E+03,1.367068583471E+03,3.35E+03));
#1766 = CARTESIAN_POINT('',(5.88E+03,1.36E+03,3.35E+03));
#1767 = AXIS1_PLACEMENT('',#1768,#1769);
#1768 = CARTESIAN_POINT('',(5.88E+03,1.33E+03,3.26E+03));
#1769 = DIRECTION('',(0.,0.,1.));
#1770 = DEFINITIONAL_REPRESENTATION('',(#1771),#1775);
#1771 = LINE('',#1772,#1773);
#1772 = CARTESIAN_POINT('',(-0.,1.570796326795));
#1773 = VECTOR('',#1774,1.);
#1774 = DIRECTION('',(-1.,0.));
#1775 = ( GEOMETRIC_REPRESENTATION_CONTEXT(2) 
PARAMETRIC_REPRESENTATION_CONTEXT() REPRESENTATION_CONTEXT('2D SPACE',''
  ) );
#1776 = ORIENTED_EDGE('',*,*,#1777,.F.);
#1777 = EDGE_CURVE('',#1778,#1727,#1780,.T.);
#1778 = VERTEX_POINT('',#1779);
#1779 = CARTESIAN_POINT('',(-5.88E+03,1.36E+03,3.35E+03));
#1780 = SURFACE_CURVE('',#1781,(#1785,#1792),.PCURVE_S1.);
#1781 = LINE('',#1782,#1783);
#1782 = CARTESIAN_POINT('',(-5.88E+03,1.36E+03,3.35E+03));
#1783 = VECTOR('',#1784,1.);
#1784 = DIRECTION('',(1.,0.,0.));
#1785 = PCURVE('',#280,#1786);
#1786 = DEFINITIONAL_REPRESENTATION('',(#1787),#1791);
#1787 = LINE('',#1788,#1789);
#1788 = CARTESIAN_POINT('',(120.,2.81E+03));
#1789 = VECTOR('',#1790,1.);
#1790 = DIRECTION('',(1.,0.));
#1791 = ( GEOMETRIC_REPRESENTATION_CONTEXT(2) 
PARAMETRIC_REPRESENTATION_CONTEXT() REPRESENTATION_CONTEXT('2D SPACE',''
  ) );
#1792 = PCURVE('',#1793,#1798);
#1793 = CYLINDRICAL_SURFACE('',#1794,90.);
#1794 = AXIS2_PLACEMENT_3D('',#1795,#1796,#1797);
#1795 = CARTESIAN_POINT('',(-5.88E+03,1.36E+03,3.26E+03));
#1796 = DIRECTION('',(1.,0.,0.));
#1797 = DIRECTION('',(-0.,1.,0.));
#1798 = DEFINITIONAL_REPRESENTATION('',(#1799),#1803);
#1799 = LINE('',#1800,#1801);
#1800 = CARTESIAN_POINT('',(1.570796326795,0.));
#1801 = VECTOR('',#1802,1.);
#1802 = DIRECTION('',(0.,1.));
#1803 = ( GEOMETRIC_REPRESENTATION_CONTEXT(2) 
PARAMETRIC_REPRESENTATION_CONTEXT() REPRESENTATION_CONTEXT('2D SPACE',''
  ) );
#1804 = ORIENTED_EDGE('',*,*,#1805,.F.);
#1805 = EDGE_CURVE('',#265,#1778,#1806,.T.);
#1806 = SURFACE_CURVE('',#1807,(#1812,#1823),.PCURVE_S1.);
#1807 = CIRCLE('',#1808,30.);
#1808 = AXIS2_PLACEMENT_3D('',#1809,#1810,#1811);
#1809 = CARTESIAN_POINT('',(-5.88E+03,1.33E+03,3.35E+03));
#1810 = DIRECTION('',(-0.,0.,-1.));
#1811 = DIRECTION('',(-1.,0.,0.));
#1812 = PCURVE('',#280,#1813);
#1813 = DEFINITIONAL_REPRESENTATION('',(#1814),#1822);
#1814 = ( BOUNDED_CURVE() B_SPLINE_CURVE(2,(#1815,#1816,#1817,#1818,
#1819,#1820,#1821),.UNSPECIFIED.,.T.,.F.) B_SPLINE_CURVE_WITH_KNOTS((1,2
    ,2,2,2,1),(-2.094395102393,0.,2.094395102393,4.188790204786,
6.28318530718,8.377580409573),.UNSPECIFIED.) CURVE() 
GEOMETRIC_REPRESENTATION_ITEM() RATIONAL_B_SPLINE_CURVE((1.,0.5,1.,0.5,
1.,0.5,1.)) REPRESENTATION_ITEM('') );
#1815 = CARTESIAN_POINT('',(90.,2.78E+03));
#1816 = CARTESIAN_POINT('',(90.,2.831961524227E+03));
#1817 = CARTESIAN_POINT('',(135.,2.805980762114E+03));
#1818 = CARTESIAN_POINT('',(180.,2.78E+03));
#1819 = CARTESIAN_POINT('',(135.,2.754019237886E+03));
#1820 = CARTESIAN_POINT('',(90.,2.728038475773E+03));
#1821 = CARTESIAN_POINT('',(90.,2.78E+03));
#1822 = ( GEOMETRIC_REPRESENTATION_CONTEXT(2) 
PARAMETRIC_REPRESENTATION_CONTEXT() REPRESENTATION_CONTEXT('2D SPACE',''
  ) );
#1823 = PCURVE('',#306,#1824);
#1824 = DEFINITIONAL_REPRESENTATION('',(#1825),#1829);
#1825 = LINE('',#1826,#1827);
#1826 = CARTESIAN_POINT('',(-0.,1.570796326795));
#1827 = VECTOR('',#1828,1.);
#1828 = DIRECTION('',(-1.,0.));
#1829 = ( GEOMETRIC_REPRESENTATION_CONTEXT(2) 
PARAMETRIC_REPRESENTATION_CONTEXT() REPRESENTATION_CONTEXT('2D SPACE',''
  ) );
#1830 = ADVANCED_FACE('',(#1831,#1856),#306,.T.);
#1831 = FACE_BOUND('',#1832,.F.);
#1832 = EDGE_LOOP('',(#1833,#1834,#1835,#1855));
#1833 = ORIENTED_EDGE('',*,*,#292,.F.);
#1834 = ORIENTED_EDGE('',*,*,#536,.T.);
#1835 = ORIENTED_EDGE('',*,*,#1836,.T.);
#1836 = EDGE_CURVE('',#514,#1778,#1837,.T.);
#1837 = SURFACE_CURVE('',#1838,(#1843,#1849),.PCURVE_S1.);
#1838 = CIRCLE('',#1839,90.);
#1839 = AXIS2_PLACEMENT_3D('',#1840,#1841,#1842);
#1840 = CARTESIAN_POINT('',(-5.88E+03,1.36E+03,3.26E+03));
#1841 = DIRECTION('',(1.,6.123233995737E-17,-0.));
#1842 = DIRECTION('',(-6.123233995737E-17,1.,0.));
#1843 = PCURVE('',#306,#1844);
#1844 = DEFINITIONAL_REPRESENTATION('',(#1845),#1848);
#1845 = B_SPLINE_CURVE_WITH_KNOTS('',1,(#1846,#1847),.UNSPECIFIED.,.F.,
  .F.,(2,2),(0.,1.570796326795),.PIECEWISE_BEZIER_KNOTS.);
#1846 = CARTESIAN_POINT('',(-1.570796326795,0.));
#1847 = CARTESIAN_POINT('',(-1.570796326795,1.570796326795));
#1848 = ( GEOMETRIC_REPRESENTATION_CONTEXT(2) 
PARAMETRIC_REPRESENTATION_CONTEXT() REPRESENTATION_CONTEXT('2D SPACE',''
  ) );
#1849 = PCURVE('',#1793,#1850);
#1850 = DEFINITIONAL_REPRESENTATION('',(#1851),#1854);
#1851 = B_SPLINE_CURVE_WITH_KNOTS('',1,(#1852,#1853),.UNSPECIFIED.,.F.,
  .F.,(2,2),(0.,1.570796326795),.PIECEWISE_BEZIER_KNOTS.);
#1852 = CARTESIAN_POINT('',(0.,0.));
#1853 = CARTESIAN_POINT('',(1.570796326795,0.));
#1854 = ( GEOMETRIC_REPRESENTATION_CONTEXT(2) 
PARAMETRIC_REPRESENTATION_CONTEXT() REPRESENTATION_CONTEXT('2D SPACE',''
  ) );
#1855 = ORIENTED_EDGE('',*,*,#1805,.F.);
#1856 = FACE_BOUND('',#1857,.F.);
#1857 = EDGE_LOOP('',(#1858,#2011,#2136,#2216));
#1858 = ORIENTED_EDGE('',*,*,#1859,.T.);
#1859 = EDGE_CURVE('',#1860,#1862,#1864,.T.);
#1860 = VERTEX_POINT('',#1861);
#1861 = CARTESIAN_POINT('',(-5.905E+03,1.425E+03,3.318686155193E+03));
#1862 = VERTEX_POINT('',#1863);
#1863 = CARTESIAN_POINT('',(-5.975E+03,1.355E+03,3.318686155193E+03));
#1864 = SURFACE_CURVE('',#1865,(#1910,#1958),.PCURVE_S1.);
#1865 = B_SPLINE_CURVE_WITH_KNOTS('',7,(#1866,#1867,#1868,#1869,#1870,
    #1871,#1872,#1873,#1874,#1875,#1876,#1877,#1878,#1879,#1880,#1881,
    #1882,#1883,#1884,#1885,#1886,#1887,#1888,#1889,#1890,#1891,#1892,
    #1893,#1894,#1895,#1896,#1897,#1898,#1899,#1900,#1901,#1902,#1903,
    #1904,#1905,#1906,#1907,#1908,#1909),.UNSPECIFIED.,.F.,.F.,(8,6,6,6,
    6,6,6,8),(0.,0.246364281703,0.336691165681,0.389473904609,
    0.500083277443,0.663045912829,0.7533436039,1.),.UNSPECIFIED.);
#1866 = CARTESIAN_POINT('',(-5.905E+03,1.425E+03,3.318686155193E+03));
#1867 = CARTESIAN_POINT('',(-5.90869972025E+03,1.425E+03,
    3.317591410007E+03));
#1868 = CARTESIAN_POINT('',(-5.912418283043E+03,1.424771867471E+03,
    3.316529386221E+03));
#1869 = CARTESIAN_POINT('',(-5.916144173608E+03,1.424311422251E+03,
    3.315508604003E+03));
#1870 = CARTESIAN_POINT('',(-5.919863772094E+03,1.423614017224E+03,
    3.314539259809E+03));
#1871 = CARTESIAN_POINT('',(-5.923561483107E+03,1.422675505915E+03,
    3.313633119785E+03));
#1872 = CARTESIAN_POINT('',(-5.927219732011E+03,1.42149267104E+03,
    3.312803355217E+03));
#1873 = CARTESIAN_POINT('',(-5.932138170087E+03,1.419540955906E+03,
    3.31179205081E+03));
#1874 = CARTESIAN_POINT('',(-5.933449589801E+03,1.418984427729E+03,
    3.311532831359E+03));
#1875 = CARTESIAN_POINT('',(-5.934751876508E+03,1.418394965067E+03,
    3.311286372591E+03));
#1876 = CARTESIAN_POINT('',(-5.936043927141E+03,1.417772616991E+03,
    3.311053349971E+03));
#1877 = CARTESIAN_POINT('',(-5.937324581967E+03,1.417117507169E+03,
    3.310834430907E+03));
#1878 = CARTESIAN_POINT('',(-5.938592627755E+03,1.416429850552E+03,
    3.310630260498E+03));
#1879 = CARTESIAN_POINT('',(-5.940579680157E+03,1.4152893061E+03,
    3.310331113794E+03));
#1880 = CARTESIAN_POINT('',(-5.941307822968E+03,1.414857638448E+03,
    3.31022602413E+03));
#1881 = CARTESIAN_POINT('',(-5.94203097669E+03,1.414415032103E+03,
    3.310126299605E+03));
#1882 = CARTESIAN_POINT('',(-5.94274888467E+03,1.413961563842E+03,
    3.310032056786E+03));
#1883 = CARTESIAN_POINT('',(-5.943461286718E+03,1.413497323378E+03,
    3.309943406315E+03));
#1884 = CARTESIAN_POINT('',(-5.944167919534E+03,1.413022414514E+03,
    3.30986045175E+03));
#1885 = CARTESIAN_POINT('',(-5.94633666117E+03,1.411519649706E+03,
    3.309621587991E+03));
#1886 = CARTESIAN_POINT('',(-5.947778356498E+03,1.410455979611E+03,
    3.309485312996E+03));
#1887 = CARTESIAN_POINT('',(-5.949191079049E+03,1.409347086425E+03,
    3.309375351493E+03));
#1888 = CARTESIAN_POINT('',(-5.950572374491E+03,1.40819434265E+03,
    3.309292412654E+03));
#1889 = CARTESIAN_POINT('',(-5.951919865193E+03,1.406999365744E+03,
    3.309236993264E+03));
#1890 = CARTESIAN_POINT('',(-5.95323126514E+03,1.405764039732E+03,
    3.309209350346E+03));
#1891 = CARTESIAN_POINT('',(-5.956380137835E+03,1.402614285359E+03,
    3.309209670721E+03));
#1892 = CARTESIAN_POINT('',(-5.958173112362E+03,1.400654880358E+03,
    3.30927014568E+03));
#1893 = CARTESIAN_POINT('',(-5.959876131923E+03,1.398619465898E+03,
    3.309390929715E+03));
#1894 = CARTESIAN_POINT('',(-5.961483621827E+03,1.396515594622E+03,
    3.309570770579E+03));
#1895 = CARTESIAN_POINT('',(-5.962991325443E+03,1.39435104023E+03,
    3.309807357722E+03));
#1896 = CARTESIAN_POINT('',(-5.964396100353E+03,1.392133679813E+03,
    3.310097567956E+03));
#1897 = CARTESIAN_POINT('',(-5.966415983596E+03,1.388617954552E+03,
    3.310626226243E+03));
#1898 = CARTESIAN_POINT('',(-5.967103958027E+03,1.387350573729E+03,
    3.310830069551E+03));
#1899 = CARTESIAN_POINT('',(-5.967759411892E+03,1.38607057506E+03,
    3.311048660361E+03));
#1900 = CARTESIAN_POINT('',(-5.968382129361E+03,1.384779171109E+03,
    3.311281354554E+03));
#1901 = CARTESIAN_POINT('',(-5.968971985901E+03,1.383477521066E+03,
    3.311527485592E+03));
#1902 = CARTESIAN_POINT('',(-5.969528931611E+03,1.382166727582E+03,
    3.311786378771E+03));
#1903 = CARTESIAN_POINT('',(-5.971484445756E+03,1.377245154118E+03,
    3.312797590411E+03));
#1904 = CARTESIAN_POINT('',(-5.972670067475E+03,1.373582897594E+03,
    3.313627872827E+03));
#1905 = CARTESIAN_POINT('',(-5.973610784522E+03,1.369881004282E+03,
    3.314534769388E+03));
#1906 = CARTESIAN_POINT('',(-5.974309821654E+03,1.366157118691E+03,
    3.315505057598E+03));
#1907 = CARTESIAN_POINT('',(-5.974771338711E+03,1.362426895898E+03,
    3.316526926446E+03));
#1908 = CARTESIAN_POINT('',(-5.975E+03,1.358704005302E+03,
    3.317590142063E+03));
#1909 = CARTESIAN_POINT('',(-5.975E+03,1.355E+03,3.318686155193E+03));
#1910 = PCURVE('',#306,#1911);
#1911 = DEFINITIONAL_REPRESENTATION('',(#1912),#1957);
#1912 = B_SPLINE_CURVE_WITH_KNOTS('',7,(#1913,#1914,#1915,#1916,#1917,
    #1918,#1919,#1920,#1921,#1922,#1923,#1924,#1925,#1926,#1927,#1928,
    #1929,#1930,#1931,#1932,#1933,#1934,#1935,#1936,#1937,#1938,#1939,
    #1940,#1941,#1942,#1943,#1944,#1945,#1946,#1947,#1948,#1949,#1950,
    #1951,#1952,#1953,#1954,#1955,#1956),.UNSPECIFIED.,.F.,.F.,(8,6,6,6,
    6,6,6,8),(0.,0.246364281703,0.336691165681,0.389473904609,
    0.500083277443,0.663045912829,0.7533436039,1.),.UNSPECIFIED.);
#1913 = CARTESIAN_POINT('',(-1.313472611824,0.71030941853));
#1914 = CARTESIAN_POINT('',(-1.277050495375,0.694265532034));
#1915 = CARTESIAN_POINT('',(-1.240666420828,0.678959473085));
#1916 = CARTESIAN_POINT('',(-1.204243171215,0.66446660786));
#1917 = CARTESIAN_POINT('',(-1.167720091976,0.650885136438));
#1918 = CARTESIAN_POINT('',(-1.13104602509,0.638332973748));
#1919 = CARTESIAN_POINT('',(-1.094176736481,0.626946149709));
#1920 = CARTESIAN_POINT('',(-1.043479865087,0.613170520839));
#1921 = CARTESIAN_POINT('',(-1.029849714955,0.609650825725));
#1922 = CARTESIAN_POINT('',(-1.016189442156,0.606314234507));
#1923 = CARTESIAN_POINT('',(-1.002498651993,0.603167968306));
#1924 = CARTESIAN_POINT('',(-0.988777459092,0.600219208573));
#1925 = CARTESIAN_POINT('',(-0.97502655587,0.597474935045));
#1926 = CARTESIAN_POINT('',(-0.95319532753,0.59346149873));
#1927 = CARTESIAN_POINT('',(-0.945133680152,0.59205331623));
#1928 = CARTESIAN_POINT('',(-0.937062615652,0.59071853537));
#1929 = CARTESIAN_POINT('',(-0.928982468178,0.58945842668));
#1930 = CARTESIAN_POINT('',(-0.920893636271,0.588274198835));
#1931 = CARTESIAN_POINT('',(-0.912796589895,0.587166985448));
#1932 = CARTESIAN_POINT('',(-0.8877079699,0.583981179218));
#1933 = CARTESIAN_POINT('',(-0.870689773279,0.582167236612));
#1934 = CARTESIAN_POINT('',(-0.853643178226,0.580705772045));
#1935 = CARTESIAN_POINT('',(-0.836574321899,0.579604581141));
#1936 = CARTESIAN_POINT('',(-0.819489846955,0.578869142617));
#1937 = CARTESIAN_POINT('',(-0.802397226996,0.578502308228));
#1938 = CARTESIAN_POINT('',(-0.760123128688,0.578506559754));
#1939 = CARTESIAN_POINT('',(-0.734938352725,0.579309093098));
#1940 = CARTESIAN_POINT('',(-0.709781368721,0.58091194834));
#1941 = CARTESIAN_POINT('',(-0.684674703728,0.583301183528));
#1942 = CARTESIAN_POINT('',(-0.659635946481,0.586451364449));
#1943 = CARTESIAN_POINT('',(-0.634679918117,0.590328336605));
#1944 = CARTESIAN_POINT('',(-0.596045013073,0.597420726024));
#1945 = CARTESIAN_POINT('',(-0.582298418127,0.600160500671));
#1946 = CARTESIAN_POINT('',(-0.568581500548,0.60310471773));
#1947 = CARTESIAN_POINT('',(-0.554894958851,0.606246407621));
#1948 = CARTESIAN_POINT('',(-0.541238914093,0.609578397751));
#1949 = CARTESIAN_POINT('',(-0.527612978366,0.61309347449));
#1950 = CARTESIAN_POINT('',(-0.476875817298,0.626867041958));
#1951 = CARTESIAN_POINT('',(-0.439962696011,0.638260293192));
#1952 = CARTESIAN_POINT('',(-0.403245440559,0.650822222619));
#1953 = CARTESIAN_POINT('',(-0.366679702864,0.66441625753));
#1954 = CARTESIAN_POINT('',(-0.330214177674,0.678924022826));
#1955 = CARTESIAN_POINT('',(-0.293788015873,0.694246949847));
#1956 = CARTESIAN_POINT('',(-0.257323714971,0.71030941853));
#1957 = ( GEOMETRIC_REPRESENTATION_CONTEXT(2) 
PARAMETRIC_REPRESENTATION_CONTEXT() REPRESENTATION_CONTEXT('2D SPACE',''
  ) );
#1958 = PCURVE('',#1959,#1964);
#1959 = CYLINDRICAL_SURFACE('',#1960,70.);
#1960 = AXIS2_PLACEMENT_3D('',#1961,#1962,#1963);
#1961 = CARTESIAN_POINT('',(-5.905E+03,1.355E+03,40.));
#1962 = DIRECTION('',(0.,0.,1.));
#1963 = DIRECTION('',(-1.,-0.,0.));
#1964 = DEFINITIONAL_REPRESENTATION('',(#1965),#2010);
#1965 = B_SPLINE_CURVE_WITH_KNOTS('',7,(#1966,#1967,#1968,#1969,#1970,
    #1971,#1972,#1973,#1974,#1975,#1976,#1977,#1978,#1979,#1980,#1981,
    #1982,#1983,#1984,#1985,#1986,#1987,#1988,#1989,#1990,#1991,#1992,
    #1993,#1994,#1995,#1996,#1997,#1998,#1999,#2000,#2001,#2002,#2003,
    #2004,#2005,#2006,#2007,#2008,#2009),.UNSPECIFIED.,.F.,.F.,(8,6,6,6,
    6,6,6,8),(0.,0.246364281703,0.336691165681,0.389473904609,
    0.500083277443,0.663045912829,0.7533436039,1.),.UNSPECIFIED.);
#1966 = CARTESIAN_POINT('',(-1.570796326795,3.278686155193E+03));
#1967 = CARTESIAN_POINT('',(-1.517943180369,3.277591410007E+03));
#1968 = CARTESIAN_POINT('',(-1.464820846295,3.276529386221E+03));
#1969 = CARTESIAN_POINT('',(-1.41135273306,3.275508604003E+03));
#1970 = CARTESIAN_POINT('',(-1.357480984766,3.274539259809E+03));
#1971 = CARTESIAN_POINT('',(-1.303159419935,3.273633119785E+03));
#1972 = CARTESIAN_POINT('',(-1.248350945097,3.272803355217E+03));
#1973 = CARTESIAN_POINT('',(-1.172757746684,3.27179205081E+03));
#1974 = CARTESIAN_POINT('',(-1.152411670129,3.271532831359E+03));
#1975 = CARTESIAN_POINT('',(-1.131999717706,3.271286372591E+03));
#1976 = CARTESIAN_POINT('',(-1.111522755914,3.271053349971E+03));
#1977 = CARTESIAN_POINT('',(-1.090982431225,3.270834430907E+03));
#1978 = CARTESIAN_POINT('',(-1.070381280606,3.270630260498E+03));
#1979 = CARTESIAN_POINT('',(-1.037651032177,3.270331113794E+03));
#1980 = CARTESIAN_POINT('',(-1.025559651411,3.27022602413E+03));
#1981 = CARTESIAN_POINT('',(-1.013449419966,3.270126299605E+03));
#1982 = CARTESIAN_POINT('',(-1.001321147693,3.270032056786E+03));
#1983 = CARTESIAN_POINT('',(-0.989175744677,3.269943406315E+03));
#1984 = CARTESIAN_POINT('',(-0.977014231845,3.26986045175E+03));
#1985 = CARTESIAN_POINT('',(-0.939321211989,3.269621587991E+03));
#1986 = CARTESIAN_POINT('',(-0.913738006339,3.269485312996E+03));
#1987 = CARTESIAN_POINT('',(-0.88809991306,3.269375351493E+03));
#1988 = CARTESIAN_POINT('',(-0.862419152349,3.269292412654E+03));
#1989 = CARTESIAN_POINT('',(-0.836708759354,3.269236993264E+03));
#1990 = CARTESIAN_POINT('',(-0.810983050643,3.269209350346E+03));
#1991 = CARTESIAN_POINT('',(-0.747357308416,3.269209670721E+03));
#1992 = CARTESIAN_POINT('',(-0.709452324475,3.26927014568E+03));
#1993 = CARTESIAN_POINT('',(-0.671599013725,3.269390929715E+03));
#1994 = CARTESIAN_POINT('',(-0.63384108769,3.269570770579E+03));
#1995 = CARTESIAN_POINT('',(-0.59621460931,3.269807357722E+03));
#1996 = CARTESIAN_POINT('',(-0.558751141674,3.270097567956E+03));
#1997 = CARTESIAN_POINT('',(-0.500827454321,3.270626226243E+03));
#1998 = CARTESIAN_POINT('',(-0.480232482719,3.270830069551E+03));
#1999 = CARTESIAN_POINT('',(-0.459698254568,3.271048660361E+03));
#2000 = CARTESIAN_POINT('',(-0.439227314717,3.271281354554E+03));
#2001 = CARTESIAN_POINT('',(-0.418821317989,3.271527485592E+03));
#2002 = CARTESIAN_POINT('',(-0.39848113971,3.271786378771E+03));
#2003 = CARTESIAN_POINT('',(-0.322826283067,3.272797590411E+03));
#2004 = CARTESIAN_POINT('',(-0.267951508,3.273627872827E+03));
#2005 = CARTESIAN_POINT('',(-0.213564923325,3.274534769388E+03));
#2006 = CARTESIAN_POINT('',(-0.15962936198,3.275505057598E+03));
#2007 = CARTESIAN_POINT('',(-0.106098521374,3.276526926446E+03));
#2008 = CARTESIAN_POINT('',(-5.291436145926E-02,3.277590142063E+03));
#2009 = CARTESIAN_POINT('',(0.,3.278686155193E+03));
#2010 = ( GEOMETRIC_REPRESENTATION_CONTEXT(2) 
PARAMETRIC_REPRESENTATION_CONTEXT() REPRESENTATION_CONTEXT('2D SPACE',''
  ) );
#2011 = ORIENTED_EDGE('',*,*,#2012,.T.);
#2012 = EDGE_CURVE('',#1862,#2013,#2015,.T.);
#2013 = VERTEX_POINT('',#2014);
#2014 = CARTESIAN_POINT('',(-5.975E+03,1.349998058893E+03,3.32E+03));
#2015 = SURFACE_CURVE('',#2016,(#2054,#2095),.PCURVE_S1.);
#2016 = B_SPLINE_CURVE_WITH_KNOTS('',8,(#2017,#2018,#2019,#2020,#2021,
    #2022,#2023,#2024,#2025,#2026,#2027,#2028,#2029,#2030,#2031,#2032,
    #2033,#2034,#2035,#2036,#2037,#2038,#2039,#2040,#2041,#2042,#2043,
    #2044,#2045,#2046,#2047,#2048,#2049,#2050,#2051,#2052,#2053),
  .UNSPECIFIED.,.F.,.F.,(9,7,7,7,7,9),(0.,0.240196981176,0.347581623522,
    0.517905156344,0.6826670999,1.),.UNSPECIFIED.);
#2017 = CARTESIAN_POINT('',(-5.975E+03,1.403314391493E+03,3.26E+03));
#2018 = CARTESIAN_POINT('',(-5.975E+03,1.403314391493E+03,
    3.263211178088E+03));
#2019 = CARTESIAN_POINT('',(-5.975E+03,1.403100067229E+03,
    3.266422993298E+03));
#2020 = CARTESIAN_POINT('',(-5.975E+03,1.402671273313E+03,
    3.269617736603E+03));
#2021 = CARTESIAN_POINT('',(-5.975E+03,1.402030524877E+03,
    3.272778747355E+03));
#2022 = CARTESIAN_POINT('',(-5.975E+03,1.401182416747E+03,
    3.275890308841E+03));
#2023 = CARTESIAN_POINT('',(-5.975E+03,1.400133389549E+03,
    3.278937610336E+03));
#2024 = CARTESIAN_POINT('',(-5.975E+03,1.398891748594E+03,
    3.281906765627E+03));
#2025 = CARTESIAN_POINT('',(-5.975E+03,1.396831256517E+03,
    3.28607159304E+03));
#2026 = CARTESIAN_POINT('',(-5.975E+03,1.396158169562E+03,
    3.287340257751E+03));
#2027 = CARTESIAN_POINT('',(-5.975E+03,1.395449453865E+03,
    3.288589787575E+03));
#2028 = CARTESIAN_POINT('',(-5.975E+03,1.394706031123E+03,
    3.289819175784E+03));
#2029 = CARTESIAN_POINT('',(-5.975E+03,1.393928864864E+03,
    3.291027489497E+03));
#2030 = CARTESIAN_POINT('',(-5.975E+03,1.393118955109E+03,
    3.292213866428E+03));
#2031 = CARTESIAN_POINT('',(-5.975E+03,1.392277334255E+03,
    3.293377512362E+03));
#2032 = CARTESIAN_POINT('',(-5.975E+03,1.390021550474E+03,
    3.296326157922E+03));
#2033 = CARTESIAN_POINT('',(-5.975E+03,1.38856090585E+03,
    3.298075632732E+03));
#2034 = CARTESIAN_POINT('',(-5.975E+03,1.387027361552E+03,
    3.299763218941E+03));
#2035 = CARTESIAN_POINT('',(-5.975E+03,1.385425249494E+03,
    3.301386532252E+03));
#2036 = CARTESIAN_POINT('',(-5.975E+03,1.383758946831E+03,
    3.302943654316E+03));
#2037 = CARTESIAN_POINT('',(-5.975E+03,1.382032828124E+03,
    3.304433084927E+03));
#2038 = CARTESIAN_POINT('',(-5.975E+03,1.380251225092E+03,
    3.305853700996E+03));
#2039 = CARTESIAN_POINT('',(-5.975E+03,1.37664541041E+03,
    3.308511628588E+03));
#2040 = CARTESIAN_POINT('',(-5.975E+03,1.374824465808E+03,
    3.309753427988E+03));
#2041 = CARTESIAN_POINT('',(-5.975E+03,1.372959347506E+03,
    3.310929456482E+03));
#2042 = CARTESIAN_POINT('',(-5.975E+03,1.371053742132E+03,
    3.312039350094E+03));
#2043 = CARTESIAN_POINT('',(-5.975E+03,1.369111210865E+03,
    3.313083000537E+03));
#2044 = CARTESIAN_POINT('',(-5.975E+03,1.367135164724E+03,
    3.314060510854E+03));
#2045 = CARTESIAN_POINT('',(-5.975E+03,1.365128839852E+03,
    3.314972151062E+03));
#2046 = CARTESIAN_POINT('',(-5.975E+03,1.359178605433E+03,
    3.317448030397E+03));
#2047 = CARTESIAN_POINT('',(-5.975E+03,1.355162322565E+03,
    3.318834257645E+03));
#2048 = CARTESIAN_POINT('',(-5.975E+03,1.351066524682E+03,
    3.319980824744E+03));
#2049 = CARTESIAN_POINT('',(-5.975E+03,1.346909967206E+03,
    3.320891889785E+03));
#2050 = CARTESIAN_POINT('',(-5.975E+03,1.342710019096E+03,
    3.321571632896E+03));
#2051 = CARTESIAN_POINT('',(-5.975E+03,1.338482531795E+03,
    3.322023487466E+03));
#2052 = CARTESIAN_POINT('',(-5.975E+03,1.334241715762E+03,
    3.32224949799E+03));
#2053 = CARTESIAN_POINT('',(-5.975E+03,1.33E+03,3.32224949799E+03));
#2054 = PCURVE('',#306,#2055);
#2055 = DEFINITIONAL_REPRESENTATION('',(#2056),#2094);
#2056 = B_SPLINE_CURVE_WITH_KNOTS('',8,(#2057,#2058,#2059,#2060,#2061,
    #2062,#2063,#2064,#2065,#2066,#2067,#2068,#2069,#2070,#2071,#2072,
    #2073,#2074,#2075,#2076,#2077,#2078,#2079,#2080,#2081,#2082,#2083,
    #2084,#2085,#2086,#2087,#2088,#2089,#2090,#2091,#2092,#2093),
  .UNSPECIFIED.,.F.,.F.,(9,7,7,7,7,9),(0.,0.240196981176,0.347581623522,
    0.517905156344,0.6826670999,1.),.UNSPECIFIED.);
#2057 = CARTESIAN_POINT('',(-0.657264153246,0.));
#2058 = CARTESIAN_POINT('',(-0.657264153246,3.567975653813E-02));
#2059 = CARTESIAN_POINT('',(-0.65585020379,7.136659010966E-02));
#2060 = CARTESIAN_POINT('',(-0.653021375115,0.106932960897));
#2061 = CARTESIAN_POINT('',(-0.648776896307,0.142263046286));
#2062 = CARTESIAN_POINT('',(-0.643112604052,0.177246233175));
#2063 = CARTESIAN_POINT('',(-0.636020902354,0.211772231196));
#2064 = CARTESIAN_POINT('',(-0.627494068703,0.245727514512));
#2065 = CARTESIAN_POINT('',(-0.61307644696,0.293864680179));
#2066 = CARTESIAN_POINT('',(-0.608334533183,0.308600343715));
#2067 = CARTESIAN_POINT('',(-0.603304509681,0.323189945915));
#2068 = CARTESIAN_POINT('',(-0.597985894087,0.337623883583));
#2069 = CARTESIAN_POINT('',(-0.592378246042,0.351892717251));
#2070 = CARTESIAN_POINT('',(-0.586481217298,0.365987112879));
#2071 = CARTESIAN_POINT('',(-0.580294618657,0.379897802845));
#2072 = CARTESIAN_POINT('',(-0.563546692631,0.415373406731));
#2073 = CARTESIAN_POINT('',(-0.552546343474,0.436646289349));
#2074 = CARTESIAN_POINT('',(-0.540817626575,0.457397431134));
#2075 = CARTESIAN_POINT('',(-0.528361585145,0.477591571511));
#2076 = CARTESIAN_POINT('',(-0.515180745386,0.497194445339));
#2077 = CARTESIAN_POINT('',(-0.501279789232,0.516172521692));
#2078 = CARTESIAN_POINT('',(-0.486666289784,0.534493008339));
#2079 = CARTESIAN_POINT('',(-0.456536803951,0.569179525228));
#2080 = CARTESIAN_POINT('',(-0.441065714123,0.585590042898));
#2081 = CARTESIAN_POINT('',(-0.424947719933,0.601327538889));
#2082 = CARTESIAN_POINT('',(-0.408195403378,0.616364671828));
#2083 = CARTESIAN_POINT('',(-0.39082480552,0.630675100752));
#2084 = CARTESIAN_POINT('',(-0.372855783549,0.644233690818));
#2085 = CARTESIAN_POINT('',(-0.354312367833,0.657016719035));
#2086 = CARTESIAN_POINT('',(-0.298457063856,0.692085986765));
#2087 = CARTESIAN_POINT('',(-0.259679548497,0.712202514436));
#2088 = CARTESIAN_POINT('',(-0.219079754182,0.729207961281));
#2089 = CARTESIAN_POINT('',(-0.176915104028,0.742964968703));
#2090 = CARTESIAN_POINT('',(-0.133518374838,0.753357835698));
#2091 = CARTESIAN_POINT('',(-8.928981197145E-02,0.760309404752));
#2092 = CARTESIAN_POINT('',(-4.464963959992E-02,0.763786496398));
#2093 = CARTESIAN_POINT('',(0.,0.763786496398));
#2094 = ( GEOMETRIC_REPRESENTATION_CONTEXT(2) 
PARAMETRIC_REPRESENTATION_CONTEXT() REPRESENTATION_CONTEXT('2D SPACE',''
  ) );
#2095 = PCURVE('',#704,#2096);
#2096 = DEFINITIONAL_REPRESENTATION('',(#2097),#2135);
#2097 = B_SPLINE_CURVE_WITH_KNOTS('',8,(#2098,#2099,#2100,#2101,#2102,
    #2103,#2104,#2105,#2106,#2107,#2108,#2109,#2110,#2111,#2112,#2113,
    #2114,#2115,#2116,#2117,#2118,#2119,#2120,#2121,#2122,#2123,#2124,
    #2125,#2126,#2127,#2128,#2129,#2130,#2131,#2132,#2133,#2134),
  .UNSPECIFIED.,.F.,.F.,(9,7,7,7,7,9),(0.,0.240196981176,0.347581623522,
    0.517905156344,0.6826670999,1.),.UNSPECIFIED.);
#2098 = CARTESIAN_POINT('',(3.22E+03,-2.828314391493E+03));
#2099 = CARTESIAN_POINT('',(3.223211178088E+03,-2.828314391493E+03));
#2100 = CARTESIAN_POINT('',(3.226422993298E+03,-2.828100067229E+03));
#2101 = CARTESIAN_POINT('',(3.229617736603E+03,-2.827671273313E+03));
#2102 = CARTESIAN_POINT('',(3.232778747355E+03,-2.827030524877E+03));
#2103 = CARTESIAN_POINT('',(3.235890308841E+03,-2.826182416747E+03));
#2104 = CARTESIAN_POINT('',(3.238937610336E+03,-2.825133389549E+03));
#2105 = CARTESIAN_POINT('',(3.241906765627E+03,-2.823891748594E+03));
#2106 = CARTESIAN_POINT('',(3.24607159304E+03,-2.821831256517E+03));
#2107 = CARTESIAN_POINT('',(3.247340257751E+03,-2.821158169562E+03));
#2108 = CARTESIAN_POINT('',(3.248589787575E+03,-2.820449453865E+03));
#2109 = CARTESIAN_POINT('',(3.249819175784E+03,-2.819706031123E+03));
#2110 = CARTESIAN_POINT('',(3.251027489497E+03,-2.818928864864E+03));
#2111 = CARTESIAN_POINT('',(3.252213866428E+03,-2.818118955109E+03));
#2112 = CARTESIAN_POINT('',(3.253377512362E+03,-2.817277334255E+03));
#2113 = CARTESIAN_POINT('',(3.256326157922E+03,-2.815021550474E+03));
#2114 = CARTESIAN_POINT('',(3.258075632732E+03,-2.81356090585E+03));
#2115 = CARTESIAN_POINT('',(3.259763218941E+03,-2.812027361552E+03));
#2116 = CARTESIAN_POINT('',(3.261386532252E+03,-2.810425249494E+03));
#2117 = CARTESIAN_POINT('',(3.262943654316E+03,-2.808758946831E+03));
#2118 = CARTESIAN_POINT('',(3.264433084927E+03,-2.807032828124E+03));
#2119 = CARTESIAN_POINT('',(3.265853700996E+03,-2.805251225092E+03));
#2120 = CARTESIAN_POINT('',(3.268511628588E+03,-2.80164541041E+03));
#2121 = CARTESIAN_POINT('',(3.269753427988E+03,-2.799824465808E+03));
#2122 = CARTESIAN_POINT('',(3.270929456482E+03,-2.797959347506E+03));
#2123 = CARTESIAN_POINT('',(3.272039350094E+03,-2.796053742132E+03));
#2124 = CARTESIAN_POINT('',(3.273083000537E+03,-2.794111210865E+03));
#2125 = CARTESIAN_POINT('',(3.274060510854E+03,-2.792135164724E+03));
#2126 = CARTESIAN_POINT('',(3.274972151062E+03,-2.790128839852E+03));
#2127 = CARTESIAN_POINT('',(3.277448030397E+03,-2.784178605433E+03));
#2128 = CARTESIAN_POINT('',(3.278834257645E+03,-2.780162322565E+03));
#2129 = CARTESIAN_POINT('',(3.279980824744E+03,-2.776066524682E+03));
#2130 = CARTESIAN_POINT('',(3.280891889785E+03,-2.771909967206E+03));
#2131 = CARTESIAN_POINT('',(3.281571632896E+03,-2.767710019096E+03));
#2132 = CARTESIAN_POINT('',(3.282023487466E+03,-2.763482531795E+03));
#2133 = CARTESIAN_POINT('',(3.28224949799E+03,-2.759241715762E+03));
#2134 = CARTESIAN_POINT('',(3.28224949799E+03,-2.755E+03));
#2135 = ( GEOMETRIC_REPRESENTATION_CONTEXT(2) 
PARAMETRIC_REPRESENTATION_CONTEXT() REPRESENTATION_CONTEXT('2D SPACE',''
  ) );
#2136 = ORIENTED_EDGE('',*,*,#2137,.F.);
#2137 = EDGE_CURVE('',#2138,#2013,#2140,.T.);
#2138 = VERTEX_POINT('',#2139);
#2139 = CARTESIAN_POINT('',(-5.899998058893E+03,1.425E+03,3.32E+03));
#2140 = SURFACE_CURVE('',#2141,(#2164,#2190),.PCURVE_S1.);
#2141 = B_SPLINE_CURVE_WITH_KNOTS('',6,(#2142,#2143,#2144,#2145,#2146,
    #2147,#2148,#2149,#2150,#2151,#2152,#2153,#2154,#2155,#2156,#2157,
    #2158,#2159,#2160,#2161,#2162,#2163),.UNSPECIFIED.,.F.,.F.,(7,5,5,5,
    7),(0.,0.250999936093,0.500999936407,0.750999936721,1.),
  .UNSPECIFIED.);
#2142 = CARTESIAN_POINT('',(-5.88E+03,1.427082039325E+03,3.32E+03));
#2143 = CARTESIAN_POINT('',(-5.886379316378E+03,1.427082039325E+03,
    3.32E+03));
#2144 = CARTESIAN_POINT('',(-5.892759011733E+03,1.426579012721E+03,
    3.32E+03));
#2145 = CARTESIAN_POINT('',(-5.899088666913E+03,1.425572850854E+03,
    3.32E+03));
#2146 = CARTESIAN_POINT('',(-5.90531919487E+03,1.4240703803E+03,3.32E+03
    ));
#2147 = CARTESIAN_POINT('',(-5.91140265233E+03,1.422084154248E+03,
    3.32E+03));
#2148 = CARTESIAN_POINT('',(-5.923158943869E+03,1.417192889615E+03,
    3.32E+03));
#2149 = CARTESIAN_POINT('',(-5.928834007391E+03,1.414291255799E+03,
    3.32E+03));
#2150 = CARTESIAN_POINT('',(-5.934271689365E+03,1.410947775939E+03,
    3.32E+03));
#2151 = CARTESIAN_POINT('',(-5.939429784317E+03,1.407187284044E+03,
    3.32E+03));
#2152 = CARTESIAN_POINT('',(-5.944269290114E+03,1.403039391998E+03,
    3.32E+03));
#2153 = CARTESIAN_POINT('',(-5.953240939161E+03,1.394039513318E+03,
    3.32E+03));
#2154 = CARTESIAN_POINT('',(-5.957373607007E+03,1.389187000438E+03,
    3.32E+03));
#2155 = CARTESIAN_POINT('',(-5.961117875738E+03,1.384017117026E+03,
    3.32E+03));
#2156 = CARTESIAN_POINT('',(-5.964444256145E+03,1.378568958051E+03,
    3.32E+03));
#2157 = CARTESIAN_POINT('',(-5.967328046933E+03,1.372884806797E+03,
    3.32E+03));
#2158 = CARTESIAN_POINT('',(-5.972162976769E+03,1.36116019637E+03,
    3.32E+03));
#2159 = CARTESIAN_POINT('',(-5.974118079415E+03,1.355120575852E+03,
    3.32E+03));
#2160 = CARTESIAN_POINT('',(-5.97559680768E+03,1.348937347261E+03,
    3.32E+03));
#2161 = CARTESIAN_POINT('',(-5.976586996657E+03,1.342657340981E+03,
    3.32E+03));
#2162 = CARTESIAN_POINT('',(-5.977082039325E+03,1.336328488391E+03,
    3.32E+03));
#2163 = CARTESIAN_POINT('',(-5.977082039325E+03,1.33E+03,3.32E+03));
#2164 = PCURVE('',#306,#2165);
#2165 = DEFINITIONAL_REPRESENTATION('',(#2166),#2189);
#2166 = B_SPLINE_CURVE_WITH_KNOTS('',6,(#2167,#2168,#2169,#2170,#2171,
    #2172,#2173,#2174,#2175,#2176,#2177,#2178,#2179,#2180,#2181,#2182,
    #2183,#2184,#2185,#2186,#2187,#2188),.UNSPECIFIED.,.F.,.F.,(7,5,5,5,
    7),(0.,0.250999936093,0.500999936407,0.750999936721,1.),
  .UNSPECIFIED.);
#2167 = CARTESIAN_POINT('',(-1.570796326795,0.729727656227));
#2168 = CARTESIAN_POINT('',(-1.505085754353,0.729727656227));
#2169 = CARTESIAN_POINT('',(-1.4393713146,0.729727656227));
#2170 = CARTESIAN_POINT('',(-1.373661387782,0.729727656227));
#2171 = CARTESIAN_POINT('',(-1.307951460964,0.729727656227));
#2172 = CARTESIAN_POINT('',(-1.242237021212,0.729727656227));
#2173 = CARTESIAN_POINT('',(-1.11107765469,0.729727656227));
#2174 = CARTESIAN_POINT('',(-1.045625069027,0.729727656227));
#2175 = CARTESIAN_POINT('',(-0.98017690792,0.729727656227));
#2176 = CARTESIAN_POINT('',(-0.914728746814,0.729727656227));
#2177 = CARTESIAN_POINT('',(-0.84927616115,0.729727656227));
#2178 = CARTESIAN_POINT('',(-0.718378572992,0.729727656227));
#2179 = CARTESIAN_POINT('',(-0.652925987328,0.729727656227));
#2180 = CARTESIAN_POINT('',(-0.587477826221,0.729727656227));
#2181 = CARTESIAN_POINT('',(-0.522029665115,0.729727656227));
#2182 = CARTESIAN_POINT('',(-0.456577079451,0.729727656227));
#2183 = CARTESIAN_POINT('',(-0.325941269985,0.729727656227));
#2184 = CARTESIAN_POINT('',(-0.260750537554,0.729727656227));
#2185 = CARTESIAN_POINT('',(-0.195564142686,0.729727656227));
#2186 = CARTESIAN_POINT('',(-0.130377747818,0.729727656227));
#2187 = CARTESIAN_POINT('',(-6.518701538703E-02,0.729727656227));
#2188 = CARTESIAN_POINT('',(0.,0.729727656227));
#2189 = ( GEOMETRIC_REPRESENTATION_CONTEXT(2) 
PARAMETRIC_REPRESENTATION_CONTEXT() REPRESENTATION_CONTEXT('2D SPACE',''
  ) );
#2190 = PCURVE('',#1083,#2191);
#2191 = DEFINITIONAL_REPRESENTATION('',(#2192),#2215);
#2192 = B_SPLINE_CURVE_WITH_KNOTS('',6,(#2193,#2194,#2195,#2196,#2197,
    #2198,#2199,#2200,#2201,#2202,#2203,#2204,#2205,#2206,#2207,#2208,
    #2209,#2210,#2211,#2212,#2213,#2214),.UNSPECIFIED.,.F.,.F.,(7,5,5,5,
    7),(0.,0.250999936093,0.500999936407,0.750999936721,1.),
  .UNSPECIFIED.);
#2193 = CARTESIAN_POINT('',(95.,2.852082039325E+03));
#2194 = CARTESIAN_POINT('',(88.62068362208,2.852082039325E+03));
#2195 = CARTESIAN_POINT('',(82.240988266701,2.851579012721E+03));
#2196 = CARTESIAN_POINT('',(75.911333087008,2.850572850854E+03));
#2197 = CARTESIAN_POINT('',(69.680805129536,2.8490703803E+03));
#2198 = CARTESIAN_POINT('',(63.59734766987,2.847084154248E+03));
#2199 = CARTESIAN_POINT('',(51.84105613105,2.842192889615E+03));
#2200 = CARTESIAN_POINT('',(46.165992608913,2.839291255799E+03));
#2201 = CARTESIAN_POINT('',(40.728310634735,2.835947775939E+03));
#2202 = CARTESIAN_POINT('',(35.570215682633,2.832187284044E+03));
#2203 = CARTESIAN_POINT('',(30.73070988578,2.828039391998E+03));
#2204 = CARTESIAN_POINT('',(21.759060839161,2.819039513318E+03));
#2205 = CARTESIAN_POINT('',(17.626392993325,2.814187000438E+03));
#2206 = CARTESIAN_POINT('',(13.882124262125,2.809017117026E+03));
#2207 = CARTESIAN_POINT('',(10.555743854841,2.803568958051E+03));
#2208 = CARTESIAN_POINT('',(7.671953066814,2.797884806797E+03));
#2209 = CARTESIAN_POINT('',(2.83702323056,2.78616019637E+03));
#2210 = CARTESIAN_POINT('',(0.881920585313,2.780120575852E+03));
#2211 = CARTESIAN_POINT('',(-0.596807679784,2.773937347261E+03));
#2212 = CARTESIAN_POINT('',(-1.586996656652,2.767657340981E+03));
#2213 = CARTESIAN_POINT('',(-2.082039324993,2.761328488391E+03));
#2214 = CARTESIAN_POINT('',(-2.082039324993,2.755E+03));
#2215 = ( GEOMETRIC_REPRESENTATION_CONTEXT(2) 
PARAMETRIC_REPRESENTATION_CONTEXT() REPRESENTATION_CONTEXT('2D SPACE',''
  ) );
#2216 = ORIENTED_EDGE('',*,*,#2217,.F.);
#2217 = EDGE_CURVE('',#1860,#2138,#2218,.T.);
#2218 = SURFACE_CURVE('',#2219,(#2257,#2298),.PCURVE_S1.);
#2219 = B_SPLINE_CURVE_WITH_KNOTS('',8,(#2220,#2221,#2222,#2223,#2224,
    #2225,#2226,#2227,#2228,#2229,#2230,#2231,#2232,#2233,#2234,#2235,
    #2236,#2237,#2238,#2239,#2240,#2241,#2242,#2243,#2244,#2245,#2246,
    #2247,#2248,#2249,#2250,#2251,#2252,#2253,#2254,#2255,#2256),
  .UNSPECIFIED.,.F.,.F.,(9,7,7,7,7,9),(0.,0.240196981182,0.347581623529,
    0.517905156352,0.682667099906,1.),.UNSPECIFIED.);
#2220 = CARTESIAN_POINT('',(-5.953314391493E+03,1.425E+03,3.26E+03));
#2221 = CARTESIAN_POINT('',(-5.953314391493E+03,1.425E+03,
    3.263211178089E+03));
#2222 = CARTESIAN_POINT('',(-5.953100067229E+03,1.425E+03,
    3.266422993298E+03));
#2223 = CARTESIAN_POINT('',(-5.952671273313E+03,1.425E+03,
    3.269617736604E+03));
#2224 = CARTESIAN_POINT('',(-5.952030524877E+03,1.425E+03,
    3.272778747356E+03));
#2225 = CARTESIAN_POINT('',(-5.951182416747E+03,1.425E+03,
    3.275890308842E+03));
#2226 = CARTESIAN_POINT('',(-5.950133389549E+03,1.425E+03,
    3.278937610337E+03));
#2227 = CARTESIAN_POINT('',(-5.948891748594E+03,1.425E+03,
    3.281906765628E+03));
#2228 = CARTESIAN_POINT('',(-5.946831256516E+03,1.425E+03,
    3.286071593041E+03));
#2229 = CARTESIAN_POINT('',(-5.946158169562E+03,1.425E+03,
    3.287340257751E+03));
#2230 = CARTESIAN_POINT('',(-5.945449453864E+03,1.425E+03,
    3.288589787576E+03));
#2231 = CARTESIAN_POINT('',(-5.944706031123E+03,1.425E+03,
    3.289819175785E+03));
#2232 = CARTESIAN_POINT('',(-5.943928864864E+03,1.425E+03,
    3.291027489498E+03));
#2233 = CARTESIAN_POINT('',(-5.943118955108E+03,1.425E+03,
    3.292213866429E+03));
#2234 = CARTESIAN_POINT('',(-5.942277334255E+03,1.425E+03,
    3.293377512363E+03));
#2235 = CARTESIAN_POINT('',(-5.940021550474E+03,1.425E+03,
    3.296326157923E+03));
#2236 = CARTESIAN_POINT('',(-5.938560905849E+03,1.425E+03,
    3.298075632732E+03));
#2237 = CARTESIAN_POINT('',(-5.937027361551E+03,1.425E+03,
    3.299763218942E+03));
#2238 = CARTESIAN_POINT('',(-5.935425249493E+03,1.425E+03,
    3.301386532253E+03));
#2239 = CARTESIAN_POINT('',(-5.933758946831E+03,1.425E+03,
    3.302943654316E+03));
#2240 = CARTESIAN_POINT('',(-5.932032828123E+03,1.425E+03,
    3.304433084928E+03));
#2241 = CARTESIAN_POINT('',(-5.930251225091E+03,1.425E+03,
    3.305853700997E+03));
#2242 = CARTESIAN_POINT('',(-5.92664541041E+03,1.425E+03,
    3.308511628588E+03));
#2243 = CARTESIAN_POINT('',(-5.924824465807E+03,1.425E+03,
    3.309753427989E+03));
#2244 = CARTESIAN_POINT('',(-5.922959347506E+03,1.425E+03,
    3.310929456483E+03));
#2245 = CARTESIAN_POINT('',(-5.921053742131E+03,1.425E+03,
    3.312039350095E+03));
#2246 = CARTESIAN_POINT('',(-5.919111210864E+03,1.425E+03,
    3.313083000537E+03));
#2247 = CARTESIAN_POINT('',(-5.917135164723E+03,1.425E+03,
    3.314060510854E+03));
#2248 = CARTESIAN_POINT('',(-5.915128839852E+03,1.425E+03,
    3.314972151062E+03));
#2249 = CARTESIAN_POINT('',(-5.909178605432E+03,1.425E+03,
    3.317448030397E+03));
#2250 = CARTESIAN_POINT('',(-5.905162322564E+03,1.425E+03,
    3.318834257645E+03));
#2251 = CARTESIAN_POINT('',(-5.901066524681E+03,1.425E+03,
    3.319980824744E+03));
#2252 = CARTESIAN_POINT('',(-5.896909967206E+03,1.425E+03,
    3.320891889785E+03));
#2253 = CARTESIAN_POINT('',(-5.892710019095E+03,1.425E+03,
    3.321571632896E+03));
#2254 = CARTESIAN_POINT('',(-5.888482531795E+03,1.425E+03,
    3.322023487466E+03));
#2255 = CARTESIAN_POINT('',(-5.884241715762E+03,1.425E+03,
    3.32224949799E+03));
#2256 = CARTESIAN_POINT('',(-5.88E+03,1.425E+03,3.32224949799E+03));
#2257 = PCURVE('',#306,#2258);
#2258 = DEFINITIONAL_REPRESENTATION('',(#2259),#2297);
#2259 = B_SPLINE_CURVE_WITH_KNOTS('',8,(#2260,#2261,#2262,#2263,#2264,
    #2265,#2266,#2267,#2268,#2269,#2270,#2271,#2272,#2273,#2274,#2275,
    #2276,#2277,#2278,#2279,#2280,#2281,#2282,#2283,#2284,#2285,#2286,
    #2287,#2288,#2289,#2290,#2291,#2292,#2293,#2294,#2295,#2296),
  .UNSPECIFIED.,.F.,.F.,(9,7,7,7,7,9),(0.,0.240196981182,0.347581623529,
    0.517905156352,0.682667099906,1.),.UNSPECIFIED.);
#2260 = CARTESIAN_POINT('',(-0.913532173549,0.));
#2261 = CARTESIAN_POINT('',(-0.913532173549,3.567975653916E-02));
#2262 = CARTESIAN_POINT('',(-0.914946123005,7.136659011169E-02));
#2263 = CARTESIAN_POINT('',(-0.91777495168,0.1069329609));
#2264 = CARTESIAN_POINT('',(-0.922019430489,0.14226304629));
#2265 = CARTESIAN_POINT('',(-0.927683722744,0.17724623318));
#2266 = CARTESIAN_POINT('',(-0.934775424442,0.211772231202));
#2267 = CARTESIAN_POINT('',(-0.943302258094,0.245727514518));
#2268 = CARTESIAN_POINT('',(-0.957719879837,0.293864680187));
#2269 = CARTESIAN_POINT('',(-0.962461793614,0.308600343722));
#2270 = CARTESIAN_POINT('',(-0.967491817116,0.323189945923));
#2271 = CARTESIAN_POINT('',(-0.972810432711,0.337623883591));
#2272 = CARTESIAN_POINT('',(-0.978418080755,0.351892717259));
#2273 = CARTESIAN_POINT('',(-0.9843151095,0.365987112887));
#2274 = CARTESIAN_POINT('',(-0.990501708142,0.379897802852));
#2275 = CARTESIAN_POINT('',(-1.007249634168,0.415373406739));
#2276 = CARTESIAN_POINT('',(-1.018249983325,0.436646289356));
#2277 = CARTESIAN_POINT('',(-1.029978700225,0.457397431142));
#2278 = CARTESIAN_POINT('',(-1.042434741655,0.477591571519));
#2279 = CARTESIAN_POINT('',(-1.055615581415,0.497194445347));
#2280 = CARTESIAN_POINT('',(-1.069516537568,0.5161725217));
#2281 = CARTESIAN_POINT('',(-1.084130037017,0.534493008347));
#2282 = CARTESIAN_POINT('',(-1.114259522851,0.569179525236));
#2283 = CARTESIAN_POINT('',(-1.129730612679,0.585590042905));
#2284 = CARTESIAN_POINT('',(-1.145848606869,0.601327538895));
#2285 = CARTESIAN_POINT('',(-1.162600923424,0.616364671835));
#2286 = CARTESIAN_POINT('',(-1.179971521282,0.630675100757));
#2287 = CARTESIAN_POINT('',(-1.197940543254,0.644233690823));
#2288 = CARTESIAN_POINT('',(-1.216483958969,0.65701671904));
#2289 = CARTESIAN_POINT('',(-1.272339262947,0.692085986769));
#2290 = CARTESIAN_POINT('',(-1.311116778302,0.712202514438));
#2291 = CARTESIAN_POINT('',(-1.351716572621,0.729207961284));
#2292 = CARTESIAN_POINT('',(-1.393881222768,0.742964968702));
#2293 = CARTESIAN_POINT('',(-1.437277951963,0.753357835699));
#2294 = CARTESIAN_POINT('',(-1.481506514825,0.760309404752));
#2295 = CARTESIAN_POINT('',(-1.526146687196,0.763786496398));
#2296 = CARTESIAN_POINT('',(-1.570796326795,0.763786496398));
#2297 = ( GEOMETRIC_REPRESENTATION_CONTEXT(2) 
PARAMETRIC_REPRESENTATION_CONTEXT() REPRESENTATION_CONTEXT('2D SPACE',''
  ) );
#2298 = PCURVE('',#2299,#2304);
#2299 = PLANE('',#2300);
#2300 = AXIS2_PLACEMENT_3D('',#2301,#2302,#2303);
#2301 = CARTESIAN_POINT('',(-5.975E+03,1.425E+03,40.));
#2302 = DIRECTION('',(0.,1.,0.));
#2303 = DIRECTION('',(0.,0.,1.));
#2304 = DEFINITIONAL_REPRESENTATION('',(#2305),#2343);
#2305 = B_SPLINE_CURVE_WITH_KNOTS('',8,(#2306,#2307,#2308,#2309,#2310,
    #2311,#2312,#2313,#2314,#2315,#2316,#2317,#2318,#2319,#2320,#2321,
    #2322,#2323,#2324,#2325,#2326,#2327,#2328,#2329,#2330,#2331,#2332,
    #2333,#2334,#2335,#2336,#2337,#2338,#2339,#2340,#2341,#2342),
  .UNSPECIFIED.,.F.,.F.,(9,7,7,7,7,9),(0.,0.240196981182,0.347581623529,
    0.517905156352,0.682667099906,1.),.UNSPECIFIED.);
#2306 = CARTESIAN_POINT('',(3.22E+03,21.685608506924));
#2307 = CARTESIAN_POINT('',(3.223211178089E+03,21.685608506924));
#2308 = CARTESIAN_POINT('',(3.226422993298E+03,21.899932771334));
#2309 = CARTESIAN_POINT('',(3.229617736604E+03,22.328726686658));
#2310 = CARTESIAN_POINT('',(3.232778747356E+03,22.969475122846));
#2311 = CARTESIAN_POINT('',(3.235890308842E+03,23.817583253437));
#2312 = CARTESIAN_POINT('',(3.238937610337E+03,24.866610451385));
#2313 = CARTESIAN_POINT('',(3.241906765628E+03,26.108251406129));
#2314 = CARTESIAN_POINT('',(3.246071593041E+03,28.168743483726));
#2315 = CARTESIAN_POINT('',(3.247340257751E+03,28.84183043802));
#2316 = CARTESIAN_POINT('',(3.248589787576E+03,29.550546135854));
#2317 = CARTESIAN_POINT('',(3.249819175785E+03,30.293968877274));
#2318 = CARTESIAN_POINT('',(3.251027489498E+03,31.071135136492));
#2319 = CARTESIAN_POINT('',(3.252213866429E+03,31.881044891738));
#2320 = CARTESIAN_POINT('',(3.253377512363E+03,32.722665745321));
#2321 = CARTESIAN_POINT('',(3.256326157923E+03,34.978449526494));
#2322 = CARTESIAN_POINT('',(3.258075632732E+03,36.43909415083));
#2323 = CARTESIAN_POINT('',(3.259763218942E+03,37.972638449074));
#2324 = CARTESIAN_POINT('',(3.261386532253E+03,39.574750506563));
#2325 = CARTESIAN_POINT('',(3.262943654316E+03,41.241053169377));
#2326 = CARTESIAN_POINT('',(3.264433084928E+03,42.967171876796));
#2327 = CARTESIAN_POINT('',(3.265853700997E+03,44.748774908656));
#2328 = CARTESIAN_POINT('',(3.268511628588E+03,48.354589590441));
#2329 = CARTESIAN_POINT('',(3.269753427989E+03,50.175534192734));
#2330 = CARTESIAN_POINT('',(3.270929456483E+03,52.040652494395));
#2331 = CARTESIAN_POINT('',(3.272039350095E+03,53.946257868599));
#2332 = CARTESIAN_POINT('',(3.273083000537E+03,55.888789135653));
#2333 = CARTESIAN_POINT('',(3.274060510854E+03,57.864835276876));
#2334 = CARTESIAN_POINT('',(3.274972151062E+03,59.871160148484));
#2335 = CARTESIAN_POINT('',(3.277448030397E+03,65.821394568016));
#2336 = CARTESIAN_POINT('',(3.278834257645E+03,69.837677435807));
#2337 = CARTESIAN_POINT('',(3.279980824744E+03,73.933475318754));
#2338 = CARTESIAN_POINT('',(3.280891889785E+03,78.090032793709));
#2339 = CARTESIAN_POINT('',(3.281571632896E+03,82.289980904766));
#2340 = CARTESIAN_POINT('',(3.282023487466E+03,86.517468205132));
#2341 = CARTESIAN_POINT('',(3.28224949799E+03,90.758284238143));
#2342 = CARTESIAN_POINT('',(3.28224949799E+03,95.));
#2343 = ( GEOMETRIC_REPRESENTATION_CONTEXT(2) 
PARAMETRIC_REPRESENTATION_CONTEXT() REPRESENTATION_CONTEXT('2D SPACE',''
  ) );
#2344 = ADVANCED_FACE('',(#2345,#2393,#2507,#2621,#2735),#470,.T.);
#2345 = FACE_BOUND('',#2346,.T.);
#2346 = EDGE_LOOP('',(#2347,#2348,#2371,#2392));
#2347 = ORIENTED_EDGE('',*,*,#513,.T.);
#2348 = ORIENTED_EDGE('',*,*,#2349,.T.);
#2349 = EDGE_CURVE('',#514,#2350,#2352,.T.);
#2350 = VERTEX_POINT('',#2351);
#2351 = CARTESIAN_POINT('',(5.88E+03,1.45E+03,3.26E+03));
#2352 = SURFACE_CURVE('',#2353,(#2357,#2364),.PCURVE_S1.);
#2353 = LINE('',#2354,#2355);
#2354 = CARTESIAN_POINT('',(-5.88E+03,1.45E+03,3.26E+03));
#2355 = VECTOR('',#2356,1.);
#2356 = DIRECTION('',(1.,0.,0.));
#2357 = PCURVE('',#470,#2358);
#2358 = DEFINITIONAL_REPRESENTATION('',(#2359),#2363);
#2359 = LINE('',#2360,#2361);
#2360 = CARTESIAN_POINT('',(3.26E+03,120.));
#2361 = VECTOR('',#2362,1.);
#2362 = DIRECTION('',(0.,1.));
#2363 = ( GEOMETRIC_REPRESENTATION_CONTEXT(2) 
PARAMETRIC_REPRESENTATION_CONTEXT() REPRESENTATION_CONTEXT('2D SPACE',''
  ) );
#2364 = PCURVE('',#1793,#2365);
#2365 = DEFINITIONAL_REPRESENTATION('',(#2366),#2370);
#2366 = LINE('',#2367,#2368);
#2367 = CARTESIAN_POINT('',(0.,0.));
#2368 = VECTOR('',#2369,1.);
#2369 = DIRECTION('',(0.,1.));
#2370 = ( GEOMETRIC_REPRESENTATION_CONTEXT(2) 
PARAMETRIC_REPRESENTATION_CONTEXT() REPRESENTATION_CONTEXT('2D SPACE',''
  ) );
#2371 = ORIENTED_EDGE('',*,*,#2372,.F.);
#2372 = EDGE_CURVE('',#426,#2350,#2373,.T.);
#2373 = SURFACE_CURVE('',#2374,(#2378,#2385),.PCURVE_S1.);
#2374 = LINE('',#2375,#2376);
#2375 = CARTESIAN_POINT('',(5.88E+03,1.45E+03,0.));
#2376 = VECTOR('',#2377,1.);
#2377 = DIRECTION('',(0.,0.,1.));
#2378 = PCURVE('',#470,#2379);
#2379 = DEFINITIONAL_REPRESENTATION('',(#2380),#2384);
#2380 = LINE('',#2381,#2382);
#2381 = CARTESIAN_POINT('',(0.,1.188E+04));
#2382 = VECTOR('',#2383,1.);
#2383 = DIRECTION('',(1.,0.));
#2384 = ( GEOMETRIC_REPRESENTATION_CONTEXT(2) 
PARAMETRIC_REPRESENTATION_CONTEXT() REPRESENTATION_CONTEXT('2D SPACE',''
  ) );
#2385 = PCURVE('',#442,#2386);
#2386 = DEFINITIONAL_REPRESENTATION('',(#2387),#2391);
#2387 = LINE('',#2388,#2389);
#2388 = CARTESIAN_POINT('',(1.570796326795,0.));
#2389 = VECTOR('',#2390,1.);
#2390 = DIRECTION('',(0.,1.));
#2391 = ( GEOMETRIC_REPRESENTATION_CONTEXT(2) 
PARAMETRIC_REPRESENTATION_CONTEXT() REPRESENTATION_CONTEXT('2D SPACE',''
  ) );
#2392 = ORIENTED_EDGE('',*,*,#454,.F.);
#2393 = FACE_BOUND('',#2394,.T.);
#2394 = EDGE_LOOP('',(#2395,#2425,#2453,#2481));
#2395 = ORIENTED_EDGE('',*,*,#2396,.F.);
#2396 = EDGE_CURVE('',#2397,#2399,#2401,.T.);
#2397 = VERTEX_POINT('',#2398);
#2398 = CARTESIAN_POINT('',(-2.99E+03,1.45E+03,590.));
#2399 = VERTEX_POINT('',#2400);
#2400 = CARTESIAN_POINT('',(-2.61E+03,1.45E+03,590.));
#2401 = SURFACE_CURVE('',#2402,(#2406,#2413),.PCURVE_S1.);
#2402 = LINE('',#2403,#2404);
#2403 = CARTESIAN_POINT('',(-2.99E+03,1.45E+03,590.));
#2404 = VECTOR('',#2405,1.);
#2405 = DIRECTION('',(1.,0.,0.));
#2406 = PCURVE('',#470,#2407);
#2407 = DEFINITIONAL_REPRESENTATION('',(#2408),#2412);
#2408 = LINE('',#2409,#2410);
#2409 = CARTESIAN_POINT('',(590.,3.01E+03));
#2410 = VECTOR('',#2411,1.);
#2411 = DIRECTION('',(0.,1.));
#2412 = ( GEOMETRIC_REPRESENTATION_CONTEXT(2) 
PARAMETRIC_REPRESENTATION_CONTEXT() REPRESENTATION_CONTEXT('2D SPACE',''
  ) );
#2413 = PCURVE('',#2414,#2419);
#2414 = PLANE('',#2415);
#2415 = AXIS2_PLACEMENT_3D('',#2416,#2417,#2418);
#2416 = CARTESIAN_POINT('',(-2.99E+03,1.38E+03,590.));
#2417 = DIRECTION('',(0.,0.,1.));
#2418 = DIRECTION('',(1.,0.,0.));
#2419 = DEFINITIONAL_REPRESENTATION('',(#2420),#2424);
#2420 = LINE('',#2421,#2422);
#2421 = CARTESIAN_POINT('',(0.,70.));
#2422 = VECTOR('',#2423,1.);
#2423 = DIRECTION('',(1.,0.));
#2424 = ( GEOMETRIC_REPRESENTATION_CONTEXT(2) 
PARAMETRIC_REPRESENTATION_CONTEXT() REPRESENTATION_CONTEXT('2D SPACE',''
  ) );
#2425 = ORIENTED_EDGE('',*,*,#2426,.F.);
#2426 = EDGE_CURVE('',#2427,#2397,#2429,.T.);
#2427 = VERTEX_POINT('',#2428);
#2428 = CARTESIAN_POINT('',(-2.99E+03,1.45E+03,450.));
#2429 = SURFACE_CURVE('',#2430,(#2434,#2441),.PCURVE_S1.);
#2430 = LINE('',#2431,#2432);
#2431 = CARTESIAN_POINT('',(-2.99E+03,1.45E+03,450.));
#2432 = VECTOR('',#2433,1.);
#2433 = DIRECTION('',(0.,0.,1.));
#2434 = PCURVE('',#470,#2435);
#2435 = DEFINITIONAL_REPRESENTATION('',(#2436),#2440);
#2436 = LINE('',#2437,#2438);
#2437 = CARTESIAN_POINT('',(450.,3.01E+03));
#2438 = VECTOR('',#2439,1.);
#2439 = DIRECTION('',(1.,0.));
#2440 = ( GEOMETRIC_REPRESENTATION_CONTEXT(2) 
PARAMETRIC_REPRESENTATION_CONTEXT() REPRESENTATION_CONTEXT('2D SPACE',''
  ) );
#2441 = PCURVE('',#2442,#2447);
#2442 = PLANE('',#2443);
#2443 = AXIS2_PLACEMENT_3D('',#2444,#2445,#2446);
#2444 = CARTESIAN_POINT('',(-2.99E+03,1.38E+03,450.));
#2445 = DIRECTION('',(1.,0.,0.));
#2446 = DIRECTION('',(0.,0.,1.));
#2447 = DEFINITIONAL_REPRESENTATION('',(#2448),#2452);
#2448 = LINE('',#2449,#2450);
#2449 = CARTESIAN_POINT('',(0.,-70.));
#2450 = VECTOR('',#2451,1.);
#2451 = DIRECTION('',(1.,0.));
#2452 = ( GEOMETRIC_REPRESENTATION_CONTEXT(2) 
PARAMETRIC_REPRESENTATION_CONTEXT() REPRESENTATION_CONTEXT('2D SPACE',''
  ) );
#2453 = ORIENTED_EDGE('',*,*,#2454,.T.);
#2454 = EDGE_CURVE('',#2427,#2455,#2457,.T.);
#2455 = VERTEX_POINT('',#2456);
#2456 = CARTESIAN_POINT('',(-2.61E+03,1.45E+03,450.));
#2457 = SURFACE_CURVE('',#2458,(#2462,#2469),.PCURVE_S1.);
#2458 = LINE('',#2459,#2460);
#2459 = CARTESIAN_POINT('',(-2.99E+03,1.45E+03,450.));
#2460 = VECTOR('',#2461,1.);
#2461 = DIRECTION('',(1.,0.,0.));
#2462 = PCURVE('',#470,#2463);
#2463 = DEFINITIONAL_REPRESENTATION('',(#2464),#2468);
#2464 = LINE('',#2465,#2466);
#2465 = CARTESIAN_POINT('',(450.,3.01E+03));
#2466 = VECTOR('',#2467,1.);
#2467 = DIRECTION('',(0.,1.));
#2468 = ( GEOMETRIC_REPRESENTATION_CONTEXT(2) 
PARAMETRIC_REPRESENTATION_CONTEXT() REPRESENTATION_CONTEXT('2D SPACE',''
  ) );
#2469 = PCURVE('',#2470,#2475);
#2470 = PLANE('',#2471);
#2471 = AXIS2_PLACEMENT_3D('',#2472,#2473,#2474);
#2472 = CARTESIAN_POINT('',(-2.99E+03,1.38E+03,450.));
#2473 = DIRECTION('',(0.,0.,1.));
#2474 = DIRECTION('',(1.,0.,0.));
#2475 = DEFINITIONAL_REPRESENTATION('',(#2476),#2480);
#2476 = LINE('',#2477,#2478);
#2477 = CARTESIAN_POINT('',(0.,70.));
#2478 = VECTOR('',#2479,1.);
#2479 = DIRECTION('',(1.,0.));
#2480 = ( GEOMETRIC_REPRESENTATION_CONTEXT(2) 
PARAMETRIC_REPRESENTATION_CONTEXT() REPRESENTATION_CONTEXT('2D SPACE',''
  ) );
#2481 = ORIENTED_EDGE('',*,*,#2482,.T.);
#2482 = EDGE_CURVE('',#2455,#2399,#2483,.T.);
#2483 = SURFACE_CURVE('',#2484,(#2488,#2495),.PCURVE_S1.);
#2484 = LINE('',#2485,#2486);
#2485 = CARTESIAN_POINT('',(-2.61E+03,1.45E+03,450.));
#2486 = VECTOR('',#2487,1.);
#2487 = DIRECTION('',(0.,0.,1.));
#2488 = PCURVE('',#470,#2489);
#2489 = DEFINITIONAL_REPRESENTATION('',(#2490),#2494);
#2490 = LINE('',#2491,#2492);
#2491 = CARTESIAN_POINT('',(450.,3.39E+03));
#2492 = VECTOR('',#2493,1.);
#2493 = DIRECTION('',(1.,0.));
#2494 = ( GEOMETRIC_REPRESENTATION_CONTEXT(2) 
PARAMETRIC_REPRESENTATION_CONTEXT() REPRESENTATION_CONTEXT('2D SPACE',''
  ) );
#2495 = PCURVE('',#2496,#2501);
#2496 = PLANE('',#2497);
#2497 = AXIS2_PLACEMENT_3D('',#2498,#2499,#2500);
#2498 = CARTESIAN_POINT('',(-2.61E+03,1.38E+03,450.));
#2499 = DIRECTION('',(1.,0.,0.));
#2500 = DIRECTION('',(0.,0.,1.));
#2501 = DEFINITIONAL_REPRESENTATION('',(#2502),#2506);
#2502 = LINE('',#2503,#2504);
#2503 = CARTESIAN_POINT('',(0.,-70.));
#2504 = VECTOR('',#2505,1.);
#2505 = DIRECTION('',(1.,0.));
#2506 = ( GEOMETRIC_REPRESENTATION_CONTEXT(2) 
PARAMETRIC_REPRESENTATION_CONTEXT() REPRESENTATION_CONTEXT('2D SPACE',''
  ) );
#2507 = FACE_BOUND('',#2508,.T.);
#2508 = EDGE_LOOP('',(#2509,#2539,#2567,#2595));
#2509 = ORIENTED_EDGE('',*,*,#2510,.F.);
#2510 = EDGE_CURVE('',#2511,#2513,#2515,.T.);
#2511 = VERTEX_POINT('',#2512);
#2512 = CARTESIAN_POINT('',(-1.89E+03,1.45E+03,590.));
#2513 = VERTEX_POINT('',#2514);
#2514 = CARTESIAN_POINT('',(-1.51E+03,1.45E+03,590.));
#2515 = SURFACE_CURVE('',#2516,(#2520,#2527),.PCURVE_S1.);
#2516 = LINE('',#2517,#2518);
#2517 = CARTESIAN_POINT('',(-1.89E+03,1.45E+03,590.));
#2518 = VECTOR('',#2519,1.);
#2519 = DIRECTION('',(1.,0.,0.));
#2520 = PCURVE('',#470,#2521);
#2521 = DEFINITIONAL_REPRESENTATION('',(#2522),#2526);
#2522 = LINE('',#2523,#2524);
#2523 = CARTESIAN_POINT('',(590.,4.11E+03));
#2524 = VECTOR('',#2525,1.);
#2525 = DIRECTION('',(0.,1.));
#2526 = ( GEOMETRIC_REPRESENTATION_CONTEXT(2) 
PARAMETRIC_REPRESENTATION_CONTEXT() REPRESENTATION_CONTEXT('2D SPACE',''
  ) );
#2527 = PCURVE('',#2528,#2533);
#2528 = PLANE('',#2529);
#2529 = AXIS2_PLACEMENT_3D('',#2530,#2531,#2532);
#2530 = CARTESIAN_POINT('',(-1.89E+03,1.38E+03,590.));
#2531 = DIRECTION('',(0.,0.,1.));
#2532 = DIRECTION('',(1.,0.,0.));
#2533 = DEFINITIONAL_REPRESENTATION('',(#2534),#2538);
#2534 = LINE('',#2535,#2536);
#2535 = CARTESIAN_POINT('',(0.,70.));
#2536 = VECTOR('',#2537,1.);
#2537 = DIRECTION('',(1.,0.));
#2538 = ( GEOMETRIC_REPRESENTATION_CONTEXT(2) 
PARAMETRIC_REPRESENTATION_CONTEXT() REPRESENTATION_CONTEXT('2D SPACE',''
  ) );
#2539 = ORIENTED_EDGE('',*,*,#2540,.F.);
#2540 = EDGE_CURVE('',#2541,#2511,#2543,.T.);
#2541 = VERTEX_POINT('',#2542);
#2542 = CARTESIAN_POINT('',(-1.89E+03,1.45E+03,450.));
#2543 = SURFACE_CURVE('',#2544,(#2548,#2555),.PCURVE_S1.);
#2544 = LINE('',#2545,#2546);
#2545 = CARTESIAN_POINT('',(-1.89E+03,1.45E+03,450.));
#2546 = VECTOR('',#2547,1.);
#2547 = DIRECTION('',(0.,0.,1.));
#2548 = PCURVE('',#470,#2549);
#2549 = DEFINITIONAL_REPRESENTATION('',(#2550),#2554);
#2550 = LINE('',#2551,#2552);
#2551 = CARTESIAN_POINT('',(450.,4.11E+03));
#2552 = VECTOR('',#2553,1.);
#2553 = DIRECTION('',(1.,0.));
#2554 = ( GEOMETRIC_REPRESENTATION_CONTEXT(2) 
PARAMETRIC_REPRESENTATION_CONTEXT() REPRESENTATION_CONTEXT('2D SPACE',''
  ) );
#2555 = PCURVE('',#2556,#2561);
#2556 = PLANE('',#2557);
#2557 = AXIS2_PLACEMENT_3D('',#2558,#2559,#2560);
#2558 = CARTESIAN_POINT('',(-1.89E+03,1.38E+03,450.));
#2559 = DIRECTION('',(1.,0.,0.));
#2560 = DIRECTION('',(0.,0.,1.));
#2561 = DEFINITIONAL_REPRESENTATION('',(#2562),#2566);
#2562 = LINE('',#2563,#2564);
#2563 = CARTESIAN_POINT('',(0.,-70.));
#2564 = VECTOR('',#2565,1.);
#2565 = DIRECTION('',(1.,0.));
#2566 = ( GEOMETRIC_REPRESENTATION_CONTEXT(2) 
PARAMETRIC_REPRESENTATION_CONTEXT() REPRESENTATION_CONTEXT('2D SPACE',''
  ) );
#2567 = ORIENTED_EDGE('',*,*,#2568,.T.);
#2568 = EDGE_CURVE('',#2541,#2569,#2571,.T.);
#2569 = VERTEX_POINT('',#2570);
#2570 = CARTESIAN_POINT('',(-1.51E+03,1.45E+03,450.));
#2571 = SURFACE_CURVE('',#2572,(#2576,#2583),.PCURVE_S1.);
#2572 = LINE('',#2573,#2574);
#2573 = CARTESIAN_POINT('',(-1.89E+03,1.45E+03,450.));
#2574 = VECTOR('',#2575,1.);
#2575 = DIRECTION('',(1.,0.,0.));
#2576 = PCURVE('',#470,#2577);
#2577 = DEFINITIONAL_REPRESENTATION('',(#2578),#2582);
#2578 = LINE('',#2579,#2580);
#2579 = CARTESIAN_POINT('',(450.,4.11E+03));
#2580 = VECTOR('',#2581,1.);
#2581 = DIRECTION('',(0.,1.));
#2582 = ( GEOMETRIC_REPRESENTATION_CONTEXT(2) 
PARAMETRIC_REPRESENTATION_CONTEXT() REPRESENTATION_CONTEXT('2D SPACE',''
  ) );
#2583 = PCURVE('',#2584,#2589);
#2584 = PLANE('',#2585);
#2585 = AXIS2_PLACEMENT_3D('',#2586,#2587,#2588);
#2586 = CARTESIAN_POINT('',(-1.89E+03,1.38E+03,450.));
#2587 = DIRECTION('',(0.,0.,1.));
#2588 = DIRECTION('',(1.,0.,0.));
#2589 = DEFINITIONAL_REPRESENTATION('',(#2590),#2594);
#2590 = LINE('',#2591,#2592);
#2591 = CARTESIAN_POINT('',(0.,70.));
#2592 = VECTOR('',#2593,1.);
#2593 = DIRECTION('',(1.,0.));
#2594 = ( GEOMETRIC_REPRESENTATION_CONTEXT(2) 
PARAMETRIC_REPRESENTATION_CONTEXT() REPRESENTATION_CONTEXT('2D SPACE',''
  ) );
#2595 = ORIENTED_EDGE('',*,*,#2596,.T.);
#2596 = EDGE_CURVE('',#2569,#2513,#2597,.T.);
#2597 = SURFACE_CURVE('',#2598,(#2602,#2609),.PCURVE_S1.);
#2598 = LINE('',#2599,#2600);
#2599 = CARTESIAN_POINT('',(-1.51E+03,1.45E+03,450.));
#2600 = VECTOR('',#2601,1.);
#2601 = DIRECTION('',(0.,0.,1.));
#2602 = PCURVE('',#470,#2603);
#2603 = DEFINITIONAL_REPRESENTATION('',(#2604),#2608);
#2604 = LINE('',#2605,#2606);
#2605 = CARTESIAN_POINT('',(450.,4.49E+03));
#2606 = VECTOR('',#2607,1.);
#2607 = DIRECTION('',(1.,0.));
#2608 = ( GEOMETRIC_REPRESENTATION_CONTEXT(2) 
PARAMETRIC_REPRESENTATION_CONTEXT() REPRESENTATION_CONTEXT('2D SPACE',''
  ) );
#2609 = PCURVE('',#2610,#2615);
#2610 = PLANE('',#2611);
#2611 = AXIS2_PLACEMENT_3D('',#2612,#2613,#2614);
#2612 = CARTESIAN_POINT('',(-1.51E+03,1.38E+03,450.));
#2613 = DIRECTION('',(1.,0.,0.));
#2614 = DIRECTION('',(0.,0.,1.));
#2615 = DEFINITIONAL_REPRESENTATION('',(#2616),#2620);
#2616 = LINE('',#2617,#2618);
#2617 = CARTESIAN_POINT('',(0.,-70.));
#2618 = VECTOR('',#2619,1.);
#2619 = DIRECTION('',(1.,0.));
#2620 = ( GEOMETRIC_REPRESENTATION_CONTEXT(2) 
PARAMETRIC_REPRESENTATION_CONTEXT() REPRESENTATION_CONTEXT('2D SPACE',''
  ) );
#2621 = FACE_BOUND('',#2622,.T.);
#2622 = EDGE_LOOP('',(#2623,#2653,#2681,#2709));
#2623 = ORIENTED_EDGE('',*,*,#2624,.F.);
#2624 = EDGE_CURVE('',#2625,#2627,#2629,.T.);
#2625 = VERTEX_POINT('',#2626);
#2626 = CARTESIAN_POINT('',(1.51E+03,1.45E+03,590.));
#2627 = VERTEX_POINT('',#2628);
#2628 = CARTESIAN_POINT('',(1.89E+03,1.45E+03,590.));
#2629 = SURFACE_CURVE('',#2630,(#2634,#2641),.PCURVE_S1.);
#2630 = LINE('',#2631,#2632);
#2631 = CARTESIAN_POINT('',(1.51E+03,1.45E+03,590.));
#2632 = VECTOR('',#2633,1.);
#2633 = DIRECTION('',(1.,0.,0.));
#2634 = PCURVE('',#470,#2635);
#2635 = DEFINITIONAL_REPRESENTATION('',(#2636),#2640);
#2636 = LINE('',#2637,#2638);
#2637 = CARTESIAN_POINT('',(590.,7.51E+03));
#2638 = VECTOR('',#2639,1.);
#2639 = DIRECTION('',(0.,1.));
#2640 = ( GEOMETRIC_REPRESENTATION_CONTEXT(2) 
PARAMETRIC_REPRESENTATION_CONTEXT() REPRESENTATION_CONTEXT('2D SPACE',''
  ) );
#2641 = PCURVE('',#2642,#2647);
#2642 = PLANE('',#2643);
#2643 = AXIS2_PLACEMENT_3D('',#2644,#2645,#2646);
#2644 = CARTESIAN_POINT('',(1.51E+03,1.38E+03,590.));
#2645 = DIRECTION('',(0.,0.,1.));
#2646 = DIRECTION('',(1.,0.,0.));
#2647 = DEFINITIONAL_REPRESENTATION('',(#2648),#2652);
#2648 = LINE('',#2649,#2650);
#2649 = CARTESIAN_POINT('',(0.,70.));
#2650 = VECTOR('',#2651,1.);
#2651 = DIRECTION('',(1.,0.));
#2652 = ( GEOMETRIC_REPRESENTATION_CONTEXT(2) 
PARAMETRIC_REPRESENTATION_CONTEXT() REPRESENTATION_CONTEXT('2D SPACE',''
  ) );
#2653 = ORIENTED_EDGE('',*,*,#2654,.F.);
#2654 = EDGE_CURVE('',#2655,#2625,#2657,.T.);
#2655 = VERTEX_POINT('',#2656);
#2656 = CARTESIAN_POINT('',(1.51E+03,1.45E+03,450.));
#2657 = SURFACE_CURVE('',#2658,(#2662,#2669),.PCURVE_S1.);
#2658 = LINE('',#2659,#2660);
#2659 = CARTESIAN_POINT('',(1.51E+03,1.45E+03,450.));
#2660 = VECTOR('',#2661,1.);
#2661 = DIRECTION('',(0.,0.,1.));
#2662 = PCURVE('',#470,#2663);
#2663 = DEFINITIONAL_REPRESENTATION('',(#2664),#2668);
#2664 = LINE('',#2665,#2666);
#2665 = CARTESIAN_POINT('',(450.,7.51E+03));
#2666 = VECTOR('',#2667,1.);
#2667 = DIRECTION('',(1.,0.));
#2668 = ( GEOMETRIC_REPRESENTATION_CONTEXT(2) 
PARAMETRIC_REPRESENTATION_CONTEXT() REPRESENTATION_CONTEXT('2D SPACE',''
  ) );
#2669 = PCURVE('',#2670,#2675);
#2670 = PLANE('',#2671);
#2671 = AXIS2_PLACEMENT_3D('',#2672,#2673,#2674);
#2672 = CARTESIAN_POINT('',(1.51E+03,1.38E+03,450.));
#2673 = DIRECTION('',(1.,0.,0.));
#2674 = DIRECTION('',(0.,0.,1.));
#2675 = DEFINITIONAL_REPRESENTATION('',(#2676),#2680);
#2676 = LINE('',#2677,#2678);
#2677 = CARTESIAN_POINT('',(0.,-70.));
#2678 = VECTOR('',#2679,1.);
#2679 = DIRECTION('',(1.,0.));
#2680 = ( GEOMETRIC_REPRESENTATION_CONTEXT(2) 
PARAMETRIC_REPRESENTATION_CONTEXT() REPRESENTATION_CONTEXT('2D SPACE',''
  ) );
#2681 = ORIENTED_EDGE('',*,*,#2682,.T.);
#2682 = EDGE_CURVE('',#2655,#2683,#2685,.T.);
#2683 = VERTEX_POINT('',#2684);
#2684 = CARTESIAN_POINT('',(1.89E+03,1.45E+03,450.));
#2685 = SURFACE_CURVE('',#2686,(#2690,#2697),.PCURVE_S1.);
#2686 = LINE('',#2687,#2688);
#2687 = CARTESIAN_POINT('',(1.51E+03,1.45E+03,450.));
#2688 = VECTOR('',#2689,1.);
#2689 = DIRECTION('',(1.,0.,0.));
#2690 = PCURVE('',#470,#2691);
#2691 = DEFINITIONAL_REPRESENTATION('',(#2692),#2696);
#2692 = LINE('',#2693,#2694);
#2693 = CARTESIAN_POINT('',(450.,7.51E+03));
#2694 = VECTOR('',#2695,1.);
#2695 = DIRECTION('',(0.,1.));
#2696 = ( GEOMETRIC_REPRESENTATION_CONTEXT(2) 
PARAMETRIC_REPRESENTATION_CONTEXT() REPRESENTATION_CONTEXT('2D SPACE',''
  ) );
#2697 = PCURVE('',#2698,#2703);
#2698 = PLANE('',#2699);
#2699 = AXIS2_PLACEMENT_3D('',#2700,#2701,#2702);
#2700 = CARTESIAN_POINT('',(1.51E+03,1.38E+03,450.));
#2701 = DIRECTION('',(0.,0.,1.));
#2702 = DIRECTION('',(1.,0.,0.));
#2703 = DEFINITIONAL_REPRESENTATION('',(#2704),#2708);
#2704 = LINE('',#2705,#2706);
#2705 = CARTESIAN_POINT('',(0.,70.));
#2706 = VECTOR('',#2707,1.);
#2707 = DIRECTION('',(1.,0.));
#2708 = ( GEOMETRIC_REPRESENTATION_CONTEXT(2) 
PARAMETRIC_REPRESENTATION_CONTEXT() REPRESENTATION_CONTEXT('2D SPACE',''
  ) );
#2709 = ORIENTED_EDGE('',*,*,#2710,.T.);
#2710 = EDGE_CURVE('',#2683,#2627,#2711,.T.);
#2711 = SURFACE_CURVE('',#2712,(#2716,#2723),.PCURVE_S1.);
#2712 = LINE('',#2713,#2714);
#2713 = CARTESIAN_POINT('',(1.89E+03,1.45E+03,450.));
#2714 = VECTOR('',#2715,1.);
#2715 = DIRECTION('',(0.,0.,1.));
#2716 = PCURVE('',#470,#2717);
#2717 = DEFINITIONAL_REPRESENTATION('',(#2718),#2722);
#2718 = LINE('',#2719,#2720);
#2719 = CARTESIAN_POINT('',(450.,7.89E+03));
#2720 = VECTOR('',#2721,1.);
#2721 = DIRECTION('',(1.,0.));
#2722 = ( GEOMETRIC_REPRESENTATION_CONTEXT(2) 
PARAMETRIC_REPRESENTATION_CONTEXT() REPRESENTATION_CONTEXT('2D SPACE',''
  ) );
#2723 = PCURVE('',#2724,#2729);
#2724 = PLANE('',#2725);
#2725 = AXIS2_PLACEMENT_3D('',#2726,#2727,#2728);
#2726 = CARTESIAN_POINT('',(1.89E+03,1.38E+03,450.));
#2727 = DIRECTION('',(1.,0.,0.));
#2728 = DIRECTION('',(0.,0.,1.));
#2729 = DEFINITIONAL_REPRESENTATION('',(#2730),#2734);
#2730 = LINE('',#2731,#2732);
#2731 = CARTESIAN_POINT('',(0.,-70.));
#2732 = VECTOR('',#2733,1.);
#2733 = DIRECTION('',(1.,0.));
#2734 = ( GEOMETRIC_REPRESENTATION_CONTEXT(2) 
PARAMETRIC_REPRESENTATION_CONTEXT() REPRESENTATION_CONTEXT('2D SPACE',''
  ) );
#2735 = FACE_BOUND('',#2736,.T.);
#2736 = EDGE_LOOP('',(#2737,#2767,#2795,#2823));
#2737 = ORIENTED_EDGE('',*,*,#2738,.F.);
#2738 = EDGE_CURVE('',#2739,#2741,#2743,.T.);
#2739 = VERTEX_POINT('',#2740);
#2740 = CARTESIAN_POINT('',(2.61E+03,1.45E+03,590.));
#2741 = VERTEX_POINT('',#2742);
#2742 = CARTESIAN_POINT('',(2.99E+03,1.45E+03,590.));
#2743 = SURFACE_CURVE('',#2744,(#2748,#2755),.PCURVE_S1.);
#2744 = LINE('',#2745,#2746);
#2745 = CARTESIAN_POINT('',(2.61E+03,1.45E+03,590.));
#2746 = VECTOR('',#2747,1.);
#2747 = DIRECTION('',(1.,0.,0.));
#2748 = PCURVE('',#470,#2749);
#2749 = DEFINITIONAL_REPRESENTATION('',(#2750),#2754);
#2750 = LINE('',#2751,#2752);
#2751 = CARTESIAN_POINT('',(590.,8.61E+03));
#2752 = VECTOR('',#2753,1.);
#2753 = DIRECTION('',(0.,1.));
#2754 = ( GEOMETRIC_REPRESENTATION_CONTEXT(2) 
PARAMETRIC_REPRESENTATION_CONTEXT() REPRESENTATION_CONTEXT('2D SPACE',''
  ) );
#2755 = PCURVE('',#2756,#2761);
#2756 = PLANE('',#2757);
#2757 = AXIS2_PLACEMENT_3D('',#2758,#2759,#2760);
#2758 = CARTESIAN_POINT('',(2.61E+03,1.38E+03,590.));
#2759 = DIRECTION('',(0.,0.,1.));
#2760 = DIRECTION('',(1.,0.,0.));
#2761 = DEFINITIONAL_REPRESENTATION('',(#2762),#2766);
#2762 = LINE('',#2763,#2764);
#2763 = CARTESIAN_POINT('',(0.,70.));
#2764 = VECTOR('',#2765,1.);
#2765 = DIRECTION('',(1.,0.));
#2766 = ( GEOMETRIC_REPRESENTATION_CONTEXT(2) 
PARAMETRIC_REPRESENTATION_CONTEXT() REPRESENTATION_CONTEXT('2D SPACE',''
  ) );
#2767 = ORIENTED_EDGE('',*,*,#2768,.F.);
#2768 = EDGE_CURVE('',#2769,#2739,#2771,.T.);
#2769 = VERTEX_POINT('',#2770);
#2770 = CARTESIAN_POINT('',(2.61E+03,1.45E+03,450.));
#2771 = SURFACE_CURVE('',#2772,(#2776,#2783),.PCURVE_S1.);
#2772 = LINE('',#2773,#2774);
#2773 = CARTESIAN_POINT('',(2.61E+03,1.45E+03,450.));
#2774 = VECTOR('',#2775,1.);
#2775 = DIRECTION('',(0.,0.,1.));
#2776 = PCURVE('',#470,#2777);
#2777 = DEFINITIONAL_REPRESENTATION('',(#2778),#2782);
#2778 = LINE('',#2779,#2780);
#2779 = CARTESIAN_POINT('',(450.,8.61E+03));
#2780 = VECTOR('',#2781,1.);
#2781 = DIRECTION('',(1.,0.));
#2782 = ( GEOMETRIC_REPRESENTATION_CONTEXT(2) 
PARAMETRIC_REPRESENTATION_CONTEXT() REPRESENTATION_CONTEXT('2D SPACE',''
  ) );
#2783 = PCURVE('',#2784,#2789);
#2784 = PLANE('',#2785);
#2785 = AXIS2_PLACEMENT_3D('',#2786,#2787,#2788);
#2786 = CARTESIAN_POINT('',(2.61E+03,1.38E+03,450.));
#2787 = DIRECTION('',(1.,0.,0.));
#2788 = DIRECTION('',(0.,0.,1.));
#2789 = DEFINITIONAL_REPRESENTATION('',(#2790),#2794);
#2790 = LINE('',#2791,#2792);
#2791 = CARTESIAN_POINT('',(0.,-70.));
#2792 = VECTOR('',#2793,1.);
#2793 = DIRECTION('',(1.,0.));
#2794 = ( GEOMETRIC_REPRESENTATION_CONTEXT(2) 
PARAMETRIC_REPRESENTATION_CONTEXT() REPRESENTATION_CONTEXT('2D SPACE',''
  ) );
#2795 = ORIENTED_EDGE('',*,*,#2796,.T.);
#2796 = EDGE_CURVE('',#2769,#2797,#2799,.T.);
#2797 = VERTEX_POINT('',#2798);
#2798 = CARTESIAN_POINT('',(2.99E+03,1.45E+03,450.));
#2799 = SURFACE_CURVE('',#2800,(#2804,#2811),.PCURVE_S1.);
#2800 = LINE('',#2801,#2802);
#2801 = CARTESIAN_POINT('',(2.61E+03,1.45E+03,450.));
#2802 = VECTOR('',#2803,1.);
#2803 = DIRECTION('',(1.,0.,0.));
#2804 = PCURVE('',#470,#2805);
#2805 = DEFINITIONAL_REPRESENTATION('',(#2806),#2810);
#2806 = LINE('',#2807,#2808);
#2807 = CARTESIAN_POINT('',(450.,8.61E+03));
#2808 = VECTOR('',#2809,1.);
#2809 = DIRECTION('',(0.,1.));
#2810 = ( GEOMETRIC_REPRESENTATION_CONTEXT(2) 
PARAMETRIC_REPRESENTATION_CONTEXT() REPRESENTATION_CONTEXT('2D SPACE',''
  ) );
#2811 = PCURVE('',#2812,#2817);
#2812 = PLANE('',#2813);
#2813 = AXIS2_PLACEMENT_3D('',#2814,#2815,#2816);
#2814 = CARTESIAN_POINT('',(2.61E+03,1.38E+03,450.));
#2815 = DIRECTION('',(0.,0.,1.));
#2816 = DIRECTION('',(1.,0.,0.));
#2817 = DEFINITIONAL_REPRESENTATION('',(#2818),#2822);
#2818 = LINE('',#2819,#2820);
#2819 = CARTESIAN_POINT('',(0.,70.));
#2820 = VECTOR('',#2821,1.);
#2821 = DIRECTION('',(1.,0.));
#2822 = ( GEOMETRIC_REPRESENTATION_CONTEXT(2) 
PARAMETRIC_REPRESENTATION_CONTEXT() REPRESENTATION_CONTEXT('2D SPACE',''
  ) );
#2823 = ORIENTED_EDGE('',*,*,#2824,.T.);
#2824 = EDGE_CURVE('',#2797,#2741,#2825,.T.);
#2825 = SURFACE_CURVE('',#2826,(#2830,#2837),.PCURVE_S1.);
#2826 = LINE('',#2827,#2828);
#2827 = CARTESIAN_POINT('',(2.99E+03,1.45E+03,450.));
#2828 = VECTOR('',#2829,1.);
#2829 = DIRECTION('',(0.,0.,1.));
#2830 = PCURVE('',#470,#2831);
#2831 = DEFINITIONAL_REPRESENTATION('',(#2832),#2836);
#2832 = LINE('',#2833,#2834);
#2833 = CARTESIAN_POINT('',(450.,8.99E+03));
#2834 = VECTOR('',#2835,1.);
#2835 = DIRECTION('',(1.,0.));
#2836 = ( GEOMETRIC_REPRESENTATION_CONTEXT(2) 
PARAMETRIC_REPRESENTATION_CONTEXT() REPRESENTATION_CONTEXT('2D SPACE',''
  ) );
#2837 = PCURVE('',#2838,#2843);
#2838 = PLANE('',#2839);
#2839 = AXIS2_PLACEMENT_3D('',#2840,#2841,#2842);
#2840 = CARTESIAN_POINT('',(2.99E+03,1.38E+03,450.));
#2841 = DIRECTION('',(1.,0.,0.));
#2842 = DIRECTION('',(0.,0.,1.));
#2843 = DEFINITIONAL_REPRESENTATION('',(#2844),#2848);
#2844 = LINE('',#2845,#2846);
#2845 = CARTESIAN_POINT('',(0.,-70.));
#2846 = VECTOR('',#2847,1.);
#2847 = DIRECTION('',(1.,0.));
#2848 = ( GEOMETRIC_REPRESENTATION_CONTEXT(2) 
PARAMETRIC_REPRESENTATION_CONTEXT() REPRESENTATION_CONTEXT('2D SPACE',''
  ) );
#2849 = ADVANCED_FACE('',(#2850),#385,.T.);
#2850 = FACE_BOUND('',#2851,.F.);
#2851 = EDGE_LOOP('',(#2852,#2875,#2876,#2877));
#2852 = ORIENTED_EDGE('',*,*,#2853,.F.);
#2853 = EDGE_CURVE('',#365,#2854,#2856,.T.);
#2854 = VERTEX_POINT('',#2855);
#2855 = CARTESIAN_POINT('',(6.E+03,-1.33E+03,3.26E+03));
#2856 = SURFACE_CURVE('',#2857,(#2861,#2868),.PCURVE_S1.);
#2857 = LINE('',#2858,#2859);
#2858 = CARTESIAN_POINT('',(6.E+03,-1.33E+03,0.));
#2859 = VECTOR('',#2860,1.);
#2860 = DIRECTION('',(0.,0.,1.));
#2861 = PCURVE('',#385,#2862);
#2862 = DEFINITIONAL_REPRESENTATION('',(#2863),#2867);
#2863 = LINE('',#2864,#2865);
#2864 = CARTESIAN_POINT('',(-0.,0.));
#2865 = VECTOR('',#2866,1.);
#2866 = DIRECTION('',(-0.,1.));
#2867 = ( GEOMETRIC_REPRESENTATION_CONTEXT(2) 
PARAMETRIC_REPRESENTATION_CONTEXT() REPRESENTATION_CONTEXT('2D SPACE',''
  ) );
#2868 = PCURVE('',#413,#2869);
#2869 = DEFINITIONAL_REPRESENTATION('',(#2870),#2874);
#2870 = LINE('',#2871,#2872);
#2871 = CARTESIAN_POINT('',(0.,-120.));
#2872 = VECTOR('',#2873,1.);
#2873 = DIRECTION('',(1.,0.));
#2874 = ( GEOMETRIC_REPRESENTATION_CONTEXT(2) 
PARAMETRIC_REPRESENTATION_CONTEXT() REPRESENTATION_CONTEXT('2D SPACE',''
  ) );
#2875 = ORIENTED_EDGE('',*,*,#364,.T.);
#2876 = ORIENTED_EDGE('',*,*,#1141,.T.);
#2877 = ORIENTED_EDGE('',*,*,#2878,.F.);
#2878 = EDGE_CURVE('',#2854,#1119,#2879,.T.);
#2879 = SURFACE_CURVE('',#2880,(#2885,#2892),.PCURVE_S1.);
#2880 = CIRCLE('',#2881,120.);
#2881 = AXIS2_PLACEMENT_3D('',#2882,#2883,#2884);
#2882 = CARTESIAN_POINT('',(5.88E+03,-1.33E+03,3.26E+03));
#2883 = DIRECTION('',(0.,-0.,-1.));
#2884 = DIRECTION('',(1.,0.,-0.));
#2885 = PCURVE('',#385,#2886);
#2886 = DEFINITIONAL_REPRESENTATION('',(#2887),#2891);
#2887 = LINE('',#2888,#2889);
#2888 = CARTESIAN_POINT('',(-0.,3.26E+03));
#2889 = VECTOR('',#2890,1.);
#2890 = DIRECTION('',(-1.,0.));
#2891 = ( GEOMETRIC_REPRESENTATION_CONTEXT(2) 
PARAMETRIC_REPRESENTATION_CONTEXT() REPRESENTATION_CONTEXT('2D SPACE',''
  ) );
#2892 = PCURVE('',#1668,#2893);
#2893 = DEFINITIONAL_REPRESENTATION('',(#2894),#2898);
#2894 = LINE('',#2895,#2896);
#2895 = CARTESIAN_POINT('',(-0.,0.));
#2896 = VECTOR('',#2897,1.);
#2897 = DIRECTION('',(-1.,0.));
#2898 = ( GEOMETRIC_REPRESENTATION_CONTEXT(2) 
PARAMETRIC_REPRESENTATION_CONTEXT() REPRESENTATION_CONTEXT('2D SPACE',''
  ) );
#2899 = ADVANCED_FACE('',(#2900),#442,.T.);
#2900 = FACE_BOUND('',#2901,.T.);
#2901 = EDGE_LOOP('',(#2902,#2925,#2926,#2927));
#2902 = ORIENTED_EDGE('',*,*,#2903,.F.);
#2903 = EDGE_CURVE('',#398,#2904,#2906,.T.);
#2904 = VERTEX_POINT('',#2905);
#2905 = CARTESIAN_POINT('',(6.E+03,1.33E+03,3.26E+03));
#2906 = SURFACE_CURVE('',#2907,(#2911,#2918),.PCURVE_S1.);
#2907 = LINE('',#2908,#2909);
#2908 = CARTESIAN_POINT('',(6.E+03,1.33E+03,0.));
#2909 = VECTOR('',#2910,1.);
#2910 = DIRECTION('',(0.,0.,1.));
#2911 = PCURVE('',#442,#2912);
#2912 = DEFINITIONAL_REPRESENTATION('',(#2913),#2917);
#2913 = LINE('',#2914,#2915);
#2914 = CARTESIAN_POINT('',(0.,0.));
#2915 = VECTOR('',#2916,1.);
#2916 = DIRECTION('',(0.,1.));
#2917 = ( GEOMETRIC_REPRESENTATION_CONTEXT(2) 
PARAMETRIC_REPRESENTATION_CONTEXT() REPRESENTATION_CONTEXT('2D SPACE',''
  ) );
#2918 = PCURVE('',#413,#2919);
#2919 = DEFINITIONAL_REPRESENTATION('',(#2920),#2924);
#2920 = LINE('',#2921,#2922);
#2921 = CARTESIAN_POINT('',(0.,-2.78E+03));
#2922 = VECTOR('',#2923,1.);
#2923 = DIRECTION('',(1.,0.));
#2924 = ( GEOMETRIC_REPRESENTATION_CONTEXT(2) 
PARAMETRIC_REPRESENTATION_CONTEXT() REPRESENTATION_CONTEXT('2D SPACE',''
  ) );
#2925 = ORIENTED_EDGE('',*,*,#425,.T.);
#2926 = ORIENTED_EDGE('',*,*,#2372,.T.);
#2927 = ORIENTED_EDGE('',*,*,#2928,.T.);
#2928 = EDGE_CURVE('',#2350,#2904,#2929,.T.);
#2929 = SURFACE_CURVE('',#2930,(#2935,#2942),.PCURVE_S1.);
#2930 = CIRCLE('',#2931,120.);
#2931 = AXIS2_PLACEMENT_3D('',#2932,#2933,#2934);
#2932 = CARTESIAN_POINT('',(5.88E+03,1.33E+03,3.26E+03));
#2933 = DIRECTION('',(0.,-0.,-1.));
#2934 = DIRECTION('',(0.,1.,-0.));
#2935 = PCURVE('',#442,#2936);
#2936 = DEFINITIONAL_REPRESENTATION('',(#2937),#2941);
#2937 = LINE('',#2938,#2939);
#2938 = CARTESIAN_POINT('',(1.570796326795,3.26E+03));
#2939 = VECTOR('',#2940,1.);
#2940 = DIRECTION('',(-1.,-0.));
#2941 = ( GEOMETRIC_REPRESENTATION_CONTEXT(2) 
PARAMETRIC_REPRESENTATION_CONTEXT() REPRESENTATION_CONTEXT('2D SPACE',''
  ) );
#2942 = PCURVE('',#1747,#2943);
#2943 = DEFINITIONAL_REPRESENTATION('',(#2944),#2948);
#2944 = LINE('',#2945,#2946);
#2945 = CARTESIAN_POINT('',(-0.,0.));
#2946 = VECTOR('',#2947,1.);
#2947 = DIRECTION('',(-1.,0.));
#2948 = ( GEOMETRIC_REPRESENTATION_CONTEXT(2) 
PARAMETRIC_REPRESENTATION_CONTEXT() REPRESENTATION_CONTEXT('2D SPACE',''
  ) );
#2949 = ADVANCED_FACE('',(#2950),#413,.T.);
#2950 = FACE_BOUND('',#2951,.T.);
#2951 = EDGE_LOOP('',(#2952,#2953,#2954,#2955));
#2952 = ORIENTED_EDGE('',*,*,#2853,.F.);
#2953 = ORIENTED_EDGE('',*,*,#397,.T.);
#2954 = ORIENTED_EDGE('',*,*,#2903,.T.);
#2955 = ORIENTED_EDGE('',*,*,#2956,.T.);
#2956 = EDGE_CURVE('',#2904,#2854,#2957,.T.);
#2957 = SURFACE_CURVE('',#2958,(#2962,#2969),.PCURVE_S1.);
#2958 = LINE('',#2959,#2960);
#2959 = CARTESIAN_POINT('',(6.E+03,1.33E+03,3.26E+03));
#2960 = VECTOR('',#2961,1.);
#2961 = DIRECTION('',(-0.,-1.,-0.));
#2962 = PCURVE('',#413,#2963);
#2963 = DEFINITIONAL_REPRESENTATION('',(#2964),#2968);
#2964 = LINE('',#2965,#2966);
#2965 = CARTESIAN_POINT('',(3.26E+03,-2.78E+03));
#2966 = VECTOR('',#2967,1.);
#2967 = DIRECTION('',(-0.,1.));
#2968 = ( GEOMETRIC_REPRESENTATION_CONTEXT(2) 
PARAMETRIC_REPRESENTATION_CONTEXT() REPRESENTATION_CONTEXT('2D SPACE',''
  ) );
#2969 = PCURVE('',#1714,#2970);
#2970 = DEFINITIONAL_REPRESENTATION('',(#2971),#2975);
#2971 = LINE('',#2972,#2973);
#2972 = CARTESIAN_POINT('',(0.,0.));
#2973 = VECTOR('',#2974,1.);
#2974 = DIRECTION('',(0.,1.));
#2975 = ( GEOMETRIC_REPRESENTATION_CONTEXT(2) 
PARAMETRIC_REPRESENTATION_CONTEXT() REPRESENTATION_CONTEXT('2D SPACE',''
  ) );
#2976 = ADVANCED_FACE('',(#2977),#577,.T.);
#2977 = FACE_BOUND('',#2978,.T.);
#2978 = EDGE_LOOP('',(#2979,#2999,#3000,#3001));
#2979 = ORIENTED_EDGE('',*,*,#2980,.T.);
#2980 = EDGE_CURVE('',#1119,#1625,#2981,.T.);
#2981 = SURFACE_CURVE('',#2982,(#2987,#2993),.PCURVE_S1.);
#2982 = CIRCLE('',#2983,90.);
#2983 = AXIS2_PLACEMENT_3D('',#2984,#2985,#2986);
#2984 = CARTESIAN_POINT('',(5.88E+03,-1.36E+03,3.26E+03));
#2985 = DIRECTION('',(-1.,-6.123233995737E-17,0.));
#2986 = DIRECTION('',(6.123233995737E-17,-1.,-0.));
#2987 = PCURVE('',#577,#2988);
#2988 = DEFINITIONAL_REPRESENTATION('',(#2989),#2992);
#2989 = B_SPLINE_CURVE_WITH_KNOTS('',1,(#2990,#2991),.UNSPECIFIED.,.F.,
  .F.,(2,2),(0.,1.570796326795),.PIECEWISE_BEZIER_KNOTS.);
#2990 = CARTESIAN_POINT('',(0.,0.));
#2991 = CARTESIAN_POINT('',(1.570796326795,0.));
#2992 = ( GEOMETRIC_REPRESENTATION_CONTEXT(2) 
PARAMETRIC_REPRESENTATION_CONTEXT() REPRESENTATION_CONTEXT('2D SPACE',''
  ) );
#2993 = PCURVE('',#1668,#2994);
#2994 = DEFINITIONAL_REPRESENTATION('',(#2995),#2998);
#2995 = B_SPLINE_CURVE_WITH_KNOTS('',1,(#2996,#2997),.UNSPECIFIED.,.F.,
  .F.,(2,2),(0.,1.570796326795),.PIECEWISE_BEZIER_KNOTS.);
#2996 = CARTESIAN_POINT('',(-1.570796326795,0.));
#2997 = CARTESIAN_POINT('',(-1.570796326795,1.570796326795));
#2998 = ( GEOMETRIC_REPRESENTATION_CONTEXT(2) 
PARAMETRIC_REPRESENTATION_CONTEXT() REPRESENTATION_CONTEXT('2D SPACE',''
  ) );
#2999 = ORIENTED_EDGE('',*,*,#1624,.T.);
#3000 = ORIENTED_EDGE('',*,*,#561,.F.);
#3001 = ORIENTED_EDGE('',*,*,#1118,.F.);
#3002 = ADVANCED_FACE('',(#3003),#704,.T.);
#3003 = FACE_BOUND('',#3004,.T.);
#3004 = EDGE_LOOP('',(#3005,#3026,#3027,#3050,#3078,#3099));
#3005 = ORIENTED_EDGE('',*,*,#3006,.F.);
#3006 = EDGE_CURVE('',#621,#2013,#3007,.T.);
#3007 = SURFACE_CURVE('',#3008,(#3012,#3019),.PCURVE_S1.);
#3008 = LINE('',#3009,#3010);
#3009 = CARTESIAN_POINT('',(-5.975E+03,-1.425E+03,3.32E+03));
#3010 = VECTOR('',#3011,1.);
#3011 = DIRECTION('',(0.,1.,0.));
#3012 = PCURVE('',#704,#3013);
#3013 = DEFINITIONAL_REPRESENTATION('',(#3014),#3018);
#3014 = LINE('',#3015,#3016);
#3015 = CARTESIAN_POINT('',(3.28E+03,0.));
#3016 = VECTOR('',#3017,1.);
#3017 = DIRECTION('',(0.,-1.));
#3018 = ( GEOMETRIC_REPRESENTATION_CONTEXT(2) 
PARAMETRIC_REPRESENTATION_CONTEXT() REPRESENTATION_CONTEXT('2D SPACE',''
  ) );
#3019 = PCURVE('',#1083,#3020);
#3020 = DEFINITIONAL_REPRESENTATION('',(#3021),#3025);
#3021 = LINE('',#3022,#3023);
#3022 = CARTESIAN_POINT('',(0.,0.));
#3023 = VECTOR('',#3024,1.);
#3024 = DIRECTION('',(0.,1.));
#3025 = ( GEOMETRIC_REPRESENTATION_CONTEXT(2) 
PARAMETRIC_REPRESENTATION_CONTEXT() REPRESENTATION_CONTEXT('2D SPACE',''
  ) );
#3026 = ORIENTED_EDGE('',*,*,#618,.F.);
#3027 = ORIENTED_EDGE('',*,*,#3028,.F.);
#3028 = EDGE_CURVE('',#3029,#619,#3031,.T.);
#3029 = VERTEX_POINT('',#3030);
#3030 = CARTESIAN_POINT('',(-5.975E+03,-1.355E+03,40.));
#3031 = SURFACE_CURVE('',#3032,(#3036,#3043),.PCURVE_S1.);
#3032 = LINE('',#3033,#3034);
#3033 = CARTESIAN_POINT('',(-5.975E+03,-1.355E+03,40.));
#3034 = VECTOR('',#3035,1.);
#3035 = DIRECTION('',(0.,0.,1.));
#3036 = PCURVE('',#704,#3037);
#3037 = DEFINITIONAL_REPRESENTATION('',(#3038),#3042);
#3038 = LINE('',#3039,#3040);
#3039 = CARTESIAN_POINT('',(0.,-70.));
#3040 = VECTOR('',#3041,1.);
#3041 = DIRECTION('',(1.,0.));
#3042 = ( GEOMETRIC_REPRESENTATION_CONTEXT(2) 
PARAMETRIC_REPRESENTATION_CONTEXT() REPRESENTATION_CONTEXT('2D SPACE',''
  ) );
#3043 = PCURVE('',#848,#3044);
#3044 = DEFINITIONAL_REPRESENTATION('',(#3045),#3049);
#3045 = LINE('',#3046,#3047);
#3046 = CARTESIAN_POINT('',(0.,0.));
#3047 = VECTOR('',#3048,1.);
#3048 = DIRECTION('',(0.,1.));
#3049 = ( GEOMETRIC_REPRESENTATION_CONTEXT(2) 
PARAMETRIC_REPRESENTATION_CONTEXT() REPRESENTATION_CONTEXT('2D SPACE',''
  ) );
#3050 = ORIENTED_EDGE('',*,*,#3051,.T.);
#3051 = EDGE_CURVE('',#3029,#3052,#3054,.T.);
#3052 = VERTEX_POINT('',#3053);
#3053 = CARTESIAN_POINT('',(-5.975E+03,1.355E+03,40.));
#3054 = SURFACE_CURVE('',#3055,(#3059,#3066),.PCURVE_S1.);
#3055 = LINE('',#3056,#3057);
#3056 = CARTESIAN_POINT('',(-5.975E+03,-1.425E+03,40.));
#3057 = VECTOR('',#3058,1.);
#3058 = DIRECTION('',(0.,1.,0.));
#3059 = PCURVE('',#704,#3060);
#3060 = DEFINITIONAL_REPRESENTATION('',(#3061),#3065);
#3061 = LINE('',#3062,#3063);
#3062 = CARTESIAN_POINT('',(0.,0.));
#3063 = VECTOR('',#3064,1.);
#3064 = DIRECTION('',(0.,-1.));
#3065 = ( GEOMETRIC_REPRESENTATION_CONTEXT(2) 
PARAMETRIC_REPRESENTATION_CONTEXT() REPRESENTATION_CONTEXT('2D SPACE',''
  ) );
#3066 = PCURVE('',#3067,#3072);
#3067 = PLANE('',#3068);
#3068 = AXIS2_PLACEMENT_3D('',#3069,#3070,#3071);
#3069 = CARTESIAN_POINT('',(-5.975E+03,-1.425E+03,40.));
#3070 = DIRECTION('',(0.,0.,1.));
#3071 = DIRECTION('',(1.,0.,0.));
#3072 = DEFINITIONAL_REPRESENTATION('',(#3073),#3077);
#3073 = LINE('',#3074,#3075);
#3074 = CARTESIAN_POINT('',(0.,0.));
#3075 = VECTOR('',#3076,1.);
#3076 = DIRECTION('',(0.,1.));
#3077 = ( GEOMETRIC_REPRESENTATION_CONTEXT(2) 
PARAMETRIC_REPRESENTATION_CONTEXT() REPRESENTATION_CONTEXT('2D SPACE',''
  ) );
#3078 = ORIENTED_EDGE('',*,*,#3079,.T.);
#3079 = EDGE_CURVE('',#3052,#1862,#3080,.T.);
#3080 = SURFACE_CURVE('',#3081,(#3085,#3092),.PCURVE_S1.);
#3081 = LINE('',#3082,#3083);
#3082 = CARTESIAN_POINT('',(-5.975E+03,1.355E+03,40.));
#3083 = VECTOR('',#3084,1.);
#3084 = DIRECTION('',(0.,0.,1.));
#3085 = PCURVE('',#704,#3086);
#3086 = DEFINITIONAL_REPRESENTATION('',(#3087),#3091);
#3087 = LINE('',#3088,#3089);
#3088 = CARTESIAN_POINT('',(0.,-2.78E+03));
#3089 = VECTOR('',#3090,1.);
#3090 = DIRECTION('',(1.,0.));
#3091 = ( GEOMETRIC_REPRESENTATION_CONTEXT(2) 
PARAMETRIC_REPRESENTATION_CONTEXT() REPRESENTATION_CONTEXT('2D SPACE',''
  ) );
#3092 = PCURVE('',#1959,#3093);
#3093 = DEFINITIONAL_REPRESENTATION('',(#3094),#3098);
#3094 = LINE('',#3095,#3096);
#3095 = CARTESIAN_POINT('',(-0.,0.));
#3096 = VECTOR('',#3097,1.);
#3097 = DIRECTION('',(-0.,1.));
#3098 = ( GEOMETRIC_REPRESENTATION_CONTEXT(2) 
PARAMETRIC_REPRESENTATION_CONTEXT() REPRESENTATION_CONTEXT('2D SPACE',''
  ) );
#3099 = ORIENTED_EDGE('',*,*,#2012,.T.);
#3100 = ADVANCED_FACE('',(#3101),#1083,.F.);
#3101 = FACE_BOUND('',#3102,.F.);
#3102 = EDGE_LOOP('',(#3103,#3104,#3105,#3128,#3208,#3236,#3316,#3337));
#3103 = ORIENTED_EDGE('',*,*,#3006,.F.);
#3104 = ORIENTED_EDGE('',*,*,#1031,.T.);
#3105 = ORIENTED_EDGE('',*,*,#3106,.T.);
#3106 = EDGE_CURVE('',#902,#3107,#3109,.T.);
#3107 = VERTEX_POINT('',#3108);
#3108 = CARTESIAN_POINT('',(5.899998058893E+03,-1.425E+03,3.32E+03));
#3109 = SURFACE_CURVE('',#3110,(#3114,#3121),.PCURVE_S1.);
#3110 = LINE('',#3111,#3112);
#3111 = CARTESIAN_POINT('',(-5.975E+03,-1.425E+03,3.32E+03));
#3112 = VECTOR('',#3113,1.);
#3113 = DIRECTION('',(1.,0.,0.));
#3114 = PCURVE('',#1083,#3115);
#3115 = DEFINITIONAL_REPRESENTATION('',(#3116),#3120);
#3116 = LINE('',#3117,#3118);
#3117 = CARTESIAN_POINT('',(0.,0.));
#3118 = VECTOR('',#3119,1.);
#3119 = DIRECTION('',(1.,0.));
#3120 = ( GEOMETRIC_REPRESENTATION_CONTEXT(2) 
PARAMETRIC_REPRESENTATION_CONTEXT() REPRESENTATION_CONTEXT('2D SPACE',''
  ) );
#3121 = PCURVE('',#985,#3122);
#3122 = DEFINITIONAL_REPRESENTATION('',(#3123),#3127);
#3123 = LINE('',#3124,#3125);
#3124 = CARTESIAN_POINT('',(3.28E+03,0.));
#3125 = VECTOR('',#3126,1.);
#3126 = DIRECTION('',(0.,1.));
#3127 = ( GEOMETRIC_REPRESENTATION_CONTEXT(2) 
PARAMETRIC_REPRESENTATION_CONTEXT() REPRESENTATION_CONTEXT('2D SPACE',''
  ) );
#3128 = ORIENTED_EDGE('',*,*,#3129,.T.);
#3129 = EDGE_CURVE('',#3107,#3130,#3132,.T.);
#3130 = VERTEX_POINT('',#3131);
#3131 = CARTESIAN_POINT('',(5.975E+03,-1.349998058893E+03,3.32E+03));
#3132 = SURFACE_CURVE('',#3133,(#3156,#3182),.PCURVE_S1.);
#3133 = B_SPLINE_CURVE_WITH_KNOTS('',6,(#3134,#3135,#3136,#3137,#3138,
    #3139,#3140,#3141,#3142,#3143,#3144,#3145,#3146,#3147,#3148,#3149,
    #3150,#3151,#3152,#3153,#3154,#3155),.UNSPECIFIED.,.F.,.F.,(7,5,5,5,
    7),(0.,0.250999936093,0.500999936407,0.750999936721,1.),
  .UNSPECIFIED.);
#3134 = CARTESIAN_POINT('',(5.88E+03,-1.427082039325E+03,3.32E+03));
#3135 = CARTESIAN_POINT('',(5.886379316378E+03,-1.427082039325E+03,
    3.32E+03));
#3136 = CARTESIAN_POINT('',(5.892759011733E+03,-1.426579012721E+03,
    3.32E+03));
#3137 = CARTESIAN_POINT('',(5.899088666913E+03,-1.425572850854E+03,
    3.32E+03));
#3138 = CARTESIAN_POINT('',(5.90531919487E+03,-1.4240703803E+03,3.32E+03
    ));
#3139 = CARTESIAN_POINT('',(5.91140265233E+03,-1.422084154248E+03,
    3.32E+03));
#3140 = CARTESIAN_POINT('',(5.923158943869E+03,-1.417192889615E+03,
    3.32E+03));
#3141 = CARTESIAN_POINT('',(5.928834007391E+03,-1.414291255799E+03,
    3.32E+03));
#3142 = CARTESIAN_POINT('',(5.934271689365E+03,-1.410947775939E+03,
    3.32E+03));
#3143 = CARTESIAN_POINT('',(5.939429784317E+03,-1.407187284044E+03,
    3.32E+03));
#3144 = CARTESIAN_POINT('',(5.944269290114E+03,-1.403039391998E+03,
    3.32E+03));
#3145 = CARTESIAN_POINT('',(5.953240939161E+03,-1.394039513318E+03,
    3.32E+03));
#3146 = CARTESIAN_POINT('',(5.957373607007E+03,-1.389187000438E+03,
    3.32E+03));
#3147 = CARTESIAN_POINT('',(5.961117875738E+03,-1.384017117025E+03,
    3.32E+03));
#3148 = CARTESIAN_POINT('',(5.964444256145E+03,-1.378568958051E+03,
    3.32E+03));
#3149 = CARTESIAN_POINT('',(5.967328046933E+03,-1.372884806797E+03,
    3.32E+03));
#3150 = CARTESIAN_POINT('',(5.972162976769E+03,-1.36116019637E+03,
    3.32E+03));
#3151 = CARTESIAN_POINT('',(5.974118079415E+03,-1.355120575852E+03,
    3.32E+03));
#3152 = CARTESIAN_POINT('',(5.97559680768E+03,-1.348937347261E+03,
    3.32E+03));
#3153 = CARTESIAN_POINT('',(5.976586996657E+03,-1.342657340981E+03,
    3.32E+03));
#3154 = CARTESIAN_POINT('',(5.977082039325E+03,-1.336328488391E+03,
    3.32E+03));
#3155 = CARTESIAN_POINT('',(5.977082039325E+03,-1.33E+03,3.32E+03));
#3156 = PCURVE('',#1083,#3157);
#3157 = DEFINITIONAL_REPRESENTATION('',(#3158),#3181);
#3158 = B_SPLINE_CURVE_WITH_KNOTS('',6,(#3159,#3160,#3161,#3162,#3163,
    #3164,#3165,#3166,#3167,#3168,#3169,#3170,#3171,#3172,#3173,#3174,
    #3175,#3176,#3177,#3178,#3179,#3180),.UNSPECIFIED.,.F.,.F.,(7,5,5,5,
    7),(0.,0.250999936093,0.500999936407,0.750999936721,1.),
  .UNSPECIFIED.);
#3159 = CARTESIAN_POINT('',(1.1855E+04,-2.082039324994));
#3160 = CARTESIAN_POINT('',(1.186137931638E+04,-2.082039324994));
#3161 = CARTESIAN_POINT('',(1.186775901173E+04,-1.579012721055));
#3162 = CARTESIAN_POINT('',(1.187408866691E+04,-0.572850854379));
#3163 = CARTESIAN_POINT('',(1.188031919487E+04,0.92961970048));
#3164 = CARTESIAN_POINT('',(1.188640265233E+04,2.915845751933));
#3165 = CARTESIAN_POINT('',(1.189815894387E+04,7.807110385465));
#3166 = CARTESIAN_POINT('',(1.190383400739E+04,10.708744201009));
#3167 = CARTESIAN_POINT('',(1.190927168937E+04,14.052224061337));
#3168 = CARTESIAN_POINT('',(1.191442978432E+04,17.812715956353));
#3169 = CARTESIAN_POINT('',(1.191926929011E+04,21.960608002051));
#3170 = CARTESIAN_POINT('',(1.192824093916E+04,30.960486681634));
#3171 = CARTESIAN_POINT('',(1.193237360701E+04,35.812999562204));
#3172 = CARTESIAN_POINT('',(1.193611787574E+04,40.982882974512));
#3173 = CARTESIAN_POINT('',(1.193944425615E+04,46.431041949224));
#3174 = CARTESIAN_POINT('',(1.194232804693E+04,52.115193202605));
#3175 = CARTESIAN_POINT('',(1.194716297677E+04,63.839803630048));
#3176 = CARTESIAN_POINT('',(1.194911807941E+04,69.879424147554));
#3177 = CARTESIAN_POINT('',(1.195059680768E+04,76.062652738511));
#3178 = CARTESIAN_POINT('',(1.195158699666E+04,82.342659018743));
#3179 = CARTESIAN_POINT('',(1.195208203932E+04,88.671511608716));
#3180 = CARTESIAN_POINT('',(1.195208203932E+04,95.));
#3181 = ( GEOMETRIC_REPRESENTATION_CONTEXT(2) 
PARAMETRIC_REPRESENTATION_CONTEXT() REPRESENTATION_CONTEXT('2D SPACE',''
  ) );
#3182 = PCURVE('',#1668,#3183);
#3183 = DEFINITIONAL_REPRESENTATION('',(#3184),#3207);
#3184 = B_SPLINE_CURVE_WITH_KNOTS('',6,(#3185,#3186,#3187,#3188,#3189,
    #3190,#3191,#3192,#3193,#3194,#3195,#3196,#3197,#3198,#3199,#3200,
    #3201,#3202,#3203,#3204,#3205,#3206),.UNSPECIFIED.,.F.,.F.,(7,5,5,5,
    7),(0.,0.250999936093,0.500999936407,0.750999936721,1.),
  .UNSPECIFIED.);
#3185 = CARTESIAN_POINT('',(-1.570796326795,0.729727656227));
#3186 = CARTESIAN_POINT('',(-1.505085754352,0.729727656227));
#3187 = CARTESIAN_POINT('',(-1.4393713146,0.729727656227));
#3188 = CARTESIAN_POINT('',(-1.373661387782,0.729727656227));
#3189 = CARTESIAN_POINT('',(-1.307951460964,0.729727656227));
#3190 = CARTESIAN_POINT('',(-1.242237021212,0.729727656227));
#3191 = CARTESIAN_POINT('',(-1.11107765469,0.729727656227));
#3192 = CARTESIAN_POINT('',(-1.045625069027,0.729727656227));
#3193 = CARTESIAN_POINT('',(-0.98017690792,0.729727656227));
#3194 = CARTESIAN_POINT('',(-0.914728746814,0.729727656227));
#3195 = CARTESIAN_POINT('',(-0.84927616115,0.729727656227));
#3196 = CARTESIAN_POINT('',(-0.718378572992,0.729727656227));
#3197 = CARTESIAN_POINT('',(-0.652925987328,0.729727656227));
#3198 = CARTESIAN_POINT('',(-0.587477826221,0.729727656227));
#3199 = CARTESIAN_POINT('',(-0.522029665115,0.729727656227));
#3200 = CARTESIAN_POINT('',(-0.456577079451,0.729727656227));
#3201 = CARTESIAN_POINT('',(-0.325941269985,0.729727656227));
#3202 = CARTESIAN_POINT('',(-0.260750537554,0.729727656227));
#3203 = CARTESIAN_POINT('',(-0.195564142686,0.729727656227));
#3204 = CARTESIAN_POINT('',(-0.130377747818,0.729727656227));
#3205 = CARTESIAN_POINT('',(-6.518701538704E-02,0.729727656227));
#3206 = CARTESIAN_POINT('',(0.,0.729727656227));
#3207 = ( GEOMETRIC_REPRESENTATION_CONTEXT(2) 
PARAMETRIC_REPRESENTATION_CONTEXT() REPRESENTATION_CONTEXT('2D SPACE',''
  ) );
#3208 = ORIENTED_EDGE('',*,*,#3209,.T.);
#3209 = EDGE_CURVE('',#3130,#3210,#3212,.T.);
#3210 = VERTEX_POINT('',#3211);
#3211 = CARTESIAN_POINT('',(5.975E+03,1.349998058893E+03,3.32E+03));
#3212 = SURFACE_CURVE('',#3213,(#3217,#3224),.PCURVE_S1.);
#3213 = LINE('',#3214,#3215);
#3214 = CARTESIAN_POINT('',(5.975E+03,-1.425E+03,3.32E+03));
#3215 = VECTOR('',#3216,1.);
#3216 = DIRECTION('',(0.,1.,0.));
#3217 = PCURVE('',#1083,#3218);
#3218 = DEFINITIONAL_REPRESENTATION('',(#3219),#3223);
#3219 = LINE('',#3220,#3221);
#3220 = CARTESIAN_POINT('',(1.195E+04,0.));
#3221 = VECTOR('',#3222,1.);
#3222 = DIRECTION('',(0.,1.));
#3223 = ( GEOMETRIC_REPRESENTATION_CONTEXT(2) 
PARAMETRIC_REPRESENTATION_CONTEXT() REPRESENTATION_CONTEXT('2D SPACE',''
  ) );
#3224 = PCURVE('',#3225,#3230);
#3225 = PLANE('',#3226);
#3226 = AXIS2_PLACEMENT_3D('',#3227,#3228,#3229);
#3227 = CARTESIAN_POINT('',(5.975E+03,-1.425E+03,40.));
#3228 = DIRECTION('',(1.,0.,0.));
#3229 = DIRECTION('',(0.,0.,1.));
#3230 = DEFINITIONAL_REPRESENTATION('',(#3231),#3235);
#3231 = LINE('',#3232,#3233);
#3232 = CARTESIAN_POINT('',(3.28E+03,0.));
#3233 = VECTOR('',#3234,1.);
#3234 = DIRECTION('',(0.,-1.));
#3235 = ( GEOMETRIC_REPRESENTATION_CONTEXT(2) 
PARAMETRIC_REPRESENTATION_CONTEXT() REPRESENTATION_CONTEXT('2D SPACE',''
  ) );
#3236 = ORIENTED_EDGE('',*,*,#3237,.T.);
#3237 = EDGE_CURVE('',#3210,#3238,#3240,.T.);
#3238 = VERTEX_POINT('',#3239);
#3239 = CARTESIAN_POINT('',(5.899998058893E+03,1.425E+03,3.32E+03));
#3240 = SURFACE_CURVE('',#3241,(#3264,#3290),.PCURVE_S1.);
#3241 = B_SPLINE_CURVE_WITH_KNOTS('',6,(#3242,#3243,#3244,#3245,#3246,
    #3247,#3248,#3249,#3250,#3251,#3252,#3253,#3254,#3255,#3256,#3257,
    #3258,#3259,#3260,#3261,#3262,#3263),.UNSPECIFIED.,.F.,.F.,(7,5,5,5,
    7),(0.,0.25,0.5,0.75,1.),.UNSPECIFIED.);
#3242 = CARTESIAN_POINT('',(5.977082039325E+03,1.33E+03,3.32E+03));
#3243 = CARTESIAN_POINT('',(5.977082039325E+03,1.336353902401E+03,
    3.32E+03));
#3244 = CARTESIAN_POINT('',(5.97658301267E+03,1.342708176331E+03,
    3.32E+03));
#3245 = CARTESIAN_POINT('',(5.975584853235E+03,1.349013009443E+03,
    3.32E+03));
#3246 = CARTESIAN_POINT('',(5.974094277131E+03,1.355219894789E+03,
    3.32E+03));
#3247 = CARTESIAN_POINT('',(5.972123642286E+03,1.36128144765E+03,
    3.32E+03));
#3248 = CARTESIAN_POINT('',(5.967260575927E+03,1.373021928409E+03,
    3.32E+03));
#3249 = CARTESIAN_POINT('',(5.964367860057E+03,1.378701542804E+03,
    3.32E+03));
#3250 = CARTESIAN_POINT('',(5.961032925809E+03,1.384144469993E+03,
    3.32E+03));
#3251 = CARTESIAN_POINT('',(5.957280540866E+03,1.389308465546E+03,
    3.32E+03));
#3252 = CARTESIAN_POINT('',(5.953140255813E+03,1.394154480864E+03,
    3.32E+03));
#3253 = CARTESIAN_POINT('',(5.944154480864E+03,1.403140255813E+03,
    3.32E+03));
#3254 = CARTESIAN_POINT('',(5.939308465546E+03,1.407280540866E+03,
    3.32E+03));
#3255 = CARTESIAN_POINT('',(5.934144469993E+03,1.411032925809E+03,
    3.32E+03));
#3256 = CARTESIAN_POINT('',(5.928701542804E+03,1.414367860057E+03,
    3.32E+03));
#3257 = CARTESIAN_POINT('',(5.923021928409E+03,1.417260575927E+03,
    3.32E+03));
#3258 = CARTESIAN_POINT('',(5.91128144765E+03,1.422123642286E+03,
    3.32E+03));
#3259 = CARTESIAN_POINT('',(5.905219894789E+03,1.424094277131E+03,
    3.32E+03));
#3260 = CARTESIAN_POINT('',(5.899013009443E+03,1.425584853235E+03,
    3.32E+03));
#3261 = CARTESIAN_POINT('',(5.892708176331E+03,1.42658301267E+03,
    3.32E+03));
#3262 = CARTESIAN_POINT('',(5.886353902401E+03,1.427082039325E+03,
    3.32E+03));
#3263 = CARTESIAN_POINT('',(5.88E+03,1.427082039325E+03,3.32E+03));
#3264 = PCURVE('',#1083,#3265);
#3265 = DEFINITIONAL_REPRESENTATION('',(#3266),#3289);
#3266 = B_SPLINE_CURVE_WITH_KNOTS('',6,(#3267,#3268,#3269,#3270,#3271,
    #3272,#3273,#3274,#3275,#3276,#3277,#3278,#3279,#3280,#3281,#3282,
    #3283,#3284,#3285,#3286,#3287,#3288),.UNSPECIFIED.,.F.,.F.,(7,5,5,5,
    7),(0.,0.25,0.5,0.75,1.),.UNSPECIFIED.);
#3267 = CARTESIAN_POINT('',(1.195208203932E+04,2.755E+03));
#3268 = CARTESIAN_POINT('',(1.195208203932E+04,2.761353902401E+03));
#3269 = CARTESIAN_POINT('',(1.195158301267E+04,2.767708176331E+03));
#3270 = CARTESIAN_POINT('',(1.195058485323E+04,2.774013009443E+03));
#3271 = CARTESIAN_POINT('',(1.194909427713E+04,2.780219894789E+03));
#3272 = CARTESIAN_POINT('',(1.194712364229E+04,2.78628144765E+03));
#3273 = CARTESIAN_POINT('',(1.194226057593E+04,2.798021928409E+03));
#3274 = CARTESIAN_POINT('',(1.193936786006E+04,2.803701542804E+03));
#3275 = CARTESIAN_POINT('',(1.193603292581E+04,2.809144469993E+03));
#3276 = CARTESIAN_POINT('',(1.193228054087E+04,2.814308465546E+03));
#3277 = CARTESIAN_POINT('',(1.192814025581E+04,2.819154480864E+03));
#3278 = CARTESIAN_POINT('',(1.191915448086E+04,2.828140255813E+03));
#3279 = CARTESIAN_POINT('',(1.191430846555E+04,2.832280540866E+03));
#3280 = CARTESIAN_POINT('',(1.190914446999E+04,2.836032925809E+03));
#3281 = CARTESIAN_POINT('',(1.19037015428E+04,2.839367860057E+03));
#3282 = CARTESIAN_POINT('',(1.189802192841E+04,2.842260575927E+03));
#3283 = CARTESIAN_POINT('',(1.188628144765E+04,2.847123642286E+03));
#3284 = CARTESIAN_POINT('',(1.188021989479E+04,2.849094277131E+03));
#3285 = CARTESIAN_POINT('',(1.187401300944E+04,2.850584853235E+03));
#3286 = CARTESIAN_POINT('',(1.186770817633E+04,2.85158301267E+03));
#3287 = CARTESIAN_POINT('',(1.18613539024E+04,2.852082039325E+03));
#3288 = CARTESIAN_POINT('',(1.1855E+04,2.852082039325E+03));
#3289 = ( GEOMETRIC_REPRESENTATION_CONTEXT(2) 
PARAMETRIC_REPRESENTATION_CONTEXT() REPRESENTATION_CONTEXT('2D SPACE',''
  ) );
#3290 = PCURVE('',#1747,#3291);
#3291 = DEFINITIONAL_REPRESENTATION('',(#3292),#3315);
#3292 = B_SPLINE_CURVE_WITH_KNOTS('',6,(#3293,#3294,#3295,#3296,#3297,
    #3298,#3299,#3300,#3301,#3302,#3303,#3304,#3305,#3306,#3307,#3308,
    #3309,#3310,#3311,#3312,#3313,#3314),.UNSPECIFIED.,.F.,.F.,(7,5,5,5,
    7),(0.,0.25,0.5,0.75,1.),.UNSPECIFIED.);
#3293 = CARTESIAN_POINT('',(-1.570796326795,0.729727656227));
#3294 = CARTESIAN_POINT('',(-1.505347532716,0.729727656227));
#3295 = CARTESIAN_POINT('',(-1.439894947052,0.729727656227));
#3296 = CARTESIAN_POINT('',(-1.374446785945,0.729727656227));
#3297 = CARTESIAN_POINT('',(-1.308998624839,0.729727656227));
#3298 = CARTESIAN_POINT('',(-1.243546039175,0.729727656227));
#3299 = CARTESIAN_POINT('',(-1.112648451017,0.729727656227));
#3300 = CARTESIAN_POINT('',(-1.047195865353,0.729727656227));
#3301 = CARTESIAN_POINT('',(-0.981747704247,0.729727656227));
#3302 = CARTESIAN_POINT('',(-0.91629954314,0.729727656227));
#3303 = CARTESIAN_POINT('',(-0.850846957477,0.729727656227));
#3304 = CARTESIAN_POINT('',(-0.719949369318,0.729727656227));
#3305 = CARTESIAN_POINT('',(-0.654496783655,0.729727656227));
#3306 = CARTESIAN_POINT('',(-0.589048622548,0.729727656227));
#3307 = CARTESIAN_POINT('',(-0.523600461442,0.729727656227));
#3308 = CARTESIAN_POINT('',(-0.458147875778,0.729727656227));
#3309 = CARTESIAN_POINT('',(-0.32725028762,0.729727656227));
#3310 = CARTESIAN_POINT('',(-0.261797701956,0.729727656227));
#3311 = CARTESIAN_POINT('',(-0.196349540849,0.729727656227));
#3312 = CARTESIAN_POINT('',(-0.130901379743,0.729727656227));
#3313 = CARTESIAN_POINT('',(-6.544879407903E-02,0.729727656227));
#3314 = CARTESIAN_POINT('',(0.,0.729727656227));
#3315 = ( GEOMETRIC_REPRESENTATION_CONTEXT(2) 
PARAMETRIC_REPRESENTATION_CONTEXT() REPRESENTATION_CONTEXT('2D SPACE',''
  ) );
#3316 = ORIENTED_EDGE('',*,*,#3317,.F.);
#3317 = EDGE_CURVE('',#2138,#3238,#3318,.T.);
#3318 = SURFACE_CURVE('',#3319,(#3323,#3330),.PCURVE_S1.);
#3319 = LINE('',#3320,#3321);
#3320 = CARTESIAN_POINT('',(-5.975E+03,1.425E+03,3.32E+03));
#3321 = VECTOR('',#3322,1.);
#3322 = DIRECTION('',(1.,0.,0.));
#3323 = PCURVE('',#1083,#3324);
#3324 = DEFINITIONAL_REPRESENTATION('',(#3325),#3329);
#3325 = LINE('',#3326,#3327);
#3326 = CARTESIAN_POINT('',(0.,2.85E+03));
#3327 = VECTOR('',#3328,1.);
#3328 = DIRECTION('',(1.,0.));
#3329 = ( GEOMETRIC_REPRESENTATION_CONTEXT(2) 
PARAMETRIC_REPRESENTATION_CONTEXT() REPRESENTATION_CONTEXT('2D SPACE',''
  ) );
#3330 = PCURVE('',#2299,#3331);
#3331 = DEFINITIONAL_REPRESENTATION('',(#3332),#3336);
#3332 = LINE('',#3333,#3334);
#3333 = CARTESIAN_POINT('',(3.28E+03,0.));
#3334 = VECTOR('',#3335,1.);
#3335 = DIRECTION('',(0.,1.));
#3336 = ( GEOMETRIC_REPRESENTATION_CONTEXT(2) 
PARAMETRIC_REPRESENTATION_CONTEXT() REPRESENTATION_CONTEXT('2D SPACE',''
  ) );
#3337 = ORIENTED_EDGE('',*,*,#2137,.T.);
#3338 = ADVANCED_FACE('',(#3339,#3540,#3626,#3712,#3798),#985,.T.);
#3339 = FACE_BOUND('',#3340,.T.);
#3340 = EDGE_LOOP('',(#3341,#3366,#3387,#3388,#3389,#3514));
#3341 = ORIENTED_EDGE('',*,*,#3342,.F.);
#3342 = EDGE_CURVE('',#3343,#3345,#3347,.T.);
#3343 = VERTEX_POINT('',#3344);
#3344 = CARTESIAN_POINT('',(-5.905E+03,-1.425E+03,40.));
#3345 = VERTEX_POINT('',#3346);
#3346 = CARTESIAN_POINT('',(5.905E+03,-1.425E+03,40.));
#3347 = SURFACE_CURVE('',#3348,(#3352,#3359),.PCURVE_S1.);
#3348 = LINE('',#3349,#3350);
#3349 = CARTESIAN_POINT('',(-5.975E+03,-1.425E+03,40.));
#3350 = VECTOR('',#3351,1.);
#3351 = DIRECTION('',(1.,0.,0.));
#3352 = PCURVE('',#985,#3353);
#3353 = DEFINITIONAL_REPRESENTATION('',(#3354),#3358);
#3354 = LINE('',#3355,#3356);
#3355 = CARTESIAN_POINT('',(0.,0.));
#3356 = VECTOR('',#3357,1.);
#3357 = DIRECTION('',(0.,1.));
#3358 = ( GEOMETRIC_REPRESENTATION_CONTEXT(2) 
PARAMETRIC_REPRESENTATION_CONTEXT() REPRESENTATION_CONTEXT('2D SPACE',''
  ) );
#3359 = PCURVE('',#3067,#3360);
#3360 = DEFINITIONAL_REPRESENTATION('',(#3361),#3365);
#3361 = LINE('',#3362,#3363);
#3362 = CARTESIAN_POINT('',(0.,0.));
#3363 = VECTOR('',#3364,1.);
#3364 = DIRECTION('',(1.,0.));
#3365 = ( GEOMETRIC_REPRESENTATION_CONTEXT(2) 
PARAMETRIC_REPRESENTATION_CONTEXT() REPRESENTATION_CONTEXT('2D SPACE',''
  ) );
#3366 = ORIENTED_EDGE('',*,*,#3367,.T.);
#3367 = EDGE_CURVE('',#3343,#751,#3368,.T.);
#3368 = SURFACE_CURVE('',#3369,(#3373,#3380),.PCURVE_S1.);
#3369 = LINE('',#3370,#3371);
#3370 = CARTESIAN_POINT('',(-5.905E+03,-1.425E+03,40.));
#3371 = VECTOR('',#3372,1.);
#3372 = DIRECTION('',(0.,0.,1.));
#3373 = PCURVE('',#985,#3374);
#3374 = DEFINITIONAL_REPRESENTATION('',(#3375),#3379);
#3375 = LINE('',#3376,#3377);
#3376 = CARTESIAN_POINT('',(0.,70.));
#3377 = VECTOR('',#3378,1.);
#3378 = DIRECTION('',(1.,0.));
#3379 = ( GEOMETRIC_REPRESENTATION_CONTEXT(2) 
PARAMETRIC_REPRESENTATION_CONTEXT() REPRESENTATION_CONTEXT('2D SPACE',''
  ) );
#3380 = PCURVE('',#848,#3381);
#3381 = DEFINITIONAL_REPRESENTATION('',(#3382),#3386);
#3382 = LINE('',#3383,#3384);
#3383 = CARTESIAN_POINT('',(1.570796326795,0.));
#3384 = VECTOR('',#3385,1.);
#3385 = DIRECTION('',(0.,1.));
#3386 = ( GEOMETRIC_REPRESENTATION_CONTEXT(2) 
PARAMETRIC_REPRESENTATION_CONTEXT() REPRESENTATION_CONTEXT('2D SPACE',''
  ) );
#3387 = ORIENTED_EDGE('',*,*,#901,.T.);
#3388 = ORIENTED_EDGE('',*,*,#3106,.T.);
#3389 = ORIENTED_EDGE('',*,*,#3390,.F.);
#3390 = EDGE_CURVE('',#3391,#3107,#3393,.T.);
#3391 = VERTEX_POINT('',#3392);
#3392 = CARTESIAN_POINT('',(5.905E+03,-1.425E+03,3.318686155193E+03));
#3393 = SURFACE_CURVE('',#3394,(#3432,#3473),.PCURVE_S1.);
#3394 = B_SPLINE_CURVE_WITH_KNOTS('',8,(#3395,#3396,#3397,#3398,#3399,
    #3400,#3401,#3402,#3403,#3404,#3405,#3406,#3407,#3408,#3409,#3410,
    #3411,#3412,#3413,#3414,#3415,#3416,#3417,#3418,#3419,#3420,#3421,
    #3422,#3423,#3424,#3425,#3426,#3427,#3428,#3429,#3430,#3431),
  .UNSPECIFIED.,.F.,.F.,(9,7,7,7,7,9),(0.,0.240196981182,0.347581623529,
    0.517905156352,0.682667099907,1.),.UNSPECIFIED.);
#3395 = CARTESIAN_POINT('',(5.953314391493E+03,-1.425E+03,3.26E+03));
#3396 = CARTESIAN_POINT('',(5.953314391493E+03,-1.425E+03,
    3.263211178089E+03));
#3397 = CARTESIAN_POINT('',(5.953100067229E+03,-1.425E+03,
    3.266422993298E+03));
#3398 = CARTESIAN_POINT('',(5.952671273313E+03,-1.425E+03,
    3.269617736604E+03));
#3399 = CARTESIAN_POINT('',(5.952030524877E+03,-1.425E+03,
    3.272778747356E+03));
#3400 = CARTESIAN_POINT('',(5.951182416747E+03,-1.425E+03,
    3.275890308842E+03));
#3401 = CARTESIAN_POINT('',(5.950133389549E+03,-1.425E+03,
    3.278937610337E+03));
#3402 = CARTESIAN_POINT('',(5.948891748594E+03,-1.425E+03,
    3.281906765628E+03));
#3403 = CARTESIAN_POINT('',(5.946831256516E+03,-1.425E+03,
    3.286071593041E+03));
#3404 = CARTESIAN_POINT('',(5.946158169562E+03,-1.425E+03,
    3.287340257751E+03));
#3405 = CARTESIAN_POINT('',(5.945449453864E+03,-1.425E+03,
    3.288589787576E+03));
#3406 = CARTESIAN_POINT('',(5.944706031123E+03,-1.425E+03,
    3.289819175785E+03));
#3407 = CARTESIAN_POINT('',(5.943928864864E+03,-1.425E+03,
    3.291027489498E+03));
#3408 = CARTESIAN_POINT('',(5.943118955108E+03,-1.425E+03,
    3.292213866429E+03));
#3409 = CARTESIAN_POINT('',(5.942277334255E+03,-1.425E+03,
    3.293377512363E+03));
#3410 = CARTESIAN_POINT('',(5.940021550474E+03,-1.425E+03,
    3.296326157923E+03));
#3411 = CARTESIAN_POINT('',(5.938560905849E+03,-1.425E+03,
    3.298075632732E+03));
#3412 = CARTESIAN_POINT('',(5.937027361551E+03,-1.425E+03,
    3.299763218942E+03));
#3413 = CARTESIAN_POINT('',(5.935425249493E+03,-1.425E+03,
    3.301386532253E+03));
#3414 = CARTESIAN_POINT('',(5.933758946831E+03,-1.425E+03,
    3.302943654316E+03));
#3415 = CARTESIAN_POINT('',(5.932032828123E+03,-1.425E+03,
    3.304433084928E+03));
#3416 = CARTESIAN_POINT('',(5.930251225091E+03,-1.425E+03,
    3.305853700997E+03));
#3417 = CARTESIAN_POINT('',(5.92664541041E+03,-1.425E+03,
    3.308511628588E+03));
#3418 = CARTESIAN_POINT('',(5.924824465807E+03,-1.425E+03,
    3.309753427989E+03));
#3419 = CARTESIAN_POINT('',(5.922959347506E+03,-1.425E+03,
    3.310929456483E+03));
#3420 = CARTESIAN_POINT('',(5.921053742131E+03,-1.425E+03,
    3.312039350095E+03));
#3421 = CARTESIAN_POINT('',(5.919111210864E+03,-1.425E+03,
    3.313083000537E+03));
#3422 = CARTESIAN_POINT('',(5.917135164723E+03,-1.425E+03,
    3.314060510854E+03));
#3423 = CARTESIAN_POINT('',(5.915128839852E+03,-1.425E+03,
    3.314972151062E+03));
#3424 = CARTESIAN_POINT('',(5.909178605432E+03,-1.425E+03,
    3.317448030397E+03));
#3425 = CARTESIAN_POINT('',(5.905162322564E+03,-1.425E+03,
    3.318834257645E+03));
#3426 = CARTESIAN_POINT('',(5.901066524681E+03,-1.425E+03,
    3.319980824744E+03));
#3427 = CARTESIAN_POINT('',(5.896909967206E+03,-1.425E+03,
    3.320891889785E+03));
#3428 = CARTESIAN_POINT('',(5.892710019095E+03,-1.425E+03,
    3.321571632896E+03));
#3429 = CARTESIAN_POINT('',(5.888482531795E+03,-1.425E+03,
    3.322023487466E+03));
#3430 = CARTESIAN_POINT('',(5.884241715762E+03,-1.425E+03,
    3.32224949799E+03));
#3431 = CARTESIAN_POINT('',(5.88E+03,-1.425E+03,3.32224949799E+03));
#3432 = PCURVE('',#985,#3433);
#3433 = DEFINITIONAL_REPRESENTATION('',(#3434),#3472);
#3434 = B_SPLINE_CURVE_WITH_KNOTS('',8,(#3435,#3436,#3437,#3438,#3439,
    #3440,#3441,#3442,#3443,#3444,#3445,#3446,#3447,#3448,#3449,#3450,
    #3451,#3452,#3453,#3454,#3455,#3456,#3457,#3458,#3459,#3460,#3461,
    #3462,#3463,#3464,#3465,#3466,#3467,#3468,#3469,#3470,#3471),
  .UNSPECIFIED.,.F.,.F.,(9,7,7,7,7,9),(0.,0.240196981182,0.347581623529,
    0.517905156352,0.682667099907,1.),.UNSPECIFIED.);
#3435 = CARTESIAN_POINT('',(3.22E+03,1.192831439149E+04));
#3436 = CARTESIAN_POINT('',(3.223211178089E+03,1.192831439149E+04));
#3437 = CARTESIAN_POINT('',(3.226422993298E+03,1.192810006723E+04));
#3438 = CARTESIAN_POINT('',(3.229617736604E+03,1.192767127331E+04));
#3439 = CARTESIAN_POINT('',(3.232778747356E+03,1.192703052488E+04));
#3440 = CARTESIAN_POINT('',(3.235890308842E+03,1.192618241675E+04));
#3441 = CARTESIAN_POINT('',(3.238937610337E+03,1.192513338955E+04));
#3442 = CARTESIAN_POINT('',(3.241906765628E+03,1.192389174859E+04));
#3443 = CARTESIAN_POINT('',(3.246071593041E+03,1.192183125652E+04));
#3444 = CARTESIAN_POINT('',(3.247340257751E+03,1.192115816956E+04));
#3445 = CARTESIAN_POINT('',(3.248589787576E+03,1.192044945386E+04));
#3446 = CARTESIAN_POINT('',(3.249819175785E+03,1.191970603112E+04));
#3447 = CARTESIAN_POINT('',(3.251027489498E+03,1.191892886486E+04));
#3448 = CARTESIAN_POINT('',(3.252213866429E+03,1.191811895511E+04));
#3449 = CARTESIAN_POINT('',(3.253377512363E+03,1.191727733425E+04));
#3450 = CARTESIAN_POINT('',(3.256326157923E+03,1.191502155047E+04));
#3451 = CARTESIAN_POINT('',(3.258075632732E+03,1.191356090585E+04));
#3452 = CARTESIAN_POINT('',(3.259763218942E+03,1.191202736155E+04));
#3453 = CARTESIAN_POINT('',(3.261386532253E+03,1.191042524949E+04));
#3454 = CARTESIAN_POINT('',(3.262943654316E+03,1.190875894683E+04));
#3455 = CARTESIAN_POINT('',(3.264433084928E+03,1.190703282812E+04));
#3456 = CARTESIAN_POINT('',(3.265853700997E+03,1.190525122509E+04));
#3457 = CARTESIAN_POINT('',(3.268511628588E+03,1.190164541041E+04));
#3458 = CARTESIAN_POINT('',(3.269753427989E+03,1.189982446581E+04));
#3459 = CARTESIAN_POINT('',(3.270929456483E+03,1.189795934751E+04));
#3460 = CARTESIAN_POINT('',(3.272039350095E+03,1.189605374213E+04));
#3461 = CARTESIAN_POINT('',(3.273083000537E+03,1.189411121086E+04));
#3462 = CARTESIAN_POINT('',(3.274060510854E+03,1.189213516472E+04));
#3463 = CARTESIAN_POINT('',(3.274972151062E+03,1.189012883985E+04));
#3464 = CARTESIAN_POINT('',(3.277448030397E+03,1.188417860543E+04));
#3465 = CARTESIAN_POINT('',(3.278834257645E+03,1.188016232256E+04));
#3466 = CARTESIAN_POINT('',(3.279980824744E+03,1.187606652468E+04));
#3467 = CARTESIAN_POINT('',(3.280891889785E+03,1.187190996721E+04));
#3468 = CARTESIAN_POINT('',(3.281571632896E+03,1.18677100191E+04));
#3469 = CARTESIAN_POINT('',(3.282023487466E+03,1.186348253179E+04));
#3470 = CARTESIAN_POINT('',(3.28224949799E+03,1.185924171576E+04));
#3471 = CARTESIAN_POINT('',(3.28224949799E+03,1.1855E+04));
#3472 = ( GEOMETRIC_REPRESENTATION_CONTEXT(2) 
PARAMETRIC_REPRESENTATION_CONTEXT() REPRESENTATION_CONTEXT('2D SPACE',''
  ) );
#3473 = PCURVE('',#1668,#3474);
#3474 = DEFINITIONAL_REPRESENTATION('',(#3475),#3513);
#3475 = B_SPLINE_CURVE_WITH_KNOTS('',8,(#3476,#3477,#3478,#3479,#3480,
    #3481,#3482,#3483,#3484,#3485,#3486,#3487,#3488,#3489,#3490,#3491,
    #3492,#3493,#3494,#3495,#3496,#3497,#3498,#3499,#3500,#3501,#3502,
    #3503,#3504,#3505,#3506,#3507,#3508,#3509,#3510,#3511,#3512),
  .UNSPECIFIED.,.F.,.F.,(9,7,7,7,7,9),(0.,0.240196981182,0.347581623529,
    0.517905156352,0.682667099907,1.),.UNSPECIFIED.);
#3476 = CARTESIAN_POINT('',(-0.913532173549,0.));
#3477 = CARTESIAN_POINT('',(-0.913532173549,3.567975653916E-02));
#3478 = CARTESIAN_POINT('',(-0.914946123005,7.136659011167E-02));
#3479 = CARTESIAN_POINT('',(-0.91777495168,0.1069329609));
#3480 = CARTESIAN_POINT('',(-0.922019430489,0.14226304629));
#3481 = CARTESIAN_POINT('',(-0.927683722744,0.17724623318));
#3482 = CARTESIAN_POINT('',(-0.934775424442,0.211772231202));
#3483 = CARTESIAN_POINT('',(-0.943302258094,0.245727514518));
#3484 = CARTESIAN_POINT('',(-0.957719879837,0.293864680187));
#3485 = CARTESIAN_POINT('',(-0.962461793614,0.308600343722));
#3486 = CARTESIAN_POINT('',(-0.967491817116,0.323189945923));
#3487 = CARTESIAN_POINT('',(-0.972810432711,0.337623883591));
#3488 = CARTESIAN_POINT('',(-0.978418080755,0.351892717259));
#3489 = CARTESIAN_POINT('',(-0.9843151095,0.365987112887));
#3490 = CARTESIAN_POINT('',(-0.990501708142,0.379897802852));
#3491 = CARTESIAN_POINT('',(-1.007249634168,0.415373406739));
#3492 = CARTESIAN_POINT('',(-1.018249983325,0.436646289356));
#3493 = CARTESIAN_POINT('',(-1.029978700225,0.457397431142));
#3494 = CARTESIAN_POINT('',(-1.042434741655,0.477591571519));
#3495 = CARTESIAN_POINT('',(-1.055615581415,0.497194445347));
#3496 = CARTESIAN_POINT('',(-1.069516537568,0.5161725217));
#3497 = CARTESIAN_POINT('',(-1.084130037017,0.534493008347));
#3498 = CARTESIAN_POINT('',(-1.114259522851,0.569179525236));
#3499 = CARTESIAN_POINT('',(-1.129730612679,0.585590042905));
#3500 = CARTESIAN_POINT('',(-1.145848606869,0.601327538895));
#3501 = CARTESIAN_POINT('',(-1.162600923424,0.616364671835));
#3502 = CARTESIAN_POINT('',(-1.179971521282,0.630675100757));
#3503 = CARTESIAN_POINT('',(-1.197940543254,0.644233690823));
#3504 = CARTESIAN_POINT('',(-1.216483958969,0.65701671904));
#3505 = CARTESIAN_POINT('',(-1.272339262947,0.692085986768));
#3506 = CARTESIAN_POINT('',(-1.311116778303,0.712202514438));
#3507 = CARTESIAN_POINT('',(-1.35171657262,0.729207961284));
#3508 = CARTESIAN_POINT('',(-1.39388122277,0.742964968703));
#3509 = CARTESIAN_POINT('',(-1.437277951961,0.753357835699));
#3510 = CARTESIAN_POINT('',(-1.481506514825,0.760309404752));
#3511 = CARTESIAN_POINT('',(-1.526146687196,0.763786496398));
#3512 = CARTESIAN_POINT('',(-1.570796326795,0.763786496398));
#3513 = ( GEOMETRIC_REPRESENTATION_CONTEXT(2) 
PARAMETRIC_REPRESENTATION_CONTEXT() REPRESENTATION_CONTEXT('2D SPACE',''
  ) );
#3514 = ORIENTED_EDGE('',*,*,#3515,.F.);
#3515 = EDGE_CURVE('',#3345,#3391,#3516,.T.);
#3516 = SURFACE_CURVE('',#3517,(#3521,#3528),.PCURVE_S1.);
#3517 = LINE('',#3518,#3519);
#3518 = CARTESIAN_POINT('',(5.905E+03,-1.425E+03,40.));
#3519 = VECTOR('',#3520,1.);
#3520 = DIRECTION('',(0.,0.,1.));
#3521 = PCURVE('',#985,#3522);
#3522 = DEFINITIONAL_REPRESENTATION('',(#3523),#3527);
#3523 = LINE('',#3524,#3525);
#3524 = CARTESIAN_POINT('',(0.,1.188E+04));
#3525 = VECTOR('',#3526,1.);
#3526 = DIRECTION('',(1.,0.));
#3527 = ( GEOMETRIC_REPRESENTATION_CONTEXT(2) 
PARAMETRIC_REPRESENTATION_CONTEXT() REPRESENTATION_CONTEXT('2D SPACE',''
  ) );
#3528 = PCURVE('',#3529,#3534);
#3529 = CYLINDRICAL_SURFACE('',#3530,70.);
#3530 = AXIS2_PLACEMENT_3D('',#3531,#3532,#3533);
#3531 = CARTESIAN_POINT('',(5.905E+03,-1.355E+03,40.));
#3532 = DIRECTION('',(0.,0.,1.));
#3533 = DIRECTION('',(1.,0.,-0.));
#3534 = DEFINITIONAL_REPRESENTATION('',(#3535),#3539);
#3535 = LINE('',#3536,#3537);
#3536 = CARTESIAN_POINT('',(-1.570796326795,0.));
#3537 = VECTOR('',#3538,1.);
#3538 = DIRECTION('',(-0.,1.));
#3539 = ( GEOMETRIC_REPRESENTATION_CONTEXT(2) 
PARAMETRIC_REPRESENTATION_CONTEXT() REPRESENTATION_CONTEXT('2D SPACE',''
  ) );
#3540 = FACE_BOUND('',#3541,.T.);
#3541 = EDGE_LOOP('',(#3542,#3565,#3586,#3607));
#3542 = ORIENTED_EDGE('',*,*,#3543,.F.);
#3543 = EDGE_CURVE('',#3544,#3546,#3548,.T.);
#3544 = VERTEX_POINT('',#3545);
#3545 = CARTESIAN_POINT('',(-2.99E+03,-1.425E+03,590.));
#3546 = VERTEX_POINT('',#3547);
#3547 = CARTESIAN_POINT('',(-2.61E+03,-1.425E+03,590.));
#3548 = SURFACE_CURVE('',#3549,(#3553,#3559),.PCURVE_S1.);
#3549 = LINE('',#3550,#3551);
#3550 = CARTESIAN_POINT('',(-4.4825E+03,-1.425E+03,590.));
#3551 = VECTOR('',#3552,1.);
#3552 = DIRECTION('',(1.,0.,0.));
#3553 = PCURVE('',#985,#3554);
#3554 = DEFINITIONAL_REPRESENTATION('',(#3555),#3558);
#3555 = B_SPLINE_CURVE_WITH_KNOTS('',1,(#3556,#3557),.UNSPECIFIED.,.F.,
  .F.,(2,2),(1.4925E+03,1.8725E+03),.PIECEWISE_BEZIER_KNOTS.);
#3556 = CARTESIAN_POINT('',(550.,2.985E+03));
#3557 = CARTESIAN_POINT('',(550.,3.365E+03));
#3558 = ( GEOMETRIC_REPRESENTATION_CONTEXT(2) 
PARAMETRIC_REPRESENTATION_CONTEXT() REPRESENTATION_CONTEXT('2D SPACE',''
  ) );
#3559 = PCURVE('',#1183,#3560);
#3560 = DEFINITIONAL_REPRESENTATION('',(#3561),#3564);
#3561 = B_SPLINE_CURVE_WITH_KNOTS('',1,(#3562,#3563),.UNSPECIFIED.,.F.,
  .F.,(2,2),(1.4925E+03,1.8725E+03),.PIECEWISE_BEZIER_KNOTS.);
#3562 = CARTESIAN_POINT('',(0.,25.));
#3563 = CARTESIAN_POINT('',(380.,25.));
#3564 = ( GEOMETRIC_REPRESENTATION_CONTEXT(2) 
PARAMETRIC_REPRESENTATION_CONTEXT() REPRESENTATION_CONTEXT('2D SPACE',''
  ) );
#3565 = ORIENTED_EDGE('',*,*,#3566,.T.);
#3566 = EDGE_CURVE('',#3544,#3567,#3569,.T.);
#3567 = VERTEX_POINT('',#3568);
#3568 = CARTESIAN_POINT('',(-2.99E+03,-1.425E+03,450.));
#3569 = SURFACE_CURVE('',#3570,(#3574,#3580),.PCURVE_S1.);
#3570 = LINE('',#3571,#3572);
#3571 = CARTESIAN_POINT('',(-2.99E+03,-1.425E+03,245.));
#3572 = VECTOR('',#3573,1.);
#3573 = DIRECTION('',(0.,0.,-1.));
#3574 = PCURVE('',#985,#3575);
#3575 = DEFINITIONAL_REPRESENTATION('',(#3576),#3579);
#3576 = B_SPLINE_CURVE_WITH_KNOTS('',1,(#3577,#3578),.UNSPECIFIED.,.F.,
  .F.,(2,2),(-345.,-205.),.PIECEWISE_BEZIER_KNOTS.);
#3577 = CARTESIAN_POINT('',(550.,2.985E+03));
#3578 = CARTESIAN_POINT('',(410.,2.985E+03));
#3579 = ( GEOMETRIC_REPRESENTATION_CONTEXT(2) 
PARAMETRIC_REPRESENTATION_CONTEXT() REPRESENTATION_CONTEXT('2D SPACE',''
  ) );
#3580 = PCURVE('',#1211,#3581);
#3581 = DEFINITIONAL_REPRESENTATION('',(#3582),#3585);
#3582 = B_SPLINE_CURVE_WITH_KNOTS('',1,(#3583,#3584),.UNSPECIFIED.,.F.,
  .F.,(2,2),(-345.,-205.),.PIECEWISE_BEZIER_KNOTS.);
#3583 = CARTESIAN_POINT('',(140.,-25.));
#3584 = CARTESIAN_POINT('',(0.,-25.));
#3585 = ( GEOMETRIC_REPRESENTATION_CONTEXT(2) 
PARAMETRIC_REPRESENTATION_CONTEXT() REPRESENTATION_CONTEXT('2D SPACE',''
  ) );
#3586 = ORIENTED_EDGE('',*,*,#3587,.T.);
#3587 = EDGE_CURVE('',#3567,#3588,#3590,.T.);
#3588 = VERTEX_POINT('',#3589);
#3589 = CARTESIAN_POINT('',(-2.61E+03,-1.425E+03,450.));
#3590 = SURFACE_CURVE('',#3591,(#3595,#3601),.PCURVE_S1.);
#3591 = LINE('',#3592,#3593);
#3592 = CARTESIAN_POINT('',(-4.4825E+03,-1.425E+03,450.));
#3593 = VECTOR('',#3594,1.);
#3594 = DIRECTION('',(1.,0.,0.));
#3595 = PCURVE('',#985,#3596);
#3596 = DEFINITIONAL_REPRESENTATION('',(#3597),#3600);
#3597 = B_SPLINE_CURVE_WITH_KNOTS('',1,(#3598,#3599),.UNSPECIFIED.,.F.,
  .F.,(2,2),(1.4925E+03,1.8725E+03),.PIECEWISE_BEZIER_KNOTS.);
#3598 = CARTESIAN_POINT('',(410.,2.985E+03));
#3599 = CARTESIAN_POINT('',(410.,3.365E+03));
#3600 = ( GEOMETRIC_REPRESENTATION_CONTEXT(2) 
PARAMETRIC_REPRESENTATION_CONTEXT() REPRESENTATION_CONTEXT('2D SPACE',''
  ) );
#3601 = PCURVE('',#1239,#3602);
#3602 = DEFINITIONAL_REPRESENTATION('',(#3603),#3606);
#3603 = B_SPLINE_CURVE_WITH_KNOTS('',1,(#3604,#3605),.UNSPECIFIED.,.F.,
  .F.,(2,2),(1.4925E+03,1.8725E+03),.PIECEWISE_BEZIER_KNOTS.);
#3604 = CARTESIAN_POINT('',(0.,25.));
#3605 = CARTESIAN_POINT('',(380.,25.));
#3606 = ( GEOMETRIC_REPRESENTATION_CONTEXT(2) 
PARAMETRIC_REPRESENTATION_CONTEXT() REPRESENTATION_CONTEXT('2D SPACE',''
  ) );
#3607 = ORIENTED_EDGE('',*,*,#3608,.F.);
#3608 = EDGE_CURVE('',#3546,#3588,#3609,.T.);
#3609 = SURFACE_CURVE('',#3610,(#3614,#3620),.PCURVE_S1.);
#3610 = LINE('',#3611,#3612);
#3611 = CARTESIAN_POINT('',(-2.61E+03,-1.425E+03,245.));
#3612 = VECTOR('',#3613,1.);
#3613 = DIRECTION('',(0.,0.,-1.));
#3614 = PCURVE('',#985,#3615);
#3615 = DEFINITIONAL_REPRESENTATION('',(#3616),#3619);
#3616 = B_SPLINE_CURVE_WITH_KNOTS('',1,(#3617,#3618),.UNSPECIFIED.,.F.,
  .F.,(2,2),(-345.,-205.),.PIECEWISE_BEZIER_KNOTS.);
#3617 = CARTESIAN_POINT('',(550.,3.365E+03));
#3618 = CARTESIAN_POINT('',(410.,3.365E+03));
#3619 = ( GEOMETRIC_REPRESENTATION_CONTEXT(2) 
PARAMETRIC_REPRESENTATION_CONTEXT() REPRESENTATION_CONTEXT('2D SPACE',''
  ) );
#3620 = PCURVE('',#1265,#3621);
#3621 = DEFINITIONAL_REPRESENTATION('',(#3622),#3625);
#3622 = B_SPLINE_CURVE_WITH_KNOTS('',1,(#3623,#3624),.UNSPECIFIED.,.F.,
  .F.,(2,2),(-345.,-205.),.PIECEWISE_BEZIER_KNOTS.);
#3623 = CARTESIAN_POINT('',(140.,-25.));
#3624 = CARTESIAN_POINT('',(0.,-25.));
#3625 = ( GEOMETRIC_REPRESENTATION_CONTEXT(2) 
PARAMETRIC_REPRESENTATION_CONTEXT() REPRESENTATION_CONTEXT('2D SPACE',''
  ) );
#3626 = FACE_BOUND('',#3627,.T.);
#3627 = EDGE_LOOP('',(#3628,#3651,#3672,#3693));
#3628 = ORIENTED_EDGE('',*,*,#3629,.F.);
#3629 = EDGE_CURVE('',#3630,#3632,#3634,.T.);
#3630 = VERTEX_POINT('',#3631);
#3631 = CARTESIAN_POINT('',(-1.89E+03,-1.425E+03,590.));
#3632 = VERTEX_POINT('',#3633);
#3633 = CARTESIAN_POINT('',(-1.51E+03,-1.425E+03,590.));
#3634 = SURFACE_CURVE('',#3635,(#3639,#3645),.PCURVE_S1.);
#3635 = LINE('',#3636,#3637);
#3636 = CARTESIAN_POINT('',(-3.9325E+03,-1.425E+03,590.));
#3637 = VECTOR('',#3638,1.);
#3638 = DIRECTION('',(1.,0.,0.));
#3639 = PCURVE('',#985,#3640);
#3640 = DEFINITIONAL_REPRESENTATION('',(#3641),#3644);
#3641 = B_SPLINE_CURVE_WITH_KNOTS('',1,(#3642,#3643),.UNSPECIFIED.,.F.,
  .F.,(2,2),(2.0425E+03,2.4225E+03),.PIECEWISE_BEZIER_KNOTS.);
#3642 = CARTESIAN_POINT('',(550.,4.085E+03));
#3643 = CARTESIAN_POINT('',(550.,4.465E+03));
#3644 = ( GEOMETRIC_REPRESENTATION_CONTEXT(2) 
PARAMETRIC_REPRESENTATION_CONTEXT() REPRESENTATION_CONTEXT('2D SPACE',''
  ) );
#3645 = PCURVE('',#1297,#3646);
#3646 = DEFINITIONAL_REPRESENTATION('',(#3647),#3650);
#3647 = B_SPLINE_CURVE_WITH_KNOTS('',1,(#3648,#3649),.UNSPECIFIED.,.F.,
  .F.,(2,2),(2.0425E+03,2.4225E+03),.PIECEWISE_BEZIER_KNOTS.);
#3648 = CARTESIAN_POINT('',(0.,25.));
#3649 = CARTESIAN_POINT('',(380.,25.));
#3650 = ( GEOMETRIC_REPRESENTATION_CONTEXT(2) 
PARAMETRIC_REPRESENTATION_CONTEXT() REPRESENTATION_CONTEXT('2D SPACE',''
  ) );
#3651 = ORIENTED_EDGE('',*,*,#3652,.T.);
#3652 = EDGE_CURVE('',#3630,#3653,#3655,.T.);
#3653 = VERTEX_POINT('',#3654);
#3654 = CARTESIAN_POINT('',(-1.89E+03,-1.425E+03,450.));
#3655 = SURFACE_CURVE('',#3656,(#3660,#3666),.PCURVE_S1.);
#3656 = LINE('',#3657,#3658);
#3657 = CARTESIAN_POINT('',(-1.89E+03,-1.425E+03,245.));
#3658 = VECTOR('',#3659,1.);
#3659 = DIRECTION('',(0.,0.,-1.));
#3660 = PCURVE('',#985,#3661);
#3661 = DEFINITIONAL_REPRESENTATION('',(#3662),#3665);
#3662 = B_SPLINE_CURVE_WITH_KNOTS('',1,(#3663,#3664),.UNSPECIFIED.,.F.,
  .F.,(2,2),(-345.,-205.),.PIECEWISE_BEZIER_KNOTS.);
#3663 = CARTESIAN_POINT('',(550.,4.085E+03));
#3664 = CARTESIAN_POINT('',(410.,4.085E+03));
#3665 = ( GEOMETRIC_REPRESENTATION_CONTEXT(2) 
PARAMETRIC_REPRESENTATION_CONTEXT() REPRESENTATION_CONTEXT('2D SPACE',''
  ) );
#3666 = PCURVE('',#1325,#3667);
#3667 = DEFINITIONAL_REPRESENTATION('',(#3668),#3671);
#3668 = B_SPLINE_CURVE_WITH_KNOTS('',1,(#3669,#3670),.UNSPECIFIED.,.F.,
  .F.,(2,2),(-345.,-205.),.PIECEWISE_BEZIER_KNOTS.);
#3669 = CARTESIAN_POINT('',(140.,-25.));
#3670 = CARTESIAN_POINT('',(0.,-25.));
#3671 = ( GEOMETRIC_REPRESENTATION_CONTEXT(2) 
PARAMETRIC_REPRESENTATION_CONTEXT() REPRESENTATION_CONTEXT('2D SPACE',''
  ) );
#3672 = ORIENTED_EDGE('',*,*,#3673,.T.);
#3673 = EDGE_CURVE('',#3653,#3674,#3676,.T.);
#3674 = VERTEX_POINT('',#3675);
#3675 = CARTESIAN_POINT('',(-1.51E+03,-1.425E+03,450.));
#3676 = SURFACE_CURVE('',#3677,(#3681,#3687),.PCURVE_S1.);
#3677 = LINE('',#3678,#3679);
#3678 = CARTESIAN_POINT('',(-3.9325E+03,-1.425E+03,450.));
#3679 = VECTOR('',#3680,1.);
#3680 = DIRECTION('',(1.,0.,0.));
#3681 = PCURVE('',#985,#3682);
#3682 = DEFINITIONAL_REPRESENTATION('',(#3683),#3686);
#3683 = B_SPLINE_CURVE_WITH_KNOTS('',1,(#3684,#3685),.UNSPECIFIED.,.F.,
  .F.,(2,2),(2.0425E+03,2.4225E+03),.PIECEWISE_BEZIER_KNOTS.);
#3684 = CARTESIAN_POINT('',(410.,4.085E+03));
#3685 = CARTESIAN_POINT('',(410.,4.465E+03));
#3686 = ( GEOMETRIC_REPRESENTATION_CONTEXT(2) 
PARAMETRIC_REPRESENTATION_CONTEXT() REPRESENTATION_CONTEXT('2D SPACE',''
  ) );
#3687 = PCURVE('',#1353,#3688);
#3688 = DEFINITIONAL_REPRESENTATION('',(#3689),#3692);
#3689 = B_SPLINE_CURVE_WITH_KNOTS('',1,(#3690,#3691),.UNSPECIFIED.,.F.,
  .F.,(2,2),(2.0425E+03,2.4225E+03),.PIECEWISE_BEZIER_KNOTS.);
#3690 = CARTESIAN_POINT('',(0.,25.));
#3691 = CARTESIAN_POINT('',(380.,25.));
#3692 = ( GEOMETRIC_REPRESENTATION_CONTEXT(2) 
PARAMETRIC_REPRESENTATION_CONTEXT() REPRESENTATION_CONTEXT('2D SPACE',''
  ) );
#3693 = ORIENTED_EDGE('',*,*,#3694,.F.);
#3694 = EDGE_CURVE('',#3632,#3674,#3695,.T.);
#3695 = SURFACE_CURVE('',#3696,(#3700,#3706),.PCURVE_S1.);
#3696 = LINE('',#3697,#3698);
#3697 = CARTESIAN_POINT('',(-1.51E+03,-1.425E+03,245.));
#3698 = VECTOR('',#3699,1.);
#3699 = DIRECTION('',(0.,0.,-1.));
#3700 = PCURVE('',#985,#3701);
#3701 = DEFINITIONAL_REPRESENTATION('',(#3702),#3705);
#3702 = B_SPLINE_CURVE_WITH_KNOTS('',1,(#3703,#3704),.UNSPECIFIED.,.F.,
  .F.,(2,2),(-345.,-205.),.PIECEWISE_BEZIER_KNOTS.);
#3703 = CARTESIAN_POINT('',(550.,4.465E+03));
#3704 = CARTESIAN_POINT('',(410.,4.465E+03));
#3705 = ( GEOMETRIC_REPRESENTATION_CONTEXT(2) 
PARAMETRIC_REPRESENTATION_CONTEXT() REPRESENTATION_CONTEXT('2D SPACE',''
  ) );
#3706 = PCURVE('',#1379,#3707);
#3707 = DEFINITIONAL_REPRESENTATION('',(#3708),#3711);
#3708 = B_SPLINE_CURVE_WITH_KNOTS('',1,(#3709,#3710),.UNSPECIFIED.,.F.,
  .F.,(2,2),(-345.,-205.),.PIECEWISE_BEZIER_KNOTS.);
#3709 = CARTESIAN_POINT('',(140.,-25.));
#3710 = CARTESIAN_POINT('',(0.,-25.));
#3711 = ( GEOMETRIC_REPRESENTATION_CONTEXT(2) 
PARAMETRIC_REPRESENTATION_CONTEXT() REPRESENTATION_CONTEXT('2D SPACE',''
  ) );
#3712 = FACE_BOUND('',#3713,.T.);
#3713 = EDGE_LOOP('',(#3714,#3737,#3758,#3779));
#3714 = ORIENTED_EDGE('',*,*,#3715,.F.);
#3715 = EDGE_CURVE('',#3716,#3718,#3720,.T.);
#3716 = VERTEX_POINT('',#3717);
#3717 = CARTESIAN_POINT('',(1.51E+03,-1.425E+03,590.));
#3718 = VERTEX_POINT('',#3719);
#3719 = CARTESIAN_POINT('',(1.89E+03,-1.425E+03,590.));
#3720 = SURFACE_CURVE('',#3721,(#3725,#3731),.PCURVE_S1.);
#3721 = LINE('',#3722,#3723);
#3722 = CARTESIAN_POINT('',(-2.2325E+03,-1.425E+03,590.));
#3723 = VECTOR('',#3724,1.);
#3724 = DIRECTION('',(1.,0.,0.));
#3725 = PCURVE('',#985,#3726);
#3726 = DEFINITIONAL_REPRESENTATION('',(#3727),#3730);
#3727 = B_SPLINE_CURVE_WITH_KNOTS('',1,(#3728,#3729),.UNSPECIFIED.,.F.,
  .F.,(2,2),(3.7425E+03,4.1225E+03),.PIECEWISE_BEZIER_KNOTS.);
#3728 = CARTESIAN_POINT('',(550.,7.485E+03));
#3729 = CARTESIAN_POINT('',(550.,7.865E+03));
#3730 = ( GEOMETRIC_REPRESENTATION_CONTEXT(2) 
PARAMETRIC_REPRESENTATION_CONTEXT() REPRESENTATION_CONTEXT('2D SPACE',''
  ) );
#3731 = PCURVE('',#1411,#3732);
#3732 = DEFINITIONAL_REPRESENTATION('',(#3733),#3736);
#3733 = B_SPLINE_CURVE_WITH_KNOTS('',1,(#3734,#3735),.UNSPECIFIED.,.F.,
  .F.,(2,2),(3.7425E+03,4.1225E+03),.PIECEWISE_BEZIER_KNOTS.);
#3734 = CARTESIAN_POINT('',(0.,25.));
#3735 = CARTESIAN_POINT('',(380.,25.));
#3736 = ( GEOMETRIC_REPRESENTATION_CONTEXT(2) 
PARAMETRIC_REPRESENTATION_CONTEXT() REPRESENTATION_CONTEXT('2D SPACE',''
  ) );
#3737 = ORIENTED_EDGE('',*,*,#3738,.T.);
#3738 = EDGE_CURVE('',#3716,#3739,#3741,.T.);
#3739 = VERTEX_POINT('',#3740);
#3740 = CARTESIAN_POINT('',(1.51E+03,-1.425E+03,450.));
#3741 = SURFACE_CURVE('',#3742,(#3746,#3752),.PCURVE_S1.);
#3742 = LINE('',#3743,#3744);
#3743 = CARTESIAN_POINT('',(1.51E+03,-1.425E+03,245.));
#3744 = VECTOR('',#3745,1.);
#3745 = DIRECTION('',(0.,0.,-1.));
#3746 = PCURVE('',#985,#3747);
#3747 = DEFINITIONAL_REPRESENTATION('',(#3748),#3751);
#3748 = B_SPLINE_CURVE_WITH_KNOTS('',1,(#3749,#3750),.UNSPECIFIED.,.F.,
  .F.,(2,2),(-345.,-205.),.PIECEWISE_BEZIER_KNOTS.);
#3749 = CARTESIAN_POINT('',(550.,7.485E+03));
#3750 = CARTESIAN_POINT('',(410.,7.485E+03));
#3751 = ( GEOMETRIC_REPRESENTATION_CONTEXT(2) 
PARAMETRIC_REPRESENTATION_CONTEXT() REPRESENTATION_CONTEXT('2D SPACE',''
  ) );
#3752 = PCURVE('',#1439,#3753);
#3753 = DEFINITIONAL_REPRESENTATION('',(#3754),#3757);
#3754 = B_SPLINE_CURVE_WITH_KNOTS('',1,(#3755,#3756),.UNSPECIFIED.,.F.,
  .F.,(2,2),(-345.,-205.),.PIECEWISE_BEZIER_KNOTS.);
#3755 = CARTESIAN_POINT('',(140.,-25.));
#3756 = CARTESIAN_POINT('',(0.,-25.));
#3757 = ( GEOMETRIC_REPRESENTATION_CONTEXT(2) 
PARAMETRIC_REPRESENTATION_CONTEXT() REPRESENTATION_CONTEXT('2D SPACE',''
  ) );
#3758 = ORIENTED_EDGE('',*,*,#3759,.T.);
#3759 = EDGE_CURVE('',#3739,#3760,#3762,.T.);
#3760 = VERTEX_POINT('',#3761);
#3761 = CARTESIAN_POINT('',(1.89E+03,-1.425E+03,450.));
#3762 = SURFACE_CURVE('',#3763,(#3767,#3773),.PCURVE_S1.);
#3763 = LINE('',#3764,#3765);
#3764 = CARTESIAN_POINT('',(-2.2325E+03,-1.425E+03,450.));
#3765 = VECTOR('',#3766,1.);
#3766 = DIRECTION('',(1.,0.,0.));
#3767 = PCURVE('',#985,#3768);
#3768 = DEFINITIONAL_REPRESENTATION('',(#3769),#3772);
#3769 = B_SPLINE_CURVE_WITH_KNOTS('',1,(#3770,#3771),.UNSPECIFIED.,.F.,
  .F.,(2,2),(3.7425E+03,4.1225E+03),.PIECEWISE_BEZIER_KNOTS.);
#3770 = CARTESIAN_POINT('',(410.,7.485E+03));
#3771 = CARTESIAN_POINT('',(410.,7.865E+03));
#3772 = ( GEOMETRIC_REPRESENTATION_CONTEXT(2) 
PARAMETRIC_REPRESENTATION_CONTEXT() REPRESENTATION_CONTEXT('2D SPACE',''
  ) );
#3773 = PCURVE('',#1467,#3774);
#3774 = DEFINITIONAL_REPRESENTATION('',(#3775),#3778);
#3775 = B_SPLINE_CURVE_WITH_KNOTS('',1,(#3776,#3777),.UNSPECIFIED.,.F.,
  .F.,(2,2),(3.7425E+03,4.1225E+03),.PIECEWISE_BEZIER_KNOTS.);
#3776 = CARTESIAN_POINT('',(0.,25.));
#3777 = CARTESIAN_POINT('',(380.,25.));
#3778 = ( GEOMETRIC_REPRESENTATION_CONTEXT(2) 
PARAMETRIC_REPRESENTATION_CONTEXT() REPRESENTATION_CONTEXT('2D SPACE',''
  ) );
#3779 = ORIENTED_EDGE('',*,*,#3780,.F.);
#3780 = EDGE_CURVE('',#3718,#3760,#3781,.T.);
#3781 = SURFACE_CURVE('',#3782,(#3786,#3792),.PCURVE_S1.);
#3782 = LINE('',#3783,#3784);
#3783 = CARTESIAN_POINT('',(1.89E+03,-1.425E+03,245.));
#3784 = VECTOR('',#3785,1.);
#3785 = DIRECTION('',(0.,0.,-1.));
#3786 = PCURVE('',#985,#3787);
#3787 = DEFINITIONAL_REPRESENTATION('',(#3788),#3791);
#3788 = B_SPLINE_CURVE_WITH_KNOTS('',1,(#3789,#3790),.UNSPECIFIED.,.F.,
  .F.,(2,2),(-345.,-205.),.PIECEWISE_BEZIER_KNOTS.);
#3789 = CARTESIAN_POINT('',(550.,7.865E+03));
#3790 = CARTESIAN_POINT('',(410.,7.865E+03));
#3791 = ( GEOMETRIC_REPRESENTATION_CONTEXT(2) 
PARAMETRIC_REPRESENTATION_CONTEXT() REPRESENTATION_CONTEXT('2D SPACE',''
  ) );
#3792 = PCURVE('',#1493,#3793);
#3793 = DEFINITIONAL_REPRESENTATION('',(#3794),#3797);
#3794 = B_SPLINE_CURVE_WITH_KNOTS('',1,(#3795,#3796),.UNSPECIFIED.,.F.,
  .F.,(2,2),(-345.,-205.),.PIECEWISE_BEZIER_KNOTS.);
#3795 = CARTESIAN_POINT('',(140.,-25.));
#3796 = CARTESIAN_POINT('',(0.,-25.));
#3797 = ( GEOMETRIC_REPRESENTATION_CONTEXT(2) 
PARAMETRIC_REPRESENTATION_CONTEXT() REPRESENTATION_CONTEXT('2D SPACE',''
  ) );
#3798 = FACE_BOUND('',#3799,.T.);
#3799 = EDGE_LOOP('',(#3800,#3823,#3844,#3865));
#3800 = ORIENTED_EDGE('',*,*,#3801,.F.);
#3801 = EDGE_CURVE('',#3802,#3804,#3806,.T.);
#3802 = VERTEX_POINT('',#3803);
#3803 = CARTESIAN_POINT('',(2.61E+03,-1.425E+03,590.));
#3804 = VERTEX_POINT('',#3805);
#3805 = CARTESIAN_POINT('',(2.99E+03,-1.425E+03,590.));
#3806 = SURFACE_CURVE('',#3807,(#3811,#3817),.PCURVE_S1.);
#3807 = LINE('',#3808,#3809);
#3808 = CARTESIAN_POINT('',(-1.6825E+03,-1.425E+03,590.));
#3809 = VECTOR('',#3810,1.);
#3810 = DIRECTION('',(1.,0.,0.));
#3811 = PCURVE('',#985,#3812);
#3812 = DEFINITIONAL_REPRESENTATION('',(#3813),#3816);
#3813 = B_SPLINE_CURVE_WITH_KNOTS('',1,(#3814,#3815),.UNSPECIFIED.,.F.,
  .F.,(2,2),(4.2925E+03,4.6725E+03),.PIECEWISE_BEZIER_KNOTS.);
#3814 = CARTESIAN_POINT('',(550.,8.585E+03));
#3815 = CARTESIAN_POINT('',(550.,8.965E+03));
#3816 = ( GEOMETRIC_REPRESENTATION_CONTEXT(2) 
PARAMETRIC_REPRESENTATION_CONTEXT() REPRESENTATION_CONTEXT('2D SPACE',''
  ) );
#3817 = PCURVE('',#1525,#3818);
#3818 = DEFINITIONAL_REPRESENTATION('',(#3819),#3822);
#3819 = B_SPLINE_CURVE_WITH_KNOTS('',1,(#3820,#3821),.UNSPECIFIED.,.F.,
  .F.,(2,2),(4.2925E+03,4.6725E+03),.PIECEWISE_BEZIER_KNOTS.);
#3820 = CARTESIAN_POINT('',(0.,25.));
#3821 = CARTESIAN_POINT('',(380.,25.));
#3822 = ( GEOMETRIC_REPRESENTATION_CONTEXT(2) 
PARAMETRIC_REPRESENTATION_CONTEXT() REPRESENTATION_CONTEXT('2D SPACE',''
  ) );
#3823 = ORIENTED_EDGE('',*,*,#3824,.T.);
#3824 = EDGE_CURVE('',#3802,#3825,#3827,.T.);
#3825 = VERTEX_POINT('',#3826);
#3826 = CARTESIAN_POINT('',(2.61E+03,-1.425E+03,450.));
#3827 = SURFACE_CURVE('',#3828,(#3832,#3838),.PCURVE_S1.);
#3828 = LINE('',#3829,#3830);
#3829 = CARTESIAN_POINT('',(2.61E+03,-1.425E+03,245.));
#3830 = VECTOR('',#3831,1.);
#3831 = DIRECTION('',(0.,0.,-1.));
#3832 = PCURVE('',#985,#3833);
#3833 = DEFINITIONAL_REPRESENTATION('',(#3834),#3837);
#3834 = B_SPLINE_CURVE_WITH_KNOTS('',1,(#3835,#3836),.UNSPECIFIED.,.F.,
  .F.,(2,2),(-345.,-205.),.PIECEWISE_BEZIER_KNOTS.);
#3835 = CARTESIAN_POINT('',(550.,8.585E+03));
#3836 = CARTESIAN_POINT('',(410.,8.585E+03));
#3837 = ( GEOMETRIC_REPRESENTATION_CONTEXT(2) 
PARAMETRIC_REPRESENTATION_CONTEXT() REPRESENTATION_CONTEXT('2D SPACE',''
  ) );
#3838 = PCURVE('',#1553,#3839);
#3839 = DEFINITIONAL_REPRESENTATION('',(#3840),#3843);
#3840 = B_SPLINE_CURVE_WITH_KNOTS('',1,(#3841,#3842),.UNSPECIFIED.,.F.,
  .F.,(2,2),(-345.,-205.),.PIECEWISE_BEZIER_KNOTS.);
#3841 = CARTESIAN_POINT('',(140.,-25.));
#3842 = CARTESIAN_POINT('',(0.,-25.));
#3843 = ( GEOMETRIC_REPRESENTATION_CONTEXT(2) 
PARAMETRIC_REPRESENTATION_CONTEXT() REPRESENTATION_CONTEXT('2D SPACE',''
  ) );
#3844 = ORIENTED_EDGE('',*,*,#3845,.T.);
#3845 = EDGE_CURVE('',#3825,#3846,#3848,.T.);
#3846 = VERTEX_POINT('',#3847);
#3847 = CARTESIAN_POINT('',(2.99E+03,-1.425E+03,450.));
#3848 = SURFACE_CURVE('',#3849,(#3853,#3859),.PCURVE_S1.);
#3849 = LINE('',#3850,#3851);
#3850 = CARTESIAN_POINT('',(-1.6825E+03,-1.425E+03,450.));
#3851 = VECTOR('',#3852,1.);
#3852 = DIRECTION('',(1.,0.,0.));
#3853 = PCURVE('',#985,#3854);
#3854 = DEFINITIONAL_REPRESENTATION('',(#3855),#3858);
#3855 = B_SPLINE_CURVE_WITH_KNOTS('',1,(#3856,#3857),.UNSPECIFIED.,.F.,
  .F.,(2,2),(4.2925E+03,4.6725E+03),.PIECEWISE_BEZIER_KNOTS.);
#3856 = CARTESIAN_POINT('',(410.,8.585E+03));
#3857 = CARTESIAN_POINT('',(410.,8.965E+03));
#3858 = ( GEOMETRIC_REPRESENTATION_CONTEXT(2) 
PARAMETRIC_REPRESENTATION_CONTEXT() REPRESENTATION_CONTEXT('2D SPACE',''
  ) );
#3859 = PCURVE('',#1581,#3860);
#3860 = DEFINITIONAL_REPRESENTATION('',(#3861),#3864);
#3861 = B_SPLINE_CURVE_WITH_KNOTS('',1,(#3862,#3863),.UNSPECIFIED.,.F.,
  .F.,(2,2),(4.2925E+03,4.6725E+03),.PIECEWISE_BEZIER_KNOTS.);
#3862 = CARTESIAN_POINT('',(0.,25.));
#3863 = CARTESIAN_POINT('',(380.,25.));
#3864 = ( GEOMETRIC_REPRESENTATION_CONTEXT(2) 
PARAMETRIC_REPRESENTATION_CONTEXT() REPRESENTATION_CONTEXT('2D SPACE',''
  ) );
#3865 = ORIENTED_EDGE('',*,*,#3866,.F.);
#3866 = EDGE_CURVE('',#3804,#3846,#3867,.T.);
#3867 = SURFACE_CURVE('',#3868,(#3872,#3878),.PCURVE_S1.);
#3868 = LINE('',#3869,#3870);
#3869 = CARTESIAN_POINT('',(2.99E+03,-1.425E+03,245.));
#3870 = VECTOR('',#3871,1.);
#3871 = DIRECTION('',(0.,0.,-1.));
#3872 = PCURVE('',#985,#3873);
#3873 = DEFINITIONAL_REPRESENTATION('',(#3874),#3877);
#3874 = B_SPLINE_CURVE_WITH_KNOTS('',1,(#3875,#3876),.UNSPECIFIED.,.F.,
  .F.,(2,2),(-345.,-205.),.PIECEWISE_BEZIER_KNOTS.);
#3875 = CARTESIAN_POINT('',(550.,8.965E+03));
#3876 = CARTESIAN_POINT('',(410.,8.965E+03));
#3877 = ( GEOMETRIC_REPRESENTATION_CONTEXT(2) 
PARAMETRIC_REPRESENTATION_CONTEXT() REPRESENTATION_CONTEXT('2D SPACE',''
  ) );
#3878 = PCURVE('',#1607,#3879);
#3879 = DEFINITIONAL_REPRESENTATION('',(#3880),#3883);
#3880 = B_SPLINE_CURVE_WITH_KNOTS('',1,(#3881,#3882),.UNSPECIFIED.,.F.,
  .F.,(2,2),(-345.,-205.),.PIECEWISE_BEZIER_KNOTS.);
#3881 = CARTESIAN_POINT('',(140.,-25.));
#3882 = CARTESIAN_POINT('',(0.,-25.));
#3883 = ( GEOMETRIC_REPRESENTATION_CONTEXT(2) 
PARAMETRIC_REPRESENTATION_CONTEXT() REPRESENTATION_CONTEXT('2D SPACE',''
  ) );
#3884 = ADVANCED_FACE('',(#3885),#848,.F.);
#3885 = FACE_BOUND('',#3886,.F.);
#3886 = EDGE_LOOP('',(#3887,#3888,#3910,#3911));
#3887 = ORIENTED_EDGE('',*,*,#3028,.F.);
#3888 = ORIENTED_EDGE('',*,*,#3889,.T.);
#3889 = EDGE_CURVE('',#3029,#3343,#3890,.T.);
#3890 = SURFACE_CURVE('',#3891,(#3896,#3903),.PCURVE_S1.);
#3891 = CIRCLE('',#3892,70.);
#3892 = AXIS2_PLACEMENT_3D('',#3893,#3894,#3895);
#3893 = CARTESIAN_POINT('',(-5.905E+03,-1.355E+03,40.));
#3894 = DIRECTION('',(0.,0.,1.));
#3895 = DIRECTION('',(0.,-1.,0.));
#3896 = PCURVE('',#848,#3897);
#3897 = DEFINITIONAL_REPRESENTATION('',(#3898),#3902);
#3898 = LINE('',#3899,#3900);
#3899 = CARTESIAN_POINT('',(-4.712388980385,0.));
#3900 = VECTOR('',#3901,1.);
#3901 = DIRECTION('',(1.,0.));
#3902 = ( GEOMETRIC_REPRESENTATION_CONTEXT(2) 
PARAMETRIC_REPRESENTATION_CONTEXT() REPRESENTATION_CONTEXT('2D SPACE',''
  ) );
#3903 = PCURVE('',#3067,#3904);
#3904 = DEFINITIONAL_REPRESENTATION('',(#3905),#3909);
#3905 = CIRCLE('',#3906,70.);
#3906 = AXIS2_PLACEMENT_2D('',#3907,#3908);
#3907 = CARTESIAN_POINT('',(70.,70.));
#3908 = DIRECTION('',(0.,-1.));
#3909 = ( GEOMETRIC_REPRESENTATION_CONTEXT(2) 
PARAMETRIC_REPRESENTATION_CONTEXT() REPRESENTATION_CONTEXT('2D SPACE',''
  ) );
#3910 = ORIENTED_EDGE('',*,*,#3367,.T.);
#3911 = ORIENTED_EDGE('',*,*,#750,.F.);
#3912 = ADVANCED_FACE('',(#3913),#1183,.F.);
#3913 = FACE_BOUND('',#3914,.F.);
#3914 = EDGE_LOOP('',(#3915,#3936,#3937,#3958));
#3915 = ORIENTED_EDGE('',*,*,#3916,.F.);
#3916 = EDGE_CURVE('',#1166,#3544,#3917,.T.);
#3917 = SURFACE_CURVE('',#3918,(#3922,#3929),.PCURVE_S1.);
#3918 = LINE('',#3919,#3920);
#3919 = CARTESIAN_POINT('',(-2.99E+03,-1.45E+03,590.));
#3920 = VECTOR('',#3921,1.);
#3921 = DIRECTION('',(0.,1.,0.));
#3922 = PCURVE('',#1183,#3923);
#3923 = DEFINITIONAL_REPRESENTATION('',(#3924),#3928);
#3924 = LINE('',#3925,#3926);
#3925 = CARTESIAN_POINT('',(0.,0.));
#3926 = VECTOR('',#3927,1.);
#3927 = DIRECTION('',(0.,1.));
#3928 = ( GEOMETRIC_REPRESENTATION_CONTEXT(2) 
PARAMETRIC_REPRESENTATION_CONTEXT() REPRESENTATION_CONTEXT('2D SPACE',''
  ) );
#3929 = PCURVE('',#1211,#3930);
#3930 = DEFINITIONAL_REPRESENTATION('',(#3931),#3935);
#3931 = LINE('',#3932,#3933);
#3932 = CARTESIAN_POINT('',(140.,0.));
#3933 = VECTOR('',#3934,1.);
#3934 = DIRECTION('',(0.,-1.));
#3935 = ( GEOMETRIC_REPRESENTATION_CONTEXT(2) 
PARAMETRIC_REPRESENTATION_CONTEXT() REPRESENTATION_CONTEXT('2D SPACE',''
  ) );
#3936 = ORIENTED_EDGE('',*,*,#1165,.T.);
#3937 = ORIENTED_EDGE('',*,*,#3938,.T.);
#3938 = EDGE_CURVE('',#1168,#3546,#3939,.T.);
#3939 = SURFACE_CURVE('',#3940,(#3944,#3951),.PCURVE_S1.);
#3940 = LINE('',#3941,#3942);
#3941 = CARTESIAN_POINT('',(-2.61E+03,-1.45E+03,590.));
#3942 = VECTOR('',#3943,1.);
#3943 = DIRECTION('',(0.,1.,0.));
#3944 = PCURVE('',#1183,#3945);
#3945 = DEFINITIONAL_REPRESENTATION('',(#3946),#3950);
#3946 = LINE('',#3947,#3948);
#3947 = CARTESIAN_POINT('',(380.,0.));
#3948 = VECTOR('',#3949,1.);
#3949 = DIRECTION('',(0.,1.));
#3950 = ( GEOMETRIC_REPRESENTATION_CONTEXT(2) 
PARAMETRIC_REPRESENTATION_CONTEXT() REPRESENTATION_CONTEXT('2D SPACE',''
  ) );
#3951 = PCURVE('',#1265,#3952);
#3952 = DEFINITIONAL_REPRESENTATION('',(#3953),#3957);
#3953 = LINE('',#3954,#3955);
#3954 = CARTESIAN_POINT('',(140.,0.));
#3955 = VECTOR('',#3956,1.);
#3956 = DIRECTION('',(0.,-1.));
#3957 = ( GEOMETRIC_REPRESENTATION_CONTEXT(2) 
PARAMETRIC_REPRESENTATION_CONTEXT() REPRESENTATION_CONTEXT('2D SPACE',''
  ) );
#3958 = ORIENTED_EDGE('',*,*,#3543,.F.);
#3959 = ADVANCED_FACE('',(#3960),#1265,.F.);
#3960 = FACE_BOUND('',#3961,.F.);
#3961 = EDGE_LOOP('',(#3962,#3963,#3964,#3985));
#3962 = ORIENTED_EDGE('',*,*,#3938,.F.);
#3963 = ORIENTED_EDGE('',*,*,#1251,.F.);
#3964 = ORIENTED_EDGE('',*,*,#3965,.T.);
#3965 = EDGE_CURVE('',#1224,#3588,#3966,.T.);
#3966 = SURFACE_CURVE('',#3967,(#3971,#3978),.PCURVE_S1.);
#3967 = LINE('',#3968,#3969);
#3968 = CARTESIAN_POINT('',(-2.61E+03,-1.45E+03,450.));
#3969 = VECTOR('',#3970,1.);
#3970 = DIRECTION('',(0.,1.,0.));
#3971 = PCURVE('',#1265,#3972);
#3972 = DEFINITIONAL_REPRESENTATION('',(#3973),#3977);
#3973 = LINE('',#3974,#3975);
#3974 = CARTESIAN_POINT('',(0.,0.));
#3975 = VECTOR('',#3976,1.);
#3976 = DIRECTION('',(0.,-1.));
#3977 = ( GEOMETRIC_REPRESENTATION_CONTEXT(2) 
PARAMETRIC_REPRESENTATION_CONTEXT() REPRESENTATION_CONTEXT('2D SPACE',''
  ) );
#3978 = PCURVE('',#1239,#3979);
#3979 = DEFINITIONAL_REPRESENTATION('',(#3980),#3984);
#3980 = LINE('',#3981,#3982);
#3981 = CARTESIAN_POINT('',(380.,0.));
#3982 = VECTOR('',#3983,1.);
#3983 = DIRECTION('',(0.,1.));
#3984 = ( GEOMETRIC_REPRESENTATION_CONTEXT(2) 
PARAMETRIC_REPRESENTATION_CONTEXT() REPRESENTATION_CONTEXT('2D SPACE',''
  ) );
#3985 = ORIENTED_EDGE('',*,*,#3608,.F.);
#3986 = ADVANCED_FACE('',(#3987),#1211,.T.);
#3987 = FACE_BOUND('',#3988,.T.);
#3988 = EDGE_LOOP('',(#3989,#3990,#3991,#4012));
#3989 = ORIENTED_EDGE('',*,*,#3916,.F.);
#3990 = ORIENTED_EDGE('',*,*,#1195,.F.);
#3991 = ORIENTED_EDGE('',*,*,#3992,.T.);
#3992 = EDGE_CURVE('',#1196,#3567,#3993,.T.);
#3993 = SURFACE_CURVE('',#3994,(#3998,#4005),.PCURVE_S1.);
#3994 = LINE('',#3995,#3996);
#3995 = CARTESIAN_POINT('',(-2.99E+03,-1.45E+03,450.));
#3996 = VECTOR('',#3997,1.);
#3997 = DIRECTION('',(0.,1.,0.));
#3998 = PCURVE('',#1211,#3999);
#3999 = DEFINITIONAL_REPRESENTATION('',(#4000),#4004);
#4000 = LINE('',#4001,#4002);
#4001 = CARTESIAN_POINT('',(0.,0.));
#4002 = VECTOR('',#4003,1.);
#4003 = DIRECTION('',(0.,-1.));
#4004 = ( GEOMETRIC_REPRESENTATION_CONTEXT(2) 
PARAMETRIC_REPRESENTATION_CONTEXT() REPRESENTATION_CONTEXT('2D SPACE',''
  ) );
#4005 = PCURVE('',#1239,#4006);
#4006 = DEFINITIONAL_REPRESENTATION('',(#4007),#4011);
#4007 = LINE('',#4008,#4009);
#4008 = CARTESIAN_POINT('',(0.,0.));
#4009 = VECTOR('',#4010,1.);
#4010 = DIRECTION('',(0.,1.));
#4011 = ( GEOMETRIC_REPRESENTATION_CONTEXT(2) 
PARAMETRIC_REPRESENTATION_CONTEXT() REPRESENTATION_CONTEXT('2D SPACE',''
  ) );
#4012 = ORIENTED_EDGE('',*,*,#3566,.F.);
#4013 = ADVANCED_FACE('',(#4014),#1239,.T.);
#4014 = FACE_BOUND('',#4015,.T.);
#4015 = EDGE_LOOP('',(#4016,#4017,#4018,#4019));
#4016 = ORIENTED_EDGE('',*,*,#3992,.F.);
#4017 = ORIENTED_EDGE('',*,*,#1223,.T.);
#4018 = ORIENTED_EDGE('',*,*,#3965,.T.);
#4019 = ORIENTED_EDGE('',*,*,#3587,.F.);
#4020 = ADVANCED_FACE('',(#4021),#1297,.F.);
#4021 = FACE_BOUND('',#4022,.F.);
#4022 = EDGE_LOOP('',(#4023,#4044,#4045,#4066));
#4023 = ORIENTED_EDGE('',*,*,#4024,.F.);
#4024 = EDGE_CURVE('',#1280,#3630,#4025,.T.);
#4025 = SURFACE_CURVE('',#4026,(#4030,#4037),.PCURVE_S1.);
#4026 = LINE('',#4027,#4028);
#4027 = CARTESIAN_POINT('',(-1.89E+03,-1.45E+03,590.));
#4028 = VECTOR('',#4029,1.);
#4029 = DIRECTION('',(0.,1.,0.));
#4030 = PCURVE('',#1297,#4031);
#4031 = DEFINITIONAL_REPRESENTATION('',(#4032),#4036);
#4032 = LINE('',#4033,#4034);
#4033 = CARTESIAN_POINT('',(0.,0.));
#4034 = VECTOR('',#4035,1.);
#4035 = DIRECTION('',(0.,1.));
#4036 = ( GEOMETRIC_REPRESENTATION_CONTEXT(2) 
PARAMETRIC_REPRESENTATION_CONTEXT() REPRESENTATION_CONTEXT('2D SPACE',''
  ) );
#4037 = PCURVE('',#1325,#4038);
#4038 = DEFINITIONAL_REPRESENTATION('',(#4039),#4043);
#4039 = LINE('',#4040,#4041);
#4040 = CARTESIAN_POINT('',(140.,0.));
#4041 = VECTOR('',#4042,1.);
#4042 = DIRECTION('',(0.,-1.));
#4043 = ( GEOMETRIC_REPRESENTATION_CONTEXT(2) 
PARAMETRIC_REPRESENTATION_CONTEXT() REPRESENTATION_CONTEXT('2D SPACE',''
  ) );
#4044 = ORIENTED_EDGE('',*,*,#1279,.T.);
#4045 = ORIENTED_EDGE('',*,*,#4046,.T.);
#4046 = EDGE_CURVE('',#1282,#3632,#4047,.T.);
#4047 = SURFACE_CURVE('',#4048,(#4052,#4059),.PCURVE_S1.);
#4048 = LINE('',#4049,#4050);
#4049 = CARTESIAN_POINT('',(-1.51E+03,-1.45E+03,590.));
#4050 = VECTOR('',#4051,1.);
#4051 = DIRECTION('',(0.,1.,0.));
#4052 = PCURVE('',#1297,#4053);
#4053 = DEFINITIONAL_REPRESENTATION('',(#4054),#4058);
#4054 = LINE('',#4055,#4056);
#4055 = CARTESIAN_POINT('',(380.,0.));
#4056 = VECTOR('',#4057,1.);
#4057 = DIRECTION('',(0.,1.));
#4058 = ( GEOMETRIC_REPRESENTATION_CONTEXT(2) 
PARAMETRIC_REPRESENTATION_CONTEXT() REPRESENTATION_CONTEXT('2D SPACE',''
  ) );
#4059 = PCURVE('',#1379,#4060);
#4060 = DEFINITIONAL_REPRESENTATION('',(#4061),#4065);
#4061 = LINE('',#4062,#4063);
#4062 = CARTESIAN_POINT('',(140.,0.));
#4063 = VECTOR('',#4064,1.);
#4064 = DIRECTION('',(0.,-1.));
#4065 = ( GEOMETRIC_REPRESENTATION_CONTEXT(2) 
PARAMETRIC_REPRESENTATION_CONTEXT() REPRESENTATION_CONTEXT('2D SPACE',''
  ) );
#4066 = ORIENTED_EDGE('',*,*,#3629,.F.);
#4067 = ADVANCED_FACE('',(#4068),#1379,.F.);
#4068 = FACE_BOUND('',#4069,.F.);
#4069 = EDGE_LOOP('',(#4070,#4071,#4072,#4093));
#4070 = ORIENTED_EDGE('',*,*,#4046,.F.);
#4071 = ORIENTED_EDGE('',*,*,#1365,.F.);
#4072 = ORIENTED_EDGE('',*,*,#4073,.T.);
#4073 = EDGE_CURVE('',#1338,#3674,#4074,.T.);
#4074 = SURFACE_CURVE('',#4075,(#4079,#4086),.PCURVE_S1.);
#4075 = LINE('',#4076,#4077);
#4076 = CARTESIAN_POINT('',(-1.51E+03,-1.45E+03,450.));
#4077 = VECTOR('',#4078,1.);
#4078 = DIRECTION('',(0.,1.,0.));
#4079 = PCURVE('',#1379,#4080);
#4080 = DEFINITIONAL_REPRESENTATION('',(#4081),#4085);
#4081 = LINE('',#4082,#4083);
#4082 = CARTESIAN_POINT('',(0.,0.));
#4083 = VECTOR('',#4084,1.);
#4084 = DIRECTION('',(0.,-1.));
#4085 = ( GEOMETRIC_REPRESENTATION_CONTEXT(2) 
PARAMETRIC_REPRESENTATION_CONTEXT() REPRESENTATION_CONTEXT('2D SPACE',''
  ) );
#4086 = PCURVE('',#1353,#4087);
#4087 = DEFINITIONAL_REPRESENTATION('',(#4088),#4092);
#4088 = LINE('',#4089,#4090);
#4089 = CARTESIAN_POINT('',(380.,0.));
#4090 = VECTOR('',#4091,1.);
#4091 = DIRECTION('',(0.,1.));
#4092 = ( GEOMETRIC_REPRESENTATION_CONTEXT(2) 
PARAMETRIC_REPRESENTATION_CONTEXT() REPRESENTATION_CONTEXT('2D SPACE',''
  ) );
#4093 = ORIENTED_EDGE('',*,*,#3694,.F.);
#4094 = ADVANCED_FACE('',(#4095),#1325,.T.);
#4095 = FACE_BOUND('',#4096,.T.);
#4096 = EDGE_LOOP('',(#4097,#4098,#4099,#4120));
#4097 = ORIENTED_EDGE('',*,*,#4024,.F.);
#4098 = ORIENTED_EDGE('',*,*,#1309,.F.);
#4099 = ORIENTED_EDGE('',*,*,#4100,.T.);
#4100 = EDGE_CURVE('',#1310,#3653,#4101,.T.);
#4101 = SURFACE_CURVE('',#4102,(#4106,#4113),.PCURVE_S1.);
#4102 = LINE('',#4103,#4104);
#4103 = CARTESIAN_POINT('',(-1.89E+03,-1.45E+03,450.));
#4104 = VECTOR('',#4105,1.);
#4105 = DIRECTION('',(0.,1.,0.));
#4106 = PCURVE('',#1325,#4107);
#4107 = DEFINITIONAL_REPRESENTATION('',(#4108),#4112);
#4108 = LINE('',#4109,#4110);
#4109 = CARTESIAN_POINT('',(0.,0.));
#4110 = VECTOR('',#4111,1.);
#4111 = DIRECTION('',(0.,-1.));
#4112 = ( GEOMETRIC_REPRESENTATION_CONTEXT(2) 
PARAMETRIC_REPRESENTATION_CONTEXT() REPRESENTATION_CONTEXT('2D SPACE',''
  ) );
#4113 = PCURVE('',#1353,#4114);
#4114 = DEFINITIONAL_REPRESENTATION('',(#4115),#4119);
#4115 = LINE('',#4116,#4117);
#4116 = CARTESIAN_POINT('',(0.,0.));
#4117 = VECTOR('',#4118,1.);
#4118 = DIRECTION('',(0.,1.));
#4119 = ( GEOMETRIC_REPRESENTATION_CONTEXT(2) 
PARAMETRIC_REPRESENTATION_CONTEXT() REPRESENTATION_CONTEXT('2D SPACE',''
  ) );
#4120 = ORIENTED_EDGE('',*,*,#3652,.F.);
#4121 = ADVANCED_FACE('',(#4122),#1353,.T.);
#4122 = FACE_BOUND('',#4123,.T.);
#4123 = EDGE_LOOP('',(#4124,#4125,#4126,#4127));
#4124 = ORIENTED_EDGE('',*,*,#4100,.F.);
#4125 = ORIENTED_EDGE('',*,*,#1337,.T.);
#4126 = ORIENTED_EDGE('',*,*,#4073,.T.);
#4127 = ORIENTED_EDGE('',*,*,#3673,.F.);
#4128 = ADVANCED_FACE('',(#4129),#1411,.F.);
#4129 = FACE_BOUND('',#4130,.F.);
#4130 = EDGE_LOOP('',(#4131,#4152,#4153,#4174));
#4131 = ORIENTED_EDGE('',*,*,#4132,.F.);
#4132 = EDGE_CURVE('',#1394,#3716,#4133,.T.);
#4133 = SURFACE_CURVE('',#4134,(#4138,#4145),.PCURVE_S1.);
#4134 = LINE('',#4135,#4136);
#4135 = CARTESIAN_POINT('',(1.51E+03,-1.45E+03,590.));
#4136 = VECTOR('',#4137,1.);
#4137 = DIRECTION('',(0.,1.,0.));
#4138 = PCURVE('',#1411,#4139);
#4139 = DEFINITIONAL_REPRESENTATION('',(#4140),#4144);
#4140 = LINE('',#4141,#4142);
#4141 = CARTESIAN_POINT('',(0.,0.));
#4142 = VECTOR('',#4143,1.);
#4143 = DIRECTION('',(0.,1.));
#4144 = ( GEOMETRIC_REPRESENTATION_CONTEXT(2) 
PARAMETRIC_REPRESENTATION_CONTEXT() REPRESENTATION_CONTEXT('2D SPACE',''
  ) );
#4145 = PCURVE('',#1439,#4146);
#4146 = DEFINITIONAL_REPRESENTATION('',(#4147),#4151);
#4147 = LINE('',#4148,#4149);
#4148 = CARTESIAN_POINT('',(140.,0.));
#4149 = VECTOR('',#4150,1.);
#4150 = DIRECTION('',(0.,-1.));
#4151 = ( GEOMETRIC_REPRESENTATION_CONTEXT(2) 
PARAMETRIC_REPRESENTATION_CONTEXT() REPRESENTATION_CONTEXT('2D SPACE',''
  ) );
#4152 = ORIENTED_EDGE('',*,*,#1393,.T.);
#4153 = ORIENTED_EDGE('',*,*,#4154,.T.);
#4154 = EDGE_CURVE('',#1396,#3718,#4155,.T.);
#4155 = SURFACE_CURVE('',#4156,(#4160,#4167),.PCURVE_S1.);
#4156 = LINE('',#4157,#4158);
#4157 = CARTESIAN_POINT('',(1.89E+03,-1.45E+03,590.));
#4158 = VECTOR('',#4159,1.);
#4159 = DIRECTION('',(0.,1.,0.));
#4160 = PCURVE('',#1411,#4161);
#4161 = DEFINITIONAL_REPRESENTATION('',(#4162),#4166);
#4162 = LINE('',#4163,#4164);
#4163 = CARTESIAN_POINT('',(380.,0.));
#4164 = VECTOR('',#4165,1.);
#4165 = DIRECTION('',(0.,1.));
#4166 = ( GEOMETRIC_REPRESENTATION_CONTEXT(2) 
PARAMETRIC_REPRESENTATION_CONTEXT() REPRESENTATION_CONTEXT('2D SPACE',''
  ) );
#4167 = PCURVE('',#1493,#4168);
#4168 = DEFINITIONAL_REPRESENTATION('',(#4169),#4173);
#4169 = LINE('',#4170,#4171);
#4170 = CARTESIAN_POINT('',(140.,0.));
#4171 = VECTOR('',#4172,1.);
#4172 = DIRECTION('',(0.,-1.));
#4173 = ( GEOMETRIC_REPRESENTATION_CONTEXT(2) 
PARAMETRIC_REPRESENTATION_CONTEXT() REPRESENTATION_CONTEXT('2D SPACE',''
  ) );
#4174 = ORIENTED_EDGE('',*,*,#3715,.F.);
#4175 = ADVANCED_FACE('',(#4176),#1493,.F.);
#4176 = FACE_BOUND('',#4177,.F.);
#4177 = EDGE_LOOP('',(#4178,#4179,#4180,#4201));
#4178 = ORIENTED_EDGE('',*,*,#4154,.F.);
#4179 = ORIENTED_EDGE('',*,*,#1479,.F.);
#4180 = ORIENTED_EDGE('',*,*,#4181,.T.);
#4181 = EDGE_CURVE('',#1452,#3760,#4182,.T.);
#4182 = SURFACE_CURVE('',#4183,(#4187,#4194),.PCURVE_S1.);
#4183 = LINE('',#4184,#4185);
#4184 = CARTESIAN_POINT('',(1.89E+03,-1.45E+03,450.));
#4185 = VECTOR('',#4186,1.);
#4186 = DIRECTION('',(0.,1.,0.));
#4187 = PCURVE('',#1493,#4188);
#4188 = DEFINITIONAL_REPRESENTATION('',(#4189),#4193);
#4189 = LINE('',#4190,#4191);
#4190 = CARTESIAN_POINT('',(0.,0.));
#4191 = VECTOR('',#4192,1.);
#4192 = DIRECTION('',(0.,-1.));
#4193 = ( GEOMETRIC_REPRESENTATION_CONTEXT(2) 
PARAMETRIC_REPRESENTATION_CONTEXT() REPRESENTATION_CONTEXT('2D SPACE',''
  ) );
#4194 = PCURVE('',#1467,#4195);
#4195 = DEFINITIONAL_REPRESENTATION('',(#4196),#4200);
#4196 = LINE('',#4197,#4198);
#4197 = CARTESIAN_POINT('',(380.,0.));
#4198 = VECTOR('',#4199,1.);
#4199 = DIRECTION('',(0.,1.));
#4200 = ( GEOMETRIC_REPRESENTATION_CONTEXT(2) 
PARAMETRIC_REPRESENTATION_CONTEXT() REPRESENTATION_CONTEXT('2D SPACE',''
  ) );
#4201 = ORIENTED_EDGE('',*,*,#3780,.F.);
#4202 = ADVANCED_FACE('',(#4203),#1439,.T.);
#4203 = FACE_BOUND('',#4204,.T.);
#4204 = EDGE_LOOP('',(#4205,#4206,#4207,#4228));
#4205 = ORIENTED_EDGE('',*,*,#4132,.F.);
#4206 = ORIENTED_EDGE('',*,*,#1423,.F.);
#4207 = ORIENTED_EDGE('',*,*,#4208,.T.);
#4208 = EDGE_CURVE('',#1424,#3739,#4209,.T.);
#4209 = SURFACE_CURVE('',#4210,(#4214,#4221),.PCURVE_S1.);
#4210 = LINE('',#4211,#4212);
#4211 = CARTESIAN_POINT('',(1.51E+03,-1.45E+03,450.));
#4212 = VECTOR('',#4213,1.);
#4213 = DIRECTION('',(0.,1.,0.));
#4214 = PCURVE('',#1439,#4215);
#4215 = DEFINITIONAL_REPRESENTATION('',(#4216),#4220);
#4216 = LINE('',#4217,#4218);
#4217 = CARTESIAN_POINT('',(0.,0.));
#4218 = VECTOR('',#4219,1.);
#4219 = DIRECTION('',(0.,-1.));
#4220 = ( GEOMETRIC_REPRESENTATION_CONTEXT(2) 
PARAMETRIC_REPRESENTATION_CONTEXT() REPRESENTATION_CONTEXT('2D SPACE',''
  ) );
#4221 = PCURVE('',#1467,#4222);
#4222 = DEFINITIONAL_REPRESENTATION('',(#4223),#4227);
#4223 = LINE('',#4224,#4225);
#4224 = CARTESIAN_POINT('',(0.,0.));
#4225 = VECTOR('',#4226,1.);
#4226 = DIRECTION('',(0.,1.));
#4227 = ( GEOMETRIC_REPRESENTATION_CONTEXT(2) 
PARAMETRIC_REPRESENTATION_CONTEXT() REPRESENTATION_CONTEXT('2D SPACE',''
  ) );
#4228 = ORIENTED_EDGE('',*,*,#3738,.F.);
#4229 = ADVANCED_FACE('',(#4230),#1467,.T.);
#4230 = FACE_BOUND('',#4231,.T.);
#4231 = EDGE_LOOP('',(#4232,#4233,#4234,#4235));
#4232 = ORIENTED_EDGE('',*,*,#4208,.F.);
#4233 = ORIENTED_EDGE('',*,*,#1451,.T.);
#4234 = ORIENTED_EDGE('',*,*,#4181,.T.);
#4235 = ORIENTED_EDGE('',*,*,#3759,.F.);
#4236 = ADVANCED_FACE('',(#4237),#1525,.F.);
#4237 = FACE_BOUND('',#4238,.F.);
#4238 = EDGE_LOOP('',(#4239,#4260,#4261,#4282));
#4239 = ORIENTED_EDGE('',*,*,#4240,.F.);
#4240 = EDGE_CURVE('',#1508,#3802,#4241,.T.);
#4241 = SURFACE_CURVE('',#4242,(#4246,#4253),.PCURVE_S1.);
#4242 = LINE('',#4243,#4244);
#4243 = CARTESIAN_POINT('',(2.61E+03,-1.45E+03,590.));
#4244 = VECTOR('',#4245,1.);
#4245 = DIRECTION('',(0.,1.,0.));
#4246 = PCURVE('',#1525,#4247);
#4247 = DEFINITIONAL_REPRESENTATION('',(#4248),#4252);
#4248 = LINE('',#4249,#4250);
#4249 = CARTESIAN_POINT('',(0.,0.));
#4250 = VECTOR('',#4251,1.);
#4251 = DIRECTION('',(0.,1.));
#4252 = ( GEOMETRIC_REPRESENTATION_CONTEXT(2) 
PARAMETRIC_REPRESENTATION_CONTEXT() REPRESENTATION_CONTEXT('2D SPACE',''
  ) );
#4253 = PCURVE('',#1553,#4254);
#4254 = DEFINITIONAL_REPRESENTATION('',(#4255),#4259);
#4255 = LINE('',#4256,#4257);
#4256 = CARTESIAN_POINT('',(140.,0.));
#4257 = VECTOR('',#4258,1.);
#4258 = DIRECTION('',(0.,-1.));
#4259 = ( GEOMETRIC_REPRESENTATION_CONTEXT(2) 
PARAMETRIC_REPRESENTATION_CONTEXT() REPRESENTATION_CONTEXT('2D SPACE',''
  ) );
#4260 = ORIENTED_EDGE('',*,*,#1507,.T.);
#4261 = ORIENTED_EDGE('',*,*,#4262,.T.);
#4262 = EDGE_CURVE('',#1510,#3804,#4263,.T.);
#4263 = SURFACE_CURVE('',#4264,(#4268,#4275),.PCURVE_S1.);
#4264 = LINE('',#4265,#4266);
#4265 = CARTESIAN_POINT('',(2.99E+03,-1.45E+03,590.));
#4266 = VECTOR('',#4267,1.);
#4267 = DIRECTION('',(0.,1.,0.));
#4268 = PCURVE('',#1525,#4269);
#4269 = DEFINITIONAL_REPRESENTATION('',(#4270),#4274);
#4270 = LINE('',#4271,#4272);
#4271 = CARTESIAN_POINT('',(380.,0.));
#4272 = VECTOR('',#4273,1.);
#4273 = DIRECTION('',(0.,1.));
#4274 = ( GEOMETRIC_REPRESENTATION_CONTEXT(2) 
PARAMETRIC_REPRESENTATION_CONTEXT() REPRESENTATION_CONTEXT('2D SPACE',''
  ) );
#4275 = PCURVE('',#1607,#4276);
#4276 = DEFINITIONAL_REPRESENTATION('',(#4277),#4281);
#4277 = LINE('',#4278,#4279);
#4278 = CARTESIAN_POINT('',(140.,0.));
#4279 = VECTOR('',#4280,1.);
#4280 = DIRECTION('',(0.,-1.));
#4281 = ( GEOMETRIC_REPRESENTATION_CONTEXT(2) 
PARAMETRIC_REPRESENTATION_CONTEXT() REPRESENTATION_CONTEXT('2D SPACE',''
  ) );
#4282 = ORIENTED_EDGE('',*,*,#3801,.F.);
#4283 = ADVANCED_FACE('',(#4284),#1607,.F.);
#4284 = FACE_BOUND('',#4285,.F.);
#4285 = EDGE_LOOP('',(#4286,#4287,#4288,#4309));
#4286 = ORIENTED_EDGE('',*,*,#4262,.F.);
#4287 = ORIENTED_EDGE('',*,*,#1593,.F.);
#4288 = ORIENTED_EDGE('',*,*,#4289,.T.);
#4289 = EDGE_CURVE('',#1566,#3846,#4290,.T.);
#4290 = SURFACE_CURVE('',#4291,(#4295,#4302),.PCURVE_S1.);
#4291 = LINE('',#4292,#4293);
#4292 = CARTESIAN_POINT('',(2.99E+03,-1.45E+03,450.));
#4293 = VECTOR('',#4294,1.);
#4294 = DIRECTION('',(0.,1.,0.));
#4295 = PCURVE('',#1607,#4296);
#4296 = DEFINITIONAL_REPRESENTATION('',(#4297),#4301);
#4297 = LINE('',#4298,#4299);
#4298 = CARTESIAN_POINT('',(0.,0.));
#4299 = VECTOR('',#4300,1.);
#4300 = DIRECTION('',(0.,-1.));
#4301 = ( GEOMETRIC_REPRESENTATION_CONTEXT(2) 
PARAMETRIC_REPRESENTATION_CONTEXT() REPRESENTATION_CONTEXT('2D SPACE',''
  ) );
#4302 = PCURVE('',#1581,#4303);
#4303 = DEFINITIONAL_REPRESENTATION('',(#4304),#4308);
#4304 = LINE('',#4305,#4306);
#4305 = CARTESIAN_POINT('',(380.,0.));
#4306 = VECTOR('',#4307,1.);
#4307 = DIRECTION('',(0.,1.));
#4308 = ( GEOMETRIC_REPRESENTATION_CONTEXT(2) 
PARAMETRIC_REPRESENTATION_CONTEXT() REPRESENTATION_CONTEXT('2D SPACE',''
  ) );
#4309 = ORIENTED_EDGE('',*,*,#3866,.F.);
#4310 = ADVANCED_FACE('',(#4311),#1581,.T.);
#4311 = FACE_BOUND('',#4312,.T.);
#4312 = EDGE_LOOP('',(#4313,#4334,#4335,#4336));
#4313 = ORIENTED_EDGE('',*,*,#4314,.F.);
#4314 = EDGE_CURVE('',#1538,#3825,#4315,.T.);
#4315 = SURFACE_CURVE('',#4316,(#4320,#4327),.PCURVE_S1.);
#4316 = LINE('',#4317,#4318);
#4317 = CARTESIAN_POINT('',(2.61E+03,-1.45E+03,450.));
#4318 = VECTOR('',#4319,1.);
#4319 = DIRECTION('',(0.,1.,0.));
#4320 = PCURVE('',#1581,#4321);
#4321 = DEFINITIONAL_REPRESENTATION('',(#4322),#4326);
#4322 = LINE('',#4323,#4324);
#4323 = CARTESIAN_POINT('',(0.,0.));
#4324 = VECTOR('',#4325,1.);
#4325 = DIRECTION('',(0.,1.));
#4326 = ( GEOMETRIC_REPRESENTATION_CONTEXT(2) 
PARAMETRIC_REPRESENTATION_CONTEXT() REPRESENTATION_CONTEXT('2D SPACE',''
  ) );
#4327 = PCURVE('',#1553,#4328);
#4328 = DEFINITIONAL_REPRESENTATION('',(#4329),#4333);
#4329 = LINE('',#4330,#4331);
#4330 = CARTESIAN_POINT('',(0.,0.));
#4331 = VECTOR('',#4332,1.);
#4332 = DIRECTION('',(0.,-1.));
#4333 = ( GEOMETRIC_REPRESENTATION_CONTEXT(2) 
PARAMETRIC_REPRESENTATION_CONTEXT() REPRESENTATION_CONTEXT('2D SPACE',''
  ) );
#4334 = ORIENTED_EDGE('',*,*,#1565,.T.);
#4335 = ORIENTED_EDGE('',*,*,#4289,.T.);
#4336 = ORIENTED_EDGE('',*,*,#3845,.F.);
#4337 = ADVANCED_FACE('',(#4338),#1553,.T.);
#4338 = FACE_BOUND('',#4339,.T.);
#4339 = EDGE_LOOP('',(#4340,#4341,#4342,#4343));
#4340 = ORIENTED_EDGE('',*,*,#4240,.F.);
#4341 = ORIENTED_EDGE('',*,*,#1537,.F.);
#4342 = ORIENTED_EDGE('',*,*,#4314,.T.);
#4343 = ORIENTED_EDGE('',*,*,#3824,.F.);
#4344 = ADVANCED_FACE('',(#4345),#1793,.T.);
#4345 = FACE_BOUND('',#4346,.T.);
#4346 = EDGE_LOOP('',(#4347,#4348,#4349,#4369));
#4347 = ORIENTED_EDGE('',*,*,#1836,.T.);
#4348 = ORIENTED_EDGE('',*,*,#1777,.T.);
#4349 = ORIENTED_EDGE('',*,*,#4350,.F.);
#4350 = EDGE_CURVE('',#2350,#1727,#4351,.T.);
#4351 = SURFACE_CURVE('',#4352,(#4357,#4363),.PCURVE_S1.);
#4352 = CIRCLE('',#4353,90.);
#4353 = AXIS2_PLACEMENT_3D('',#4354,#4355,#4356);
#4354 = CARTESIAN_POINT('',(5.88E+03,1.36E+03,3.26E+03));
#4355 = DIRECTION('',(1.,0.,0.));
#4356 = DIRECTION('',(-0.,1.,0.));
#4357 = PCURVE('',#1793,#4358);
#4358 = DEFINITIONAL_REPRESENTATION('',(#4359),#4362);
#4359 = B_SPLINE_CURVE_WITH_KNOTS('',1,(#4360,#4361),.UNSPECIFIED.,.F.,
  .F.,(2,2),(0.,1.570796326795),.PIECEWISE_BEZIER_KNOTS.);
#4360 = CARTESIAN_POINT('',(0.,1.176E+04));
#4361 = CARTESIAN_POINT('',(1.570796326795,1.176E+04));
#4362 = ( GEOMETRIC_REPRESENTATION_CONTEXT(2) 
PARAMETRIC_REPRESENTATION_CONTEXT() REPRESENTATION_CONTEXT('2D SPACE',''
  ) );
#4363 = PCURVE('',#1747,#4364);
#4364 = DEFINITIONAL_REPRESENTATION('',(#4365),#4368);
#4365 = B_SPLINE_CURVE_WITH_KNOTS('',1,(#4366,#4367),.UNSPECIFIED.,.F.,
  .F.,(2,2),(0.,1.570796326795),.PIECEWISE_BEZIER_KNOTS.);
#4366 = CARTESIAN_POINT('',(0.,0.));
#4367 = CARTESIAN_POINT('',(0.,1.570796326795));
#4368 = ( GEOMETRIC_REPRESENTATION_CONTEXT(2) 
PARAMETRIC_REPRESENTATION_CONTEXT() REPRESENTATION_CONTEXT('2D SPACE',''
  ) );
#4369 = ORIENTED_EDGE('',*,*,#2349,.F.);
#4370 = ADVANCED_FACE('',(#4371,#4396),#1668,.T.);
#4371 = FACE_BOUND('',#4372,.F.);
#4372 = EDGE_LOOP('',(#4373,#4393,#4394,#4395));
#4373 = ORIENTED_EDGE('',*,*,#4374,.F.);
#4374 = EDGE_CURVE('',#2854,#1648,#4375,.T.);
#4375 = SURFACE_CURVE('',#4376,(#4381,#4387),.PCURVE_S1.);
#4376 = CIRCLE('',#4377,90.);
#4377 = AXIS2_PLACEMENT_3D('',#4378,#4379,#4380);
#4378 = CARTESIAN_POINT('',(5.91E+03,-1.33E+03,3.26E+03));
#4379 = DIRECTION('',(0.,-1.,-0.));
#4380 = DIRECTION('',(1.,0.,-0.));
#4381 = PCURVE('',#1668,#4382);
#4382 = DEFINITIONAL_REPRESENTATION('',(#4383),#4386);
#4383 = B_SPLINE_CURVE_WITH_KNOTS('',1,(#4384,#4385),.UNSPECIFIED.,.F.,
  .F.,(2,2),(0.,1.570796326795),.PIECEWISE_BEZIER_KNOTS.);
#4384 = CARTESIAN_POINT('',(0.,0.));
#4385 = CARTESIAN_POINT('',(0.,1.570796326795));
#4386 = ( GEOMETRIC_REPRESENTATION_CONTEXT(2) 
PARAMETRIC_REPRESENTATION_CONTEXT() REPRESENTATION_CONTEXT('2D SPACE',''
  ) );
#4387 = PCURVE('',#1714,#4388);
#4388 = DEFINITIONAL_REPRESENTATION('',(#4389),#4392);
#4389 = B_SPLINE_CURVE_WITH_KNOTS('',1,(#4390,#4391),.UNSPECIFIED.,.F.,
  .F.,(2,2),(0.,1.570796326795),.PIECEWISE_BEZIER_KNOTS.);
#4390 = CARTESIAN_POINT('',(0.,2.66E+03));
#4391 = CARTESIAN_POINT('',(1.570796326795,2.66E+03));
#4392 = ( GEOMETRIC_REPRESENTATION_CONTEXT(2) 
PARAMETRIC_REPRESENTATION_CONTEXT() REPRESENTATION_CONTEXT('2D SPACE',''
  ) );
#4393 = ORIENTED_EDGE('',*,*,#2878,.T.);
#4394 = ORIENTED_EDGE('',*,*,#2980,.T.);
#4395 = ORIENTED_EDGE('',*,*,#1647,.F.);
#4396 = FACE_BOUND('',#4397,.F.);
#4397 = EDGE_LOOP('',(#4398,#4399,#4400,#4546));
#4398 = ORIENTED_EDGE('',*,*,#3129,.F.);
#4399 = ORIENTED_EDGE('',*,*,#3390,.F.);
#4400 = ORIENTED_EDGE('',*,*,#4401,.T.);
#4401 = EDGE_CURVE('',#3391,#4402,#4404,.T.);
#4402 = VERTEX_POINT('',#4403);
#4403 = CARTESIAN_POINT('',(5.975E+03,-1.355E+03,3.318686155193E+03));
#4404 = SURFACE_CURVE('',#4405,(#4450,#4498),.PCURVE_S1.);
#4405 = B_SPLINE_CURVE_WITH_KNOTS('',7,(#4406,#4407,#4408,#4409,#4410,
    #4411,#4412,#4413,#4414,#4415,#4416,#4417,#4418,#4419,#4420,#4421,
    #4422,#4423,#4424,#4425,#4426,#4427,#4428,#4429,#4430,#4431,#4432,
    #4433,#4434,#4435,#4436,#4437,#4438,#4439,#4440,#4441,#4442,#4443,
    #4444,#4445,#4446,#4447,#4448,#4449),.UNSPECIFIED.,.F.,.F.,(8,6,6,6,
    6,6,6,8),(0.,0.246364281704,0.336691165682,0.38947390461,
    0.500083277444,0.66304591283,0.753343603901,1.),.UNSPECIFIED.);
#4406 = CARTESIAN_POINT('',(5.905E+03,-1.425E+03,3.318686155193E+03));
#4407 = CARTESIAN_POINT('',(5.90869972025E+03,-1.425E+03,
    3.317591410007E+03));
#4408 = CARTESIAN_POINT('',(5.912418283043E+03,-1.424771867471E+03,
    3.316529386221E+03));
#4409 = CARTESIAN_POINT('',(5.916144173608E+03,-1.424311422251E+03,
    3.315508604003E+03));
#4410 = CARTESIAN_POINT('',(5.919863772094E+03,-1.423614017224E+03,
    3.314539259809E+03));
#4411 = CARTESIAN_POINT('',(5.923561483107E+03,-1.422675505915E+03,
    3.313633119785E+03));
#4412 = CARTESIAN_POINT('',(5.927219732011E+03,-1.42149267104E+03,
    3.312803355217E+03));
#4413 = CARTESIAN_POINT('',(5.932138170087E+03,-1.419540955906E+03,
    3.31179205081E+03));
#4414 = CARTESIAN_POINT('',(5.933449589801E+03,-1.418984427729E+03,
    3.311532831359E+03));
#4415 = CARTESIAN_POINT('',(5.934751876508E+03,-1.418394965067E+03,
    3.311286372591E+03));
#4416 = CARTESIAN_POINT('',(5.936043927141E+03,-1.417772616991E+03,
    3.311053349971E+03));
#4417 = CARTESIAN_POINT('',(5.937324581967E+03,-1.417117507169E+03,
    3.310834430907E+03));
#4418 = CARTESIAN_POINT('',(5.938592627755E+03,-1.416429850552E+03,
    3.310630260498E+03));
#4419 = CARTESIAN_POINT('',(5.940579680157E+03,-1.4152893061E+03,
    3.310331113794E+03));
#4420 = CARTESIAN_POINT('',(5.941307822968E+03,-1.414857638448E+03,
    3.31022602413E+03));
#4421 = CARTESIAN_POINT('',(5.94203097669E+03,-1.414415032103E+03,
    3.310126299605E+03));
#4422 = CARTESIAN_POINT('',(5.94274888467E+03,-1.413961563842E+03,
    3.310032056786E+03));
#4423 = CARTESIAN_POINT('',(5.943461286718E+03,-1.413497323378E+03,
    3.309943406315E+03));
#4424 = CARTESIAN_POINT('',(5.944167919534E+03,-1.413022414514E+03,
    3.30986045175E+03));
#4425 = CARTESIAN_POINT('',(5.94633666117E+03,-1.411519649706E+03,
    3.309621587991E+03));
#4426 = CARTESIAN_POINT('',(5.947778356498E+03,-1.410455979611E+03,
    3.309485312996E+03));
#4427 = CARTESIAN_POINT('',(5.949191079049E+03,-1.409347086425E+03,
    3.309375351493E+03));
#4428 = CARTESIAN_POINT('',(5.950572374491E+03,-1.40819434265E+03,
    3.309292412654E+03));
#4429 = CARTESIAN_POINT('',(5.951919865193E+03,-1.406999365744E+03,
    3.309236993264E+03));
#4430 = CARTESIAN_POINT('',(5.95323126514E+03,-1.405764039732E+03,
    3.309209350346E+03));
#4431 = CARTESIAN_POINT('',(5.956380137835E+03,-1.402614285359E+03,
    3.309209670721E+03));
#4432 = CARTESIAN_POINT('',(5.958173112362E+03,-1.400654880358E+03,
    3.30927014568E+03));
#4433 = CARTESIAN_POINT('',(5.959876131923E+03,-1.398619465898E+03,
    3.309390929715E+03));
#4434 = CARTESIAN_POINT('',(5.961483621827E+03,-1.396515594622E+03,
    3.309570770579E+03));
#4435 = CARTESIAN_POINT('',(5.962991325443E+03,-1.39435104023E+03,
    3.309807357722E+03));
#4436 = CARTESIAN_POINT('',(5.964396100352E+03,-1.392133679813E+03,
    3.310097567956E+03));
#4437 = CARTESIAN_POINT('',(5.966415983596E+03,-1.388617954552E+03,
    3.310626226243E+03));
#4438 = CARTESIAN_POINT('',(5.967103958027E+03,-1.387350573729E+03,
    3.310830069551E+03));
#4439 = CARTESIAN_POINT('',(5.967759411892E+03,-1.38607057506E+03,
    3.311048660361E+03));
#4440 = CARTESIAN_POINT('',(5.968382129361E+03,-1.384779171109E+03,
    3.311281354554E+03));
#4441 = CARTESIAN_POINT('',(5.968971985901E+03,-1.383477521066E+03,
    3.311527485592E+03));
#4442 = CARTESIAN_POINT('',(5.969528931611E+03,-1.382166727582E+03,
    3.311786378771E+03));
#4443 = CARTESIAN_POINT('',(5.971484445756E+03,-1.377245154118E+03,
    3.312797590411E+03));
#4444 = CARTESIAN_POINT('',(5.972670067475E+03,-1.373582897594E+03,
    3.313627872827E+03));
#4445 = CARTESIAN_POINT('',(5.973610784522E+03,-1.369881004282E+03,
    3.314534769388E+03));
#4446 = CARTESIAN_POINT('',(5.974309821654E+03,-1.366157118691E+03,
    3.315505057599E+03));
#4447 = CARTESIAN_POINT('',(5.974771338711E+03,-1.362426895898E+03,
    3.316526926446E+03));
#4448 = CARTESIAN_POINT('',(5.975E+03,-1.358704005302E+03,
    3.317590142063E+03));
#4449 = CARTESIAN_POINT('',(5.975E+03,-1.355E+03,3.318686155193E+03));
#4450 = PCURVE('',#1668,#4451);
#4451 = DEFINITIONAL_REPRESENTATION('',(#4452),#4497);
#4452 = B_SPLINE_CURVE_WITH_KNOTS('',7,(#4453,#4454,#4455,#4456,#4457,
    #4458,#4459,#4460,#4461,#4462,#4463,#4464,#4465,#4466,#4467,#4468,
    #4469,#4470,#4471,#4472,#4473,#4474,#4475,#4476,#4477,#4478,#4479,
    #4480,#4481,#4482,#4483,#4484,#4485,#4486,#4487,#4488,#4489,#4490,
    #4491,#4492,#4493,#4494,#4495,#4496),.UNSPECIFIED.,.F.,.F.,(8,6,6,6,
    6,6,6,8),(0.,0.246364281704,0.336691165682,0.38947390461,
    0.500083277444,0.66304591283,0.753343603901,1.),.UNSPECIFIED.);
#4453 = CARTESIAN_POINT('',(-1.313472611824,0.71030941853));
#4454 = CARTESIAN_POINT('',(-1.277050495375,0.694265532034));
#4455 = CARTESIAN_POINT('',(-1.240666420828,0.678959473085));
#4456 = CARTESIAN_POINT('',(-1.204243171215,0.66446660786));
#4457 = CARTESIAN_POINT('',(-1.167720091976,0.650885136438));
#4458 = CARTESIAN_POINT('',(-1.13104602509,0.638332973748));
#4459 = CARTESIAN_POINT('',(-1.094176736481,0.626946149709));
#4460 = CARTESIAN_POINT('',(-1.043479865087,0.613170520839));
#4461 = CARTESIAN_POINT('',(-1.029849714955,0.609650825725));
#4462 = CARTESIAN_POINT('',(-1.016189442156,0.606314234507));
#4463 = CARTESIAN_POINT('',(-1.002498651993,0.603167968306));
#4464 = CARTESIAN_POINT('',(-0.988777459092,0.600219208573));
#4465 = CARTESIAN_POINT('',(-0.97502655587,0.597474935045));
#4466 = CARTESIAN_POINT('',(-0.95319532753,0.59346149873));
#4467 = CARTESIAN_POINT('',(-0.945133680152,0.59205331623));
#4468 = CARTESIAN_POINT('',(-0.937062615652,0.59071853537));
#4469 = CARTESIAN_POINT('',(-0.928982468178,0.58945842668));
#4470 = CARTESIAN_POINT('',(-0.920893636271,0.588274198835));
#4471 = CARTESIAN_POINT('',(-0.912796589895,0.587166985448));
#4472 = CARTESIAN_POINT('',(-0.8877079699,0.583981179218));
#4473 = CARTESIAN_POINT('',(-0.870689773279,0.582167236612));
#4474 = CARTESIAN_POINT('',(-0.853643178226,0.580705772045));
#4475 = CARTESIAN_POINT('',(-0.836574321899,0.579604581141));
#4476 = CARTESIAN_POINT('',(-0.819489846955,0.578869142617));
#4477 = CARTESIAN_POINT('',(-0.802397226996,0.578502308228));
#4478 = CARTESIAN_POINT('',(-0.760123128688,0.578506559754));
#4479 = CARTESIAN_POINT('',(-0.734938352725,0.579309093098));
#4480 = CARTESIAN_POINT('',(-0.709781368721,0.58091194834));
#4481 = CARTESIAN_POINT('',(-0.684674703728,0.583301183528));
#4482 = CARTESIAN_POINT('',(-0.659635946481,0.586451364449));
#4483 = CARTESIAN_POINT('',(-0.634679918117,0.590328336605));
#4484 = CARTESIAN_POINT('',(-0.596045013073,0.597420726024));
#4485 = CARTESIAN_POINT('',(-0.582298418127,0.600160500671));
#4486 = CARTESIAN_POINT('',(-0.568581500548,0.60310471773));
#4487 = CARTESIAN_POINT('',(-0.554894958851,0.606246407621));
#4488 = CARTESIAN_POINT('',(-0.541238914093,0.609578397751));
#4489 = CARTESIAN_POINT('',(-0.527612978366,0.61309347449));
#4490 = CARTESIAN_POINT('',(-0.476875817298,0.626867041958));
#4491 = CARTESIAN_POINT('',(-0.43996269601,0.638260293192));
#4492 = CARTESIAN_POINT('',(-0.40324544056,0.650822222619));
#4493 = CARTESIAN_POINT('',(-0.366679702863,0.66441625753));
#4494 = CARTESIAN_POINT('',(-0.330214177674,0.678924022826));
#4495 = CARTESIAN_POINT('',(-0.293788015873,0.694246949847));
#4496 = CARTESIAN_POINT('',(-0.257323714971,0.71030941853));
#4497 = ( GEOMETRIC_REPRESENTATION_CONTEXT(2) 
PARAMETRIC_REPRESENTATION_CONTEXT() REPRESENTATION_CONTEXT('2D SPACE',''
  ) );
#4498 = PCURVE('',#3529,#4499);
#4499 = DEFINITIONAL_REPRESENTATION('',(#4500),#4545);
#4500 = B_SPLINE_CURVE_WITH_KNOTS('',7,(#4501,#4502,#4503,#4504,#4505,
    #4506,#4507,#4508,#4509,#4510,#4511,#4512,#4513,#4514,#4515,#4516,
    #4517,#4518,#4519,#4520,#4521,#4522,#4523,#4524,#4525,#4526,#4527,
    #4528,#4529,#4530,#4531,#4532,#4533,#4534,#4535,#4536,#4537,#4538,
    #4539,#4540,#4541,#4542,#4543,#4544),.UNSPECIFIED.,.F.,.F.,(8,6,6,6,
    6,6,6,8),(0.,0.246364281704,0.336691165682,0.38947390461,
    0.500083277444,0.66304591283,0.753343603901,1.),.UNSPECIFIED.);
#4501 = CARTESIAN_POINT('',(-1.570796326795,3.278686155193E+03));
#4502 = CARTESIAN_POINT('',(-1.517943180369,3.277591410007E+03));
#4503 = CARTESIAN_POINT('',(-1.464820846295,3.276529386221E+03));
#4504 = CARTESIAN_POINT('',(-1.411352733061,3.275508604003E+03));
#4505 = CARTESIAN_POINT('',(-1.357480984765,3.274539259809E+03));
#4506 = CARTESIAN_POINT('',(-1.303159419936,3.273633119785E+03));
#4507 = CARTESIAN_POINT('',(-1.248350945096,3.272803355217E+03));
#4508 = CARTESIAN_POINT('',(-1.172757746684,3.27179205081E+03));
#4509 = CARTESIAN_POINT('',(-1.152411670129,3.271532831359E+03));
#4510 = CARTESIAN_POINT('',(-1.131999717706,3.271286372591E+03));
#4511 = CARTESIAN_POINT('',(-1.111522755914,3.271053349971E+03));
#4512 = CARTESIAN_POINT('',(-1.090982431225,3.270834430907E+03));
#4513 = CARTESIAN_POINT('',(-1.070381280606,3.270630260498E+03));
#4514 = CARTESIAN_POINT('',(-1.037651032177,3.270331113794E+03));
#4515 = CARTESIAN_POINT('',(-1.025559651411,3.27022602413E+03));
#4516 = CARTESIAN_POINT('',(-1.013449419966,3.270126299605E+03));
#4517 = CARTESIAN_POINT('',(-1.001321147693,3.270032056786E+03));
#4518 = CARTESIAN_POINT('',(-0.989175744677,3.269943406315E+03));
#4519 = CARTESIAN_POINT('',(-0.977014231845,3.26986045175E+03));
#4520 = CARTESIAN_POINT('',(-0.939321211989,3.269621587991E+03));
#4521 = CARTESIAN_POINT('',(-0.913738006339,3.269485312996E+03));
#4522 = CARTESIAN_POINT('',(-0.88809991306,3.269375351493E+03));
#4523 = CARTESIAN_POINT('',(-0.862419152349,3.269292412654E+03));
#4524 = CARTESIAN_POINT('',(-0.836708759354,3.269236993264E+03));
#4525 = CARTESIAN_POINT('',(-0.810983050643,3.269209350346E+03));
#4526 = CARTESIAN_POINT('',(-0.747357308416,3.269209670721E+03));
#4527 = CARTESIAN_POINT('',(-0.709452324475,3.26927014568E+03));
#4528 = CARTESIAN_POINT('',(-0.671599013725,3.269390929715E+03));
#4529 = CARTESIAN_POINT('',(-0.63384108769,3.269570770579E+03));
#4530 = CARTESIAN_POINT('',(-0.59621460931,3.269807357722E+03));
#4531 = CARTESIAN_POINT('',(-0.558751141674,3.270097567956E+03));
#4532 = CARTESIAN_POINT('',(-0.500827454321,3.270626226243E+03));
#4533 = CARTESIAN_POINT('',(-0.480232482719,3.270830069551E+03));
#4534 = CARTESIAN_POINT('',(-0.459698254568,3.271048660361E+03));
#4535 = CARTESIAN_POINT('',(-0.439227314717,3.271281354554E+03));
#4536 = CARTESIAN_POINT('',(-0.418821317989,3.271527485592E+03));
#4537 = CARTESIAN_POINT('',(-0.39848113971,3.271786378771E+03));
#4538 = CARTESIAN_POINT('',(-0.322826283067,3.272797590411E+03));
#4539 = CARTESIAN_POINT('',(-0.267951507999,3.273627872827E+03));
#4540 = CARTESIAN_POINT('',(-0.213564923326,3.274534769388E+03));
#4541 = CARTESIAN_POINT('',(-0.15962936198,3.275505057599E+03));
#4542 = CARTESIAN_POINT('',(-0.106098521374,3.276526926446E+03));
#4543 = CARTESIAN_POINT('',(-5.291436145921E-02,3.277590142063E+03));
#4544 = CARTESIAN_POINT('',(0.,3.278686155193E+03));
#4545 = ( GEOMETRIC_REPRESENTATION_CONTEXT(2) 
PARAMETRIC_REPRESENTATION_CONTEXT() REPRESENTATION_CONTEXT('2D SPACE',''
  ) );
#4546 = ORIENTED_EDGE('',*,*,#4547,.T.);
#4547 = EDGE_CURVE('',#4402,#3130,#4548,.T.);
#4548 = SURFACE_CURVE('',#4549,(#4587,#4628),.PCURVE_S1.);
#4549 = B_SPLINE_CURVE_WITH_KNOTS('',8,(#4550,#4551,#4552,#4553,#4554,
    #4555,#4556,#4557,#4558,#4559,#4560,#4561,#4562,#4563,#4564,#4565,
    #4566,#4567,#4568,#4569,#4570,#4571,#4572,#4573,#4574,#4575,#4576,
    #4577,#4578,#4579,#4580,#4581,#4582,#4583,#4584,#4585,#4586),
  .UNSPECIFIED.,.F.,.F.,(9,7,7,7,7,9),(0.,0.240196981176,0.347581623523,
    0.517905156345,0.682667099901,1.),.UNSPECIFIED.);
#4550 = CARTESIAN_POINT('',(5.975E+03,-1.403314391493E+03,3.26E+03));
#4551 = CARTESIAN_POINT('',(5.975E+03,-1.403314391493E+03,
    3.263211178088E+03));
#4552 = CARTESIAN_POINT('',(5.975E+03,-1.403100067229E+03,
    3.266422993298E+03));
#4553 = CARTESIAN_POINT('',(5.975E+03,-1.402671273313E+03,
    3.269617736603E+03));
#4554 = CARTESIAN_POINT('',(5.975E+03,-1.402030524877E+03,
    3.272778747355E+03));
#4555 = CARTESIAN_POINT('',(5.975E+03,-1.401182416747E+03,
    3.275890308841E+03));
#4556 = CARTESIAN_POINT('',(5.975E+03,-1.400133389549E+03,
    3.278937610336E+03));
#4557 = CARTESIAN_POINT('',(5.975E+03,-1.398891748594E+03,
    3.281906765627E+03));
#4558 = CARTESIAN_POINT('',(5.975E+03,-1.396831256517E+03,
    3.28607159304E+03));
#4559 = CARTESIAN_POINT('',(5.975E+03,-1.396158169562E+03,
    3.287340257751E+03));
#4560 = CARTESIAN_POINT('',(5.975E+03,-1.395449453865E+03,
    3.288589787575E+03));
#4561 = CARTESIAN_POINT('',(5.975E+03,-1.394706031123E+03,
    3.289819175784E+03));
#4562 = CARTESIAN_POINT('',(5.975E+03,-1.393928864864E+03,
    3.291027489497E+03));
#4563 = CARTESIAN_POINT('',(5.975E+03,-1.393118955109E+03,
    3.292213866428E+03));
#4564 = CARTESIAN_POINT('',(5.975E+03,-1.392277334255E+03,
    3.293377512362E+03));
#4565 = CARTESIAN_POINT('',(5.975E+03,-1.390021550474E+03,
    3.296326157922E+03));
#4566 = CARTESIAN_POINT('',(5.975E+03,-1.38856090585E+03,
    3.298075632732E+03));
#4567 = CARTESIAN_POINT('',(5.975E+03,-1.387027361552E+03,
    3.299763218941E+03));
#4568 = CARTESIAN_POINT('',(5.975E+03,-1.385425249494E+03,
    3.301386532252E+03));
#4569 = CARTESIAN_POINT('',(5.975E+03,-1.383758946831E+03,
    3.302943654316E+03));
#4570 = CARTESIAN_POINT('',(5.975E+03,-1.382032828124E+03,
    3.304433084927E+03));
#4571 = CARTESIAN_POINT('',(5.975E+03,-1.380251225092E+03,
    3.305853700996E+03));
#4572 = CARTESIAN_POINT('',(5.975E+03,-1.37664541041E+03,
    3.308511628588E+03));
#4573 = CARTESIAN_POINT('',(5.975E+03,-1.374824465808E+03,
    3.309753427988E+03));
#4574 = CARTESIAN_POINT('',(5.975E+03,-1.372959347506E+03,
    3.310929456482E+03));
#4575 = CARTESIAN_POINT('',(5.975E+03,-1.371053742132E+03,
    3.312039350094E+03));
#4576 = CARTESIAN_POINT('',(5.975E+03,-1.369111210865E+03,
    3.313083000537E+03));
#4577 = CARTESIAN_POINT('',(5.975E+03,-1.367135164724E+03,
    3.314060510854E+03));
#4578 = CARTESIAN_POINT('',(5.975E+03,-1.365128839852E+03,
    3.314972151062E+03));
#4579 = CARTESIAN_POINT('',(5.975E+03,-1.359178605433E+03,
    3.317448030397E+03));
#4580 = CARTESIAN_POINT('',(5.975E+03,-1.355162322565E+03,
    3.318834257645E+03));
#4581 = CARTESIAN_POINT('',(5.975E+03,-1.351066524682E+03,
    3.319980824744E+03));
#4582 = CARTESIAN_POINT('',(5.975E+03,-1.346909967206E+03,
    3.320891889785E+03));
#4583 = CARTESIAN_POINT('',(5.975E+03,-1.342710019096E+03,
    3.321571632896E+03));
#4584 = CARTESIAN_POINT('',(5.975E+03,-1.338482531795E+03,
    3.322023487466E+03));
#4585 = CARTESIAN_POINT('',(5.975E+03,-1.334241715762E+03,
    3.32224949799E+03));
#4586 = CARTESIAN_POINT('',(5.975E+03,-1.33E+03,3.32224949799E+03));
#4587 = PCURVE('',#1668,#4588);
#4588 = DEFINITIONAL_REPRESENTATION('',(#4589),#4627);
#4589 = B_SPLINE_CURVE_WITH_KNOTS('',8,(#4590,#4591,#4592,#4593,#4594,
    #4595,#4596,#4597,#4598,#4599,#4600,#4601,#4602,#4603,#4604,#4605,
    #4606,#4607,#4608,#4609,#4610,#4611,#4612,#4613,#4614,#4615,#4616,
    #4617,#4618,#4619,#4620,#4621,#4622,#4623,#4624,#4625,#4626),
  .UNSPECIFIED.,.F.,.F.,(9,7,7,7,7,9),(0.,0.240196981176,0.347581623523,
    0.517905156345,0.682667099901,1.),.UNSPECIFIED.);
#4590 = CARTESIAN_POINT('',(-0.657264153246,0.));
#4591 = CARTESIAN_POINT('',(-0.657264153246,3.567975653816E-02));
#4592 = CARTESIAN_POINT('',(-0.65585020379,7.136659010958E-02));
#4593 = CARTESIAN_POINT('',(-0.653021375115,0.106932960897));
#4594 = CARTESIAN_POINT('',(-0.648776896307,0.142263046286));
#4595 = CARTESIAN_POINT('',(-0.643112604052,0.177246233175));
#4596 = CARTESIAN_POINT('',(-0.636020902354,0.211772231197));
#4597 = CARTESIAN_POINT('',(-0.627494068703,0.245727514512));
#4598 = CARTESIAN_POINT('',(-0.61307644696,0.293864680179));
#4599 = CARTESIAN_POINT('',(-0.608334533183,0.308600343715));
#4600 = CARTESIAN_POINT('',(-0.603304509681,0.323189945915));
#4601 = CARTESIAN_POINT('',(-0.597985894087,0.337623883583));
#4602 = CARTESIAN_POINT('',(-0.592378246042,0.351892717251));
#4603 = CARTESIAN_POINT('',(-0.586481217298,0.365987112879));
#4604 = CARTESIAN_POINT('',(-0.580294618657,0.379897802845));
#4605 = CARTESIAN_POINT('',(-0.563546692631,0.415373406731));
#4606 = CARTESIAN_POINT('',(-0.552546343474,0.436646289349));
#4607 = CARTESIAN_POINT('',(-0.540817626575,0.457397431134));
#4608 = CARTESIAN_POINT('',(-0.528361585145,0.477591571511));
#4609 = CARTESIAN_POINT('',(-0.515180745386,0.497194445339));
#4610 = CARTESIAN_POINT('',(-0.501279789232,0.516172521692));
#4611 = CARTESIAN_POINT('',(-0.486666289784,0.534493008339));
#4612 = CARTESIAN_POINT('',(-0.456536803951,0.569179525228));
#4613 = CARTESIAN_POINT('',(-0.441065714123,0.585590042898));
#4614 = CARTESIAN_POINT('',(-0.424947719933,0.601327538889));
#4615 = CARTESIAN_POINT('',(-0.408195403378,0.616364671828));
#4616 = CARTESIAN_POINT('',(-0.39082480552,0.630675100752));
#4617 = CARTESIAN_POINT('',(-0.372855783549,0.644233690818));
#4618 = CARTESIAN_POINT('',(-0.354312367833,0.657016719035));
#4619 = CARTESIAN_POINT('',(-0.298457063856,0.692085986765));
#4620 = CARTESIAN_POINT('',(-0.259679548497,0.712202514436));
#4621 = CARTESIAN_POINT('',(-0.219079754184,0.72920796128));
#4622 = CARTESIAN_POINT('',(-0.176915104026,0.742964968704));
#4623 = CARTESIAN_POINT('',(-0.13351837484,0.753357835697));
#4624 = CARTESIAN_POINT('',(-8.928981197059E-02,0.760309404752));
#4625 = CARTESIAN_POINT('',(-4.464963960012E-02,0.763786496398));
#4626 = CARTESIAN_POINT('',(0.,0.763786496398));
#4627 = ( GEOMETRIC_REPRESENTATION_CONTEXT(2) 
PARAMETRIC_REPRESENTATION_CONTEXT() REPRESENTATION_CONTEXT('2D SPACE',''
  ) );
#4628 = PCURVE('',#3225,#4629);
#4629 = DEFINITIONAL_REPRESENTATION('',(#4630),#4668);
#4630 = B_SPLINE_CURVE_WITH_KNOTS('',8,(#4631,#4632,#4633,#4634,#4635,
    #4636,#4637,#4638,#4639,#4640,#4641,#4642,#4643,#4644,#4645,#4646,
    #4647,#4648,#4649,#4650,#4651,#4652,#4653,#4654,#4655,#4656,#4657,
    #4658,#4659,#4660,#4661,#4662,#4663,#4664,#4665,#4666,#4667),
  .UNSPECIFIED.,.F.,.F.,(9,7,7,7,7,9),(0.,0.240196981176,0.347581623523,
    0.517905156345,0.682667099901,1.),.UNSPECIFIED.);
#4631 = CARTESIAN_POINT('',(3.22E+03,-21.68560850692));
#4632 = CARTESIAN_POINT('',(3.223211178088E+03,-21.68560850692));
#4633 = CARTESIAN_POINT('',(3.226422993298E+03,-21.89993277131));
#4634 = CARTESIAN_POINT('',(3.229617736603E+03,-22.32872668662));
#4635 = CARTESIAN_POINT('',(3.232778747355E+03,-22.96947512277));
#4636 = CARTESIAN_POINT('',(3.235890308841E+03,-23.81758325331));
#4637 = CARTESIAN_POINT('',(3.238937610336E+03,-24.86661045121));
#4638 = CARTESIAN_POINT('',(3.241906765627E+03,-26.10825140587));
#4639 = CARTESIAN_POINT('',(3.24607159304E+03,-28.16874348337));
#4640 = CARTESIAN_POINT('',(3.247340257751E+03,-28.84183043765));
#4641 = CARTESIAN_POINT('',(3.248589787575E+03,-29.55054613546));
#4642 = CARTESIAN_POINT('',(3.249819175784E+03,-30.29396887686));
#4643 = CARTESIAN_POINT('',(3.251027489497E+03,-31.07113513606));
#4644 = CARTESIAN_POINT('',(3.252213866428E+03,-31.88104489129));
#4645 = CARTESIAN_POINT('',(3.253377512362E+03,-32.72266574485));
#4646 = CARTESIAN_POINT('',(3.256326157922E+03,-34.97844952597));
#4647 = CARTESIAN_POINT('',(3.258075632732E+03,-36.43909415026));
#4648 = CARTESIAN_POINT('',(3.259763218941E+03,-37.97263844847));
#4649 = CARTESIAN_POINT('',(3.261386532252E+03,-39.57475050593));
#4650 = CARTESIAN_POINT('',(3.262943654316E+03,-41.2410531687));
#4651 = CARTESIAN_POINT('',(3.264433084927E+03,-42.96717187607));
#4652 = CARTESIAN_POINT('',(3.265853700996E+03,-44.7487749079));
#4653 = CARTESIAN_POINT('',(3.268511628588E+03,-48.35458958964));
#4654 = CARTESIAN_POINT('',(3.269753427988E+03,-50.17553419192));
#4655 = CARTESIAN_POINT('',(3.270929456482E+03,-52.04065249358));
#4656 = CARTESIAN_POINT('',(3.272039350094E+03,-53.94625786778));
#4657 = CARTESIAN_POINT('',(3.273083000537E+03,-55.88878913483));
#4658 = CARTESIAN_POINT('',(3.274060510854E+03,-57.86483527606));
#4659 = CARTESIAN_POINT('',(3.274972151062E+03,-59.87116014766));
#4660 = CARTESIAN_POINT('',(3.277448030397E+03,-65.82139456723));
#4661 = CARTESIAN_POINT('',(3.278834257645E+03,-69.83767743541));
#4662 = CARTESIAN_POINT('',(3.279980824744E+03,-73.93347531767));
#4663 = CARTESIAN_POINT('',(3.280891889785E+03,-78.09003279396));
#4664 = CARTESIAN_POINT('',(3.281571632896E+03,-82.28998090391));
#4665 = CARTESIAN_POINT('',(3.282023487466E+03,-86.51746820513));
#4666 = CARTESIAN_POINT('',(3.28224949799E+03,-90.75828423798));
#4667 = CARTESIAN_POINT('',(3.28224949799E+03,-95.));
#4668 = ( GEOMETRIC_REPRESENTATION_CONTEXT(2) 
PARAMETRIC_REPRESENTATION_CONTEXT() REPRESENTATION_CONTEXT('2D SPACE',''
  ) );
#4669 = ADVANCED_FACE('',(#4670,#4695),#1747,.T.);
#4670 = FACE_BOUND('',#4671,.F.);
#4671 = EDGE_LOOP('',(#4672,#4673,#4674,#4694));
#4672 = ORIENTED_EDGE('',*,*,#4350,.F.);
#4673 = ORIENTED_EDGE('',*,*,#2928,.T.);
#4674 = ORIENTED_EDGE('',*,*,#4675,.T.);
#4675 = EDGE_CURVE('',#2904,#1699,#4676,.T.);
#4676 = SURFACE_CURVE('',#4677,(#4682,#4688),.PCURVE_S1.);
#4677 = CIRCLE('',#4678,90.);
#4678 = AXIS2_PLACEMENT_3D('',#4679,#4680,#4681);
#4679 = CARTESIAN_POINT('',(5.91E+03,1.33E+03,3.26E+03));
#4680 = DIRECTION('',(6.123233995737E-17,-1.,0.));
#4681 = DIRECTION('',(1.,6.123233995737E-17,0.));
#4682 = PCURVE('',#1747,#4683);
#4683 = DEFINITIONAL_REPRESENTATION('',(#4684),#4687);
#4684 = B_SPLINE_CURVE_WITH_KNOTS('',1,(#4685,#4686),.UNSPECIFIED.,.F.,
  .F.,(2,2),(0.,1.570796326795),.PIECEWISE_BEZIER_KNOTS.);
#4685 = CARTESIAN_POINT('',(-1.570796326795,0.));
#4686 = CARTESIAN_POINT('',(-1.570796326795,1.570796326795));
#4687 = ( GEOMETRIC_REPRESENTATION_CONTEXT(2) 
PARAMETRIC_REPRESENTATION_CONTEXT() REPRESENTATION_CONTEXT('2D SPACE',''
  ) );
#4688 = PCURVE('',#1714,#4689);
#4689 = DEFINITIONAL_REPRESENTATION('',(#4690),#4693);
#4690 = B_SPLINE_CURVE_WITH_KNOTS('',1,(#4691,#4692),.UNSPECIFIED.,.F.,
  .F.,(2,2),(0.,1.570796326795),.PIECEWISE_BEZIER_KNOTS.);
#4691 = CARTESIAN_POINT('',(0.,0.));
#4692 = CARTESIAN_POINT('',(1.570796326795,0.));
#4693 = ( GEOMETRIC_REPRESENTATION_CONTEXT(2) 
PARAMETRIC_REPRESENTATION_CONTEXT() REPRESENTATION_CONTEXT('2D SPACE',''
  ) );
#4694 = ORIENTED_EDGE('',*,*,#1726,.F.);
#4695 = FACE_BOUND('',#4696,.F.);
#4696 = EDGE_LOOP('',(#4697,#4698,#4823,#4974));
#4697 = ORIENTED_EDGE('',*,*,#3237,.F.);
#4698 = ORIENTED_EDGE('',*,*,#4699,.F.);
#4699 = EDGE_CURVE('',#4700,#3210,#4702,.T.);
#4700 = VERTEX_POINT('',#4701);
#4701 = CARTESIAN_POINT('',(5.975E+03,1.355E+03,3.318686155193E+03));
#4702 = SURFACE_CURVE('',#4703,(#4741,#4782),.PCURVE_S1.);
#4703 = B_SPLINE_CURVE_WITH_KNOTS('',8,(#4704,#4705,#4706,#4707,#4708,
    #4709,#4710,#4711,#4712,#4713,#4714,#4715,#4716,#4717,#4718,#4719,
    #4720,#4721,#4722,#4723,#4724,#4725,#4726,#4727,#4728,#4729,#4730,
    #4731,#4732,#4733,#4734,#4735,#4736,#4737,#4738,#4739,#4740),
  .UNSPECIFIED.,.F.,.F.,(9,7,7,7,7,9),(0.,0.240196981176,0.347581623522,
    0.517905156345,0.682667099901,1.),.UNSPECIFIED.);
#4704 = CARTESIAN_POINT('',(5.975E+03,1.403314391493E+03,3.26E+03));
#4705 = CARTESIAN_POINT('',(5.975E+03,1.403314391493E+03,
    3.263211178088E+03));
#4706 = CARTESIAN_POINT('',(5.975E+03,1.403100067229E+03,
    3.266422993298E+03));
#4707 = CARTESIAN_POINT('',(5.975E+03,1.402671273313E+03,
    3.269617736603E+03));
#4708 = CARTESIAN_POINT('',(5.975E+03,1.402030524877E+03,
    3.272778747355E+03));
#4709 = CARTESIAN_POINT('',(5.975E+03,1.401182416747E+03,
    3.275890308841E+03));
#4710 = CARTESIAN_POINT('',(5.975E+03,1.400133389549E+03,
    3.278937610336E+03));
#4711 = CARTESIAN_POINT('',(5.975E+03,1.398891748594E+03,
    3.281906765627E+03));
#4712 = CARTESIAN_POINT('',(5.975E+03,1.396831256517E+03,
    3.28607159304E+03));
#4713 = CARTESIAN_POINT('',(5.975E+03,1.396158169562E+03,
    3.287340257751E+03));
#4714 = CARTESIAN_POINT('',(5.975E+03,1.395449453865E+03,
    3.288589787575E+03));
#4715 = CARTESIAN_POINT('',(5.975E+03,1.394706031123E+03,
    3.289819175784E+03));
#4716 = CARTESIAN_POINT('',(5.975E+03,1.393928864864E+03,
    3.291027489497E+03));
#4717 = CARTESIAN_POINT('',(5.975E+03,1.393118955109E+03,
    3.292213866428E+03));
#4718 = CARTESIAN_POINT('',(5.975E+03,1.392277334255E+03,
    3.293377512362E+03));
#4719 = CARTESIAN_POINT('',(5.975E+03,1.390021550474E+03,
    3.296326157922E+03));
#4720 = CARTESIAN_POINT('',(5.975E+03,1.38856090585E+03,
    3.298075632732E+03));
#4721 = CARTESIAN_POINT('',(5.975E+03,1.387027361552E+03,
    3.299763218941E+03));
#4722 = CARTESIAN_POINT('',(5.975E+03,1.385425249494E+03,
    3.301386532252E+03));
#4723 = CARTESIAN_POINT('',(5.975E+03,1.383758946831E+03,
    3.302943654316E+03));
#4724 = CARTESIAN_POINT('',(5.975E+03,1.382032828124E+03,
    3.304433084927E+03));
#4725 = CARTESIAN_POINT('',(5.975E+03,1.380251225092E+03,
    3.305853700996E+03));
#4726 = CARTESIAN_POINT('',(5.975E+03,1.37664541041E+03,
    3.308511628588E+03));
#4727 = CARTESIAN_POINT('',(5.975E+03,1.374824465808E+03,
    3.309753427988E+03));
#4728 = CARTESIAN_POINT('',(5.975E+03,1.372959347506E+03,
    3.310929456482E+03));
#4729 = CARTESIAN_POINT('',(5.975E+03,1.371053742132E+03,
    3.312039350094E+03));
#4730 = CARTESIAN_POINT('',(5.975E+03,1.369111210865E+03,
    3.313083000537E+03));
#4731 = CARTESIAN_POINT('',(5.975E+03,1.367135164724E+03,
    3.314060510854E+03));
#4732 = CARTESIAN_POINT('',(5.975E+03,1.365128839852E+03,
    3.314972151062E+03));
#4733 = CARTESIAN_POINT('',(5.975E+03,1.359178605433E+03,
    3.317448030397E+03));
#4734 = CARTESIAN_POINT('',(5.975E+03,1.355162322565E+03,
    3.318834257645E+03));
#4735 = CARTESIAN_POINT('',(5.975E+03,1.351066524682E+03,
    3.319980824744E+03));
#4736 = CARTESIAN_POINT('',(5.975E+03,1.346909967206E+03,
    3.320891889785E+03));
#4737 = CARTESIAN_POINT('',(5.975E+03,1.342710019096E+03,
    3.321571632896E+03));
#4738 = CARTESIAN_POINT('',(5.975E+03,1.338482531795E+03,
    3.322023487466E+03));
#4739 = CARTESIAN_POINT('',(5.975E+03,1.334241715762E+03,
    3.32224949799E+03));
#4740 = CARTESIAN_POINT('',(5.975E+03,1.33E+03,3.32224949799E+03));
#4741 = PCURVE('',#1747,#4742);
#4742 = DEFINITIONAL_REPRESENTATION('',(#4743),#4781);
#4743 = B_SPLINE_CURVE_WITH_KNOTS('',8,(#4744,#4745,#4746,#4747,#4748,
    #4749,#4750,#4751,#4752,#4753,#4754,#4755,#4756,#4757,#4758,#4759,
    #4760,#4761,#4762,#4763,#4764,#4765,#4766,#4767,#4768,#4769,#4770,
    #4771,#4772,#4773,#4774,#4775,#4776,#4777,#4778,#4779,#4780),
  .UNSPECIFIED.,.F.,.F.,(9,7,7,7,7,9),(0.,0.240196981176,0.347581623522,
    0.517905156345,0.682667099901,1.),.UNSPECIFIED.);
#4744 = CARTESIAN_POINT('',(-0.913532173549,0.));
#4745 = CARTESIAN_POINT('',(-0.913532173549,3.567975653813E-02));
#4746 = CARTESIAN_POINT('',(-0.914946123004,7.136659010962E-02));
#4747 = CARTESIAN_POINT('',(-0.91777495168,0.106932960897));
#4748 = CARTESIAN_POINT('',(-0.922019430488,0.142263046286));
#4749 = CARTESIAN_POINT('',(-0.927683722743,0.177246233175));
#4750 = CARTESIAN_POINT('',(-0.934775424441,0.211772231196));
#4751 = CARTESIAN_POINT('',(-0.943302258092,0.245727514512));
#4752 = CARTESIAN_POINT('',(-0.957719879835,0.293864680179));
#4753 = CARTESIAN_POINT('',(-0.962461793611,0.308600343715));
#4754 = CARTESIAN_POINT('',(-0.967491817113,0.323189945915));
#4755 = CARTESIAN_POINT('',(-0.972810432708,0.337623883583));
#4756 = CARTESIAN_POINT('',(-0.978418080752,0.351892717251));
#4757 = CARTESIAN_POINT('',(-0.984315109497,0.365987112879));
#4758 = CARTESIAN_POINT('',(-0.990501708138,0.379897802845));
#4759 = CARTESIAN_POINT('',(-1.007249634164,0.415373406731));
#4760 = CARTESIAN_POINT('',(-1.01824998332,0.436646289349));
#4761 = CARTESIAN_POINT('',(-1.02997870022,0.457397431134));
#4762 = CARTESIAN_POINT('',(-1.04243474165,0.477591571511));
#4763 = CARTESIAN_POINT('',(-1.055615581409,0.497194445339));
#4764 = CARTESIAN_POINT('',(-1.069516537563,0.516172521692));
#4765 = CARTESIAN_POINT('',(-1.084130037011,0.534493008339));
#4766 = CARTESIAN_POINT('',(-1.114259522844,0.569179525228));
#4767 = CARTESIAN_POINT('',(-1.129730612672,0.585590042898));
#4768 = CARTESIAN_POINT('',(-1.145848606861,0.601327538889));
#4769 = CARTESIAN_POINT('',(-1.162600923417,0.616364671828));
#4770 = CARTESIAN_POINT('',(-1.179971521275,0.630675100752));
#4771 = CARTESIAN_POINT('',(-1.197940543246,0.644233690818));
#4772 = CARTESIAN_POINT('',(-1.216483958962,0.657016719035));
#4773 = CARTESIAN_POINT('',(-1.272339262939,0.692085986765));
#4774 = CARTESIAN_POINT('',(-1.311116778298,0.712202514436));
#4775 = CARTESIAN_POINT('',(-1.351716572611,0.72920796128));
#4776 = CARTESIAN_POINT('',(-1.393881222769,0.742964968704));
#4777 = CARTESIAN_POINT('',(-1.437277951955,0.753357835697));
#4778 = CARTESIAN_POINT('',(-1.481506514825,0.760309404752));
#4779 = CARTESIAN_POINT('',(-1.526146687195,0.763786496398));
#4780 = CARTESIAN_POINT('',(-1.570796326795,0.763786496398));
#4781 = ( GEOMETRIC_REPRESENTATION_CONTEXT(2) 
PARAMETRIC_REPRESENTATION_CONTEXT() REPRESENTATION_CONTEXT('2D SPACE',''
  ) );
#4782 = PCURVE('',#3225,#4783);
#4783 = DEFINITIONAL_REPRESENTATION('',(#4784),#4822);
#4784 = B_SPLINE_CURVE_WITH_KNOTS('',8,(#4785,#4786,#4787,#4788,#4789,
    #4790,#4791,#4792,#4793,#4794,#4795,#4796,#4797,#4798,#4799,#4800,
    #4801,#4802,#4803,#4804,#4805,#4806,#4807,#4808,#4809,#4810,#4811,
    #4812,#4813,#4814,#4815,#4816,#4817,#4818,#4819,#4820,#4821),
  .UNSPECIFIED.,.F.,.F.,(9,7,7,7,7,9),(0.,0.240196981176,0.347581623522,
    0.517905156345,0.682667099901,1.),.UNSPECIFIED.);
#4785 = CARTESIAN_POINT('',(3.22E+03,-2.828314391493E+03));
#4786 = CARTESIAN_POINT('',(3.223211178088E+03,-2.828314391493E+03));
#4787 = CARTESIAN_POINT('',(3.226422993298E+03,-2.828100067229E+03));
#4788 = CARTESIAN_POINT('',(3.229617736603E+03,-2.827671273313E+03));
#4789 = CARTESIAN_POINT('',(3.232778747355E+03,-2.827030524877E+03));
#4790 = CARTESIAN_POINT('',(3.235890308841E+03,-2.826182416747E+03));
#4791 = CARTESIAN_POINT('',(3.238937610336E+03,-2.825133389549E+03));
#4792 = CARTESIAN_POINT('',(3.241906765627E+03,-2.823891748594E+03));
#4793 = CARTESIAN_POINT('',(3.24607159304E+03,-2.821831256517E+03));
#4794 = CARTESIAN_POINT('',(3.247340257751E+03,-2.821158169562E+03));
#4795 = CARTESIAN_POINT('',(3.248589787575E+03,-2.820449453865E+03));
#4796 = CARTESIAN_POINT('',(3.249819175784E+03,-2.819706031123E+03));
#4797 = CARTESIAN_POINT('',(3.251027489497E+03,-2.818928864864E+03));
#4798 = CARTESIAN_POINT('',(3.252213866428E+03,-2.818118955109E+03));
#4799 = CARTESIAN_POINT('',(3.253377512362E+03,-2.817277334255E+03));
#4800 = CARTESIAN_POINT('',(3.256326157922E+03,-2.815021550474E+03));
#4801 = CARTESIAN_POINT('',(3.258075632732E+03,-2.81356090585E+03));
#4802 = CARTESIAN_POINT('',(3.259763218941E+03,-2.812027361552E+03));
#4803 = CARTESIAN_POINT('',(3.261386532252E+03,-2.810425249494E+03));
#4804 = CARTESIAN_POINT('',(3.262943654316E+03,-2.808758946831E+03));
#4805 = CARTESIAN_POINT('',(3.264433084927E+03,-2.807032828124E+03));
#4806 = CARTESIAN_POINT('',(3.265853700996E+03,-2.805251225092E+03));
#4807 = CARTESIAN_POINT('',(3.268511628588E+03,-2.80164541041E+03));
#4808 = CARTESIAN_POINT('',(3.269753427988E+03,-2.799824465808E+03));
#4809 = CARTESIAN_POINT('',(3.270929456482E+03,-2.797959347506E+03));
#4810 = CARTESIAN_POINT('',(3.272039350094E+03,-2.796053742132E+03));
#4811 = CARTESIAN_POINT('',(3.273083000537E+03,-2.794111210865E+03));
#4812 = CARTESIAN_POINT('',(3.274060510854E+03,-2.792135164724E+03));
#4813 = CARTESIAN_POINT('',(3.274972151062E+03,-2.790128839852E+03));
#4814 = CARTESIAN_POINT('',(3.277448030397E+03,-2.784178605433E+03));
#4815 = CARTESIAN_POINT('',(3.278834257645E+03,-2.780162322565E+03));
#4816 = CARTESIAN_POINT('',(3.279980824744E+03,-2.776066524682E+03));
#4817 = CARTESIAN_POINT('',(3.280891889785E+03,-2.771909967206E+03));
#4818 = CARTESIAN_POINT('',(3.281571632896E+03,-2.767710019096E+03));
#4819 = CARTESIAN_POINT('',(3.282023487466E+03,-2.763482531795E+03));
#4820 = CARTESIAN_POINT('',(3.28224949799E+03,-2.759241715762E+03));
#4821 = CARTESIAN_POINT('',(3.28224949799E+03,-2.755E+03));
#4822 = ( GEOMETRIC_REPRESENTATION_CONTEXT(2) 
PARAMETRIC_REPRESENTATION_CONTEXT() REPRESENTATION_CONTEXT('2D SPACE',''
  ) );
#4823 = ORIENTED_EDGE('',*,*,#4824,.T.);
#4824 = EDGE_CURVE('',#4700,#4825,#4827,.T.);
#4825 = VERTEX_POINT('',#4826);
#4826 = CARTESIAN_POINT('',(5.905E+03,1.425E+03,3.318686155193E+03));
#4827 = SURFACE_CURVE('',#4828,(#4873,#4921),.PCURVE_S1.);
#4828 = B_SPLINE_CURVE_WITH_KNOTS('',7,(#4829,#4830,#4831,#4832,#4833,
    #4834,#4835,#4836,#4837,#4838,#4839,#4840,#4841,#4842,#4843,#4844,
    #4845,#4846,#4847,#4848,#4849,#4850,#4851,#4852,#4853,#4854,#4855,
    #4856,#4857,#4858,#4859,#4860,#4861,#4862,#4863,#4864,#4865,#4866,
    #4867,#4868,#4869,#4870,#4871,#4872),.UNSPECIFIED.,.F.,.F.,(8,6,6,6,
    6,6,6,8),(0.,0.246364281703,0.336691165681,0.389473904609,
    0.500083277443,0.663045912852,0.753343603923,1.),.UNSPECIFIED.);
#4829 = CARTESIAN_POINT('',(5.975E+03,1.355E+03,3.318686155193E+03));
#4830 = CARTESIAN_POINT('',(5.975E+03,1.35869972025E+03,
    3.317591410007E+03));
#4831 = CARTESIAN_POINT('',(5.974771867471E+03,1.362418283043E+03,
    3.316529386221E+03));
#4832 = CARTESIAN_POINT('',(5.974311422251E+03,1.366144173608E+03,
    3.315508604003E+03));
#4833 = CARTESIAN_POINT('',(5.973614017224E+03,1.369863772094E+03,
    3.314539259809E+03));
#4834 = CARTESIAN_POINT('',(5.972675505915E+03,1.373561483107E+03,
    3.313633119785E+03));
#4835 = CARTESIAN_POINT('',(5.97149267104E+03,1.377219732011E+03,
    3.312803355217E+03));
#4836 = CARTESIAN_POINT('',(5.969540955906E+03,1.382138170087E+03,
    3.31179205081E+03));
#4837 = CARTESIAN_POINT('',(5.968984427729E+03,1.383449589801E+03,
    3.311532831359E+03));
#4838 = CARTESIAN_POINT('',(5.968394965067E+03,1.384751876508E+03,
    3.311286372591E+03));
#4839 = CARTESIAN_POINT('',(5.967772616991E+03,1.386043927141E+03,
    3.311053349971E+03));
#4840 = CARTESIAN_POINT('',(5.967117507169E+03,1.387324581967E+03,
    3.310834430907E+03));
#4841 = CARTESIAN_POINT('',(5.966429850552E+03,1.388592627755E+03,
    3.310630260498E+03));
#4842 = CARTESIAN_POINT('',(5.9652893061E+03,1.390579680157E+03,
    3.310331113794E+03));
#4843 = CARTESIAN_POINT('',(5.964857638448E+03,1.391307822968E+03,
    3.31022602413E+03));
#4844 = CARTESIAN_POINT('',(5.964415032103E+03,1.39203097669E+03,
    3.310126299605E+03));
#4845 = CARTESIAN_POINT('',(5.963961563842E+03,1.39274888467E+03,
    3.310032056786E+03));
#4846 = CARTESIAN_POINT('',(5.963497323378E+03,1.393461286718E+03,
    3.309943406315E+03));
#4847 = CARTESIAN_POINT('',(5.963022414514E+03,1.394167919534E+03,
    3.30986045175E+03));
#4848 = CARTESIAN_POINT('',(5.961519649706E+03,1.39633666117E+03,
    3.309621587991E+03));
#4849 = CARTESIAN_POINT('',(5.960455979611E+03,1.397778356498E+03,
    3.309485312996E+03));
#4850 = CARTESIAN_POINT('',(5.959347086425E+03,1.399191079049E+03,
    3.309375351493E+03));
#4851 = CARTESIAN_POINT('',(5.95819434265E+03,1.400572374491E+03,
    3.309292412654E+03));
#4852 = CARTESIAN_POINT('',(5.956999365744E+03,1.401919865193E+03,
    3.309236993264E+03));
#4853 = CARTESIAN_POINT('',(5.955764039732E+03,1.40323126514E+03,
    3.309209350346E+03));
#4854 = CARTESIAN_POINT('',(5.952614285359E+03,1.406380137835E+03,
    3.309209670721E+03));
#4855 = CARTESIAN_POINT('',(5.950654880357E+03,1.408173112363E+03,
    3.30927014568E+03));
#4856 = CARTESIAN_POINT('',(5.948619465897E+03,1.409876131923E+03,
    3.309390929715E+03));
#4857 = CARTESIAN_POINT('',(5.94651559462E+03,1.411483621827E+03,
    3.309570770579E+03));
#4858 = CARTESIAN_POINT('',(5.944351040228E+03,1.412991325444E+03,
    3.309807357722E+03));
#4859 = CARTESIAN_POINT('',(5.942133679811E+03,1.414396100354E+03,
    3.310097567957E+03));
#4860 = CARTESIAN_POINT('',(5.93861795455E+03,1.416415983597E+03,
    3.310626226243E+03));
#4861 = CARTESIAN_POINT('',(5.937350573727E+03,1.417103958028E+03,
    3.310830069551E+03));
#4862 = CARTESIAN_POINT('',(5.936070575058E+03,1.417759411893E+03,
    3.311048660361E+03));
#4863 = CARTESIAN_POINT('',(5.934779171106E+03,1.418382129362E+03,
    3.311281354554E+03));
#4864 = CARTESIAN_POINT('',(5.933477521063E+03,1.418971985902E+03,
    3.311527485592E+03));
#4865 = CARTESIAN_POINT('',(5.932166727579E+03,1.419528931612E+03,
    3.311786378771E+03));
#4866 = CARTESIAN_POINT('',(5.927245154115E+03,1.421484445757E+03,
    3.312797590411E+03));
#4867 = CARTESIAN_POINT('',(5.923582897592E+03,1.422670067475E+03,
    3.313627872828E+03));
#4868 = CARTESIAN_POINT('',(5.91988100428E+03,1.423610784523E+03,
    3.314534769389E+03));
#4869 = CARTESIAN_POINT('',(5.91615711869E+03,1.424309821654E+03,
    3.315505057599E+03));
#4870 = CARTESIAN_POINT('',(5.912426895897E+03,1.424771338711E+03,
    3.316526926446E+03));
#4871 = CARTESIAN_POINT('',(5.908704005302E+03,1.425E+03,
    3.317590142063E+03));
#4872 = CARTESIAN_POINT('',(5.905E+03,1.425E+03,3.318686155193E+03));
#4873 = PCURVE('',#1747,#4874);
#4874 = DEFINITIONAL_REPRESENTATION('',(#4875),#4920);
#4875 = B_SPLINE_CURVE_WITH_KNOTS('',7,(#4876,#4877,#4878,#4879,#4880,
    #4881,#4882,#4883,#4884,#4885,#4886,#4887,#4888,#4889,#4890,#4891,
    #4892,#4893,#4894,#4895,#4896,#4897,#4898,#4899,#4900,#4901,#4902,
    #4903,#4904,#4905,#4906,#4907,#4908,#4909,#4910,#4911,#4912,#4913,
    #4914,#4915,#4916,#4917,#4918,#4919),.UNSPECIFIED.,.F.,.F.,(8,6,6,6,
    6,6,6,8),(0.,0.246364281703,0.336691165681,0.389473904609,
    0.500083277443,0.663045912852,0.753343603923,1.),.UNSPECIFIED.);
#4876 = CARTESIAN_POINT('',(-1.313472611824,0.71030941853));
#4877 = CARTESIAN_POINT('',(-1.277050495375,0.694265532034));
#4878 = CARTESIAN_POINT('',(-1.240666420828,0.678959473084));
#4879 = CARTESIAN_POINT('',(-1.204243171216,0.66446660786));
#4880 = CARTESIAN_POINT('',(-1.167720091975,0.650885136438));
#4881 = CARTESIAN_POINT('',(-1.13104602509,0.638332973749));
#4882 = CARTESIAN_POINT('',(-1.094176736481,0.626946149709));
#4883 = CARTESIAN_POINT('',(-1.043479865087,0.613170520839));
#4884 = CARTESIAN_POINT('',(-1.029849714955,0.609650825725));
#4885 = CARTESIAN_POINT('',(-1.016189442156,0.606314234507));
#4886 = CARTESIAN_POINT('',(-1.002498651993,0.603167968306));
#4887 = CARTESIAN_POINT('',(-0.988777459092,0.600219208573));
#4888 = CARTESIAN_POINT('',(-0.97502655587,0.597474935045));
#4889 = CARTESIAN_POINT('',(-0.95319532753,0.59346149873));
#4890 = CARTESIAN_POINT('',(-0.945133680152,0.59205331623));
#4891 = CARTESIAN_POINT('',(-0.937062615652,0.59071853537));
#4892 = CARTESIAN_POINT('',(-0.928982468178,0.58945842668));
#4893 = CARTESIAN_POINT('',(-0.920893636271,0.588274198835));
#4894 = CARTESIAN_POINT('',(-0.912796589895,0.587166985448));
#4895 = CARTESIAN_POINT('',(-0.8877079699,0.583981179218));
#4896 = CARTESIAN_POINT('',(-0.870689773279,0.582167236612));
#4897 = CARTESIAN_POINT('',(-0.853643178226,0.580705772045));
#4898 = CARTESIAN_POINT('',(-0.836574321899,0.579604581141));
#4899 = CARTESIAN_POINT('',(-0.819489846955,0.578869142617));
#4900 = CARTESIAN_POINT('',(-0.802397226996,0.578502308228));
#4901 = CARTESIAN_POINT('',(-0.760123128685,0.578506559754));
#4902 = CARTESIAN_POINT('',(-0.734938352718,0.579309093098));
#4903 = CARTESIAN_POINT('',(-0.70978136871,0.58091194834));
#4904 = CARTESIAN_POINT('',(-0.684674703714,0.58330118353));
#4905 = CARTESIAN_POINT('',(-0.659635946463,0.586451364451));
#4906 = CARTESIAN_POINT('',(-0.634679918097,0.590328336608));
#4907 = CARTESIAN_POINT('',(-0.596045013049,0.597420726029));
#4908 = CARTESIAN_POINT('',(-0.582298418103,0.600160500676));
#4909 = CARTESIAN_POINT('',(-0.568581500523,0.603104717735));
#4910 = CARTESIAN_POINT('',(-0.554894958827,0.606246407627));
#4911 = CARTESIAN_POINT('',(-0.541238914068,0.609578397757));
#4912 = CARTESIAN_POINT('',(-0.527612978341,0.613093474496));
#4913 = CARTESIAN_POINT('',(-0.476875817277,0.626867041965));
#4914 = CARTESIAN_POINT('',(-0.439962695993,0.638260293198));
#4915 = CARTESIAN_POINT('',(-0.403245440546,0.650822222624));
#4916 = CARTESIAN_POINT('',(-0.366679702854,0.664416257534));
#4917 = CARTESIAN_POINT('',(-0.330214177667,0.678924022829));
#4918 = CARTESIAN_POINT('',(-0.29378801587,0.694246949849));
#4919 = CARTESIAN_POINT('',(-0.257323714971,0.71030941853));
#4920 = ( GEOMETRIC_REPRESENTATION_CONTEXT(2) 
PARAMETRIC_REPRESENTATION_CONTEXT() REPRESENTATION_CONTEXT('2D SPACE',''
  ) );
#4921 = PCURVE('',#4922,#4927);
#4922 = CYLINDRICAL_SURFACE('',#4923,70.);
#4923 = AXIS2_PLACEMENT_3D('',#4924,#4925,#4926);
#4924 = CARTESIAN_POINT('',(5.905E+03,1.355E+03,40.));
#4925 = DIRECTION('',(0.,0.,1.));
#4926 = DIRECTION('',(1.,0.,-0.));
#4927 = DEFINITIONAL_REPRESENTATION('',(#4928),#4973);
#4928 = B_SPLINE_CURVE_WITH_KNOTS('',7,(#4929,#4930,#4931,#4932,#4933,
    #4934,#4935,#4936,#4937,#4938,#4939,#4940,#4941,#4942,#4943,#4944,
    #4945,#4946,#4947,#4948,#4949,#4950,#4951,#4952,#4953,#4954,#4955,
    #4956,#4957,#4958,#4959,#4960,#4961,#4962,#4963,#4964,#4965,#4966,
    #4967,#4968,#4969,#4970,#4971,#4972),.UNSPECIFIED.,.F.,.F.,(8,6,6,6,
    6,6,6,8),(0.,0.246364281703,0.336691165681,0.389473904609,
    0.500083277443,0.663045912852,0.753343603923,1.),.UNSPECIFIED.);
#4929 = CARTESIAN_POINT('',(0.,3.278686155193E+03));
#4930 = CARTESIAN_POINT('',(5.285314642597E-02,3.277591410007E+03));
#4931 = CARTESIAN_POINT('',(0.1059754805,3.276529386221E+03));
#4932 = CARTESIAN_POINT('',(0.159443593733,3.275508604003E+03));
#4933 = CARTESIAN_POINT('',(0.21331534203,3.274539259809E+03));
#4934 = CARTESIAN_POINT('',(0.267636906859,3.273633119785E+03));
#4935 = CARTESIAN_POINT('',(0.322445381698,3.272803355217E+03));
#4936 = CARTESIAN_POINT('',(0.398038580111,3.27179205081E+03));
#4937 = CARTESIAN_POINT('',(0.418384656666,3.271532831359E+03));
#4938 = CARTESIAN_POINT('',(0.438796609089,3.271286372591E+03));
#4939 = CARTESIAN_POINT('',(0.459273570881,3.271053349971E+03));
#4940 = CARTESIAN_POINT('',(0.47981389557,3.270834430907E+03));
#4941 = CARTESIAN_POINT('',(0.500415046189,3.270630260498E+03));
#4942 = CARTESIAN_POINT('',(0.533145294618,3.270331113794E+03));
#4943 = CARTESIAN_POINT('',(0.545236675384,3.27022602413E+03));
#4944 = CARTESIAN_POINT('',(0.557346906829,3.270126299605E+03));
#4945 = CARTESIAN_POINT('',(0.569475179102,3.270032056786E+03));
#4946 = CARTESIAN_POINT('',(0.581620582118,3.269943406315E+03));
#4947 = CARTESIAN_POINT('',(0.59378209495,3.26986045175E+03));
#4948 = CARTESIAN_POINT('',(0.631475114806,3.269621587991E+03));
#4949 = CARTESIAN_POINT('',(0.657058320456,3.269485312996E+03));
#4950 = CARTESIAN_POINT('',(0.682696413735,3.269375351493E+03));
#4951 = CARTESIAN_POINT('',(0.708377174446,3.269292412654E+03));
#4952 = CARTESIAN_POINT('',(0.734087567441,3.269236993264E+03));
#4953 = CARTESIAN_POINT('',(0.759813276152,3.269209350346E+03));
#4954 = CARTESIAN_POINT('',(0.823439018384,3.269209670721E+03));
#4955 = CARTESIAN_POINT('',(0.861344002331,3.26927014568E+03));
#4956 = CARTESIAN_POINT('',(0.899197313085,3.269390929715E+03));
#4957 = CARTESIAN_POINT('',(0.936955239126,3.269570770579E+03));
#4958 = CARTESIAN_POINT('',(0.974581717511,3.269807357722E+03));
#4959 = CARTESIAN_POINT('',(1.012045185153,3.270097567957E+03));
#4960 = CARTESIAN_POINT('',(1.06996887251,3.270626226243E+03));
#4961 = CARTESIAN_POINT('',(1.090563844112,3.270830069551E+03));
#4962 = CARTESIAN_POINT('',(1.111098072263,3.271048660361E+03));
#4963 = CARTESIAN_POINT('',(1.131569012114,3.271281354554E+03));
#4964 = CARTESIAN_POINT('',(1.151975008842,3.271527485592E+03));
#4965 = CARTESIAN_POINT('',(1.172315187121,3.271786378771E+03));
#4966 = CARTESIAN_POINT('',(1.247970043759,3.272797590411E+03));
#4967 = CARTESIAN_POINT('',(1.30284481882,3.273627872828E+03));
#4968 = CARTESIAN_POINT('',(1.35723140349,3.274534769389E+03));
#4969 = CARTESIAN_POINT('',(1.411166964829,3.275505057599E+03));
#4970 = CARTESIAN_POINT('',(1.464697805431,3.276526926446E+03));
#4971 = CARTESIAN_POINT('',(1.517881965341,3.277590142063E+03));
#4972 = CARTESIAN_POINT('',(1.570796326795,3.278686155193E+03));
#4973 = ( GEOMETRIC_REPRESENTATION_CONTEXT(2) 
PARAMETRIC_REPRESENTATION_CONTEXT() REPRESENTATION_CONTEXT('2D SPACE',''
  ) );
#4974 = ORIENTED_EDGE('',*,*,#4975,.T.);
#4975 = EDGE_CURVE('',#4825,#3238,#4976,.T.);
#4976 = SURFACE_CURVE('',#4977,(#5015,#5056),.PCURVE_S1.);
#4977 = B_SPLINE_CURVE_WITH_KNOTS('',8,(#4978,#4979,#4980,#4981,#4982,
    #4983,#4984,#4985,#4986,#4987,#4988,#4989,#4990,#4991,#4992,#4993,
    #4994,#4995,#4996,#4997,#4998,#4999,#5000,#5001,#5002,#5003,#5004,
    #5005,#5006,#5007,#5008,#5009,#5010,#5011,#5012,#5013,#5014),
  .UNSPECIFIED.,.F.,.F.,(9,7,7,7,7,9),(0.,0.240196981183,0.347581623529,
    0.517905156353,0.682667099908,1.),.UNSPECIFIED.);
#4978 = CARTESIAN_POINT('',(5.953314391493E+03,1.425E+03,3.26E+03));
#4979 = CARTESIAN_POINT('',(5.953314391493E+03,1.425E+03,
    3.263211178089E+03));
#4980 = CARTESIAN_POINT('',(5.953100067229E+03,1.425E+03,
    3.266422993298E+03));
#4981 = CARTESIAN_POINT('',(5.952671273313E+03,1.425E+03,
    3.269617736604E+03));
#4982 = CARTESIAN_POINT('',(5.952030524877E+03,1.425E+03,
    3.272778747356E+03));
#4983 = CARTESIAN_POINT('',(5.951182416747E+03,1.425E+03,
    3.275890308842E+03));
#4984 = CARTESIAN_POINT('',(5.950133389549E+03,1.425E+03,
    3.278937610337E+03));
#4985 = CARTESIAN_POINT('',(5.948891748594E+03,1.425E+03,
    3.281906765628E+03));
#4986 = CARTESIAN_POINT('',(5.946831256516E+03,1.425E+03,
    3.286071593041E+03));
#4987 = CARTESIAN_POINT('',(5.946158169562E+03,1.425E+03,
    3.287340257751E+03));
#4988 = CARTESIAN_POINT('',(5.945449453864E+03,1.425E+03,
    3.288589787576E+03));
#4989 = CARTESIAN_POINT('',(5.944706031123E+03,1.425E+03,
    3.289819175785E+03));
#4990 = CARTESIAN_POINT('',(5.943928864864E+03,1.425E+03,
    3.291027489498E+03));
#4991 = CARTESIAN_POINT('',(5.943118955108E+03,1.425E+03,
    3.292213866429E+03));
#4992 = CARTESIAN_POINT('',(5.942277334255E+03,1.425E+03,
    3.293377512363E+03));
#4993 = CARTESIAN_POINT('',(5.940021550474E+03,1.425E+03,
    3.296326157923E+03));
#4994 = CARTESIAN_POINT('',(5.938560905849E+03,1.425E+03,
    3.298075632732E+03));
#4995 = CARTESIAN_POINT('',(5.937027361551E+03,1.425E+03,
    3.299763218942E+03));
#4996 = CARTESIAN_POINT('',(5.935425249493E+03,1.425E+03,
    3.301386532253E+03));
#4997 = CARTESIAN_POINT('',(5.933758946831E+03,1.425E+03,
    3.302943654316E+03));
#4998 = CARTESIAN_POINT('',(5.932032828123E+03,1.425E+03,
    3.304433084928E+03));
#4999 = CARTESIAN_POINT('',(5.930251225091E+03,1.425E+03,
    3.305853700997E+03));
#5000 = CARTESIAN_POINT('',(5.92664541041E+03,1.425E+03,
    3.308511628588E+03));
#5001 = CARTESIAN_POINT('',(5.924824465807E+03,1.425E+03,
    3.309753427989E+03));
#5002 = CARTESIAN_POINT('',(5.922959347506E+03,1.425E+03,
    3.310929456483E+03));
#5003 = CARTESIAN_POINT('',(5.921053742131E+03,1.425E+03,
    3.312039350095E+03));
#5004 = CARTESIAN_POINT('',(5.919111210864E+03,1.425E+03,
    3.313083000537E+03));
#5005 = CARTESIAN_POINT('',(5.917135164723E+03,1.425E+03,
    3.314060510854E+03));
#5006 = CARTESIAN_POINT('',(5.915128839852E+03,1.425E+03,
    3.314972151062E+03));
#5007 = CARTESIAN_POINT('',(5.909178605432E+03,1.425E+03,
    3.317448030397E+03));
#5008 = CARTESIAN_POINT('',(5.905162322564E+03,1.425E+03,
    3.318834257645E+03));
#5009 = CARTESIAN_POINT('',(5.901066524682E+03,1.425E+03,
    3.319980824744E+03));
#5010 = CARTESIAN_POINT('',(5.896909967206E+03,1.425E+03,
    3.320891889785E+03));
#5011 = CARTESIAN_POINT('',(5.892710019096E+03,1.425E+03,
    3.321571632896E+03));
#5012 = CARTESIAN_POINT('',(5.888482531795E+03,1.425E+03,
    3.322023487466E+03));
#5013 = CARTESIAN_POINT('',(5.884241715762E+03,1.425E+03,
    3.32224949799E+03));
#5014 = CARTESIAN_POINT('',(5.88E+03,1.425E+03,3.32224949799E+03));
#5015 = PCURVE('',#1747,#5016);
#5016 = DEFINITIONAL_REPRESENTATION('',(#5017),#5055);
#5017 = B_SPLINE_CURVE_WITH_KNOTS('',8,(#5018,#5019,#5020,#5021,#5022,
    #5023,#5024,#5025,#5026,#5027,#5028,#5029,#5030,#5031,#5032,#5033,
    #5034,#5035,#5036,#5037,#5038,#5039,#5040,#5041,#5042,#5043,#5044,
    #5045,#5046,#5047,#5048,#5049,#5050,#5051,#5052,#5053,#5054),
  .UNSPECIFIED.,.F.,.F.,(9,7,7,7,7,9),(0.,0.240196981183,0.347581623529,
    0.517905156353,0.682667099908,1.),.UNSPECIFIED.);
#5018 = CARTESIAN_POINT('',(-0.657264153246,0.));
#5019 = CARTESIAN_POINT('',(-0.657264153246,3.567975653916E-02));
#5020 = CARTESIAN_POINT('',(-0.65585020379,7.136659011166E-02));
#5021 = CARTESIAN_POINT('',(-0.653021375115,0.1069329609));
#5022 = CARTESIAN_POINT('',(-0.648776896306,0.14226304629));
#5023 = CARTESIAN_POINT('',(-0.643112604051,0.17724623318));
#5024 = CARTESIAN_POINT('',(-0.636020902353,0.211772231202));
#5025 = CARTESIAN_POINT('',(-0.627494068701,0.245727514518));
#5026 = CARTESIAN_POINT('',(-0.613076446958,0.293864680187));
#5027 = CARTESIAN_POINT('',(-0.608334533181,0.308600343722));
#5028 = CARTESIAN_POINT('',(-0.603304509679,0.323189945923));
#5029 = CARTESIAN_POINT('',(-0.597985894084,0.337623883591));
#5030 = CARTESIAN_POINT('',(-0.592378246039,0.351892717259));
#5031 = CARTESIAN_POINT('',(-0.586481217295,0.365987112887));
#5032 = CARTESIAN_POINT('',(-0.580294618653,0.379897802852));
#5033 = CARTESIAN_POINT('',(-0.563546692627,0.415373406739));
#5034 = CARTESIAN_POINT('',(-0.55254634347,0.436646289356));
#5035 = CARTESIAN_POINT('',(-0.54081762657,0.457397431142));
#5036 = CARTESIAN_POINT('',(-0.52836158514,0.477591571519));
#5037 = CARTESIAN_POINT('',(-0.51518074538,0.497194445347));
#5038 = CARTESIAN_POINT('',(-0.501279789226,0.5161725217));
#5039 = CARTESIAN_POINT('',(-0.486666289778,0.534493008347));
#5040 = CARTESIAN_POINT('',(-0.456536803944,0.569179525236));
#5041 = CARTESIAN_POINT('',(-0.441065714116,0.585590042905));
#5042 = CARTESIAN_POINT('',(-0.424947719926,0.601327538895));
#5043 = CARTESIAN_POINT('',(-0.408195403371,0.616364671835));
#5044 = CARTESIAN_POINT('',(-0.390824805513,0.630675100757));
#5045 = CARTESIAN_POINT('',(-0.372855783541,0.644233690823));
#5046 = CARTESIAN_POINT('',(-0.354312367825,0.65701671904));
#5047 = CARTESIAN_POINT('',(-0.298457063848,0.692085986768));
#5048 = CARTESIAN_POINT('',(-0.259679548492,0.712202514438));
#5049 = CARTESIAN_POINT('',(-0.219079754176,0.729207961284));
#5050 = CARTESIAN_POINT('',(-0.176915104024,0.742964968702));
#5051 = CARTESIAN_POINT('',(-0.133518374834,0.753357835699));
#5052 = CARTESIAN_POINT('',(-8.928981196904E-02,0.760309404752));
#5053 = CARTESIAN_POINT('',(-4.464963959882E-02,0.763786496398));
#5054 = CARTESIAN_POINT('',(0.,0.763786496398));
#5055 = ( GEOMETRIC_REPRESENTATION_CONTEXT(2) 
PARAMETRIC_REPRESENTATION_CONTEXT() REPRESENTATION_CONTEXT('2D SPACE',''
  ) );
#5056 = PCURVE('',#2299,#5057);
#5057 = DEFINITIONAL_REPRESENTATION('',(#5058),#5096);
#5058 = B_SPLINE_CURVE_WITH_KNOTS('',8,(#5059,#5060,#5061,#5062,#5063,
    #5064,#5065,#5066,#5067,#5068,#5069,#5070,#5071,#5072,#5073,#5074,
    #5075,#5076,#5077,#5078,#5079,#5080,#5081,#5082,#5083,#5084,#5085,
    #5086,#5087,#5088,#5089,#5090,#5091,#5092,#5093,#5094,#5095),
  .UNSPECIFIED.,.F.,.F.,(9,7,7,7,7,9),(0.,0.240196981183,0.347581623529,
    0.517905156353,0.682667099908,1.),.UNSPECIFIED.);
#5059 = CARTESIAN_POINT('',(3.22E+03,1.192831439149E+04));
#5060 = CARTESIAN_POINT('',(3.223211178089E+03,1.192831439149E+04));
#5061 = CARTESIAN_POINT('',(3.226422993298E+03,1.192810006723E+04));
#5062 = CARTESIAN_POINT('',(3.229617736604E+03,1.192767127331E+04));
#5063 = CARTESIAN_POINT('',(3.232778747356E+03,1.192703052488E+04));
#5064 = CARTESIAN_POINT('',(3.235890308842E+03,1.192618241675E+04));
#5065 = CARTESIAN_POINT('',(3.238937610337E+03,1.192513338955E+04));
#5066 = CARTESIAN_POINT('',(3.241906765628E+03,1.192389174859E+04));
#5067 = CARTESIAN_POINT('',(3.246071593041E+03,1.192183125652E+04));
#5068 = CARTESIAN_POINT('',(3.247340257751E+03,1.192115816956E+04));
#5069 = CARTESIAN_POINT('',(3.248589787576E+03,1.192044945386E+04));
#5070 = CARTESIAN_POINT('',(3.249819175785E+03,1.191970603112E+04));
#5071 = CARTESIAN_POINT('',(3.251027489498E+03,1.191892886486E+04));
#5072 = CARTESIAN_POINT('',(3.252213866429E+03,1.191811895511E+04));
#5073 = CARTESIAN_POINT('',(3.253377512363E+03,1.191727733425E+04));
#5074 = CARTESIAN_POINT('',(3.256326157923E+03,1.191502155047E+04));
#5075 = CARTESIAN_POINT('',(3.258075632732E+03,1.191356090585E+04));
#5076 = CARTESIAN_POINT('',(3.259763218942E+03,1.191202736155E+04));
#5077 = CARTESIAN_POINT('',(3.261386532253E+03,1.191042524949E+04));
#5078 = CARTESIAN_POINT('',(3.262943654316E+03,1.190875894683E+04));
#5079 = CARTESIAN_POINT('',(3.264433084928E+03,1.190703282812E+04));
#5080 = CARTESIAN_POINT('',(3.265853700997E+03,1.190525122509E+04));
#5081 = CARTESIAN_POINT('',(3.268511628588E+03,1.190164541041E+04));
#5082 = CARTESIAN_POINT('',(3.269753427989E+03,1.189982446581E+04));
#5083 = CARTESIAN_POINT('',(3.270929456483E+03,1.189795934751E+04));
#5084 = CARTESIAN_POINT('',(3.272039350095E+03,1.189605374213E+04));
#5085 = CARTESIAN_POINT('',(3.273083000537E+03,1.189411121086E+04));
#5086 = CARTESIAN_POINT('',(3.274060510854E+03,1.189213516472E+04));
#5087 = CARTESIAN_POINT('',(3.274972151062E+03,1.189012883985E+04));
#5088 = CARTESIAN_POINT('',(3.277448030397E+03,1.188417860543E+04));
#5089 = CARTESIAN_POINT('',(3.278834257645E+03,1.188016232256E+04));
#5090 = CARTESIAN_POINT('',(3.279980824744E+03,1.187606652468E+04));
#5091 = CARTESIAN_POINT('',(3.280891889785E+03,1.187190996721E+04));
#5092 = CARTESIAN_POINT('',(3.281571632896E+03,1.18677100191E+04));
#5093 = CARTESIAN_POINT('',(3.282023487466E+03,1.186348253179E+04));
#5094 = CARTESIAN_POINT('',(3.28224949799E+03,1.185924171576E+04));
#5095 = CARTESIAN_POINT('',(3.28224949799E+03,1.1855E+04));
#5096 = ( GEOMETRIC_REPRESENTATION_CONTEXT(2) 
PARAMETRIC_REPRESENTATION_CONTEXT() REPRESENTATION_CONTEXT('2D SPACE',''
  ) );
#5097 = ADVANCED_FACE('',(#5098),#1714,.T.);
#5098 = FACE_BOUND('',#5099,.T.);
#5099 = EDGE_LOOP('',(#5100,#5101,#5102,#5103));
#5100 = ORIENTED_EDGE('',*,*,#4675,.T.);
#5101 = ORIENTED_EDGE('',*,*,#1698,.T.);
#5102 = ORIENTED_EDGE('',*,*,#4374,.F.);
#5103 = ORIENTED_EDGE('',*,*,#2956,.F.);
#5104 = ADVANCED_FACE('',(#5105),#1959,.F.);
#5105 = FACE_BOUND('',#5106,.T.);
#5106 = EDGE_LOOP('',(#5107,#5108,#5136,#5157));
#5107 = ORIENTED_EDGE('',*,*,#3079,.F.);
#5108 = ORIENTED_EDGE('',*,*,#5109,.T.);
#5109 = EDGE_CURVE('',#3052,#5110,#5112,.T.);
#5110 = VERTEX_POINT('',#5111);
#5111 = CARTESIAN_POINT('',(-5.905E+03,1.425E+03,40.));
#5112 = SURFACE_CURVE('',#5113,(#5118,#5125),.PCURVE_S1.);
#5113 = CIRCLE('',#5114,70.);
#5114 = AXIS2_PLACEMENT_3D('',#5115,#5116,#5117);
#5115 = CARTESIAN_POINT('',(-5.905E+03,1.355E+03,40.));
#5116 = DIRECTION('',(-0.,-0.,-1.));
#5117 = DIRECTION('',(0.,-1.,0.));
#5118 = PCURVE('',#1959,#5119);
#5119 = DEFINITIONAL_REPRESENTATION('',(#5120),#5124);
#5120 = LINE('',#5121,#5122);
#5121 = CARTESIAN_POINT('',(1.570796326795,-0.));
#5122 = VECTOR('',#5123,1.);
#5123 = DIRECTION('',(-1.,0.));
#5124 = ( GEOMETRIC_REPRESENTATION_CONTEXT(2) 
PARAMETRIC_REPRESENTATION_CONTEXT() REPRESENTATION_CONTEXT('2D SPACE',''
  ) );
#5125 = PCURVE('',#3067,#5126);
#5126 = DEFINITIONAL_REPRESENTATION('',(#5127),#5135);
#5127 = ( BOUNDED_CURVE() B_SPLINE_CURVE(2,(#5128,#5129,#5130,#5131,
#5132,#5133,#5134),.UNSPECIFIED.,.T.,.F.) B_SPLINE_CURVE_WITH_KNOTS((1,2
    ,2,2,2,1),(-2.094395102393,0.,2.094395102393,4.188790204786,
6.28318530718,8.377580409573),.UNSPECIFIED.) CURVE() 
GEOMETRIC_REPRESENTATION_ITEM() RATIONAL_B_SPLINE_CURVE((1.,0.5,1.,0.5,
1.,0.5,1.)) REPRESENTATION_ITEM('') );
#5128 = CARTESIAN_POINT('',(70.,2.71E+03));
#5129 = CARTESIAN_POINT('',(-51.24355652982,2.71E+03));
#5130 = CARTESIAN_POINT('',(9.378221735089,2.815E+03));
#5131 = CARTESIAN_POINT('',(70.,2.92E+03));
#5132 = CARTESIAN_POINT('',(130.62177826491,2.815E+03));
#5133 = CARTESIAN_POINT('',(191.24355652982,2.71E+03));
#5134 = CARTESIAN_POINT('',(70.,2.71E+03));
#5135 = ( GEOMETRIC_REPRESENTATION_CONTEXT(2) 
PARAMETRIC_REPRESENTATION_CONTEXT() REPRESENTATION_CONTEXT('2D SPACE',''
  ) );
#5136 = ORIENTED_EDGE('',*,*,#5137,.T.);
#5137 = EDGE_CURVE('',#5110,#1860,#5138,.T.);
#5138 = SURFACE_CURVE('',#5139,(#5143,#5150),.PCURVE_S1.);
#5139 = LINE('',#5140,#5141);
#5140 = CARTESIAN_POINT('',(-5.905E+03,1.425E+03,40.));
#5141 = VECTOR('',#5142,1.);
#5142 = DIRECTION('',(0.,0.,1.));
#5143 = PCURVE('',#1959,#5144);
#5144 = DEFINITIONAL_REPRESENTATION('',(#5145),#5149);
#5145 = LINE('',#5146,#5147);
#5146 = CARTESIAN_POINT('',(-1.570796326795,0.));
#5147 = VECTOR('',#5148,1.);
#5148 = DIRECTION('',(-0.,1.));
#5149 = ( GEOMETRIC_REPRESENTATION_CONTEXT(2) 
PARAMETRIC_REPRESENTATION_CONTEXT() REPRESENTATION_CONTEXT('2D SPACE',''
  ) );
#5150 = PCURVE('',#2299,#5151);
#5151 = DEFINITIONAL_REPRESENTATION('',(#5152),#5156);
#5152 = LINE('',#5153,#5154);
#5153 = CARTESIAN_POINT('',(0.,70.));
#5154 = VECTOR('',#5155,1.);
#5155 = DIRECTION('',(1.,0.));
#5156 = ( GEOMETRIC_REPRESENTATION_CONTEXT(2) 
PARAMETRIC_REPRESENTATION_CONTEXT() REPRESENTATION_CONTEXT('2D SPACE',''
  ) );
#5157 = ORIENTED_EDGE('',*,*,#1859,.T.);
#5158 = ADVANCED_FACE('',(#5159,#5209,#5295,#5381,#5467),#2299,.F.);
#5159 = FACE_BOUND('',#5160,.F.);
#5160 = EDGE_LOOP('',(#5161,#5184,#5185,#5186,#5187,#5188));
#5161 = ORIENTED_EDGE('',*,*,#5162,.F.);
#5162 = EDGE_CURVE('',#5110,#5163,#5165,.T.);
#5163 = VERTEX_POINT('',#5164);
#5164 = CARTESIAN_POINT('',(5.905E+03,1.425E+03,40.));
#5165 = SURFACE_CURVE('',#5166,(#5170,#5177),.PCURVE_S1.);
#5166 = LINE('',#5167,#5168);
#5167 = CARTESIAN_POINT('',(-5.975E+03,1.425E+03,40.));
#5168 = VECTOR('',#5169,1.);
#5169 = DIRECTION('',(1.,0.,0.));
#5170 = PCURVE('',#2299,#5171);
#5171 = DEFINITIONAL_REPRESENTATION('',(#5172),#5176);
#5172 = LINE('',#5173,#5174);
#5173 = CARTESIAN_POINT('',(0.,0.));
#5174 = VECTOR('',#5175,1.);
#5175 = DIRECTION('',(0.,1.));
#5176 = ( GEOMETRIC_REPRESENTATION_CONTEXT(2) 
PARAMETRIC_REPRESENTATION_CONTEXT() REPRESENTATION_CONTEXT('2D SPACE',''
  ) );
#5177 = PCURVE('',#3067,#5178);
#5178 = DEFINITIONAL_REPRESENTATION('',(#5179),#5183);
#5179 = LINE('',#5180,#5181);
#5180 = CARTESIAN_POINT('',(0.,2.85E+03));
#5181 = VECTOR('',#5182,1.);
#5182 = DIRECTION('',(1.,0.));
#5183 = ( GEOMETRIC_REPRESENTATION_CONTEXT(2) 
PARAMETRIC_REPRESENTATION_CONTEXT() REPRESENTATION_CONTEXT('2D SPACE',''
  ) );
#5184 = ORIENTED_EDGE('',*,*,#5137,.T.);
#5185 = ORIENTED_EDGE('',*,*,#2217,.T.);
#5186 = ORIENTED_EDGE('',*,*,#3317,.T.);
#5187 = ORIENTED_EDGE('',*,*,#4975,.F.);
#5188 = ORIENTED_EDGE('',*,*,#5189,.F.);
#5189 = EDGE_CURVE('',#5163,#4825,#5190,.T.);
#5190 = SURFACE_CURVE('',#5191,(#5195,#5202),.PCURVE_S1.);
#5191 = LINE('',#5192,#5193);
#5192 = CARTESIAN_POINT('',(5.905E+03,1.425E+03,40.));
#5193 = VECTOR('',#5194,1.);
#5194 = DIRECTION('',(0.,0.,1.));
#5195 = PCURVE('',#2299,#5196);
#5196 = DEFINITIONAL_REPRESENTATION('',(#5197),#5201);
#5197 = LINE('',#5198,#5199);
#5198 = CARTESIAN_POINT('',(0.,1.188E+04));
#5199 = VECTOR('',#5200,1.);
#5200 = DIRECTION('',(1.,0.));
#5201 = ( GEOMETRIC_REPRESENTATION_CONTEXT(2) 
PARAMETRIC_REPRESENTATION_CONTEXT() REPRESENTATION_CONTEXT('2D SPACE',''
  ) );
#5202 = PCURVE('',#4922,#5203);
#5203 = DEFINITIONAL_REPRESENTATION('',(#5204),#5208);
#5204 = LINE('',#5205,#5206);
#5205 = CARTESIAN_POINT('',(1.570796326795,0.));
#5206 = VECTOR('',#5207,1.);
#5207 = DIRECTION('',(0.,1.));
#5208 = ( GEOMETRIC_REPRESENTATION_CONTEXT(2) 
PARAMETRIC_REPRESENTATION_CONTEXT() REPRESENTATION_CONTEXT('2D SPACE',''
  ) );
#5209 = FACE_BOUND('',#5210,.F.);
#5210 = EDGE_LOOP('',(#5211,#5234,#5255,#5276));
#5211 = ORIENTED_EDGE('',*,*,#5212,.F.);
#5212 = EDGE_CURVE('',#5213,#5215,#5217,.T.);
#5213 = VERTEX_POINT('',#5214);
#5214 = CARTESIAN_POINT('',(-2.99E+03,1.425E+03,590.));
#5215 = VERTEX_POINT('',#5216);
#5216 = CARTESIAN_POINT('',(-2.61E+03,1.425E+03,590.));
#5217 = SURFACE_CURVE('',#5218,(#5222,#5228),.PCURVE_S1.);
#5218 = LINE('',#5219,#5220);
#5219 = CARTESIAN_POINT('',(-4.4825E+03,1.425E+03,590.));
#5220 = VECTOR('',#5221,1.);
#5221 = DIRECTION('',(1.,0.,0.));
#5222 = PCURVE('',#2299,#5223);
#5223 = DEFINITIONAL_REPRESENTATION('',(#5224),#5227);
#5224 = B_SPLINE_CURVE_WITH_KNOTS('',1,(#5225,#5226),.UNSPECIFIED.,.F.,
  .F.,(2,2),(1.4925E+03,1.8725E+03),.PIECEWISE_BEZIER_KNOTS.);
#5225 = CARTESIAN_POINT('',(550.,2.985E+03));
#5226 = CARTESIAN_POINT('',(550.,3.365E+03));
#5227 = ( GEOMETRIC_REPRESENTATION_CONTEXT(2) 
PARAMETRIC_REPRESENTATION_CONTEXT() REPRESENTATION_CONTEXT('2D SPACE',''
  ) );
#5228 = PCURVE('',#2414,#5229);
#5229 = DEFINITIONAL_REPRESENTATION('',(#5230),#5233);
#5230 = B_SPLINE_CURVE_WITH_KNOTS('',1,(#5231,#5232),.UNSPECIFIED.,.F.,
  .F.,(2,2),(1.4925E+03,1.8725E+03),.PIECEWISE_BEZIER_KNOTS.);
#5231 = CARTESIAN_POINT('',(0.,45.));
#5232 = CARTESIAN_POINT('',(380.,45.));
#5233 = ( GEOMETRIC_REPRESENTATION_CONTEXT(2) 
PARAMETRIC_REPRESENTATION_CONTEXT() REPRESENTATION_CONTEXT('2D SPACE',''
  ) );
#5234 = ORIENTED_EDGE('',*,*,#5235,.T.);
#5235 = EDGE_CURVE('',#5213,#5236,#5238,.T.);
#5236 = VERTEX_POINT('',#5237);
#5237 = CARTESIAN_POINT('',(-2.99E+03,1.425E+03,450.));
#5238 = SURFACE_CURVE('',#5239,(#5243,#5249),.PCURVE_S1.);
#5239 = LINE('',#5240,#5241);
#5240 = CARTESIAN_POINT('',(-2.99E+03,1.425E+03,245.));
#5241 = VECTOR('',#5242,1.);
#5242 = DIRECTION('',(0.,0.,-1.));
#5243 = PCURVE('',#2299,#5244);
#5244 = DEFINITIONAL_REPRESENTATION('',(#5245),#5248);
#5245 = B_SPLINE_CURVE_WITH_KNOTS('',1,(#5246,#5247),.UNSPECIFIED.,.F.,
  .F.,(2,2),(-345.,-205.),.PIECEWISE_BEZIER_KNOTS.);
#5246 = CARTESIAN_POINT('',(550.,2.985E+03));
#5247 = CARTESIAN_POINT('',(410.,2.985E+03));
#5248 = ( GEOMETRIC_REPRESENTATION_CONTEXT(2) 
PARAMETRIC_REPRESENTATION_CONTEXT() REPRESENTATION_CONTEXT('2D SPACE',''
  ) );
#5249 = PCURVE('',#2442,#5250);
#5250 = DEFINITIONAL_REPRESENTATION('',(#5251),#5254);
#5251 = B_SPLINE_CURVE_WITH_KNOTS('',1,(#5252,#5253),.UNSPECIFIED.,.F.,
  .F.,(2,2),(-345.,-205.),.PIECEWISE_BEZIER_KNOTS.);
#5252 = CARTESIAN_POINT('',(140.,-45.));
#5253 = CARTESIAN_POINT('',(0.,-45.));
#5254 = ( GEOMETRIC_REPRESENTATION_CONTEXT(2) 
PARAMETRIC_REPRESENTATION_CONTEXT() REPRESENTATION_CONTEXT('2D SPACE',''
  ) );
#5255 = ORIENTED_EDGE('',*,*,#5256,.T.);
#5256 = EDGE_CURVE('',#5236,#5257,#5259,.T.);
#5257 = VERTEX_POINT('',#5258);
#5258 = CARTESIAN_POINT('',(-2.61E+03,1.425E+03,450.));
#5259 = SURFACE_CURVE('',#5260,(#5264,#5270),.PCURVE_S1.);
#5260 = LINE('',#5261,#5262);
#5261 = CARTESIAN_POINT('',(-4.4825E+03,1.425E+03,450.));
#5262 = VECTOR('',#5263,1.);
#5263 = DIRECTION('',(1.,0.,0.));
#5264 = PCURVE('',#2299,#5265);
#5265 = DEFINITIONAL_REPRESENTATION('',(#5266),#5269);
#5266 = B_SPLINE_CURVE_WITH_KNOTS('',1,(#5267,#5268),.UNSPECIFIED.,.F.,
  .F.,(2,2),(1.4925E+03,1.8725E+03),.PIECEWISE_BEZIER_KNOTS.);
#5267 = CARTESIAN_POINT('',(410.,2.985E+03));
#5268 = CARTESIAN_POINT('',(410.,3.365E+03));
#5269 = ( GEOMETRIC_REPRESENTATION_CONTEXT(2) 
PARAMETRIC_REPRESENTATION_CONTEXT() REPRESENTATION_CONTEXT('2D SPACE',''
  ) );
#5270 = PCURVE('',#2470,#5271);
#5271 = DEFINITIONAL_REPRESENTATION('',(#5272),#5275);
#5272 = B_SPLINE_CURVE_WITH_KNOTS('',1,(#5273,#5274),.UNSPECIFIED.,.F.,
  .F.,(2,2),(1.4925E+03,1.8725E+03),.PIECEWISE_BEZIER_KNOTS.);
#5273 = CARTESIAN_POINT('',(0.,45.));
#5274 = CARTESIAN_POINT('',(380.,45.));
#5275 = ( GEOMETRIC_REPRESENTATION_CONTEXT(2) 
PARAMETRIC_REPRESENTATION_CONTEXT() REPRESENTATION_CONTEXT('2D SPACE',''
  ) );
#5276 = ORIENTED_EDGE('',*,*,#5277,.F.);
#5277 = EDGE_CURVE('',#5215,#5257,#5278,.T.);
#5278 = SURFACE_CURVE('',#5279,(#5283,#5289),.PCURVE_S1.);
#5279 = LINE('',#5280,#5281);
#5280 = CARTESIAN_POINT('',(-2.61E+03,1.425E+03,245.));
#5281 = VECTOR('',#5282,1.);
#5282 = DIRECTION('',(0.,0.,-1.));
#5283 = PCURVE('',#2299,#5284);
#5284 = DEFINITIONAL_REPRESENTATION('',(#5285),#5288);
#5285 = B_SPLINE_CURVE_WITH_KNOTS('',1,(#5286,#5287),.UNSPECIFIED.,.F.,
  .F.,(2,2),(-345.,-205.),.PIECEWISE_BEZIER_KNOTS.);
#5286 = CARTESIAN_POINT('',(550.,3.365E+03));
#5287 = CARTESIAN_POINT('',(410.,3.365E+03));
#5288 = ( GEOMETRIC_REPRESENTATION_CONTEXT(2) 
PARAMETRIC_REPRESENTATION_CONTEXT() REPRESENTATION_CONTEXT('2D SPACE',''
  ) );
#5289 = PCURVE('',#2496,#5290);
#5290 = DEFINITIONAL_REPRESENTATION('',(#5291),#5294);
#5291 = B_SPLINE_CURVE_WITH_KNOTS('',1,(#5292,#5293),.UNSPECIFIED.,.F.,
  .F.,(2,2),(-345.,-205.),.PIECEWISE_BEZIER_KNOTS.);
#5292 = CARTESIAN_POINT('',(140.,-45.));
#5293 = CARTESIAN_POINT('',(0.,-45.));
#5294 = ( GEOMETRIC_REPRESENTATION_CONTEXT(2) 
PARAMETRIC_REPRESENTATION_CONTEXT() REPRESENTATION_CONTEXT('2D SPACE',''
  ) );
#5295 = FACE_BOUND('',#5296,.F.);
#5296 = EDGE_LOOP('',(#5297,#5320,#5341,#5362));
#5297 = ORIENTED_EDGE('',*,*,#5298,.F.);
#5298 = EDGE_CURVE('',#5299,#5301,#5303,.T.);
#5299 = VERTEX_POINT('',#5300);
#5300 = CARTESIAN_POINT('',(-1.89E+03,1.425E+03,590.));
#5301 = VERTEX_POINT('',#5302);
#5302 = CARTESIAN_POINT('',(-1.51E+03,1.425E+03,590.));
#5303 = SURFACE_CURVE('',#5304,(#5308,#5314),.PCURVE_S1.);
#5304 = LINE('',#5305,#5306);
#5305 = CARTESIAN_POINT('',(-3.9325E+03,1.425E+03,590.));
#5306 = VECTOR('',#5307,1.);
#5307 = DIRECTION('',(1.,0.,0.));
#5308 = PCURVE('',#2299,#5309);
#5309 = DEFINITIONAL_REPRESENTATION('',(#5310),#5313);
#5310 = B_SPLINE_CURVE_WITH_KNOTS('',1,(#5311,#5312),.UNSPECIFIED.,.F.,
  .F.,(2,2),(2.0425E+03,2.4225E+03),.PIECEWISE_BEZIER_KNOTS.);
#5311 = CARTESIAN_POINT('',(550.,4.085E+03));
#5312 = CARTESIAN_POINT('',(550.,4.465E+03));
#5313 = ( GEOMETRIC_REPRESENTATION_CONTEXT(2) 
PARAMETRIC_REPRESENTATION_CONTEXT() REPRESENTATION_CONTEXT('2D SPACE',''
  ) );
#5314 = PCURVE('',#2528,#5315);
#5315 = DEFINITIONAL_REPRESENTATION('',(#5316),#5319);
#5316 = B_SPLINE_CURVE_WITH_KNOTS('',1,(#5317,#5318),.UNSPECIFIED.,.F.,
  .F.,(2,2),(2.0425E+03,2.4225E+03),.PIECEWISE_BEZIER_KNOTS.);
#5317 = CARTESIAN_POINT('',(0.,45.));
#5318 = CARTESIAN_POINT('',(380.,45.));
#5319 = ( GEOMETRIC_REPRESENTATION_CONTEXT(2) 
PARAMETRIC_REPRESENTATION_CONTEXT() REPRESENTATION_CONTEXT('2D SPACE',''
  ) );
#5320 = ORIENTED_EDGE('',*,*,#5321,.T.);
#5321 = EDGE_CURVE('',#5299,#5322,#5324,.T.);
#5322 = VERTEX_POINT('',#5323);
#5323 = CARTESIAN_POINT('',(-1.89E+03,1.425E+03,450.));
#5324 = SURFACE_CURVE('',#5325,(#5329,#5335),.PCURVE_S1.);
#5325 = LINE('',#5326,#5327);
#5326 = CARTESIAN_POINT('',(-1.89E+03,1.425E+03,245.));
#5327 = VECTOR('',#5328,1.);
#5328 = DIRECTION('',(0.,0.,-1.));
#5329 = PCURVE('',#2299,#5330);
#5330 = DEFINITIONAL_REPRESENTATION('',(#5331),#5334);
#5331 = B_SPLINE_CURVE_WITH_KNOTS('',1,(#5332,#5333),.UNSPECIFIED.,.F.,
  .F.,(2,2),(-345.,-205.),.PIECEWISE_BEZIER_KNOTS.);
#5332 = CARTESIAN_POINT('',(550.,4.085E+03));
#5333 = CARTESIAN_POINT('',(410.,4.085E+03));
#5334 = ( GEOMETRIC_REPRESENTATION_CONTEXT(2) 
PARAMETRIC_REPRESENTATION_CONTEXT() REPRESENTATION_CONTEXT('2D SPACE',''
  ) );
#5335 = PCURVE('',#2556,#5336);
#5336 = DEFINITIONAL_REPRESENTATION('',(#5337),#5340);
#5337 = B_SPLINE_CURVE_WITH_KNOTS('',1,(#5338,#5339),.UNSPECIFIED.,.F.,
  .F.,(2,2),(-345.,-205.),.PIECEWISE_BEZIER_KNOTS.);
#5338 = CARTESIAN_POINT('',(140.,-45.));
#5339 = CARTESIAN_POINT('',(0.,-45.));
#5340 = ( GEOMETRIC_REPRESENTATION_CONTEXT(2) 
PARAMETRIC_REPRESENTATION_CONTEXT() REPRESENTATION_CONTEXT('2D SPACE',''
  ) );
#5341 = ORIENTED_EDGE('',*,*,#5342,.T.);
#5342 = EDGE_CURVE('',#5322,#5343,#5345,.T.);
#5343 = VERTEX_POINT('',#5344);
#5344 = CARTESIAN_POINT('',(-1.51E+03,1.425E+03,450.));
#5345 = SURFACE_CURVE('',#5346,(#5350,#5356),.PCURVE_S1.);
#5346 = LINE('',#5347,#5348);
#5347 = CARTESIAN_POINT('',(-3.9325E+03,1.425E+03,450.));
#5348 = VECTOR('',#5349,1.);
#5349 = DIRECTION('',(1.,0.,0.));
#5350 = PCURVE('',#2299,#5351);
#5351 = DEFINITIONAL_REPRESENTATION('',(#5352),#5355);
#5352 = B_SPLINE_CURVE_WITH_KNOTS('',1,(#5353,#5354),.UNSPECIFIED.,.F.,
  .F.,(2,2),(2.0425E+03,2.4225E+03),.PIECEWISE_BEZIER_KNOTS.);
#5353 = CARTESIAN_POINT('',(410.,4.085E+03));
#5354 = CARTESIAN_POINT('',(410.,4.465E+03));
#5355 = ( GEOMETRIC_REPRESENTATION_CONTEXT(2) 
PARAMETRIC_REPRESENTATION_CONTEXT() REPRESENTATION_CONTEXT('2D SPACE',''
  ) );
#5356 = PCURVE('',#2584,#5357);
#5357 = DEFINITIONAL_REPRESENTATION('',(#5358),#5361);
#5358 = B_SPLINE_CURVE_WITH_KNOTS('',1,(#5359,#5360),.UNSPECIFIED.,.F.,
  .F.,(2,2),(2.0425E+03,2.4225E+03),.PIECEWISE_BEZIER_KNOTS.);
#5359 = CARTESIAN_POINT('',(0.,45.));
#5360 = CARTESIAN_POINT('',(380.,45.));
#5361 = ( GEOMETRIC_REPRESENTATION_CONTEXT(2) 
PARAMETRIC_REPRESENTATION_CONTEXT() REPRESENTATION_CONTEXT('2D SPACE',''
  ) );
#5362 = ORIENTED_EDGE('',*,*,#5363,.F.);
#5363 = EDGE_CURVE('',#5301,#5343,#5364,.T.);
#5364 = SURFACE_CURVE('',#5365,(#5369,#5375),.PCURVE_S1.);
#5365 = LINE('',#5366,#5367);
#5366 = CARTESIAN_POINT('',(-1.51E+03,1.425E+03,245.));
#5367 = VECTOR('',#5368,1.);
#5368 = DIRECTION('',(0.,0.,-1.));
#5369 = PCURVE('',#2299,#5370);
#5370 = DEFINITIONAL_REPRESENTATION('',(#5371),#5374);
#5371 = B_SPLINE_CURVE_WITH_KNOTS('',1,(#5372,#5373),.UNSPECIFIED.,.F.,
  .F.,(2,2),(-345.,-205.),.PIECEWISE_BEZIER_KNOTS.);
#5372 = CARTESIAN_POINT('',(550.,4.465E+03));
#5373 = CARTESIAN_POINT('',(410.,4.465E+03));
#5374 = ( GEOMETRIC_REPRESENTATION_CONTEXT(2) 
PARAMETRIC_REPRESENTATION_CONTEXT() REPRESENTATION_CONTEXT('2D SPACE',''
  ) );
#5375 = PCURVE('',#2610,#5376);
#5376 = DEFINITIONAL_REPRESENTATION('',(#5377),#5380);
#5377 = B_SPLINE_CURVE_WITH_KNOTS('',1,(#5378,#5379),.UNSPECIFIED.,.F.,
  .F.,(2,2),(-345.,-205.),.PIECEWISE_BEZIER_KNOTS.);
#5378 = CARTESIAN_POINT('',(140.,-45.));
#5379 = CARTESIAN_POINT('',(0.,-45.));
#5380 = ( GEOMETRIC_REPRESENTATION_CONTEXT(2) 
PARAMETRIC_REPRESENTATION_CONTEXT() REPRESENTATION_CONTEXT('2D SPACE',''
  ) );
#5381 = FACE_BOUND('',#5382,.F.);
#5382 = EDGE_LOOP('',(#5383,#5406,#5427,#5448));
#5383 = ORIENTED_EDGE('',*,*,#5384,.F.);
#5384 = EDGE_CURVE('',#5385,#5387,#5389,.T.);
#5385 = VERTEX_POINT('',#5386);
#5386 = CARTESIAN_POINT('',(1.51E+03,1.425E+03,590.));
#5387 = VERTEX_POINT('',#5388);
#5388 = CARTESIAN_POINT('',(1.89E+03,1.425E+03,590.));
#5389 = SURFACE_CURVE('',#5390,(#5394,#5400),.PCURVE_S1.);
#5390 = LINE('',#5391,#5392);
#5391 = CARTESIAN_POINT('',(-2.2325E+03,1.425E+03,590.));
#5392 = VECTOR('',#5393,1.);
#5393 = DIRECTION('',(1.,0.,0.));
#5394 = PCURVE('',#2299,#5395);
#5395 = DEFINITIONAL_REPRESENTATION('',(#5396),#5399);
#5396 = B_SPLINE_CURVE_WITH_KNOTS('',1,(#5397,#5398),.UNSPECIFIED.,.F.,
  .F.,(2,2),(3.7425E+03,4.1225E+03),.PIECEWISE_BEZIER_KNOTS.);
#5397 = CARTESIAN_POINT('',(550.,7.485E+03));
#5398 = CARTESIAN_POINT('',(550.,7.865E+03));
#5399 = ( GEOMETRIC_REPRESENTATION_CONTEXT(2) 
PARAMETRIC_REPRESENTATION_CONTEXT() REPRESENTATION_CONTEXT('2D SPACE',''
  ) );
#5400 = PCURVE('',#2642,#5401);
#5401 = DEFINITIONAL_REPRESENTATION('',(#5402),#5405);
#5402 = B_SPLINE_CURVE_WITH_KNOTS('',1,(#5403,#5404),.UNSPECIFIED.,.F.,
  .F.,(2,2),(3.7425E+03,4.1225E+03),.PIECEWISE_BEZIER_KNOTS.);
#5403 = CARTESIAN_POINT('',(0.,45.));
#5404 = CARTESIAN_POINT('',(380.,45.));
#5405 = ( GEOMETRIC_REPRESENTATION_CONTEXT(2) 
PARAMETRIC_REPRESENTATION_CONTEXT() REPRESENTATION_CONTEXT('2D SPACE',''
  ) );
#5406 = ORIENTED_EDGE('',*,*,#5407,.T.);
#5407 = EDGE_CURVE('',#5385,#5408,#5410,.T.);
#5408 = VERTEX_POINT('',#5409);
#5409 = CARTESIAN_POINT('',(1.51E+03,1.425E+03,450.));
#5410 = SURFACE_CURVE('',#5411,(#5415,#5421),.PCURVE_S1.);
#5411 = LINE('',#5412,#5413);
#5412 = CARTESIAN_POINT('',(1.51E+03,1.425E+03,245.));
#5413 = VECTOR('',#5414,1.);
#5414 = DIRECTION('',(0.,0.,-1.));
#5415 = PCURVE('',#2299,#5416);
#5416 = DEFINITIONAL_REPRESENTATION('',(#5417),#5420);
#5417 = B_SPLINE_CURVE_WITH_KNOTS('',1,(#5418,#5419),.UNSPECIFIED.,.F.,
  .F.,(2,2),(-345.,-205.),.PIECEWISE_BEZIER_KNOTS.);
#5418 = CARTESIAN_POINT('',(550.,7.485E+03));
#5419 = CARTESIAN_POINT('',(410.,7.485E+03));
#5420 = ( GEOMETRIC_REPRESENTATION_CONTEXT(2) 
PARAMETRIC_REPRESENTATION_CONTEXT() REPRESENTATION_CONTEXT('2D SPACE',''
  ) );
#5421 = PCURVE('',#2670,#5422);
#5422 = DEFINITIONAL_REPRESENTATION('',(#5423),#5426);
#5423 = B_SPLINE_CURVE_WITH_KNOTS('',1,(#5424,#5425),.UNSPECIFIED.,.F.,
  .F.,(2,2),(-345.,-205.),.PIECEWISE_BEZIER_KNOTS.);
#5424 = CARTESIAN_POINT('',(140.,-45.));
#5425 = CARTESIAN_POINT('',(0.,-45.));
#5426 = ( GEOMETRIC_REPRESENTATION_CONTEXT(2) 
PARAMETRIC_REPRESENTATION_CONTEXT() REPRESENTATION_CONTEXT('2D SPACE',''
  ) );
#5427 = ORIENTED_EDGE('',*,*,#5428,.T.);
#5428 = EDGE_CURVE('',#5408,#5429,#5431,.T.);
#5429 = VERTEX_POINT('',#5430);
#5430 = CARTESIAN_POINT('',(1.89E+03,1.425E+03,450.));
#5431 = SURFACE_CURVE('',#5432,(#5436,#5442),.PCURVE_S1.);
#5432 = LINE('',#5433,#5434);
#5433 = CARTESIAN_POINT('',(-2.2325E+03,1.425E+03,450.));
#5434 = VECTOR('',#5435,1.);
#5435 = DIRECTION('',(1.,0.,0.));
#5436 = PCURVE('',#2299,#5437);
#5437 = DEFINITIONAL_REPRESENTATION('',(#5438),#5441);
#5438 = B_SPLINE_CURVE_WITH_KNOTS('',1,(#5439,#5440),.UNSPECIFIED.,.F.,
  .F.,(2,2),(3.7425E+03,4.1225E+03),.PIECEWISE_BEZIER_KNOTS.);
#5439 = CARTESIAN_POINT('',(410.,7.485E+03));
#5440 = CARTESIAN_POINT('',(410.,7.865E+03));
#5441 = ( GEOMETRIC_REPRESENTATION_CONTEXT(2) 
PARAMETRIC_REPRESENTATION_CONTEXT() REPRESENTATION_CONTEXT('2D SPACE',''
  ) );
#5442 = PCURVE('',#2698,#5443);
#5443 = DEFINITIONAL_REPRESENTATION('',(#5444),#5447);
#5444 = B_SPLINE_CURVE_WITH_KNOTS('',1,(#5445,#5446),.UNSPECIFIED.,.F.,
  .F.,(2,2),(3.7425E+03,4.1225E+03),.PIECEWISE_BEZIER_KNOTS.);
#5445 = CARTESIAN_POINT('',(0.,45.));
#5446 = CARTESIAN_POINT('',(380.,45.));
#5447 = ( GEOMETRIC_REPRESENTATION_CONTEXT(2) 
PARAMETRIC_REPRESENTATION_CONTEXT() REPRESENTATION_CONTEXT('2D SPACE',''
  ) );
#5448 = ORIENTED_EDGE('',*,*,#5449,.F.);
#5449 = EDGE_CURVE('',#5387,#5429,#5450,.T.);
#5450 = SURFACE_CURVE('',#5451,(#5455,#5461),.PCURVE_S1.);
#5451 = LINE('',#5452,#5453);
#5452 = CARTESIAN_POINT('',(1.89E+03,1.425E+03,245.));
#5453 = VECTOR('',#5454,1.);
#5454 = DIRECTION('',(0.,0.,-1.));
#5455 = PCURVE('',#2299,#5456);
#5456 = DEFINITIONAL_REPRESENTATION('',(#5457),#5460);
#5457 = B_SPLINE_CURVE_WITH_KNOTS('',1,(#5458,#5459),.UNSPECIFIED.,.F.,
  .F.,(2,2),(-345.,-205.),.PIECEWISE_BEZIER_KNOTS.);
#5458 = CARTESIAN_POINT('',(550.,7.865E+03));
#5459 = CARTESIAN_POINT('',(410.,7.865E+03));
#5460 = ( GEOMETRIC_REPRESENTATION_CONTEXT(2) 
PARAMETRIC_REPRESENTATION_CONTEXT() REPRESENTATION_CONTEXT('2D SPACE',''
  ) );
#5461 = PCURVE('',#2724,#5462);
#5462 = DEFINITIONAL_REPRESENTATION('',(#5463),#5466);
#5463 = B_SPLINE_CURVE_WITH_KNOTS('',1,(#5464,#5465),.UNSPECIFIED.,.F.,
  .F.,(2,2),(-345.,-205.),.PIECEWISE_BEZIER_KNOTS.);
#5464 = CARTESIAN_POINT('',(140.,-45.));
#5465 = CARTESIAN_POINT('',(0.,-45.));
#5466 = ( GEOMETRIC_REPRESENTATION_CONTEXT(2) 
PARAMETRIC_REPRESENTATION_CONTEXT() REPRESENTATION_CONTEXT('2D SPACE',''
  ) );
#5467 = FACE_BOUND('',#5468,.F.);
#5468 = EDGE_LOOP('',(#5469,#5492,#5513,#5534));
#5469 = ORIENTED_EDGE('',*,*,#5470,.F.);
#5470 = EDGE_CURVE('',#5471,#5473,#5475,.T.);
#5471 = VERTEX_POINT('',#5472);
#5472 = CARTESIAN_POINT('',(2.61E+03,1.425E+03,590.));
#5473 = VERTEX_POINT('',#5474);
#5474 = CARTESIAN_POINT('',(2.99E+03,1.425E+03,590.));
#5475 = SURFACE_CURVE('',#5476,(#5480,#5486),.PCURVE_S1.);
#5476 = LINE('',#5477,#5478);
#5477 = CARTESIAN_POINT('',(-1.6825E+03,1.425E+03,590.));
#5478 = VECTOR('',#5479,1.);
#5479 = DIRECTION('',(1.,0.,0.));
#5480 = PCURVE('',#2299,#5481);
#5481 = DEFINITIONAL_REPRESENTATION('',(#5482),#5485);
#5482 = B_SPLINE_CURVE_WITH_KNOTS('',1,(#5483,#5484),.UNSPECIFIED.,.F.,
  .F.,(2,2),(4.2925E+03,4.6725E+03),.PIECEWISE_BEZIER_KNOTS.);
#5483 = CARTESIAN_POINT('',(550.,8.585E+03));
#5484 = CARTESIAN_POINT('',(550.,8.965E+03));
#5485 = ( GEOMETRIC_REPRESENTATION_CONTEXT(2) 
PARAMETRIC_REPRESENTATION_CONTEXT() REPRESENTATION_CONTEXT('2D SPACE',''
  ) );
#5486 = PCURVE('',#2756,#5487);
#5487 = DEFINITIONAL_REPRESENTATION('',(#5488),#5491);
#5488 = B_SPLINE_CURVE_WITH_KNOTS('',1,(#5489,#5490),.UNSPECIFIED.,.F.,
  .F.,(2,2),(4.2925E+03,4.6725E+03),.PIECEWISE_BEZIER_KNOTS.);
#5489 = CARTESIAN_POINT('',(0.,45.));
#5490 = CARTESIAN_POINT('',(380.,45.));
#5491 = ( GEOMETRIC_REPRESENTATION_CONTEXT(2) 
PARAMETRIC_REPRESENTATION_CONTEXT() REPRESENTATION_CONTEXT('2D SPACE',''
  ) );
#5492 = ORIENTED_EDGE('',*,*,#5493,.T.);
#5493 = EDGE_CURVE('',#5471,#5494,#5496,.T.);
#5494 = VERTEX_POINT('',#5495);
#5495 = CARTESIAN_POINT('',(2.61E+03,1.425E+03,450.));
#5496 = SURFACE_CURVE('',#5497,(#5501,#5507),.PCURVE_S1.);
#5497 = LINE('',#5498,#5499);
#5498 = CARTESIAN_POINT('',(2.61E+03,1.425E+03,245.));
#5499 = VECTOR('',#5500,1.);
#5500 = DIRECTION('',(0.,0.,-1.));
#5501 = PCURVE('',#2299,#5502);
#5502 = DEFINITIONAL_REPRESENTATION('',(#5503),#5506);
#5503 = B_SPLINE_CURVE_WITH_KNOTS('',1,(#5504,#5505),.UNSPECIFIED.,.F.,
  .F.,(2,2),(-345.,-205.),.PIECEWISE_BEZIER_KNOTS.);
#5504 = CARTESIAN_POINT('',(550.,8.585E+03));
#5505 = CARTESIAN_POINT('',(410.,8.585E+03));
#5506 = ( GEOMETRIC_REPRESENTATION_CONTEXT(2) 
PARAMETRIC_REPRESENTATION_CONTEXT() REPRESENTATION_CONTEXT('2D SPACE',''
  ) );
#5507 = PCURVE('',#2784,#5508);
#5508 = DEFINITIONAL_REPRESENTATION('',(#5509),#5512);
#5509 = B_SPLINE_CURVE_WITH_KNOTS('',1,(#5510,#5511),.UNSPECIFIED.,.F.,
  .F.,(2,2),(-345.,-205.),.PIECEWISE_BEZIER_KNOTS.);
#5510 = CARTESIAN_POINT('',(140.,-45.));
#5511 = CARTESIAN_POINT('',(0.,-45.));
#5512 = ( GEOMETRIC_REPRESENTATION_CONTEXT(2) 
PARAMETRIC_REPRESENTATION_CONTEXT() REPRESENTATION_CONTEXT('2D SPACE',''
  ) );
#5513 = ORIENTED_EDGE('',*,*,#5514,.T.);
#5514 = EDGE_CURVE('',#5494,#5515,#5517,.T.);
#5515 = VERTEX_POINT('',#5516);
#5516 = CARTESIAN_POINT('',(2.99E+03,1.425E+03,450.));
#5517 = SURFACE_CURVE('',#5518,(#5522,#5528),.PCURVE_S1.);
#5518 = LINE('',#5519,#5520);
#5519 = CARTESIAN_POINT('',(-1.6825E+03,1.425E+03,450.));
#5520 = VECTOR('',#5521,1.);
#5521 = DIRECTION('',(1.,0.,0.));
#5522 = PCURVE('',#2299,#5523);
#5523 = DEFINITIONAL_REPRESENTATION('',(#5524),#5527);
#5524 = B_SPLINE_CURVE_WITH_KNOTS('',1,(#5525,#5526),.UNSPECIFIED.,.F.,
  .F.,(2,2),(4.2925E+03,4.6725E+03),.PIECEWISE_BEZIER_KNOTS.);
#5525 = CARTESIAN_POINT('',(410.,8.585E+03));
#5526 = CARTESIAN_POINT('',(410.,8.965E+03));
#5527 = ( GEOMETRIC_REPRESENTATION_CONTEXT(2) 
PARAMETRIC_REPRESENTATION_CONTEXT() REPRESENTATION_CONTEXT('2D SPACE',''
  ) );
#5528 = PCURVE('',#2812,#5529);
#5529 = DEFINITIONAL_REPRESENTATION('',(#5530),#5533);
#5530 = B_SPLINE_CURVE_WITH_KNOTS('',1,(#5531,#5532),.UNSPECIFIED.,.F.,
  .F.,(2,2),(4.2925E+03,4.6725E+03),.PIECEWISE_BEZIER_KNOTS.);
#5531 = CARTESIAN_POINT('',(0.,45.));
#5532 = CARTESIAN_POINT('',(380.,45.));
#5533 = ( GEOMETRIC_REPRESENTATION_CONTEXT(2) 
PARAMETRIC_REPRESENTATION_CONTEXT() REPRESENTATION_CONTEXT('2D SPACE',''
  ) );
#5534 = ORIENTED_EDGE('',*,*,#5535,.F.);
#5535 = EDGE_CURVE('',#5473,#5515,#5536,.T.);
#5536 = SURFACE_CURVE('',#5537,(#5541,#5547),.PCURVE_S1.);
#5537 = LINE('',#5538,#5539);
#5538 = CARTESIAN_POINT('',(2.99E+03,1.425E+03,245.));
#5539 = VECTOR('',#5540,1.);
#5540 = DIRECTION('',(0.,0.,-1.));
#5541 = PCURVE('',#2299,#5542);
#5542 = DEFINITIONAL_REPRESENTATION('',(#5543),#5546);
#5543 = B_SPLINE_CURVE_WITH_KNOTS('',1,(#5544,#5545),.UNSPECIFIED.,.F.,
  .F.,(2,2),(-345.,-205.),.PIECEWISE_BEZIER_KNOTS.);
#5544 = CARTESIAN_POINT('',(550.,8.965E+03));
#5545 = CARTESIAN_POINT('',(410.,8.965E+03));
#5546 = ( GEOMETRIC_REPRESENTATION_CONTEXT(2) 
PARAMETRIC_REPRESENTATION_CONTEXT() REPRESENTATION_CONTEXT('2D SPACE',''
  ) );
#5547 = PCURVE('',#2838,#5548);
#5548 = DEFINITIONAL_REPRESENTATION('',(#5549),#5552);
#5549 = B_SPLINE_CURVE_WITH_KNOTS('',1,(#5550,#5551),.UNSPECIFIED.,.F.,
  .F.,(2,2),(-345.,-205.),.PIECEWISE_BEZIER_KNOTS.);
#5550 = CARTESIAN_POINT('',(140.,-45.));
#5551 = CARTESIAN_POINT('',(0.,-45.));
#5552 = ( GEOMETRIC_REPRESENTATION_CONTEXT(2) 
PARAMETRIC_REPRESENTATION_CONTEXT() REPRESENTATION_CONTEXT('2D SPACE',''
  ) );
#5553 = ADVANCED_FACE('',(#5554),#2414,.F.);
#5554 = FACE_BOUND('',#5555,.F.);
#5555 = EDGE_LOOP('',(#5556,#5577,#5578,#5599));
#5556 = ORIENTED_EDGE('',*,*,#5557,.F.);
#5557 = EDGE_CURVE('',#5213,#2397,#5558,.T.);
#5558 = SURFACE_CURVE('',#5559,(#5563,#5570),.PCURVE_S1.);
#5559 = LINE('',#5560,#5561);
#5560 = CARTESIAN_POINT('',(-2.99E+03,1.38E+03,590.));
#5561 = VECTOR('',#5562,1.);
#5562 = DIRECTION('',(0.,1.,0.));
#5563 = PCURVE('',#2414,#5564);
#5564 = DEFINITIONAL_REPRESENTATION('',(#5565),#5569);
#5565 = LINE('',#5566,#5567);
#5566 = CARTESIAN_POINT('',(0.,0.));
#5567 = VECTOR('',#5568,1.);
#5568 = DIRECTION('',(0.,1.));
#5569 = ( GEOMETRIC_REPRESENTATION_CONTEXT(2) 
PARAMETRIC_REPRESENTATION_CONTEXT() REPRESENTATION_CONTEXT('2D SPACE',''
  ) );
#5570 = PCURVE('',#2442,#5571);
#5571 = DEFINITIONAL_REPRESENTATION('',(#5572),#5576);
#5572 = LINE('',#5573,#5574);
#5573 = CARTESIAN_POINT('',(140.,0.));
#5574 = VECTOR('',#5575,1.);
#5575 = DIRECTION('',(0.,-1.));
#5576 = ( GEOMETRIC_REPRESENTATION_CONTEXT(2) 
PARAMETRIC_REPRESENTATION_CONTEXT() REPRESENTATION_CONTEXT('2D SPACE',''
  ) );
#5577 = ORIENTED_EDGE('',*,*,#5212,.T.);
#5578 = ORIENTED_EDGE('',*,*,#5579,.T.);
#5579 = EDGE_CURVE('',#5215,#2399,#5580,.T.);
#5580 = SURFACE_CURVE('',#5581,(#5585,#5592),.PCURVE_S1.);
#5581 = LINE('',#5582,#5583);
#5582 = CARTESIAN_POINT('',(-2.61E+03,1.38E+03,590.));
#5583 = VECTOR('',#5584,1.);
#5584 = DIRECTION('',(0.,1.,0.));
#5585 = PCURVE('',#2414,#5586);
#5586 = DEFINITIONAL_REPRESENTATION('',(#5587),#5591);
#5587 = LINE('',#5588,#5589);
#5588 = CARTESIAN_POINT('',(380.,0.));
#5589 = VECTOR('',#5590,1.);
#5590 = DIRECTION('',(0.,1.));
#5591 = ( GEOMETRIC_REPRESENTATION_CONTEXT(2) 
PARAMETRIC_REPRESENTATION_CONTEXT() REPRESENTATION_CONTEXT('2D SPACE',''
  ) );
#5592 = PCURVE('',#2496,#5593);
#5593 = DEFINITIONAL_REPRESENTATION('',(#5594),#5598);
#5594 = LINE('',#5595,#5596);
#5595 = CARTESIAN_POINT('',(140.,0.));
#5596 = VECTOR('',#5597,1.);
#5597 = DIRECTION('',(0.,-1.));
#5598 = ( GEOMETRIC_REPRESENTATION_CONTEXT(2) 
PARAMETRIC_REPRESENTATION_CONTEXT() REPRESENTATION_CONTEXT('2D SPACE',''
  ) );
#5599 = ORIENTED_EDGE('',*,*,#2396,.F.);
#5600 = ADVANCED_FACE('',(#5601),#2496,.F.);
#5601 = FACE_BOUND('',#5602,.F.);
#5602 = EDGE_LOOP('',(#5603,#5604,#5605,#5626));
#5603 = ORIENTED_EDGE('',*,*,#5579,.F.);
#5604 = ORIENTED_EDGE('',*,*,#5277,.T.);
#5605 = ORIENTED_EDGE('',*,*,#5606,.T.);
#5606 = EDGE_CURVE('',#5257,#2455,#5607,.T.);
#5607 = SURFACE_CURVE('',#5608,(#5612,#5619),.PCURVE_S1.);
#5608 = LINE('',#5609,#5610);
#5609 = CARTESIAN_POINT('',(-2.61E+03,1.38E+03,450.));
#5610 = VECTOR('',#5611,1.);
#5611 = DIRECTION('',(0.,1.,0.));
#5612 = PCURVE('',#2496,#5613);
#5613 = DEFINITIONAL_REPRESENTATION('',(#5614),#5618);
#5614 = LINE('',#5615,#5616);
#5615 = CARTESIAN_POINT('',(0.,0.));
#5616 = VECTOR('',#5617,1.);
#5617 = DIRECTION('',(0.,-1.));
#5618 = ( GEOMETRIC_REPRESENTATION_CONTEXT(2) 
PARAMETRIC_REPRESENTATION_CONTEXT() REPRESENTATION_CONTEXT('2D SPACE',''
  ) );
#5619 = PCURVE('',#2470,#5620);
#5620 = DEFINITIONAL_REPRESENTATION('',(#5621),#5625);
#5621 = LINE('',#5622,#5623);
#5622 = CARTESIAN_POINT('',(380.,0.));
#5623 = VECTOR('',#5624,1.);
#5624 = DIRECTION('',(0.,1.));
#5625 = ( GEOMETRIC_REPRESENTATION_CONTEXT(2) 
PARAMETRIC_REPRESENTATION_CONTEXT() REPRESENTATION_CONTEXT('2D SPACE',''
  ) );
#5626 = ORIENTED_EDGE('',*,*,#2482,.T.);
#5627 = ADVANCED_FACE('',(#5628),#2442,.T.);
#5628 = FACE_BOUND('',#5629,.T.);
#5629 = EDGE_LOOP('',(#5630,#5631,#5632,#5653));
#5630 = ORIENTED_EDGE('',*,*,#5557,.F.);
#5631 = ORIENTED_EDGE('',*,*,#5235,.T.);
#5632 = ORIENTED_EDGE('',*,*,#5633,.T.);
#5633 = EDGE_CURVE('',#5236,#2427,#5634,.T.);
#5634 = SURFACE_CURVE('',#5635,(#5639,#5646),.PCURVE_S1.);
#5635 = LINE('',#5636,#5637);
#5636 = CARTESIAN_POINT('',(-2.99E+03,1.38E+03,450.));
#5637 = VECTOR('',#5638,1.);
#5638 = DIRECTION('',(0.,1.,0.));
#5639 = PCURVE('',#2442,#5640);
#5640 = DEFINITIONAL_REPRESENTATION('',(#5641),#5645);
#5641 = LINE('',#5642,#5643);
#5642 = CARTESIAN_POINT('',(0.,0.));
#5643 = VECTOR('',#5644,1.);
#5644 = DIRECTION('',(0.,-1.));
#5645 = ( GEOMETRIC_REPRESENTATION_CONTEXT(2) 
PARAMETRIC_REPRESENTATION_CONTEXT() REPRESENTATION_CONTEXT('2D SPACE',''
  ) );
#5646 = PCURVE('',#2470,#5647);
#5647 = DEFINITIONAL_REPRESENTATION('',(#5648),#5652);
#5648 = LINE('',#5649,#5650);
#5649 = CARTESIAN_POINT('',(0.,0.));
#5650 = VECTOR('',#5651,1.);
#5651 = DIRECTION('',(0.,1.));
#5652 = ( GEOMETRIC_REPRESENTATION_CONTEXT(2) 
PARAMETRIC_REPRESENTATION_CONTEXT() REPRESENTATION_CONTEXT('2D SPACE',''
  ) );
#5653 = ORIENTED_EDGE('',*,*,#2426,.T.);
#5654 = ADVANCED_FACE('',(#5655),#2470,.T.);
#5655 = FACE_BOUND('',#5656,.T.);
#5656 = EDGE_LOOP('',(#5657,#5658,#5659,#5660));
#5657 = ORIENTED_EDGE('',*,*,#5633,.F.);
#5658 = ORIENTED_EDGE('',*,*,#5256,.T.);
#5659 = ORIENTED_EDGE('',*,*,#5606,.T.);
#5660 = ORIENTED_EDGE('',*,*,#2454,.F.);
#5661 = ADVANCED_FACE('',(#5662),#2528,.F.);
#5662 = FACE_BOUND('',#5663,.F.);
#5663 = EDGE_LOOP('',(#5664,#5685,#5686,#5707));
#5664 = ORIENTED_EDGE('',*,*,#5665,.F.);
#5665 = EDGE_CURVE('',#5299,#2511,#5666,.T.);
#5666 = SURFACE_CURVE('',#5667,(#5671,#5678),.PCURVE_S1.);
#5667 = LINE('',#5668,#5669);
#5668 = CARTESIAN_POINT('',(-1.89E+03,1.38E+03,590.));
#5669 = VECTOR('',#5670,1.);
#5670 = DIRECTION('',(0.,1.,0.));
#5671 = PCURVE('',#2528,#5672);
#5672 = DEFINITIONAL_REPRESENTATION('',(#5673),#5677);
#5673 = LINE('',#5674,#5675);
#5674 = CARTESIAN_POINT('',(0.,0.));
#5675 = VECTOR('',#5676,1.);
#5676 = DIRECTION('',(0.,1.));
#5677 = ( GEOMETRIC_REPRESENTATION_CONTEXT(2) 
PARAMETRIC_REPRESENTATION_CONTEXT() REPRESENTATION_CONTEXT('2D SPACE',''
  ) );
#5678 = PCURVE('',#2556,#5679);
#5679 = DEFINITIONAL_REPRESENTATION('',(#5680),#5684);
#5680 = LINE('',#5681,#5682);
#5681 = CARTESIAN_POINT('',(140.,0.));
#5682 = VECTOR('',#5683,1.);
#5683 = DIRECTION('',(0.,-1.));
#5684 = ( GEOMETRIC_REPRESENTATION_CONTEXT(2) 
PARAMETRIC_REPRESENTATION_CONTEXT() REPRESENTATION_CONTEXT('2D SPACE',''
  ) );
#5685 = ORIENTED_EDGE('',*,*,#5298,.T.);
#5686 = ORIENTED_EDGE('',*,*,#5687,.T.);
#5687 = EDGE_CURVE('',#5301,#2513,#5688,.T.);
#5688 = SURFACE_CURVE('',#5689,(#5693,#5700),.PCURVE_S1.);
#5689 = LINE('',#5690,#5691);
#5690 = CARTESIAN_POINT('',(-1.51E+03,1.38E+03,590.));
#5691 = VECTOR('',#5692,1.);
#5692 = DIRECTION('',(0.,1.,0.));
#5693 = PCURVE('',#2528,#5694);
#5694 = DEFINITIONAL_REPRESENTATION('',(#5695),#5699);
#5695 = LINE('',#5696,#5697);
#5696 = CARTESIAN_POINT('',(380.,0.));
#5697 = VECTOR('',#5698,1.);
#5698 = DIRECTION('',(0.,1.));
#5699 = ( GEOMETRIC_REPRESENTATION_CONTEXT(2) 
PARAMETRIC_REPRESENTATION_CONTEXT() REPRESENTATION_CONTEXT('2D SPACE',''
  ) );
#5700 = PCURVE('',#2610,#5701);
#5701 = DEFINITIONAL_REPRESENTATION('',(#5702),#5706);
#5702 = LINE('',#5703,#5704);
#5703 = CARTESIAN_POINT('',(140.,0.));
#5704 = VECTOR('',#5705,1.);
#5705 = DIRECTION('',(0.,-1.));
#5706 = ( GEOMETRIC_REPRESENTATION_CONTEXT(2) 
PARAMETRIC_REPRESENTATION_CONTEXT() REPRESENTATION_CONTEXT('2D SPACE',''
  ) );
#5707 = ORIENTED_EDGE('',*,*,#2510,.F.);
#5708 = ADVANCED_FACE('',(#5709),#2610,.F.);
#5709 = FACE_BOUND('',#5710,.F.);
#5710 = EDGE_LOOP('',(#5711,#5712,#5713,#5734));
#5711 = ORIENTED_EDGE('',*,*,#5687,.F.);
#5712 = ORIENTED_EDGE('',*,*,#5363,.T.);
#5713 = ORIENTED_EDGE('',*,*,#5714,.T.);
#5714 = EDGE_CURVE('',#5343,#2569,#5715,.T.);
#5715 = SURFACE_CURVE('',#5716,(#5720,#5727),.PCURVE_S1.);
#5716 = LINE('',#5717,#5718);
#5717 = CARTESIAN_POINT('',(-1.51E+03,1.38E+03,450.));
#5718 = VECTOR('',#5719,1.);
#5719 = DIRECTION('',(0.,1.,0.));
#5720 = PCURVE('',#2610,#5721);
#5721 = DEFINITIONAL_REPRESENTATION('',(#5722),#5726);
#5722 = LINE('',#5723,#5724);
#5723 = CARTESIAN_POINT('',(0.,0.));
#5724 = VECTOR('',#5725,1.);
#5725 = DIRECTION('',(0.,-1.));
#5726 = ( GEOMETRIC_REPRESENTATION_CONTEXT(2) 
PARAMETRIC_REPRESENTATION_CONTEXT() REPRESENTATION_CONTEXT('2D SPACE',''
  ) );
#5727 = PCURVE('',#2584,#5728);
#5728 = DEFINITIONAL_REPRESENTATION('',(#5729),#5733);
#5729 = LINE('',#5730,#5731);
#5730 = CARTESIAN_POINT('',(380.,0.));
#5731 = VECTOR('',#5732,1.);
#5732 = DIRECTION('',(0.,1.));
#5733 = ( GEOMETRIC_REPRESENTATION_CONTEXT(2) 
PARAMETRIC_REPRESENTATION_CONTEXT() REPRESENTATION_CONTEXT('2D SPACE',''
  ) );
#5734 = ORIENTED_EDGE('',*,*,#2596,.T.);
#5735 = ADVANCED_FACE('',(#5736),#2556,.T.);
#5736 = FACE_BOUND('',#5737,.T.);
#5737 = EDGE_LOOP('',(#5738,#5739,#5740,#5761));
#5738 = ORIENTED_EDGE('',*,*,#5665,.F.);
#5739 = ORIENTED_EDGE('',*,*,#5321,.T.);
#5740 = ORIENTED_EDGE('',*,*,#5741,.T.);
#5741 = EDGE_CURVE('',#5322,#2541,#5742,.T.);
#5742 = SURFACE_CURVE('',#5743,(#5747,#5754),.PCURVE_S1.);
#5743 = LINE('',#5744,#5745);
#5744 = CARTESIAN_POINT('',(-1.89E+03,1.38E+03,450.));
#5745 = VECTOR('',#5746,1.);
#5746 = DIRECTION('',(0.,1.,0.));
#5747 = PCURVE('',#2556,#5748);
#5748 = DEFINITIONAL_REPRESENTATION('',(#5749),#5753);
#5749 = LINE('',#5750,#5751);
#5750 = CARTESIAN_POINT('',(0.,0.));
#5751 = VECTOR('',#5752,1.);
#5752 = DIRECTION('',(0.,-1.));
#5753 = ( GEOMETRIC_REPRESENTATION_CONTEXT(2) 
PARAMETRIC_REPRESENTATION_CONTEXT() REPRESENTATION_CONTEXT('2D SPACE',''
  ) );
#5754 = PCURVE('',#2584,#5755);
#5755 = DEFINITIONAL_REPRESENTATION('',(#5756),#5760);
#5756 = LINE('',#5757,#5758);
#5757 = CARTESIAN_POINT('',(0.,0.));
#5758 = VECTOR('',#5759,1.);
#5759 = DIRECTION('',(0.,1.));
#5760 = ( GEOMETRIC_REPRESENTATION_CONTEXT(2) 
PARAMETRIC_REPRESENTATION_CONTEXT() REPRESENTATION_CONTEXT('2D SPACE',''
  ) );
#5761 = ORIENTED_EDGE('',*,*,#2540,.T.);
#5762 = ADVANCED_FACE('',(#5763),#2584,.T.);
#5763 = FACE_BOUND('',#5764,.T.);
#5764 = EDGE_LOOP('',(#5765,#5766,#5767,#5768));
#5765 = ORIENTED_EDGE('',*,*,#5741,.F.);
#5766 = ORIENTED_EDGE('',*,*,#5342,.T.);
#5767 = ORIENTED_EDGE('',*,*,#5714,.T.);
#5768 = ORIENTED_EDGE('',*,*,#2568,.F.);
#5769 = ADVANCED_FACE('',(#5770),#2642,.F.);
#5770 = FACE_BOUND('',#5771,.F.);
#5771 = EDGE_LOOP('',(#5772,#5793,#5794,#5815));
#5772 = ORIENTED_EDGE('',*,*,#5773,.F.);
#5773 = EDGE_CURVE('',#5385,#2625,#5774,.T.);
#5774 = SURFACE_CURVE('',#5775,(#5779,#5786),.PCURVE_S1.);
#5775 = LINE('',#5776,#5777);
#5776 = CARTESIAN_POINT('',(1.51E+03,1.38E+03,590.));
#5777 = VECTOR('',#5778,1.);
#5778 = DIRECTION('',(0.,1.,0.));
#5779 = PCURVE('',#2642,#5780);
#5780 = DEFINITIONAL_REPRESENTATION('',(#5781),#5785);
#5781 = LINE('',#5782,#5783);
#5782 = CARTESIAN_POINT('',(0.,0.));
#5783 = VECTOR('',#5784,1.);
#5784 = DIRECTION('',(0.,1.));
#5785 = ( GEOMETRIC_REPRESENTATION_CONTEXT(2) 
PARAMETRIC_REPRESENTATION_CONTEXT() REPRESENTATION_CONTEXT('2D SPACE',''
  ) );
#5786 = PCURVE('',#2670,#5787);
#5787 = DEFINITIONAL_REPRESENTATION('',(#5788),#5792);
#5788 = LINE('',#5789,#5790);
#5789 = CARTESIAN_POINT('',(140.,0.));
#5790 = VECTOR('',#5791,1.);
#5791 = DIRECTION('',(0.,-1.));
#5792 = ( GEOMETRIC_REPRESENTATION_CONTEXT(2) 
PARAMETRIC_REPRESENTATION_CONTEXT() REPRESENTATION_CONTEXT('2D SPACE',''
  ) );
#5793 = ORIENTED_EDGE('',*,*,#5384,.T.);
#5794 = ORIENTED_EDGE('',*,*,#5795,.T.);
#5795 = EDGE_CURVE('',#5387,#2627,#5796,.T.);
#5796 = SURFACE_CURVE('',#5797,(#5801,#5808),.PCURVE_S1.);
#5797 = LINE('',#5798,#5799);
#5798 = CARTESIAN_POINT('',(1.89E+03,1.38E+03,590.));
#5799 = VECTOR('',#5800,1.);
#5800 = DIRECTION('',(0.,1.,0.));
#5801 = PCURVE('',#2642,#5802);
#5802 = DEFINITIONAL_REPRESENTATION('',(#5803),#5807);
#5803 = LINE('',#5804,#5805);
#5804 = CARTESIAN_POINT('',(380.,0.));
#5805 = VECTOR('',#5806,1.);
#5806 = DIRECTION('',(0.,1.));
#5807 = ( GEOMETRIC_REPRESENTATION_CONTEXT(2) 
PARAMETRIC_REPRESENTATION_CONTEXT() REPRESENTATION_CONTEXT('2D SPACE',''
  ) );
#5808 = PCURVE('',#2724,#5809);
#5809 = DEFINITIONAL_REPRESENTATION('',(#5810),#5814);
#5810 = LINE('',#5811,#5812);
#5811 = CARTESIAN_POINT('',(140.,0.));
#5812 = VECTOR('',#5813,1.);
#5813 = DIRECTION('',(0.,-1.));
#5814 = ( GEOMETRIC_REPRESENTATION_CONTEXT(2) 
PARAMETRIC_REPRESENTATION_CONTEXT() REPRESENTATION_CONTEXT('2D SPACE',''
  ) );
#5815 = ORIENTED_EDGE('',*,*,#2624,.F.);
#5816 = ADVANCED_FACE('',(#5817),#2724,.F.);
#5817 = FACE_BOUND('',#5818,.F.);
#5818 = EDGE_LOOP('',(#5819,#5820,#5821,#5842));
#5819 = ORIENTED_EDGE('',*,*,#5795,.F.);
#5820 = ORIENTED_EDGE('',*,*,#5449,.T.);
#5821 = ORIENTED_EDGE('',*,*,#5822,.T.);
#5822 = EDGE_CURVE('',#5429,#2683,#5823,.T.);
#5823 = SURFACE_CURVE('',#5824,(#5828,#5835),.PCURVE_S1.);
#5824 = LINE('',#5825,#5826);
#5825 = CARTESIAN_POINT('',(1.89E+03,1.38E+03,450.));
#5826 = VECTOR('',#5827,1.);
#5827 = DIRECTION('',(0.,1.,0.));
#5828 = PCURVE('',#2724,#5829);
#5829 = DEFINITIONAL_REPRESENTATION('',(#5830),#5834);
#5830 = LINE('',#5831,#5832);
#5831 = CARTESIAN_POINT('',(0.,0.));
#5832 = VECTOR('',#5833,1.);
#5833 = DIRECTION('',(0.,-1.));
#5834 = ( GEOMETRIC_REPRESENTATION_CONTEXT(2) 
PARAMETRIC_REPRESENTATION_CONTEXT() REPRESENTATION_CONTEXT('2D SPACE',''
  ) );
#5835 = PCURVE('',#2698,#5836);
#5836 = DEFINITIONAL_REPRESENTATION('',(#5837),#5841);
#5837 = LINE('',#5838,#5839);
#5838 = CARTESIAN_POINT('',(380.,0.));
#5839 = VECTOR('',#5840,1.);
#5840 = DIRECTION('',(0.,1.));
#5841 = ( GEOMETRIC_REPRESENTATION_CONTEXT(2) 
PARAMETRIC_REPRESENTATION_CONTEXT() REPRESENTATION_CONTEXT('2D SPACE',''
  ) );
#5842 = ORIENTED_EDGE('',*,*,#2710,.T.);
#5843 = ADVANCED_FACE('',(#5844),#2670,.T.);
#5844 = FACE_BOUND('',#5845,.T.);
#5845 = EDGE_LOOP('',(#5846,#5847,#5848,#5869));
#5846 = ORIENTED_EDGE('',*,*,#5773,.F.);
#5847 = ORIENTED_EDGE('',*,*,#5407,.T.);
#5848 = ORIENTED_EDGE('',*,*,#5849,.T.);
#5849 = EDGE_CURVE('',#5408,#2655,#5850,.T.);
#5850 = SURFACE_CURVE('',#5851,(#5855,#5862),.PCURVE_S1.);
#5851 = LINE('',#5852,#5853);
#5852 = CARTESIAN_POINT('',(1.51E+03,1.38E+03,450.));
#5853 = VECTOR('',#5854,1.);
#5854 = DIRECTION('',(0.,1.,0.));
#5855 = PCURVE('',#2670,#5856);
#5856 = DEFINITIONAL_REPRESENTATION('',(#5857),#5861);
#5857 = LINE('',#5858,#5859);
#5858 = CARTESIAN_POINT('',(0.,0.));
#5859 = VECTOR('',#5860,1.);
#5860 = DIRECTION('',(0.,-1.));
#5861 = ( GEOMETRIC_REPRESENTATION_CONTEXT(2) 
PARAMETRIC_REPRESENTATION_CONTEXT() REPRESENTATION_CONTEXT('2D SPACE',''
  ) );
#5862 = PCURVE('',#2698,#5863);
#5863 = DEFINITIONAL_REPRESENTATION('',(#5864),#5868);
#5864 = LINE('',#5865,#5866);
#5865 = CARTESIAN_POINT('',(0.,0.));
#5866 = VECTOR('',#5867,1.);
#5867 = DIRECTION('',(0.,1.));
#5868 = ( GEOMETRIC_REPRESENTATION_CONTEXT(2) 
PARAMETRIC_REPRESENTATION_CONTEXT() REPRESENTATION_CONTEXT('2D SPACE',''
  ) );
#5869 = ORIENTED_EDGE('',*,*,#2654,.T.);
#5870 = ADVANCED_FACE('',(#5871),#2698,.T.);
#5871 = FACE_BOUND('',#5872,.T.);
#5872 = EDGE_LOOP('',(#5873,#5874,#5875,#5876));
#5873 = ORIENTED_EDGE('',*,*,#5849,.F.);
#5874 = ORIENTED_EDGE('',*,*,#5428,.T.);
#5875 = ORIENTED_EDGE('',*,*,#5822,.T.);
#5876 = ORIENTED_EDGE('',*,*,#2682,.F.);
#5877 = ADVANCED_FACE('',(#5878),#2756,.F.);
#5878 = FACE_BOUND('',#5879,.F.);
#5879 = EDGE_LOOP('',(#5880,#5901,#5902,#5923));
#5880 = ORIENTED_EDGE('',*,*,#5881,.F.);
#5881 = EDGE_CURVE('',#5471,#2739,#5882,.T.);
#5882 = SURFACE_CURVE('',#5883,(#5887,#5894),.PCURVE_S1.);
#5883 = LINE('',#5884,#5885);
#5884 = CARTESIAN_POINT('',(2.61E+03,1.38E+03,590.));
#5885 = VECTOR('',#5886,1.);
#5886 = DIRECTION('',(0.,1.,0.));
#5887 = PCURVE('',#2756,#5888);
#5888 = DEFINITIONAL_REPRESENTATION('',(#5889),#5893);
#5889 = LINE('',#5890,#5891);
#5890 = CARTESIAN_POINT('',(0.,0.));
#5891 = VECTOR('',#5892,1.);
#5892 = DIRECTION('',(0.,1.));
#5893 = ( GEOMETRIC_REPRESENTATION_CONTEXT(2) 
PARAMETRIC_REPRESENTATION_CONTEXT() REPRESENTATION_CONTEXT('2D SPACE',''
  ) );
#5894 = PCURVE('',#2784,#5895);
#5895 = DEFINITIONAL_REPRESENTATION('',(#5896),#5900);
#5896 = LINE('',#5897,#5898);
#5897 = CARTESIAN_POINT('',(140.,0.));
#5898 = VECTOR('',#5899,1.);
#5899 = DIRECTION('',(0.,-1.));
#5900 = ( GEOMETRIC_REPRESENTATION_CONTEXT(2) 
PARAMETRIC_REPRESENTATION_CONTEXT() REPRESENTATION_CONTEXT('2D SPACE',''
  ) );
#5901 = ORIENTED_EDGE('',*,*,#5470,.T.);
#5902 = ORIENTED_EDGE('',*,*,#5903,.T.);
#5903 = EDGE_CURVE('',#5473,#2741,#5904,.T.);
#5904 = SURFACE_CURVE('',#5905,(#5909,#5916),.PCURVE_S1.);
#5905 = LINE('',#5906,#5907);
#5906 = CARTESIAN_POINT('',(2.99E+03,1.38E+03,590.));
#5907 = VECTOR('',#5908,1.);
#5908 = DIRECTION('',(0.,1.,0.));
#5909 = PCURVE('',#2756,#5910);
#5910 = DEFINITIONAL_REPRESENTATION('',(#5911),#5915);
#5911 = LINE('',#5912,#5913);
#5912 = CARTESIAN_POINT('',(380.,0.));
#5913 = VECTOR('',#5914,1.);
#5914 = DIRECTION('',(0.,1.));
#5915 = ( GEOMETRIC_REPRESENTATION_CONTEXT(2) 
PARAMETRIC_REPRESENTATION_CONTEXT() REPRESENTATION_CONTEXT('2D SPACE',''
  ) );
#5916 = PCURVE('',#2838,#5917);
#5917 = DEFINITIONAL_REPRESENTATION('',(#5918),#5922);
#5918 = LINE('',#5919,#5920);
#5919 = CARTESIAN_POINT('',(140.,0.));
#5920 = VECTOR('',#5921,1.);
#5921 = DIRECTION('',(0.,-1.));
#5922 = ( GEOMETRIC_REPRESENTATION_CONTEXT(2) 
PARAMETRIC_REPRESENTATION_CONTEXT() REPRESENTATION_CONTEXT('2D SPACE',''
  ) );
#5923 = ORIENTED_EDGE('',*,*,#2738,.F.);
#5924 = ADVANCED_FACE('',(#5925),#2838,.F.);
#5925 = FACE_BOUND('',#5926,.F.);
#5926 = EDGE_LOOP('',(#5927,#5928,#5929,#5950));
#5927 = ORIENTED_EDGE('',*,*,#5903,.F.);
#5928 = ORIENTED_EDGE('',*,*,#5535,.T.);
#5929 = ORIENTED_EDGE('',*,*,#5930,.T.);
#5930 = EDGE_CURVE('',#5515,#2797,#5931,.T.);
#5931 = SURFACE_CURVE('',#5932,(#5936,#5943),.PCURVE_S1.);
#5932 = LINE('',#5933,#5934);
#5933 = CARTESIAN_POINT('',(2.99E+03,1.38E+03,450.));
#5934 = VECTOR('',#5935,1.);
#5935 = DIRECTION('',(0.,1.,0.));
#5936 = PCURVE('',#2838,#5937);
#5937 = DEFINITIONAL_REPRESENTATION('',(#5938),#5942);
#5938 = LINE('',#5939,#5940);
#5939 = CARTESIAN_POINT('',(0.,0.));
#5940 = VECTOR('',#5941,1.);
#5941 = DIRECTION('',(0.,-1.));
#5942 = ( GEOMETRIC_REPRESENTATION_CONTEXT(2) 
PARAMETRIC_REPRESENTATION_CONTEXT() REPRESENTATION_CONTEXT('2D SPACE',''
  ) );
#5943 = PCURVE('',#2812,#5944);
#5944 = DEFINITIONAL_REPRESENTATION('',(#5945),#5949);
#5945 = LINE('',#5946,#5947);
#5946 = CARTESIAN_POINT('',(380.,0.));
#5947 = VECTOR('',#5948,1.);
#5948 = DIRECTION('',(0.,1.));
#5949 = ( GEOMETRIC_REPRESENTATION_CONTEXT(2) 
PARAMETRIC_REPRESENTATION_CONTEXT() REPRESENTATION_CONTEXT('2D SPACE',''
  ) );
#5950 = ORIENTED_EDGE('',*,*,#2824,.T.);
#5951 = ADVANCED_FACE('',(#5952),#2812,.T.);
#5952 = FACE_BOUND('',#5953,.T.);
#5953 = EDGE_LOOP('',(#5954,#5975,#5976,#5977));
#5954 = ORIENTED_EDGE('',*,*,#5955,.F.);
#5955 = EDGE_CURVE('',#5494,#2769,#5956,.T.);
#5956 = SURFACE_CURVE('',#5957,(#5961,#5968),.PCURVE_S1.);
#5957 = LINE('',#5958,#5959);
#5958 = CARTESIAN_POINT('',(2.61E+03,1.38E+03,450.));
#5959 = VECTOR('',#5960,1.);
#5960 = DIRECTION('',(0.,1.,0.));
#5961 = PCURVE('',#2812,#5962);
#5962 = DEFINITIONAL_REPRESENTATION('',(#5963),#5967);
#5963 = LINE('',#5964,#5965);
#5964 = CARTESIAN_POINT('',(0.,0.));
#5965 = VECTOR('',#5966,1.);
#5966 = DIRECTION('',(0.,1.));
#5967 = ( GEOMETRIC_REPRESENTATION_CONTEXT(2) 
PARAMETRIC_REPRESENTATION_CONTEXT() REPRESENTATION_CONTEXT('2D SPACE',''
  ) );
#5968 = PCURVE('',#2784,#5969);
#5969 = DEFINITIONAL_REPRESENTATION('',(#5970),#5974);
#5970 = LINE('',#5971,#5972);
#5971 = CARTESIAN_POINT('',(0.,0.));
#5972 = VECTOR('',#5973,1.);
#5973 = DIRECTION('',(0.,-1.));
#5974 = ( GEOMETRIC_REPRESENTATION_CONTEXT(2) 
PARAMETRIC_REPRESENTATION_CONTEXT() REPRESENTATION_CONTEXT('2D SPACE',''
  ) );
#5975 = ORIENTED_EDGE('',*,*,#5514,.T.);
#5976 = ORIENTED_EDGE('',*,*,#5930,.T.);
#5977 = ORIENTED_EDGE('',*,*,#2796,.F.);
#5978 = ADVANCED_FACE('',(#5979),#2784,.T.);
#5979 = FACE_BOUND('',#5980,.T.);
#5980 = EDGE_LOOP('',(#5981,#5982,#5983,#5984));
#5981 = ORIENTED_EDGE('',*,*,#5881,.F.);
#5982 = ORIENTED_EDGE('',*,*,#5493,.T.);
#5983 = ORIENTED_EDGE('',*,*,#5955,.T.);
#5984 = ORIENTED_EDGE('',*,*,#2768,.T.);
#5985 = ADVANCED_FACE('',(#5986),#3067,.T.);
#5986 = FACE_BOUND('',#5987,.T.);
#5987 = EDGE_LOOP('',(#5988,#5989,#5990,#5991,#6019,#6042,#6064,#6065));
#5988 = ORIENTED_EDGE('',*,*,#3051,.F.);
#5989 = ORIENTED_EDGE('',*,*,#3889,.T.);
#5990 = ORIENTED_EDGE('',*,*,#3342,.T.);
#5991 = ORIENTED_EDGE('',*,*,#5992,.F.);
#5992 = EDGE_CURVE('',#5993,#3345,#5995,.T.);
#5993 = VERTEX_POINT('',#5994);
#5994 = CARTESIAN_POINT('',(5.975E+03,-1.355E+03,40.));
#5995 = SURFACE_CURVE('',#5996,(#6001,#6012),.PCURVE_S1.);
#5996 = CIRCLE('',#5997,70.);
#5997 = AXIS2_PLACEMENT_3D('',#5998,#5999,#6000);
#5998 = CARTESIAN_POINT('',(5.905E+03,-1.355E+03,40.));
#5999 = DIRECTION('',(-0.,-0.,-1.));
#6000 = DIRECTION('',(0.,-1.,0.));
#6001 = PCURVE('',#3067,#6002);
#6002 = DEFINITIONAL_REPRESENTATION('',(#6003),#6011);
#6003 = ( BOUNDED_CURVE() B_SPLINE_CURVE(2,(#6004,#6005,#6006,#6007,
#6008,#6009,#6010),.UNSPECIFIED.,.T.,.F.) B_SPLINE_CURVE_WITH_KNOTS((1,2
    ,2,2,2,1),(-2.094395102393,0.,2.094395102393,4.188790204786,
6.28318530718,8.377580409573),.UNSPECIFIED.) CURVE() 
GEOMETRIC_REPRESENTATION_ITEM() RATIONAL_B_SPLINE_CURVE((1.,0.5,1.,0.5,
1.,0.5,1.)) REPRESENTATION_ITEM('') );
#6004 = CARTESIAN_POINT('',(1.188E+04,0.));
#6005 = CARTESIAN_POINT('',(1.175875644347E+04,0.));
#6006 = CARTESIAN_POINT('',(1.181937822174E+04,105.));
#6007 = CARTESIAN_POINT('',(1.188E+04,210.));
#6008 = CARTESIAN_POINT('',(1.194062177826E+04,105.));
#6009 = CARTESIAN_POINT('',(1.200124355653E+04,1.136868377216E-13));
#6010 = CARTESIAN_POINT('',(1.188E+04,0.));
#6011 = ( GEOMETRIC_REPRESENTATION_CONTEXT(2) 
PARAMETRIC_REPRESENTATION_CONTEXT() REPRESENTATION_CONTEXT('2D SPACE',''
  ) );
#6012 = PCURVE('',#3529,#6013);
#6013 = DEFINITIONAL_REPRESENTATION('',(#6014),#6018);
#6014 = LINE('',#6015,#6016);
#6015 = CARTESIAN_POINT('',(4.712388980385,-0.));
#6016 = VECTOR('',#6017,1.);
#6017 = DIRECTION('',(-1.,0.));
#6018 = ( GEOMETRIC_REPRESENTATION_CONTEXT(2) 
PARAMETRIC_REPRESENTATION_CONTEXT() REPRESENTATION_CONTEXT('2D SPACE',''
  ) );
#6019 = ORIENTED_EDGE('',*,*,#6020,.T.);
#6020 = EDGE_CURVE('',#5993,#6021,#6023,.T.);
#6021 = VERTEX_POINT('',#6022);
#6022 = CARTESIAN_POINT('',(5.975E+03,1.355E+03,40.));
#6023 = SURFACE_CURVE('',#6024,(#6028,#6035),.PCURVE_S1.);
#6024 = LINE('',#6025,#6026);
#6025 = CARTESIAN_POINT('',(5.975E+03,-1.425E+03,40.));
#6026 = VECTOR('',#6027,1.);
#6027 = DIRECTION('',(0.,1.,0.));
#6028 = PCURVE('',#3067,#6029);
#6029 = DEFINITIONAL_REPRESENTATION('',(#6030),#6034);
#6030 = LINE('',#6031,#6032);
#6031 = CARTESIAN_POINT('',(1.195E+04,0.));
#6032 = VECTOR('',#6033,1.);
#6033 = DIRECTION('',(0.,1.));
#6034 = ( GEOMETRIC_REPRESENTATION_CONTEXT(2) 
PARAMETRIC_REPRESENTATION_CONTEXT() REPRESENTATION_CONTEXT('2D SPACE',''
  ) );
#6035 = PCURVE('',#3225,#6036);
#6036 = DEFINITIONAL_REPRESENTATION('',(#6037),#6041);
#6037 = LINE('',#6038,#6039);
#6038 = CARTESIAN_POINT('',(0.,0.));
#6039 = VECTOR('',#6040,1.);
#6040 = DIRECTION('',(0.,-1.));
#6041 = ( GEOMETRIC_REPRESENTATION_CONTEXT(2) 
PARAMETRIC_REPRESENTATION_CONTEXT() REPRESENTATION_CONTEXT('2D SPACE',''
  ) );
#6042 = ORIENTED_EDGE('',*,*,#6043,.T.);
#6043 = EDGE_CURVE('',#6021,#5163,#6044,.T.);
#6044 = SURFACE_CURVE('',#6045,(#6050,#6057),.PCURVE_S1.);
#6045 = CIRCLE('',#6046,70.);
#6046 = AXIS2_PLACEMENT_3D('',#6047,#6048,#6049);
#6047 = CARTESIAN_POINT('',(5.905E+03,1.355E+03,40.));
#6048 = DIRECTION('',(0.,0.,1.));
#6049 = DIRECTION('',(0.,-1.,0.));
#6050 = PCURVE('',#3067,#6051);
#6051 = DEFINITIONAL_REPRESENTATION('',(#6052),#6056);
#6052 = CIRCLE('',#6053,70.);
#6053 = AXIS2_PLACEMENT_2D('',#6054,#6055);
#6054 = CARTESIAN_POINT('',(1.188E+04,2.78E+03));
#6055 = DIRECTION('',(0.,-1.));
#6056 = ( GEOMETRIC_REPRESENTATION_CONTEXT(2) 
PARAMETRIC_REPRESENTATION_CONTEXT() REPRESENTATION_CONTEXT('2D SPACE',''
  ) );
#6057 = PCURVE('',#4922,#6058);
#6058 = DEFINITIONAL_REPRESENTATION('',(#6059),#6063);
#6059 = LINE('',#6060,#6061);
#6060 = CARTESIAN_POINT('',(-1.570796326795,0.));
#6061 = VECTOR('',#6062,1.);
#6062 = DIRECTION('',(1.,0.));
#6063 = ( GEOMETRIC_REPRESENTATION_CONTEXT(2) 
PARAMETRIC_REPRESENTATION_CONTEXT() REPRESENTATION_CONTEXT('2D SPACE',''
  ) );
#6064 = ORIENTED_EDGE('',*,*,#5162,.F.);
#6065 = ORIENTED_EDGE('',*,*,#5109,.F.);
#6066 = ADVANCED_FACE('',(#6067),#3225,.F.);
#6067 = FACE_BOUND('',#6068,.F.);
#6068 = EDGE_LOOP('',(#6069,#6070,#6071,#6092,#6093,#6114));
#6069 = ORIENTED_EDGE('',*,*,#3209,.F.);
#6070 = ORIENTED_EDGE('',*,*,#4547,.F.);
#6071 = ORIENTED_EDGE('',*,*,#6072,.F.);
#6072 = EDGE_CURVE('',#5993,#4402,#6073,.T.);
#6073 = SURFACE_CURVE('',#6074,(#6078,#6085),.PCURVE_S1.);
#6074 = LINE('',#6075,#6076);
#6075 = CARTESIAN_POINT('',(5.975E+03,-1.355E+03,40.));
#6076 = VECTOR('',#6077,1.);
#6077 = DIRECTION('',(0.,0.,1.));
#6078 = PCURVE('',#3225,#6079);
#6079 = DEFINITIONAL_REPRESENTATION('',(#6080),#6084);
#6080 = LINE('',#6081,#6082);
#6081 = CARTESIAN_POINT('',(0.,-70.));
#6082 = VECTOR('',#6083,1.);
#6083 = DIRECTION('',(1.,0.));
#6084 = ( GEOMETRIC_REPRESENTATION_CONTEXT(2) 
PARAMETRIC_REPRESENTATION_CONTEXT() REPRESENTATION_CONTEXT('2D SPACE',''
  ) );
#6085 = PCURVE('',#3529,#6086);
#6086 = DEFINITIONAL_REPRESENTATION('',(#6087),#6091);
#6087 = LINE('',#6088,#6089);
#6088 = CARTESIAN_POINT('',(-0.,0.));
#6089 = VECTOR('',#6090,1.);
#6090 = DIRECTION('',(-0.,1.));
#6091 = ( GEOMETRIC_REPRESENTATION_CONTEXT(2) 
PARAMETRIC_REPRESENTATION_CONTEXT() REPRESENTATION_CONTEXT('2D SPACE',''
  ) );
#6092 = ORIENTED_EDGE('',*,*,#6020,.T.);
#6093 = ORIENTED_EDGE('',*,*,#6094,.T.);
#6094 = EDGE_CURVE('',#6021,#4700,#6095,.T.);
#6095 = SURFACE_CURVE('',#6096,(#6100,#6107),.PCURVE_S1.);
#6096 = LINE('',#6097,#6098);
#6097 = CARTESIAN_POINT('',(5.975E+03,1.355E+03,40.));
#6098 = VECTOR('',#6099,1.);
#6099 = DIRECTION('',(0.,0.,1.));
#6100 = PCURVE('',#3225,#6101);
#6101 = DEFINITIONAL_REPRESENTATION('',(#6102),#6106);
#6102 = LINE('',#6103,#6104);
#6103 = CARTESIAN_POINT('',(0.,-2.78E+03));
#6104 = VECTOR('',#6105,1.);
#6105 = DIRECTION('',(1.,0.));
#6106 = ( GEOMETRIC_REPRESENTATION_CONTEXT(2) 
PARAMETRIC_REPRESENTATION_CONTEXT() REPRESENTATION_CONTEXT('2D SPACE',''
  ) );
#6107 = PCURVE('',#4922,#6108);
#6108 = DEFINITIONAL_REPRESENTATION('',(#6109),#6113);
#6109 = LINE('',#6110,#6111);
#6110 = CARTESIAN_POINT('',(0.,0.));
#6111 = VECTOR('',#6112,1.);
#6112 = DIRECTION('',(0.,1.));
#6113 = ( GEOMETRIC_REPRESENTATION_CONTEXT(2) 
PARAMETRIC_REPRESENTATION_CONTEXT() REPRESENTATION_CONTEXT('2D SPACE',''
  ) );
#6114 = ORIENTED_EDGE('',*,*,#4699,.T.);
#6115 = ADVANCED_FACE('',(#6116),#3529,.F.);
#6116 = FACE_BOUND('',#6117,.T.);
#6117 = EDGE_LOOP('',(#6118,#6119,#6120,#6121));
#6118 = ORIENTED_EDGE('',*,*,#6072,.F.);
#6119 = ORIENTED_EDGE('',*,*,#5992,.T.);
#6120 = ORIENTED_EDGE('',*,*,#3515,.T.);
#6121 = ORIENTED_EDGE('',*,*,#4401,.T.);
#6122 = ADVANCED_FACE('',(#6123),#4922,.F.);
#6123 = FACE_BOUND('',#6124,.F.);
#6124 = EDGE_LOOP('',(#6125,#6126,#6127,#6128));
#6125 = ORIENTED_EDGE('',*,*,#6094,.F.);
#6126 = ORIENTED_EDGE('',*,*,#6043,.T.);
#6127 = ORIENTED_EDGE('',*,*,#5189,.T.);
#6128 = ORIENTED_EDGE('',*,*,#4824,.F.);
#6129 = ( GEOMETRIC_REPRESENTATION_CONTEXT(3) 
GLOBAL_UNCERTAINTY_ASSIGNED_CONTEXT((#6133)) 
GLOBAL_UNIT_ASSIGNED_CONTEXT((#6130,#6131,#6132)) REPRESENTATION_CONTEXT
('Context #1','3D Context with UNIT and UNCERTAINTY') );
#6130 = ( LENGTH_UNIT() NAMED_UNIT(*) SI_UNIT(.MILLI.,.METRE.) );
#6131 = ( NAMED_UNIT(*) PLANE_ANGLE_UNIT() SI_UNIT($,.RADIAN.) );
#6132 = ( NAMED_UNIT(*) SI_UNIT($,.STERADIAN.) SOLID_ANGLE_UNIT() );
#6133 = UNCERTAINTY_MEASURE_WITH_UNIT(LENGTH_MEASURE(2.E-07),#6130,
  'distance_accuracy_value','confusion accuracy');
#6134 = PRODUCT_RELATED_PRODUCT_CATEGORY('part',$,(#7));
ENDSEC;
END-ISO-10303-21;
