ISO-10303-21;
HEADER;
FILE_DESCRIPTION(('Open CASCADE Model'),'2;1');
FILE_NAME('Open CASCADE Shape Model','2026-09-11T16:26:55',('Author'),(
    'Open CASCADE'),'Open CASCADE STEP processor 7.9','Open CASCADE 7.9'
  ,'Unknown');
FILE_SCHEMA(('AUTOMOTIVE_DESIGN { 1 0 10303 214 1 1 1 1 }'));
ENDSEC;
DATA;
#1 = APPLICATION_PROTOCOL_DEFINITION('international standard',
  'automotive_design',2000,#2);
#2 = APPLICATION_CONTEXT(
  'core data for automotive mechanical design processes');
#3 = SHAPE_DEFINITION_REPRESENTATION(#4,#10);
#4 = PRODUCT_DEFINITION_SHAPE('','',#5);
#5 = PRODUCT_DEFINITION('design','',#6,#9);
#6 = PRODUCT_DEFINITION_FORMATION('','',#7);
#7 = PRODUCT('inner_city_phase1','inner_city_phase1','',(#8));
#8 = PRODUCT_CONTEXT('',#2,'mechanical');
#9 = PRODUCT_DEFINITION_CONTEXT('part definition',#2,'design');
#10 = SHAPE_REPRESENTATION('',(#11,#15,#19),#23);
#11 = AXIS2_PLACEMENT_3D('',#12,#13,#14);
#12 = CARTESIAN_POINT('',(0.,0.,0.));
#13 = DIRECTION('',(0.,0.,1.));
#14 = DIRECTION('',(1.,0.,-0.));
#15 = AXIS2_PLACEMENT_3D('',#16,#17,#18);
#16 = CARTESIAN_POINT('',(0.,0.,0.));
#17 = DIRECTION('',(0.,0.,1.));
#18 = DIRECTION('',(1.,0.,-0.));
#19 = AXIS2_PLACEMENT_3D('',#20,#21,#22);
#20 = CARTESIAN_POINT('',(0.,0.,0.));
#21 = DIRECTION('',(0.,0.,1.));
#22 = DIRECTION('',(1.,0.,-0.));
#23 = ( GEOMETRIC_REPRESENTATION_CONTEXT(3) 
GLOBAL_UNCERTAINTY_ASSIGNED_CONTEXT((#27)) GLOBAL_UNIT_ASSIGNED_CONTEXT(
(#24,#25,#26)) REPRESENTATION_CONTEXT('Context #1',
  '3D Context with UNIT and UNCERTAINTY') );
#24 = ( LENGTH_UNIT() NAMED_UNIT(*) SI_UNIT(.MILLI.,.METRE.) );
#25 = ( NAMED_UNIT(*) PLANE_ANGLE_UNIT() SI_UNIT($,.RADIAN.) );
#26 = ( NAMED_UNIT(*) SI_UNIT($,.STERADIAN.) SOLID_ANGLE_UNIT() );
#27 = UNCERTAINTY_MEASURE_WITH_UNIT(LENGTH_MEASURE(2.E-07),#24,
  'distance_accuracy_value','confusion accuracy');
#28 = PRODUCT_RELATED_PRODUCT_CATEGORY('part',$,(#7));
#29 = SHAPE_DEFINITION_REPRESENTATION(#30,#36);
#30 = PRODUCT_DEFINITION_SHAPE('','',#31);
#31 = PRODUCT_DEFINITION('design','',#32,#35);
#32 = PRODUCT_DEFINITION_FORMATION('','',#33);
#33 = PRODUCT('outer_shell','outer_shell','',(#34));
#34 = PRODUCT_CONTEXT('',#2,'mechanical');
#35 = PRODUCT_DEFINITION_CONTEXT('part definition',#2,'design');
#36 = ADVANCED_BREP_SHAPE_REPRESENTATION('',(#11,#37),#6151);
#37 = MANIFOLD_SOLID_BREP('',#38);
#38 = CLOSED_SHELL('',(#39,#159,#260,#357,#529,#579,#1135,#1640,#1852,
    #2366,#2871,#2921,#2971,#2998,#3024,#3122,#3360,#3906,#3934,#3981,
    #4008,#4035,#4042,#4089,#4116,#4143,#4150,#4197,#4224,#4251,#4258,
    #4305,#4332,#4359,#4366,#4392,#4691,#5119,#5126,#5180,#5575,#5622,
    #5649,#5676,#5683,#5730,#5757,#5784,#5791,#5838,#5865,#5892,#5899,
    #5946,#5973,#6000,#6007,#6088,#6137,#6144));
#39 = ADVANCED_FACE('',(#40),#54,.F.);
#40 = FACE_BOUND('',#41,.F.);
#41 = EDGE_LOOP('',(#42,#77,#105,#133));
#42 = ORIENTED_EDGE('',*,*,#43,.F.);
#43 = EDGE_CURVE('',#44,#46,#48,.T.);
#44 = VERTEX_POINT('',#45);
#45 = CARTESIAN_POINT('',(-6.E+03,-1.33E+03,0.));
#46 = VERTEX_POINT('',#47);
#47 = CARTESIAN_POINT('',(-6.E+03,-1.33E+03,3.26E+03));
#48 = SURFACE_CURVE('',#49,(#53,#65),.PCURVE_S1.);
#49 = LINE('',#50,#51);
#50 = CARTESIAN_POINT('',(-6.E+03,-1.33E+03,0.));
#51 = VECTOR('',#52,1.);
#52 = DIRECTION('',(0.,0.,1.));
#53 = PCURVE('',#54,#59);
#54 = PLANE('',#55);
#55 = AXIS2_PLACEMENT_3D('',#56,#57,#58);
#56 = CARTESIAN_POINT('',(-6.E+03,-1.45E+03,0.));
#57 = DIRECTION('',(1.,0.,0.));
#58 = DIRECTION('',(0.,0.,1.));
#59 = DEFINITIONAL_REPRESENTATION('',(#60),#64);
#60 = LINE('',#61,#62);
#61 = CARTESIAN_POINT('',(0.,-120.));
#62 = VECTOR('',#63,1.);
#63 = DIRECTION('',(1.,0.));
#64 = ( GEOMETRIC_REPRESENTATION_CONTEXT(2) 
PARAMETRIC_REPRESENTATION_CONTEXT() REPRESENTATION_CONTEXT('2D SPACE',''
  ) );
#65 = PCURVE('',#66,#71);
#66 = CYLINDRICAL_SURFACE('',#67,120.);
#67 = AXIS2_PLACEMENT_3D('',#68,#69,#70);
#68 = CARTESIAN_POINT('',(-5.88E+03,-1.33E+03,0.));
#69 = DIRECTION('',(0.,0.,1.));
#70 = DIRECTION('',(-1.,-0.,0.));
#71 = DEFINITIONAL_REPRESENTATION('',(#72),#76);
#72 = LINE('',#73,#74);
#73 = CARTESIAN_POINT('',(0.,0.));
#74 = VECTOR('',#75,1.);
#75 = DIRECTION('',(0.,1.));
#76 = ( GEOMETRIC_REPRESENTATION_CONTEXT(2) 
PARAMETRIC_REPRESENTATION_CONTEXT() REPRESENTATION_CONTEXT('2D SPACE',''
  ) );
#77 = ORIENTED_EDGE('',*,*,#78,.T.);
#78 = EDGE_CURVE('',#44,#79,#81,.T.);
#79 = VERTEX_POINT('',#80);
#80 = CARTESIAN_POINT('',(-6.E+03,1.33E+03,0.));
#81 = SURFACE_CURVE('',#82,(#86,#93),.PCURVE_S1.);
#82 = LINE('',#83,#84);
#83 = CARTESIAN_POINT('',(-6.E+03,-1.45E+03,0.));
#84 = VECTOR('',#85,1.);
#85 = DIRECTION('',(0.,1.,0.));
#86 = PCURVE('',#54,#87);
#87 = DEFINITIONAL_REPRESENTATION('',(#88),#92);
#88 = LINE('',#89,#90);
#89 = CARTESIAN_POINT('',(0.,0.));
#90 = VECTOR('',#91,1.);
#91 = DIRECTION('',(0.,-1.));
#92 = ( GEOMETRIC_REPRESENTATION_CONTEXT(2) 
PARAMETRIC_REPRESENTATION_CONTEXT() REPRESENTATION_CONTEXT('2D SPACE',''
  ) );
#93 = PCURVE('',#94,#99);
#94 = PLANE('',#95);
#95 = AXIS2_PLACEMENT_3D('',#96,#97,#98);
#96 = CARTESIAN_POINT('',(-6.E+03,-1.45E+03,0.));
#97 = DIRECTION('',(0.,0.,1.));
#98 = DIRECTION('',(1.,0.,0.));
#99 = DEFINITIONAL_REPRESENTATION('',(#100),#104);
#100 = LINE('',#101,#102);
#101 = CARTESIAN_POINT('',(0.,0.));
#102 = VECTOR('',#103,1.);
#103 = DIRECTION('',(0.,1.));
#104 = ( GEOMETRIC_REPRESENTATION_CONTEXT(2) 
PARAMETRIC_REPRESENTATION_CONTEXT() REPRESENTATION_CONTEXT('2D SPACE',''
  ) );
#105 = ORIENTED_EDGE('',*,*,#106,.T.);
#106 = EDGE_CURVE('',#79,#107,#109,.T.);
#107 = VERTEX_POINT('',#108);
#108 = CARTESIAN_POINT('',(-6.E+03,1.33E+03,3.26E+03));
#109 = SURFACE_CURVE('',#110,(#114,#121),.PCURVE_S1.);
#110 = LINE('',#111,#112);
#111 = CARTESIAN_POINT('',(-6.E+03,1.33E+03,0.));
#112 = VECTOR('',#113,1.);
#113 = DIRECTION('',(0.,0.,1.));
#114 = PCURVE('',#54,#115);
#115 = DEFINITIONAL_REPRESENTATION('',(#116),#120);
#116 = LINE('',#117,#118);
#117 = CARTESIAN_POINT('',(0.,-2.78E+03));
#118 = VECTOR('',#119,1.);
#119 = DIRECTION('',(1.,0.));
#120 = ( GEOMETRIC_REPRESENTATION_CONTEXT(2) 
PARAMETRIC_REPRESENTATION_CONTEXT() REPRESENTATION_CONTEXT('2D SPACE',''
  ) );
#121 = PCURVE('',#122,#127);
#122 = CYLINDRICAL_SURFACE('',#123,120.);
#123 = AXIS2_PLACEMENT_3D('',#124,#125,#126);
#124 = CARTESIAN_POINT('',(-5.88E+03,1.33E+03,0.));
#125 = DIRECTION('',(0.,0.,1.));
#126 = DIRECTION('',(-1.,-0.,0.));
#127 = DEFINITIONAL_REPRESENTATION('',(#128),#132);
#128 = LINE('',#129,#130);
#129 = CARTESIAN_POINT('',(-0.,0.));
#130 = VECTOR('',#131,1.);
#131 = DIRECTION('',(-0.,1.));
#132 = ( GEOMETRIC_REPRESENTATION_CONTEXT(2) 
PARAMETRIC_REPRESENTATION_CONTEXT() REPRESENTATION_CONTEXT('2D SPACE',''
  ) );
#133 = ORIENTED_EDGE('',*,*,#134,.F.);
#134 = EDGE_CURVE('',#46,#107,#135,.T.);
#135 = SURFACE_CURVE('',#136,(#140,#147),.PCURVE_S1.);
#136 = LINE('',#137,#138);
#137 = CARTESIAN_POINT('',(-6.E+03,-1.33E+03,3.26E+03));
#138 = VECTOR('',#139,1.);
#139 = DIRECTION('',(0.,1.,0.));
#140 = PCURVE('',#54,#141);
#141 = DEFINITIONAL_REPRESENTATION('',(#142),#146);
#142 = LINE('',#143,#144);
#143 = CARTESIAN_POINT('',(3.26E+03,-120.));
#144 = VECTOR('',#145,1.);
#145 = DIRECTION('',(0.,-1.));
#146 = ( GEOMETRIC_REPRESENTATION_CONTEXT(2) 
PARAMETRIC_REPRESENTATION_CONTEXT() REPRESENTATION_CONTEXT('2D SPACE',''
  ) );
#147 = PCURVE('',#148,#153);
#148 = CYLINDRICAL_SURFACE('',#149,90.);
#149 = AXIS2_PLACEMENT_3D('',#150,#151,#152);
#150 = CARTESIAN_POINT('',(-5.91E+03,-1.33E+03,3.26E+03));
#151 = DIRECTION('',(0.,1.,0.));
#152 = DIRECTION('',(-1.,0.,0.));
#153 = DEFINITIONAL_REPRESENTATION('',(#154),#158);
#154 = LINE('',#155,#156);
#155 = CARTESIAN_POINT('',(0.,0.));
#156 = VECTOR('',#157,1.);
#157 = DIRECTION('',(0.,1.));
#158 = ( GEOMETRIC_REPRESENTATION_CONTEXT(2) 
PARAMETRIC_REPRESENTATION_CONTEXT() REPRESENTATION_CONTEXT('2D SPACE',''
  ) );
#159 = ADVANCED_FACE('',(#160),#66,.T.);
#160 = FACE_BOUND('',#161,.T.);
#161 = EDGE_LOOP('',(#162,#163,#187,#215));
#162 = ORIENTED_EDGE('',*,*,#43,.F.);
#163 = ORIENTED_EDGE('',*,*,#164,.T.);
#164 = EDGE_CURVE('',#44,#165,#167,.T.);
#165 = VERTEX_POINT('',#166);
#166 = CARTESIAN_POINT('',(-5.88E+03,-1.45E+03,0.));
#167 = SURFACE_CURVE('',#168,(#173,#180),.PCURVE_S1.);
#168 = CIRCLE('',#169,120.);
#169 = AXIS2_PLACEMENT_3D('',#170,#171,#172);
#170 = CARTESIAN_POINT('',(-5.88E+03,-1.33E+03,0.));
#171 = DIRECTION('',(0.,0.,1.));
#172 = DIRECTION('',(0.,-1.,0.));
#173 = PCURVE('',#66,#174);
#174 = DEFINITIONAL_REPRESENTATION('',(#175),#179);
#175 = LINE('',#176,#177);
#176 = CARTESIAN_POINT('',(-4.712388980385,0.));
#177 = VECTOR('',#178,1.);
#178 = DIRECTION('',(1.,0.));
#179 = ( GEOMETRIC_REPRESENTATION_CONTEXT(2) 
PARAMETRIC_REPRESENTATION_CONTEXT() REPRESENTATION_CONTEXT('2D SPACE',''
  ) );
#180 = PCURVE('',#94,#181);
#181 = DEFINITIONAL_REPRESENTATION('',(#182),#186);
#182 = CIRCLE('',#183,120.);
#183 = AXIS2_PLACEMENT_2D('',#184,#185);
#184 = CARTESIAN_POINT('',(120.,120.));
#185 = DIRECTION('',(0.,-1.));
#186 = ( GEOMETRIC_REPRESENTATION_CONTEXT(2) 
PARAMETRIC_REPRESENTATION_CONTEXT() REPRESENTATION_CONTEXT('2D SPACE',''
  ) );
#187 = ORIENTED_EDGE('',*,*,#188,.T.);
#188 = EDGE_CURVE('',#165,#189,#191,.T.);
#189 = VERTEX_POINT('',#190);
#190 = CARTESIAN_POINT('',(-5.88E+03,-1.45E+03,3.26E+03));
#191 = SURFACE_CURVE('',#192,(#196,#203),.PCURVE_S1.);
#192 = LINE('',#193,#194);
#193 = CARTESIAN_POINT('',(-5.88E+03,-1.45E+03,0.));
#194 = VECTOR('',#195,1.);
#195 = DIRECTION('',(0.,0.,1.));
#196 = PCURVE('',#66,#197);
#197 = DEFINITIONAL_REPRESENTATION('',(#198),#202);
#198 = LINE('',#199,#200);
#199 = CARTESIAN_POINT('',(1.570796326795,0.));
#200 = VECTOR('',#201,1.);
#201 = DIRECTION('',(0.,1.));
#202 = ( GEOMETRIC_REPRESENTATION_CONTEXT(2) 
PARAMETRIC_REPRESENTATION_CONTEXT() REPRESENTATION_CONTEXT('2D SPACE',''
  ) );
#203 = PCURVE('',#204,#209);
#204 = PLANE('',#205);
#205 = AXIS2_PLACEMENT_3D('',#206,#207,#208);
#206 = CARTESIAN_POINT('',(-6.E+03,-1.45E+03,0.));
#207 = DIRECTION('',(0.,1.,0.));
#208 = DIRECTION('',(0.,0.,1.));
#209 = DEFINITIONAL_REPRESENTATION('',(#210),#214);
#210 = LINE('',#211,#212);
#211 = CARTESIAN_POINT('',(0.,120.));
#212 = VECTOR('',#213,1.);
#213 = DIRECTION('',(1.,0.));
#214 = ( GEOMETRIC_REPRESENTATION_CONTEXT(2) 
PARAMETRIC_REPRESENTATION_CONTEXT() REPRESENTATION_CONTEXT('2D SPACE',''
  ) );
#215 = ORIENTED_EDGE('',*,*,#216,.T.);
#216 = EDGE_CURVE('',#189,#46,#217,.T.);
#217 = SURFACE_CURVE('',#218,(#223,#230),.PCURVE_S1.);
#218 = CIRCLE('',#219,120.);
#219 = AXIS2_PLACEMENT_3D('',#220,#221,#222);
#220 = CARTESIAN_POINT('',(-5.88E+03,-1.33E+03,3.26E+03));
#221 = DIRECTION('',(-0.,-0.,-1.));
#222 = DIRECTION('',(0.,-1.,0.));
#223 = PCURVE('',#66,#224);
#224 = DEFINITIONAL_REPRESENTATION('',(#225),#229);
#225 = LINE('',#226,#227);
#226 = CARTESIAN_POINT('',(1.570796326795,3.26E+03));
#227 = VECTOR('',#228,1.);
#228 = DIRECTION('',(-1.,-0.));
#229 = ( GEOMETRIC_REPRESENTATION_CONTEXT(2) 
PARAMETRIC_REPRESENTATION_CONTEXT() REPRESENTATION_CONTEXT('2D SPACE',''
  ) );
#230 = PCURVE('',#231,#254);
#231 = SURFACE_OF_REVOLUTION('',#232,#251);
#232 = B_SPLINE_CURVE_WITH_KNOTS('',5,(#233,#234,#235,#236,#237,#238,
    #239,#240,#241,#242,#243,#244,#245,#246,#247,#248,#249,#250),
  .UNSPECIFIED.,.F.,.F.,(6,4,4,4,6),(0.,0.392699081699,0.785398163397,
    1.178097245096,1.570796326795),.UNSPECIFIED.);
#233 = CARTESIAN_POINT('',(-5.88E+03,-1.45E+03,3.26E+03));
#234 = CARTESIAN_POINT('',(-5.88E+03,-1.45E+03,3.267068583471E+03));
#235 = CARTESIAN_POINT('',(-5.88E+03,-1.449306053686E+03,
    3.274137168727E+03));
#236 = CARTESIAN_POINT('',(-5.88E+03,-1.447918095382E+03,
    3.281114906321E+03));
#237 = CARTESIAN_POINT('',(-5.88E+03,-1.44585418771E+03,
    3.287910989321E+03));
#238 = CARTESIAN_POINT('',(-5.88E+03,-1.440444128142E+03,
    3.300972028505E+03));
#239 = CARTESIAN_POINT('',(-5.88E+03,-1.437097974877E+03,
    3.30723698799E+03));
#240 = CARTESIAN_POINT('',(-5.88E+03,-1.433145404036E+03,
    3.313152428288E+03));
#241 = CARTESIAN_POINT('',(-5.88E+03,-1.428637853612E+03,
    3.318641367001E+03));
#242 = CARTESIAN_POINT('',(-5.88E+03,-1.418641367001E+03,
    3.328637853612E+03));
#243 = CARTESIAN_POINT('',(-5.88E+03,-1.413152428288E+03,
    3.333145404036E+03));
#244 = CARTESIAN_POINT('',(-5.88E+03,-1.40723698799E+03,
    3.337097974877E+03));
#245 = CARTESIAN_POINT('',(-5.88E+03,-1.400972028505E+03,
    3.340444128142E+03));
#246 = CARTESIAN_POINT('',(-5.88E+03,-1.387910989321E+03,
    3.34585418771E+03));
#247 = CARTESIAN_POINT('',(-5.88E+03,-1.381114906321E+03,
    3.347918095382E+03));
#248 = CARTESIAN_POINT('',(-5.88E+03,-1.374137168727E+03,
    3.349306053686E+03));
#249 = CARTESIAN_POINT('',(-5.88E+03,-1.367068583471E+03,3.35E+03));
#250 = CARTESIAN_POINT('',(-5.88E+03,-1.36E+03,3.35E+03));
#251 = AXIS1_PLACEMENT('',#252,#253);
#252 = CARTESIAN_POINT('',(-5.88E+03,-1.33E+03,3.26E+03));
#253 = DIRECTION('',(0.,0.,1.));
#254 = DEFINITIONAL_REPRESENTATION('',(#255),#259);
#255 = LINE('',#256,#257);
#256 = CARTESIAN_POINT('',(-0.,0.));
#257 = VECTOR('',#258,1.);
#258 = DIRECTION('',(-1.,0.));
#259 = ( GEOMETRIC_REPRESENTATION_CONTEXT(2) 
PARAMETRIC_REPRESENTATION_CONTEXT() REPRESENTATION_CONTEXT('2D SPACE',''
  ) );
#260 = ADVANCED_FACE('',(#261),#148,.T.);
#261 = FACE_BOUND('',#262,.T.);
#262 = EDGE_LOOP('',(#263,#285,#313,#356));
#263 = ORIENTED_EDGE('',*,*,#264,.T.);
#264 = EDGE_CURVE('',#46,#265,#267,.T.);
#265 = VERTEX_POINT('',#266);
#266 = CARTESIAN_POINT('',(-5.91E+03,-1.33E+03,3.35E+03));
#267 = SURFACE_CURVE('',#268,(#273,#279),.PCURVE_S1.);
#268 = CIRCLE('',#269,90.);
#269 = AXIS2_PLACEMENT_3D('',#270,#271,#272);
#270 = CARTESIAN_POINT('',(-5.91E+03,-1.33E+03,3.26E+03));
#271 = DIRECTION('',(0.,1.,0.));
#272 = DIRECTION('',(-1.,0.,0.));
#273 = PCURVE('',#148,#274);
#274 = DEFINITIONAL_REPRESENTATION('',(#275),#278);
#275 = B_SPLINE_CURVE_WITH_KNOTS('',1,(#276,#277),.UNSPECIFIED.,.F.,.F.,
  (2,2),(0.,1.570796326795),.PIECEWISE_BEZIER_KNOTS.);
#276 = CARTESIAN_POINT('',(0.,0.));
#277 = CARTESIAN_POINT('',(1.570796326795,0.));
#278 = ( GEOMETRIC_REPRESENTATION_CONTEXT(2) 
PARAMETRIC_REPRESENTATION_CONTEXT() REPRESENTATION_CONTEXT('2D SPACE',''
  ) );
#279 = PCURVE('',#231,#280);
#280 = DEFINITIONAL_REPRESENTATION('',(#281),#284);
#281 = B_SPLINE_CURVE_WITH_KNOTS('',1,(#282,#283),.UNSPECIFIED.,.F.,.F.,
  (2,2),(0.,1.570796326795),.PIECEWISE_BEZIER_KNOTS.);
#282 = CARTESIAN_POINT('',(-1.570796326795,0.));
#283 = CARTESIAN_POINT('',(-1.570796326795,1.570796326795));
#284 = ( GEOMETRIC_REPRESENTATION_CONTEXT(2) 
PARAMETRIC_REPRESENTATION_CONTEXT() REPRESENTATION_CONTEXT('2D SPACE',''
  ) );
#285 = ORIENTED_EDGE('',*,*,#286,.T.);
#286 = EDGE_CURVE('',#265,#287,#289,.T.);
#287 = VERTEX_POINT('',#288);
#288 = CARTESIAN_POINT('',(-5.91E+03,1.33E+03,3.35E+03));
#289 = SURFACE_CURVE('',#290,(#294,#301),.PCURVE_S1.);
#290 = LINE('',#291,#292);
#291 = CARTESIAN_POINT('',(-5.91E+03,-1.33E+03,3.35E+03));
#292 = VECTOR('',#293,1.);
#293 = DIRECTION('',(0.,1.,0.));
#294 = PCURVE('',#148,#295);
#295 = DEFINITIONAL_REPRESENTATION('',(#296),#300);
#296 = LINE('',#297,#298);
#297 = CARTESIAN_POINT('',(1.570796326795,0.));
#298 = VECTOR('',#299,1.);
#299 = DIRECTION('',(0.,1.));
#300 = ( GEOMETRIC_REPRESENTATION_CONTEXT(2) 
PARAMETRIC_REPRESENTATION_CONTEXT() REPRESENTATION_CONTEXT('2D SPACE',''
  ) );
#301 = PCURVE('',#302,#307);
#302 = PLANE('',#303);
#303 = AXIS2_PLACEMENT_3D('',#304,#305,#306);
#304 = CARTESIAN_POINT('',(-6.E+03,-1.45E+03,3.35E+03));
#305 = DIRECTION('',(0.,0.,1.));
#306 = DIRECTION('',(1.,0.,0.));
#307 = DEFINITIONAL_REPRESENTATION('',(#308),#312);
#308 = LINE('',#309,#310);
#309 = CARTESIAN_POINT('',(90.,120.));
#310 = VECTOR('',#311,1.);
#311 = DIRECTION('',(0.,1.));
#312 = ( GEOMETRIC_REPRESENTATION_CONTEXT(2) 
PARAMETRIC_REPRESENTATION_CONTEXT() REPRESENTATION_CONTEXT('2D SPACE',''
  ) );
#313 = ORIENTED_EDGE('',*,*,#314,.F.);
#314 = EDGE_CURVE('',#107,#287,#315,.T.);
#315 = SURFACE_CURVE('',#316,(#321,#327),.PCURVE_S1.);
#316 = CIRCLE('',#317,90.);
#317 = AXIS2_PLACEMENT_3D('',#318,#319,#320);
#318 = CARTESIAN_POINT('',(-5.91E+03,1.33E+03,3.26E+03));
#319 = DIRECTION('',(0.,1.,0.));
#320 = DIRECTION('',(-1.,0.,0.));
#321 = PCURVE('',#148,#322);
#322 = DEFINITIONAL_REPRESENTATION('',(#323),#326);
#323 = B_SPLINE_CURVE_WITH_KNOTS('',1,(#324,#325),.UNSPECIFIED.,.F.,.F.,
  (2,2),(0.,1.570796326795),.PIECEWISE_BEZIER_KNOTS.);
#324 = CARTESIAN_POINT('',(0.,2.66E+03));
#325 = CARTESIAN_POINT('',(1.570796326795,2.66E+03));
#326 = ( GEOMETRIC_REPRESENTATION_CONTEXT(2) 
PARAMETRIC_REPRESENTATION_CONTEXT() REPRESENTATION_CONTEXT('2D SPACE',''
  ) );
#327 = PCURVE('',#328,#351);
#328 = SURFACE_OF_REVOLUTION('',#329,#348);
#329 = B_SPLINE_CURVE_WITH_KNOTS('',5,(#330,#331,#332,#333,#334,#335,
    #336,#337,#338,#339,#340,#341,#342,#343,#344,#345,#346,#347),
  .UNSPECIFIED.,.F.,.F.,(6,4,4,4,6),(0.,0.392699081699,0.785398163397,
    1.178097245096,1.570796326795),.UNSPECIFIED.);
#330 = CARTESIAN_POINT('',(-6.E+03,1.33E+03,3.26E+03));
#331 = CARTESIAN_POINT('',(-6.E+03,1.33E+03,3.267068583471E+03));
#332 = CARTESIAN_POINT('',(-5.999306053686E+03,1.33E+03,
    3.274137168727E+03));
#333 = CARTESIAN_POINT('',(-5.997918095382E+03,1.33E+03,
    3.281114906321E+03));
#334 = CARTESIAN_POINT('',(-5.99585418771E+03,1.33E+03,
    3.287910989321E+03));
#335 = CARTESIAN_POINT('',(-5.990444128142E+03,1.33E+03,
    3.300972028505E+03));
#336 = CARTESIAN_POINT('',(-5.987097974877E+03,1.33E+03,
    3.30723698799E+03));
#337 = CARTESIAN_POINT('',(-5.983145404036E+03,1.33E+03,
    3.313152428288E+03));
#338 = CARTESIAN_POINT('',(-5.978637853612E+03,1.33E+03,
    3.318641367001E+03));
#339 = CARTESIAN_POINT('',(-5.968641367001E+03,1.33E+03,
    3.328637853612E+03));
#340 = CARTESIAN_POINT('',(-5.963152428288E+03,1.33E+03,
    3.333145404036E+03));
#341 = CARTESIAN_POINT('',(-5.95723698799E+03,1.33E+03,
    3.337097974877E+03));
#342 = CARTESIAN_POINT('',(-5.950972028505E+03,1.33E+03,
    3.340444128142E+03));
#343 = CARTESIAN_POINT('',(-5.937910989321E+03,1.33E+03,
    3.34585418771E+03));
#344 = CARTESIAN_POINT('',(-5.931114906321E+03,1.33E+03,
    3.347918095382E+03));
#345 = CARTESIAN_POINT('',(-5.924137168727E+03,1.33E+03,
    3.349306053686E+03));
#346 = CARTESIAN_POINT('',(-5.917068583471E+03,1.33E+03,3.35E+03));
#347 = CARTESIAN_POINT('',(-5.91E+03,1.33E+03,3.35E+03));
#348 = AXIS1_PLACEMENT('',#349,#350);
#349 = CARTESIAN_POINT('',(-5.88E+03,1.33E+03,3.26E+03));
#350 = DIRECTION('',(0.,0.,1.));
#351 = DEFINITIONAL_REPRESENTATION('',(#352),#355);
#352 = B_SPLINE_CURVE_WITH_KNOTS('',1,(#353,#354),.UNSPECIFIED.,.F.,.F.,
  (2,2),(0.,1.570796326795),.PIECEWISE_BEZIER_KNOTS.);
#353 = CARTESIAN_POINT('',(0.,0.));
#354 = CARTESIAN_POINT('',(0.,1.570796326795));
#355 = ( GEOMETRIC_REPRESENTATION_CONTEXT(2) 
PARAMETRIC_REPRESENTATION_CONTEXT() REPRESENTATION_CONTEXT('2D SPACE',''
  ) );
#356 = ORIENTED_EDGE('',*,*,#134,.F.);
#357 = ADVANCED_FACE('',(#358),#94,.F.);
#358 = FACE_BOUND('',#359,.F.);
#359 = EDGE_LOOP('',(#360,#361,#362,#385,#418,#446,#475,#503));
#360 = ORIENTED_EDGE('',*,*,#78,.F.);
#361 = ORIENTED_EDGE('',*,*,#164,.T.);
#362 = ORIENTED_EDGE('',*,*,#363,.T.);
#363 = EDGE_CURVE('',#165,#364,#366,.T.);
#364 = VERTEX_POINT('',#365);
#365 = CARTESIAN_POINT('',(5.88E+03,-1.45E+03,0.));
#366 = SURFACE_CURVE('',#367,(#371,#378),.PCURVE_S1.);
#367 = LINE('',#368,#369);
#368 = CARTESIAN_POINT('',(-6.E+03,-1.45E+03,0.));
#369 = VECTOR('',#370,1.);
#370 = DIRECTION('',(1.,0.,0.));
#371 = PCURVE('',#94,#372);
#372 = DEFINITIONAL_REPRESENTATION('',(#373),#377);
#373 = LINE('',#374,#375);
#374 = CARTESIAN_POINT('',(0.,0.));
#375 = VECTOR('',#376,1.);
#376 = DIRECTION('',(1.,0.));
#377 = ( GEOMETRIC_REPRESENTATION_CONTEXT(2) 
PARAMETRIC_REPRESENTATION_CONTEXT() REPRESENTATION_CONTEXT('2D SPACE',''
  ) );
#378 = PCURVE('',#204,#379);
#379 = DEFINITIONAL_REPRESENTATION('',(#380),#384);
#380 = LINE('',#381,#382);
#381 = CARTESIAN_POINT('',(0.,0.));
#382 = VECTOR('',#383,1.);
#383 = DIRECTION('',(0.,1.));
#384 = ( GEOMETRIC_REPRESENTATION_CONTEXT(2) 
PARAMETRIC_REPRESENTATION_CONTEXT() REPRESENTATION_CONTEXT('2D SPACE',''
  ) );
#385 = ORIENTED_EDGE('',*,*,#386,.F.);
#386 = EDGE_CURVE('',#387,#364,#389,.T.);
#387 = VERTEX_POINT('',#388);
#388 = CARTESIAN_POINT('',(6.E+03,-1.33E+03,0.));
#389 = SURFACE_CURVE('',#390,(#395,#406),.PCURVE_S1.);
#390 = CIRCLE('',#391,120.);
#391 = AXIS2_PLACEMENT_3D('',#392,#393,#394);
#392 = CARTESIAN_POINT('',(5.88E+03,-1.33E+03,0.));
#393 = DIRECTION('',(-0.,-0.,-1.));
#394 = DIRECTION('',(0.,-1.,0.));
#395 = PCURVE('',#94,#396);
#396 = DEFINITIONAL_REPRESENTATION('',(#397),#405);
#397 = ( BOUNDED_CURVE() B_SPLINE_CURVE(2,(#398,#399,#400,#401,#402,#403
,#404),.UNSPECIFIED.,.T.,.F.) B_SPLINE_CURVE_WITH_KNOTS((1,2,2,2,2,1),(
    -2.094395102393,0.,2.094395102393,4.188790204786,6.28318530718,
8.377580409573),.UNSPECIFIED.) CURVE() GEOMETRIC_REPRESENTATION_ITEM() 
RATIONAL_B_SPLINE_CURVE((1.,0.5,1.,0.5,1.,0.5,1.)) REPRESENTATION_ITEM(
  '') );
#398 = CARTESIAN_POINT('',(1.188E+04,0.));
#399 = CARTESIAN_POINT('',(1.167215390309E+04,0.));
#400 = CARTESIAN_POINT('',(1.177607695155E+04,180.));
#401 = CARTESIAN_POINT('',(1.188E+04,360.));
#402 = CARTESIAN_POINT('',(1.198392304845E+04,180.));
#403 = CARTESIAN_POINT('',(1.208784609691E+04,1.847411112976E-13));
#404 = CARTESIAN_POINT('',(1.188E+04,0.));
#405 = ( GEOMETRIC_REPRESENTATION_CONTEXT(2) 
PARAMETRIC_REPRESENTATION_CONTEXT() REPRESENTATION_CONTEXT('2D SPACE',''
  ) );
#406 = PCURVE('',#407,#412);
#407 = CYLINDRICAL_SURFACE('',#408,120.);
#408 = AXIS2_PLACEMENT_3D('',#409,#410,#411);
#409 = CARTESIAN_POINT('',(5.88E+03,-1.33E+03,0.));
#410 = DIRECTION('',(0.,0.,1.));
#411 = DIRECTION('',(1.,0.,-0.));
#412 = DEFINITIONAL_REPRESENTATION('',(#413),#417);
#413 = LINE('',#414,#415);
#414 = CARTESIAN_POINT('',(4.712388980385,-0.));
#415 = VECTOR('',#416,1.);
#416 = DIRECTION('',(-1.,0.));
#417 = ( GEOMETRIC_REPRESENTATION_CONTEXT(2) 
PARAMETRIC_REPRESENTATION_CONTEXT() REPRESENTATION_CONTEXT('2D SPACE',''
  ) );
#418 = ORIENTED_EDGE('',*,*,#419,.T.);
#419 = EDGE_CURVE('',#387,#420,#422,.T.);
#420 = VERTEX_POINT('',#421);
#421 = CARTESIAN_POINT('',(6.E+03,1.33E+03,0.));
#422 = SURFACE_CURVE('',#423,(#427,#434),.PCURVE_S1.);
#423 = LINE('',#424,#425);
#424 = CARTESIAN_POINT('',(6.E+03,-1.45E+03,0.));
#425 = VECTOR('',#426,1.);
#426 = DIRECTION('',(0.,1.,0.));
#427 = PCURVE('',#94,#428);
#428 = DEFINITIONAL_REPRESENTATION('',(#429),#433);
#429 = LINE('',#430,#431);
#430 = CARTESIAN_POINT('',(1.2E+04,0.));
#431 = VECTOR('',#432,1.);
#432 = DIRECTION('',(0.,1.));
#433 = ( GEOMETRIC_REPRESENTATION_CONTEXT(2) 
PARAMETRIC_REPRESENTATION_CONTEXT() REPRESENTATION_CONTEXT('2D SPACE',''
  ) );
#434 = PCURVE('',#435,#440);
#435 = PLANE('',#436);
#436 = AXIS2_PLACEMENT_3D('',#437,#438,#439);
#437 = CARTESIAN_POINT('',(6.E+03,-1.45E+03,0.));
#438 = DIRECTION('',(1.,0.,0.));
#439 = DIRECTION('',(0.,0.,1.));
#440 = DEFINITIONAL_REPRESENTATION('',(#441),#445);
#441 = LINE('',#442,#443);
#442 = CARTESIAN_POINT('',(0.,0.));
#443 = VECTOR('',#444,1.);
#444 = DIRECTION('',(0.,-1.));
#445 = ( GEOMETRIC_REPRESENTATION_CONTEXT(2) 
PARAMETRIC_REPRESENTATION_CONTEXT() REPRESENTATION_CONTEXT('2D SPACE',''
  ) );
#446 = ORIENTED_EDGE('',*,*,#447,.T.);
#447 = EDGE_CURVE('',#420,#448,#450,.T.);
#448 = VERTEX_POINT('',#449);
#449 = CARTESIAN_POINT('',(5.88E+03,1.45E+03,0.));
#450 = SURFACE_CURVE('',#451,(#456,#463),.PCURVE_S1.);
#451 = CIRCLE('',#452,120.);
#452 = AXIS2_PLACEMENT_3D('',#453,#454,#455);
#453 = CARTESIAN_POINT('',(5.88E+03,1.33E+03,0.));
#454 = DIRECTION('',(0.,0.,1.));
#455 = DIRECTION('',(0.,-1.,0.));
#456 = PCURVE('',#94,#457);
#457 = DEFINITIONAL_REPRESENTATION('',(#458),#462);
#458 = CIRCLE('',#459,120.);
#459 = AXIS2_PLACEMENT_2D('',#460,#461);
#460 = CARTESIAN_POINT('',(1.188E+04,2.78E+03));
#461 = DIRECTION('',(0.,-1.));
#462 = ( GEOMETRIC_REPRESENTATION_CONTEXT(2) 
PARAMETRIC_REPRESENTATION_CONTEXT() REPRESENTATION_CONTEXT('2D SPACE',''
  ) );
#463 = PCURVE('',#464,#469);
#464 = CYLINDRICAL_SURFACE('',#465,120.);
#465 = AXIS2_PLACEMENT_3D('',#466,#467,#468);
#466 = CARTESIAN_POINT('',(5.88E+03,1.33E+03,0.));
#467 = DIRECTION('',(0.,0.,1.));
#468 = DIRECTION('',(1.,0.,-0.));
#469 = DEFINITIONAL_REPRESENTATION('',(#470),#474);
#470 = LINE('',#471,#472);
#471 = CARTESIAN_POINT('',(-1.570796326795,0.));
#472 = VECTOR('',#473,1.);
#473 = DIRECTION('',(1.,0.));
#474 = ( GEOMETRIC_REPRESENTATION_CONTEXT(2) 
PARAMETRIC_REPRESENTATION_CONTEXT() REPRESENTATION_CONTEXT('2D SPACE',''
  ) );
#475 = ORIENTED_EDGE('',*,*,#476,.F.);
#476 = EDGE_CURVE('',#477,#448,#479,.T.);
#477 = VERTEX_POINT('',#478);
#478 = CARTESIAN_POINT('',(-5.88E+03,1.45E+03,0.));
#479 = SURFACE_CURVE('',#480,(#484,#491),.PCURVE_S1.);
#480 = LINE('',#481,#482);
#481 = CARTESIAN_POINT('',(-6.E+03,1.45E+03,0.));
#482 = VECTOR('',#483,1.);
#483 = DIRECTION('',(1.,0.,0.));
#484 = PCURVE('',#94,#485);
#485 = DEFINITIONAL_REPRESENTATION('',(#486),#490);
#486 = LINE('',#487,#488);
#487 = CARTESIAN_POINT('',(0.,2.9E+03));
#488 = VECTOR('',#489,1.);
#489 = DIRECTION('',(1.,0.));
#490 = ( GEOMETRIC_REPRESENTATION_CONTEXT(2) 
PARAMETRIC_REPRESENTATION_CONTEXT() REPRESENTATION_CONTEXT('2D SPACE',''
  ) );
#491 = PCURVE('',#492,#497);
#492 = PLANE('',#493);
#493 = AXIS2_PLACEMENT_3D('',#494,#495,#496);
#494 = CARTESIAN_POINT('',(-6.E+03,1.45E+03,0.));
#495 = DIRECTION('',(0.,1.,0.));
#496 = DIRECTION('',(0.,0.,1.));
#497 = DEFINITIONAL_REPRESENTATION('',(#498),#502);
#498 = LINE('',#499,#500);
#499 = CARTESIAN_POINT('',(0.,0.));
#500 = VECTOR('',#501,1.);
#501 = DIRECTION('',(0.,1.));
#502 = ( GEOMETRIC_REPRESENTATION_CONTEXT(2) 
PARAMETRIC_REPRESENTATION_CONTEXT() REPRESENTATION_CONTEXT('2D SPACE',''
  ) );
#503 = ORIENTED_EDGE('',*,*,#504,.F.);
#504 = EDGE_CURVE('',#79,#477,#505,.T.);
#505 = SURFACE_CURVE('',#506,(#511,#522),.PCURVE_S1.);
#506 = CIRCLE('',#507,120.);
#507 = AXIS2_PLACEMENT_3D('',#508,#509,#510);
#508 = CARTESIAN_POINT('',(-5.88E+03,1.33E+03,0.));
#509 = DIRECTION('',(-0.,-0.,-1.));
#510 = DIRECTION('',(0.,-1.,0.));
#511 = PCURVE('',#94,#512);
#512 = DEFINITIONAL_REPRESENTATION('',(#513),#521);
#513 = ( BOUNDED_CURVE() B_SPLINE_CURVE(2,(#514,#515,#516,#517,#518,#519
,#520),.UNSPECIFIED.,.T.,.F.) B_SPLINE_CURVE_WITH_KNOTS((1,2,2,2,2,1),(
    -2.094395102393,0.,2.094395102393,4.188790204786,6.28318530718,
8.377580409573),.UNSPECIFIED.) CURVE() GEOMETRIC_REPRESENTATION_ITEM() 
RATIONAL_B_SPLINE_CURVE((1.,0.5,1.,0.5,1.,0.5,1.)) REPRESENTATION_ITEM(
  '') );
#514 = CARTESIAN_POINT('',(120.,2.66E+03));
#515 = CARTESIAN_POINT('',(-87.84609690826,2.66E+03));
#516 = CARTESIAN_POINT('',(16.076951545867,2.84E+03));
#517 = CARTESIAN_POINT('',(120.,3.02E+03));
#518 = CARTESIAN_POINT('',(223.92304845413,2.84E+03));
#519 = CARTESIAN_POINT('',(327.84609690826,2.66E+03));
#520 = CARTESIAN_POINT('',(120.,2.66E+03));
#521 = ( GEOMETRIC_REPRESENTATION_CONTEXT(2) 
PARAMETRIC_REPRESENTATION_CONTEXT() REPRESENTATION_CONTEXT('2D SPACE',''
  ) );
#522 = PCURVE('',#122,#523);
#523 = DEFINITIONAL_REPRESENTATION('',(#524),#528);
#524 = LINE('',#525,#526);
#525 = CARTESIAN_POINT('',(1.570796326795,-0.));
#526 = VECTOR('',#527,1.);
#527 = DIRECTION('',(-1.,0.));
#528 = ( GEOMETRIC_REPRESENTATION_CONTEXT(2) 
PARAMETRIC_REPRESENTATION_CONTEXT() REPRESENTATION_CONTEXT('2D SPACE',''
  ) );
#529 = ADVANCED_FACE('',(#530),#122,.T.);
#530 = FACE_BOUND('',#531,.F.);
#531 = EDGE_LOOP('',(#532,#533,#534,#557));
#532 = ORIENTED_EDGE('',*,*,#106,.F.);
#533 = ORIENTED_EDGE('',*,*,#504,.T.);
#534 = ORIENTED_EDGE('',*,*,#535,.T.);
#535 = EDGE_CURVE('',#477,#536,#538,.T.);
#536 = VERTEX_POINT('',#537);
#537 = CARTESIAN_POINT('',(-5.88E+03,1.45E+03,3.26E+03));
#538 = SURFACE_CURVE('',#539,(#543,#550),.PCURVE_S1.);
#539 = LINE('',#540,#541);
#540 = CARTESIAN_POINT('',(-5.88E+03,1.45E+03,0.));
#541 = VECTOR('',#542,1.);
#542 = DIRECTION('',(0.,0.,1.));
#543 = PCURVE('',#122,#544);
#544 = DEFINITIONAL_REPRESENTATION('',(#545),#549);
#545 = LINE('',#546,#547);
#546 = CARTESIAN_POINT('',(-1.570796326795,0.));
#547 = VECTOR('',#548,1.);
#548 = DIRECTION('',(-0.,1.));
#549 = ( GEOMETRIC_REPRESENTATION_CONTEXT(2) 
PARAMETRIC_REPRESENTATION_CONTEXT() REPRESENTATION_CONTEXT('2D SPACE',''
  ) );
#550 = PCURVE('',#492,#551);
#551 = DEFINITIONAL_REPRESENTATION('',(#552),#556);
#552 = LINE('',#553,#554);
#553 = CARTESIAN_POINT('',(0.,120.));
#554 = VECTOR('',#555,1.);
#555 = DIRECTION('',(1.,0.));
#556 = ( GEOMETRIC_REPRESENTATION_CONTEXT(2) 
PARAMETRIC_REPRESENTATION_CONTEXT() REPRESENTATION_CONTEXT('2D SPACE',''
  ) );
#557 = ORIENTED_EDGE('',*,*,#558,.F.);
#558 = EDGE_CURVE('',#107,#536,#559,.T.);
#559 = SURFACE_CURVE('',#560,(#565,#572),.PCURVE_S1.);
#560 = CIRCLE('',#561,120.);
#561 = AXIS2_PLACEMENT_3D('',#562,#563,#564);
#562 = CARTESIAN_POINT('',(-5.88E+03,1.33E+03,3.26E+03));
#563 = DIRECTION('',(-0.,0.,-1.));
#564 = DIRECTION('',(-1.,0.,0.));
#565 = PCURVE('',#122,#566);
#566 = DEFINITIONAL_REPRESENTATION('',(#567),#571);
#567 = LINE('',#568,#569);
#568 = CARTESIAN_POINT('',(-0.,3.26E+03));
#569 = VECTOR('',#570,1.);
#570 = DIRECTION('',(-1.,0.));
#571 = ( GEOMETRIC_REPRESENTATION_CONTEXT(2) 
PARAMETRIC_REPRESENTATION_CONTEXT() REPRESENTATION_CONTEXT('2D SPACE',''
  ) );
#572 = PCURVE('',#328,#573);
#573 = DEFINITIONAL_REPRESENTATION('',(#574),#578);
#574 = LINE('',#575,#576);
#575 = CARTESIAN_POINT('',(-0.,0.));
#576 = VECTOR('',#577,1.);
#577 = DIRECTION('',(-1.,0.));
#578 = ( GEOMETRIC_REPRESENTATION_CONTEXT(2) 
PARAMETRIC_REPRESENTATION_CONTEXT() REPRESENTATION_CONTEXT('2D SPACE',''
  ) );
#579 = ADVANCED_FACE('',(#580,#637),#231,.T.);
#580 = FACE_BOUND('',#581,.F.);
#581 = EDGE_LOOP('',(#582,#609,#610,#611));
#582 = ORIENTED_EDGE('',*,*,#583,.F.);
#583 = EDGE_CURVE('',#189,#584,#586,.T.);
#584 = VERTEX_POINT('',#585);
#585 = CARTESIAN_POINT('',(-5.88E+03,-1.36E+03,3.35E+03));
#586 = SURFACE_CURVE('',#587,(#592,#598),.PCURVE_S1.);
#587 = CIRCLE('',#588,90.);
#588 = AXIS2_PLACEMENT_3D('',#589,#590,#591);
#589 = CARTESIAN_POINT('',(-5.88E+03,-1.36E+03,3.26E+03));
#590 = DIRECTION('',(-1.,-0.,0.));
#591 = DIRECTION('',(0.,-1.,0.));
#592 = PCURVE('',#231,#593);
#593 = DEFINITIONAL_REPRESENTATION('',(#594),#597);
#594 = B_SPLINE_CURVE_WITH_KNOTS('',1,(#595,#596),.UNSPECIFIED.,.F.,.F.,
  (2,2),(0.,1.570796326795),.PIECEWISE_BEZIER_KNOTS.);
#595 = CARTESIAN_POINT('',(0.,0.));
#596 = CARTESIAN_POINT('',(0.,1.570796326795));
#597 = ( GEOMETRIC_REPRESENTATION_CONTEXT(2) 
PARAMETRIC_REPRESENTATION_CONTEXT() REPRESENTATION_CONTEXT('2D SPACE',''
  ) );
#598 = PCURVE('',#599,#604);
#599 = CYLINDRICAL_SURFACE('',#600,90.);
#600 = AXIS2_PLACEMENT_3D('',#601,#602,#603);
#601 = CARTESIAN_POINT('',(5.88E+03,-1.36E+03,3.26E+03));
#602 = DIRECTION('',(-1.,-0.,-0.));
#603 = DIRECTION('',(0.,-1.,0.));
#604 = DEFINITIONAL_REPRESENTATION('',(#605),#608);
#605 = B_SPLINE_CURVE_WITH_KNOTS('',1,(#606,#607),.UNSPECIFIED.,.F.,.F.,
  (2,2),(0.,1.570796326795),.PIECEWISE_BEZIER_KNOTS.);
#606 = CARTESIAN_POINT('',(0.,1.176E+04));
#607 = CARTESIAN_POINT('',(1.570796326795,1.176E+04));
#608 = ( GEOMETRIC_REPRESENTATION_CONTEXT(2) 
PARAMETRIC_REPRESENTATION_CONTEXT() REPRESENTATION_CONTEXT('2D SPACE',''
  ) );
#609 = ORIENTED_EDGE('',*,*,#216,.T.);
#610 = ORIENTED_EDGE('',*,*,#264,.T.);
#611 = ORIENTED_EDGE('',*,*,#612,.F.);
#612 = EDGE_CURVE('',#584,#265,#613,.T.);
#613 = SURFACE_CURVE('',#614,(#619,#626),.PCURVE_S1.);
#614 = CIRCLE('',#615,30.);
#615 = AXIS2_PLACEMENT_3D('',#616,#617,#618);
#616 = CARTESIAN_POINT('',(-5.88E+03,-1.33E+03,3.35E+03));
#617 = DIRECTION('',(-0.,-0.,-1.));
#618 = DIRECTION('',(0.,-1.,0.));
#619 = PCURVE('',#231,#620);
#620 = DEFINITIONAL_REPRESENTATION('',(#621),#625);
#621 = LINE('',#622,#623);
#622 = CARTESIAN_POINT('',(-0.,1.570796326795));
#623 = VECTOR('',#624,1.);
#624 = DIRECTION('',(-1.,0.));
#625 = ( GEOMETRIC_REPRESENTATION_CONTEXT(2) 
PARAMETRIC_REPRESENTATION_CONTEXT() REPRESENTATION_CONTEXT('2D SPACE',''
  ) );
#626 = PCURVE('',#302,#627);
#627 = DEFINITIONAL_REPRESENTATION('',(#628),#636);
#628 = ( BOUNDED_CURVE() B_SPLINE_CURVE(2,(#629,#630,#631,#632,#633,#634
,#635),.UNSPECIFIED.,.T.,.F.) B_SPLINE_CURVE_WITH_KNOTS((1,2,2,2,2,1),(
    -2.094395102393,0.,2.094395102393,4.188790204786,6.28318530718,
8.377580409573),.UNSPECIFIED.) CURVE() GEOMETRIC_REPRESENTATION_ITEM() 
RATIONAL_B_SPLINE_CURVE((1.,0.5,1.,0.5,1.,0.5,1.)) REPRESENTATION_ITEM(
  '') );
#629 = CARTESIAN_POINT('',(120.,90.));
#630 = CARTESIAN_POINT('',(68.038475772934,90.));
#631 = CARTESIAN_POINT('',(94.019237886467,135.));
#632 = CARTESIAN_POINT('',(120.,180.));
#633 = CARTESIAN_POINT('',(145.98076211353,135.));
#634 = CARTESIAN_POINT('',(171.96152422706,90.));
#635 = CARTESIAN_POINT('',(120.,90.));
#636 = ( GEOMETRIC_REPRESENTATION_CONTEXT(2) 
PARAMETRIC_REPRESENTATION_CONTEXT() REPRESENTATION_CONTEXT('2D SPACE',''
  ) );
#637 = FACE_BOUND('',#638,.F.);
#638 = EDGE_LOOP('',(#639,#771,#922,#1052));
#639 = ORIENTED_EDGE('',*,*,#640,.F.);
#640 = EDGE_CURVE('',#641,#643,#645,.T.);
#641 = VERTEX_POINT('',#642);
#642 = CARTESIAN_POINT('',(-5.975E+03,-1.355E+03,3.318686155193E+03));
#643 = VERTEX_POINT('',#644);
#644 = CARTESIAN_POINT('',(-5.975E+03,-1.349998058893E+03,3.32E+03));
#645 = SURFACE_CURVE('',#646,(#684,#725),.PCURVE_S1.);
#646 = B_SPLINE_CURVE_WITH_KNOTS('',8,(#647,#648,#649,#650,#651,#652,
    #653,#654,#655,#656,#657,#658,#659,#660,#661,#662,#663,#664,#665,
    #666,#667,#668,#669,#670,#671,#672,#673,#674,#675,#676,#677,#678,
    #679,#680,#681,#682,#683),.UNSPECIFIED.,.F.,.F.,(9,7,7,7,7,9),(0.,
    0.240196981176,0.347581623522,0.517905156345,0.682667099901,1.),
  .UNSPECIFIED.);
#647 = CARTESIAN_POINT('',(-5.975E+03,-1.403314391493E+03,3.26E+03));
#648 = CARTESIAN_POINT('',(-5.975E+03,-1.403314391493E+03,
    3.263211178088E+03));
#649 = CARTESIAN_POINT('',(-5.975E+03,-1.403100067229E+03,
    3.266422993298E+03));
#650 = CARTESIAN_POINT('',(-5.975E+03,-1.402671273313E+03,
    3.269617736603E+03));
#651 = CARTESIAN_POINT('',(-5.975E+03,-1.402030524877E+03,
    3.272778747355E+03));
#652 = CARTESIAN_POINT('',(-5.975E+03,-1.401182416747E+03,
    3.275890308841E+03));
#653 = CARTESIAN_POINT('',(-5.975E+03,-1.400133389549E+03,
    3.278937610336E+03));
#654 = CARTESIAN_POINT('',(-5.975E+03,-1.398891748594E+03,
    3.281906765627E+03));
#655 = CARTESIAN_POINT('',(-5.975E+03,-1.396831256517E+03,
    3.28607159304E+03));
#656 = CARTESIAN_POINT('',(-5.975E+03,-1.396158169562E+03,
    3.287340257751E+03));
#657 = CARTESIAN_POINT('',(-5.975E+03,-1.395449453865E+03,
    3.288589787575E+03));
#658 = CARTESIAN_POINT('',(-5.975E+03,-1.394706031123E+03,
    3.289819175784E+03));
#659 = CARTESIAN_POINT('',(-5.975E+03,-1.393928864864E+03,
    3.291027489497E+03));
#660 = CARTESIAN_POINT('',(-5.975E+03,-1.393118955109E+03,
    3.292213866428E+03));
#661 = CARTESIAN_POINT('',(-5.975E+03,-1.392277334255E+03,
    3.293377512362E+03));
#662 = CARTESIAN_POINT('',(-5.975E+03,-1.390021550474E+03,
    3.296326157922E+03));
#663 = CARTESIAN_POINT('',(-5.975E+03,-1.38856090585E+03,
    3.298075632732E+03));
#664 = CARTESIAN_POINT('',(-5.975E+03,-1.387027361552E+03,
    3.299763218941E+03));
#665 = CARTESIAN_POINT('',(-5.975E+03,-1.385425249494E+03,
    3.301386532252E+03));
#666 = CARTESIAN_POINT('',(-5.975E+03,-1.383758946831E+03,
    3.302943654316E+03));
#667 = CARTESIAN_POINT('',(-5.975E+03,-1.382032828124E+03,
    3.304433084927E+03));
#668 = CARTESIAN_POINT('',(-5.975E+03,-1.380251225092E+03,
    3.305853700996E+03));
#669 = CARTESIAN_POINT('',(-5.975E+03,-1.37664541041E+03,
    3.308511628588E+03));
#670 = CARTESIAN_POINT('',(-5.975E+03,-1.374824465808E+03,
    3.309753427988E+03));
#671 = CARTESIAN_POINT('',(-5.975E+03,-1.372959347506E+03,
    3.310929456482E+03));
#672 = CARTESIAN_POINT('',(-5.975E+03,-1.371053742132E+03,
    3.312039350094E+03));
#673 = CARTESIAN_POINT('',(-5.975E+03,-1.369111210865E+03,
    3.313083000537E+03));
#674 = CARTESIAN_POINT('',(-5.975E+03,-1.367135164724E+03,
    3.314060510854E+03));
#675 = CARTESIAN_POINT('',(-5.975E+03,-1.365128839852E+03,
    3.314972151062E+03));
#676 = CARTESIAN_POINT('',(-5.975E+03,-1.359178605433E+03,
    3.317448030397E+03));
#677 = CARTESIAN_POINT('',(-5.975E+03,-1.355162322565E+03,
    3.318834257645E+03));
#678 = CARTESIAN_POINT('',(-5.975E+03,-1.351066524682E+03,
    3.319980824744E+03));
#679 = CARTESIAN_POINT('',(-5.975E+03,-1.346909967206E+03,
    3.320891889785E+03));
#680 = CARTESIAN_POINT('',(-5.975E+03,-1.342710019096E+03,
    3.321571632896E+03));
#681 = CARTESIAN_POINT('',(-5.975E+03,-1.338482531795E+03,
    3.322023487466E+03));
#682 = CARTESIAN_POINT('',(-5.975E+03,-1.334241715762E+03,
    3.32224949799E+03));
#683 = CARTESIAN_POINT('',(-5.975E+03,-1.33E+03,3.32224949799E+03));
#684 = PCURVE('',#231,#685);
#685 = DEFINITIONAL_REPRESENTATION('',(#686),#724);
#686 = B_SPLINE_CURVE_WITH_KNOTS('',8,(#687,#688,#689,#690,#691,#692,
    #693,#694,#695,#696,#697,#698,#699,#700,#701,#702,#703,#704,#705,
    #706,#707,#708,#709,#710,#711,#712,#713,#714,#715,#716,#717,#718,
    #719,#720,#721,#722,#723),.UNSPECIFIED.,.F.,.F.,(9,7,7,7,7,9),(0.,
    0.240196981176,0.347581623522,0.517905156345,0.682667099901,1.),
  .UNSPECIFIED.);
#687 = CARTESIAN_POINT('',(-0.913532173549,0.));
#688 = CARTESIAN_POINT('',(-0.913532173549,3.567975653812E-02));
#689 = CARTESIAN_POINT('',(-0.914946123004,7.136659010965E-02));
#690 = CARTESIAN_POINT('',(-0.91777495168,0.106932960897));
#691 = CARTESIAN_POINT('',(-0.922019430488,0.142263046286));
#692 = CARTESIAN_POINT('',(-0.927683722743,0.177246233175));
#693 = CARTESIAN_POINT('',(-0.934775424441,0.211772231196));
#694 = CARTESIAN_POINT('',(-0.943302258092,0.245727514512));
#695 = CARTESIAN_POINT('',(-0.957719879835,0.293864680179));
#696 = CARTESIAN_POINT('',(-0.962461793611,0.308600343715));
#697 = CARTESIAN_POINT('',(-0.967491817113,0.323189945915));
#698 = CARTESIAN_POINT('',(-0.972810432708,0.337623883583));
#699 = CARTESIAN_POINT('',(-0.978418080752,0.351892717251));
#700 = CARTESIAN_POINT('',(-0.984315109497,0.365987112879));
#701 = CARTESIAN_POINT('',(-0.990501708138,0.379897802845));
#702 = CARTESIAN_POINT('',(-1.007249634164,0.415373406731));
#703 = CARTESIAN_POINT('',(-1.01824998332,0.436646289349));
#704 = CARTESIAN_POINT('',(-1.02997870022,0.457397431134));
#705 = CARTESIAN_POINT('',(-1.04243474165,0.477591571511));
#706 = CARTESIAN_POINT('',(-1.055615581409,0.497194445339));
#707 = CARTESIAN_POINT('',(-1.069516537563,0.516172521692));
#708 = CARTESIAN_POINT('',(-1.084130037011,0.534493008339));
#709 = CARTESIAN_POINT('',(-1.114259522844,0.569179525228));
#710 = CARTESIAN_POINT('',(-1.129730612672,0.585590042898));
#711 = CARTESIAN_POINT('',(-1.145848606861,0.601327538889));
#712 = CARTESIAN_POINT('',(-1.162600923417,0.616364671828));
#713 = CARTESIAN_POINT('',(-1.179971521275,0.630675100752));
#714 = CARTESIAN_POINT('',(-1.197940543246,0.644233690818));
#715 = CARTESIAN_POINT('',(-1.216483958962,0.657016719035));
#716 = CARTESIAN_POINT('',(-1.272339262939,0.692085986765));
#717 = CARTESIAN_POINT('',(-1.311116778298,0.712202514436));
#718 = CARTESIAN_POINT('',(-1.351716572612,0.729207961281));
#719 = CARTESIAN_POINT('',(-1.393881222767,0.742964968702));
#720 = CARTESIAN_POINT('',(-1.437277951956,0.753357835698));
#721 = CARTESIAN_POINT('',(-1.481506514824,0.760309404752));
#722 = CARTESIAN_POINT('',(-1.526146687195,0.763786496398));
#723 = CARTESIAN_POINT('',(-1.570796326795,0.763786496398));
#724 = ( GEOMETRIC_REPRESENTATION_CONTEXT(2) 
PARAMETRIC_REPRESENTATION_CONTEXT() REPRESENTATION_CONTEXT('2D SPACE',''
  ) );
#725 = PCURVE('',#726,#731);
#726 = PLANE('',#727);
#727 = AXIS2_PLACEMENT_3D('',#728,#729,#730);
#728 = CARTESIAN_POINT('',(-5.975E+03,-1.425E+03,40.));
#729 = DIRECTION('',(1.,0.,0.));
#730 = DIRECTION('',(0.,0.,1.));
#731 = DEFINITIONAL_REPRESENTATION('',(#732),#770);
#732 = B_SPLINE_CURVE_WITH_KNOTS('',8,(#733,#734,#735,#736,#737,#738,
    #739,#740,#741,#742,#743,#744,#745,#746,#747,#748,#749,#750,#751,
    #752,#753,#754,#755,#756,#757,#758,#759,#760,#761,#762,#763,#764,
    #765,#766,#767,#768,#769),.UNSPECIFIED.,.F.,.F.,(9,7,7,7,7,9),(0.,
    0.240196981176,0.347581623522,0.517905156345,0.682667099901,1.),
  .UNSPECIFIED.);
#733 = CARTESIAN_POINT('',(3.22E+03,-21.68560850692));
#734 = CARTESIAN_POINT('',(3.223211178088E+03,-21.68560850692));
#735 = CARTESIAN_POINT('',(3.226422993298E+03,-21.89993277132));
#736 = CARTESIAN_POINT('',(3.229617736603E+03,-22.32872668662));
#737 = CARTESIAN_POINT('',(3.232778747355E+03,-22.96947512277));
#738 = CARTESIAN_POINT('',(3.235890308841E+03,-23.81758325331));
#739 = CARTESIAN_POINT('',(3.238937610336E+03,-24.8666104512));
#740 = CARTESIAN_POINT('',(3.241906765627E+03,-26.10825140587));
#741 = CARTESIAN_POINT('',(3.24607159304E+03,-28.16874348337));
#742 = CARTESIAN_POINT('',(3.247340257751E+03,-28.84183043765));
#743 = CARTESIAN_POINT('',(3.248589787575E+03,-29.55054613546));
#744 = CARTESIAN_POINT('',(3.249819175784E+03,-30.29396887686));
#745 = CARTESIAN_POINT('',(3.251027489497E+03,-31.07113513606));
#746 = CARTESIAN_POINT('',(3.252213866428E+03,-31.88104489129));
#747 = CARTESIAN_POINT('',(3.253377512362E+03,-32.72266574485));
#748 = CARTESIAN_POINT('',(3.256326157922E+03,-34.97844952596));
#749 = CARTESIAN_POINT('',(3.258075632732E+03,-36.43909415026));
#750 = CARTESIAN_POINT('',(3.259763218941E+03,-37.97263844847));
#751 = CARTESIAN_POINT('',(3.261386532252E+03,-39.57475050592));
#752 = CARTESIAN_POINT('',(3.262943654316E+03,-41.24105316869));
#753 = CARTESIAN_POINT('',(3.264433084927E+03,-42.96717187607));
#754 = CARTESIAN_POINT('',(3.265853700996E+03,-44.74877490789));
#755 = CARTESIAN_POINT('',(3.268511628588E+03,-48.35458958963));
#756 = CARTESIAN_POINT('',(3.269753427988E+03,-50.17553419192));
#757 = CARTESIAN_POINT('',(3.270929456482E+03,-52.04065249357));
#758 = CARTESIAN_POINT('',(3.272039350094E+03,-53.94625786777));
#759 = CARTESIAN_POINT('',(3.273083000537E+03,-55.88878913483));
#760 = CARTESIAN_POINT('',(3.274060510854E+03,-57.86483527605));
#761 = CARTESIAN_POINT('',(3.274972151062E+03,-59.87116014766));
#762 = CARTESIAN_POINT('',(3.277448030397E+03,-65.82139456723));
#763 = CARTESIAN_POINT('',(3.278834257645E+03,-69.83767743536));
#764 = CARTESIAN_POINT('',(3.279980824744E+03,-73.93347531776));
#765 = CARTESIAN_POINT('',(3.280891889785E+03,-78.09003279384));
#766 = CARTESIAN_POINT('',(3.281571632896E+03,-82.289980904));
#767 = CARTESIAN_POINT('',(3.282023487466E+03,-86.51746820509));
#768 = CARTESIAN_POINT('',(3.28224949799E+03,-90.75828423799));
#769 = CARTESIAN_POINT('',(3.28224949799E+03,-95.));
#770 = ( GEOMETRIC_REPRESENTATION_CONTEXT(2) 
PARAMETRIC_REPRESENTATION_CONTEXT() REPRESENTATION_CONTEXT('2D SPACE',''
  ) );
#771 = ORIENTED_EDGE('',*,*,#772,.T.);
#772 = EDGE_CURVE('',#641,#773,#775,.T.);
#773 = VERTEX_POINT('',#774);
#774 = CARTESIAN_POINT('',(-5.905E+03,-1.425E+03,3.318686155193E+03));
#775 = SURFACE_CURVE('',#776,(#821,#869),.PCURVE_S1.);
#776 = B_SPLINE_CURVE_WITH_KNOTS('',7,(#777,#778,#779,#780,#781,#782,
    #783,#784,#785,#786,#787,#788,#789,#790,#791,#792,#793,#794,#795,
    #796,#797,#798,#799,#800,#801,#802,#803,#804,#805,#806,#807,#808,
    #809,#810,#811,#812,#813,#814,#815,#816,#817,#818,#819,#820),
  .UNSPECIFIED.,.F.,.F.,(8,6,6,6,6,6,6,8),(0.,0.246364281703,
    0.336691165681,0.389473904609,0.500083277443,0.663045912851,
    0.753343603922,1.),.UNSPECIFIED.);
#777 = CARTESIAN_POINT('',(-5.975E+03,-1.355E+03,3.318686155193E+03));
#778 = CARTESIAN_POINT('',(-5.975E+03,-1.35869972025E+03,
    3.317591410007E+03));
#779 = CARTESIAN_POINT('',(-5.974771867471E+03,-1.362418283043E+03,
    3.316529386221E+03));
#780 = CARTESIAN_POINT('',(-5.974311422251E+03,-1.366144173608E+03,
    3.315508604003E+03));
#781 = CARTESIAN_POINT('',(-5.973614017224E+03,-1.369863772094E+03,
    3.314539259809E+03));
#782 = CARTESIAN_POINT('',(-5.972675505915E+03,-1.373561483107E+03,
    3.313633119785E+03));
#783 = CARTESIAN_POINT('',(-5.97149267104E+03,-1.377219732011E+03,
    3.312803355217E+03));
#784 = CARTESIAN_POINT('',(-5.969540955906E+03,-1.382138170087E+03,
    3.31179205081E+03));
#785 = CARTESIAN_POINT('',(-5.968984427729E+03,-1.383449589801E+03,
    3.311532831359E+03));
#786 = CARTESIAN_POINT('',(-5.968394965067E+03,-1.384751876508E+03,
    3.311286372591E+03));
#787 = CARTESIAN_POINT('',(-5.967772616991E+03,-1.386043927141E+03,
    3.311053349971E+03));
#788 = CARTESIAN_POINT('',(-5.967117507169E+03,-1.387324581967E+03,
    3.310834430907E+03));
#789 = CARTESIAN_POINT('',(-5.966429850552E+03,-1.388592627755E+03,
    3.310630260498E+03));
#790 = CARTESIAN_POINT('',(-5.9652893061E+03,-1.390579680157E+03,
    3.310331113794E+03));
#791 = CARTESIAN_POINT('',(-5.964857638448E+03,-1.391307822968E+03,
    3.31022602413E+03));
#792 = CARTESIAN_POINT('',(-5.964415032103E+03,-1.39203097669E+03,
    3.310126299605E+03));
#793 = CARTESIAN_POINT('',(-5.963961563842E+03,-1.39274888467E+03,
    3.310032056786E+03));
#794 = CARTESIAN_POINT('',(-5.963497323378E+03,-1.393461286718E+03,
    3.309943406315E+03));
#795 = CARTESIAN_POINT('',(-5.963022414514E+03,-1.394167919534E+03,
    3.30986045175E+03));
#796 = CARTESIAN_POINT('',(-5.961519649706E+03,-1.39633666117E+03,
    3.309621587991E+03));
#797 = CARTESIAN_POINT('',(-5.960455979611E+03,-1.397778356498E+03,
    3.309485312996E+03));
#798 = CARTESIAN_POINT('',(-5.959347086425E+03,-1.399191079049E+03,
    3.309375351493E+03));
#799 = CARTESIAN_POINT('',(-5.95819434265E+03,-1.400572374491E+03,
    3.309292412654E+03));
#800 = CARTESIAN_POINT('',(-5.956999365744E+03,-1.401919865193E+03,
    3.309236993264E+03));
#801 = CARTESIAN_POINT('',(-5.955764039732E+03,-1.40323126514E+03,
    3.309209350346E+03));
#802 = CARTESIAN_POINT('',(-5.952614285359E+03,-1.406380137835E+03,
    3.309209670721E+03));
#803 = CARTESIAN_POINT('',(-5.950654880357E+03,-1.408173112363E+03,
    3.30927014568E+03));
#804 = CARTESIAN_POINT('',(-5.948619465897E+03,-1.409876131923E+03,
    3.309390929715E+03));
#805 = CARTESIAN_POINT('',(-5.94651559462E+03,-1.411483621827E+03,
    3.309570770579E+03));
#806 = CARTESIAN_POINT('',(-5.944351040228E+03,-1.412991325444E+03,
    3.309807357722E+03));
#807 = CARTESIAN_POINT('',(-5.942133679811E+03,-1.414396100354E+03,
    3.310097567957E+03));
#808 = CARTESIAN_POINT('',(-5.93861795455E+03,-1.416415983597E+03,
    3.310626226243E+03));
#809 = CARTESIAN_POINT('',(-5.937350573727E+03,-1.417103958028E+03,
    3.310830069551E+03));
#810 = CARTESIAN_POINT('',(-5.936070575058E+03,-1.417759411893E+03,
    3.311048660361E+03));
#811 = CARTESIAN_POINT('',(-5.934779171106E+03,-1.418382129362E+03,
    3.311281354554E+03));
#812 = CARTESIAN_POINT('',(-5.933477521063E+03,-1.418971985902E+03,
    3.311527485592E+03));
#813 = CARTESIAN_POINT('',(-5.932166727579E+03,-1.419528931612E+03,
    3.311786378771E+03));
#814 = CARTESIAN_POINT('',(-5.927245154115E+03,-1.421484445757E+03,
    3.312797590411E+03));
#815 = CARTESIAN_POINT('',(-5.923582897592E+03,-1.422670067475E+03,
    3.313627872828E+03));
#816 = CARTESIAN_POINT('',(-5.91988100428E+03,-1.423610784523E+03,
    3.314534769389E+03));
#817 = CARTESIAN_POINT('',(-5.91615711869E+03,-1.424309821654E+03,
    3.315505057599E+03));
#818 = CARTESIAN_POINT('',(-5.912426895897E+03,-1.424771338711E+03,
    3.316526926446E+03));
#819 = CARTESIAN_POINT('',(-5.908704005302E+03,-1.425E+03,
    3.317590142063E+03));
#820 = CARTESIAN_POINT('',(-5.905E+03,-1.425E+03,3.318686155193E+03));
#821 = PCURVE('',#231,#822);
#822 = DEFINITIONAL_REPRESENTATION('',(#823),#868);
#823 = B_SPLINE_CURVE_WITH_KNOTS('',7,(#824,#825,#826,#827,#828,#829,
    #830,#831,#832,#833,#834,#835,#836,#837,#838,#839,#840,#841,#842,
    #843,#844,#845,#846,#847,#848,#849,#850,#851,#852,#853,#854,#855,
    #856,#857,#858,#859,#860,#861,#862,#863,#864,#865,#866,#867),
  .UNSPECIFIED.,.F.,.F.,(8,6,6,6,6,6,6,8),(0.,0.246364281703,
    0.336691165681,0.389473904609,0.500083277443,0.663045912851,
    0.753343603922,1.),.UNSPECIFIED.);
#824 = CARTESIAN_POINT('',(-1.313472611824,0.71030941853));
#825 = CARTESIAN_POINT('',(-1.277050495375,0.694265532034));
#826 = CARTESIAN_POINT('',(-1.240666420828,0.678959473085));
#827 = CARTESIAN_POINT('',(-1.204243171216,0.66446660786));
#828 = CARTESIAN_POINT('',(-1.167720091975,0.650885136438));
#829 = CARTESIAN_POINT('',(-1.13104602509,0.638332973748));
#830 = CARTESIAN_POINT('',(-1.094176736481,0.626946149709));
#831 = CARTESIAN_POINT('',(-1.043479865087,0.613170520839));
#832 = CARTESIAN_POINT('',(-1.029849714955,0.609650825725));
#833 = CARTESIAN_POINT('',(-1.016189442156,0.606314234507));
#834 = CARTESIAN_POINT('',(-1.002498651993,0.603167968306));
#835 = CARTESIAN_POINT('',(-0.988777459092,0.600219208573));
#836 = CARTESIAN_POINT('',(-0.97502655587,0.597474935045));
#837 = CARTESIAN_POINT('',(-0.95319532753,0.59346149873));
#838 = CARTESIAN_POINT('',(-0.945133680152,0.59205331623));
#839 = CARTESIAN_POINT('',(-0.937062615652,0.59071853537));
#840 = CARTESIAN_POINT('',(-0.928982468178,0.58945842668));
#841 = CARTESIAN_POINT('',(-0.920893636271,0.588274198835));
#842 = CARTESIAN_POINT('',(-0.912796589895,0.587166985448));
#843 = CARTESIAN_POINT('',(-0.8877079699,0.583981179218));
#844 = CARTESIAN_POINT('',(-0.870689773279,0.582167236612));
#845 = CARTESIAN_POINT('',(-0.853643178226,0.580705772045));
#846 = CARTESIAN_POINT('',(-0.836574321899,0.579604581141));
#847 = CARTESIAN_POINT('',(-0.819489846955,0.578869142617));
#848 = CARTESIAN_POINT('',(-0.802397226996,0.578502308228));
#849 = CARTESIAN_POINT('',(-0.760123128685,0.578506559754));
#850 = CARTESIAN_POINT('',(-0.734938352718,0.579309093098));
#851 = CARTESIAN_POINT('',(-0.70978136871,0.58091194834));
#852 = CARTESIAN_POINT('',(-0.684674703714,0.58330118353));
#853 = CARTESIAN_POINT('',(-0.659635946463,0.586451364451));
#854 = CARTESIAN_POINT('',(-0.634679918097,0.590328336608));
#855 = CARTESIAN_POINT('',(-0.596045013049,0.597420726029));
#856 = CARTESIAN_POINT('',(-0.582298418103,0.600160500676));
#857 = CARTESIAN_POINT('',(-0.568581500523,0.603104717735));
#858 = CARTESIAN_POINT('',(-0.554894958827,0.606246407627));
#859 = CARTESIAN_POINT('',(-0.541238914068,0.609578397757));
#860 = CARTESIAN_POINT('',(-0.527612978341,0.613093474496));
#861 = CARTESIAN_POINT('',(-0.476875817277,0.626867041965));
#862 = CARTESIAN_POINT('',(-0.439962695994,0.638260293198));
#863 = CARTESIAN_POINT('',(-0.403245440545,0.650822222624));
#864 = CARTESIAN_POINT('',(-0.366679702854,0.664416257534));
#865 = CARTESIAN_POINT('',(-0.330214177667,0.678924022829));
#866 = CARTESIAN_POINT('',(-0.29378801587,0.694246949849));
#867 = CARTESIAN_POINT('',(-0.257323714971,0.71030941853));
#868 = ( GEOMETRIC_REPRESENTATION_CONTEXT(2) 
PARAMETRIC_REPRESENTATION_CONTEXT() REPRESENTATION_CONTEXT('2D SPACE',''
  ) );
#869 = PCURVE('',#870,#875);
#870 = CYLINDRICAL_SURFACE('',#871,70.);
#871 = AXIS2_PLACEMENT_3D('',#872,#873,#874);
#872 = CARTESIAN_POINT('',(-5.905E+03,-1.355E+03,40.));
#873 = DIRECTION('',(0.,0.,1.));
#874 = DIRECTION('',(-1.,-0.,0.));
#875 = DEFINITIONAL_REPRESENTATION('',(#876),#921);
#876 = B_SPLINE_CURVE_WITH_KNOTS('',7,(#877,#878,#879,#880,#881,#882,
    #883,#884,#885,#886,#887,#888,#889,#890,#891,#892,#893,#894,#895,
    #896,#897,#898,#899,#900,#901,#902,#903,#904,#905,#906,#907,#908,
    #909,#910,#911,#912,#913,#914,#915,#916,#917,#918,#919,#920),
  .UNSPECIFIED.,.F.,.F.,(8,6,6,6,6,6,6,8),(0.,0.246364281703,
    0.336691165681,0.389473904609,0.500083277443,0.663045912851,
    0.753343603922,1.),.UNSPECIFIED.);
#877 = CARTESIAN_POINT('',(0.,3.278686155193E+03));
#878 = CARTESIAN_POINT('',(5.285314642602E-02,3.277591410007E+03));
#879 = CARTESIAN_POINT('',(0.1059754805,3.276529386221E+03));
#880 = CARTESIAN_POINT('',(0.159443593733,3.275508604003E+03));
#881 = CARTESIAN_POINT('',(0.21331534203,3.274539259809E+03));
#882 = CARTESIAN_POINT('',(0.267636906859,3.273633119785E+03));
#883 = CARTESIAN_POINT('',(0.322445381698,3.272803355217E+03));
#884 = CARTESIAN_POINT('',(0.398038580111,3.27179205081E+03));
#885 = CARTESIAN_POINT('',(0.418384656666,3.271532831359E+03));
#886 = CARTESIAN_POINT('',(0.438796609089,3.271286372591E+03));
#887 = CARTESIAN_POINT('',(0.459273570881,3.271053349971E+03));
#888 = CARTESIAN_POINT('',(0.47981389557,3.270834430907E+03));
#889 = CARTESIAN_POINT('',(0.500415046189,3.270630260498E+03));
#890 = CARTESIAN_POINT('',(0.533145294618,3.270331113794E+03));
#891 = CARTESIAN_POINT('',(0.545236675384,3.27022602413E+03));
#892 = CARTESIAN_POINT('',(0.557346906829,3.270126299605E+03));
#893 = CARTESIAN_POINT('',(0.569475179102,3.270032056786E+03));
#894 = CARTESIAN_POINT('',(0.581620582118,3.269943406315E+03));
#895 = CARTESIAN_POINT('',(0.59378209495,3.26986045175E+03));
#896 = CARTESIAN_POINT('',(0.631475114806,3.269621587991E+03));
#897 = CARTESIAN_POINT('',(0.657058320456,3.269485312996E+03));
#898 = CARTESIAN_POINT('',(0.682696413735,3.269375351493E+03));
#899 = CARTESIAN_POINT('',(0.708377174446,3.269292412654E+03));
#900 = CARTESIAN_POINT('',(0.734087567441,3.269236993264E+03));
#901 = CARTESIAN_POINT('',(0.759813276152,3.269209350346E+03));
#902 = CARTESIAN_POINT('',(0.823439018384,3.269209670721E+03));
#903 = CARTESIAN_POINT('',(0.861344002331,3.26927014568E+03));
#904 = CARTESIAN_POINT('',(0.899197313085,3.269390929715E+03));
#905 = CARTESIAN_POINT('',(0.936955239126,3.269570770579E+03));
#906 = CARTESIAN_POINT('',(0.974581717511,3.269807357722E+03));
#907 = CARTESIAN_POINT('',(1.012045185153,3.270097567957E+03));
#908 = CARTESIAN_POINT('',(1.06996887251,3.270626226243E+03));
#909 = CARTESIAN_POINT('',(1.090563844112,3.270830069551E+03));
#910 = CARTESIAN_POINT('',(1.111098072263,3.271048660361E+03));
#911 = CARTESIAN_POINT('',(1.131569012114,3.271281354554E+03));
#912 = CARTESIAN_POINT('',(1.151975008842,3.271527485592E+03));
#913 = CARTESIAN_POINT('',(1.172315187121,3.271786378771E+03));
#914 = CARTESIAN_POINT('',(1.247970043759,3.272797590411E+03));
#915 = CARTESIAN_POINT('',(1.30284481882,3.273627872828E+03));
#916 = CARTESIAN_POINT('',(1.35723140349,3.274534769389E+03));
#917 = CARTESIAN_POINT('',(1.411166964829,3.275505057599E+03));
#918 = CARTESIAN_POINT('',(1.464697805431,3.276526926446E+03));
#919 = CARTESIAN_POINT('',(1.51788196534,3.277590142063E+03));
#920 = CARTESIAN_POINT('',(1.570796326795,3.278686155193E+03));
#921 = ( GEOMETRIC_REPRESENTATION_CONTEXT(2) 
PARAMETRIC_REPRESENTATION_CONTEXT() REPRESENTATION_CONTEXT('2D SPACE',''
  ) );
#922 = ORIENTED_EDGE('',*,*,#923,.T.);
#923 = EDGE_CURVE('',#773,#924,#926,.T.);
#924 = VERTEX_POINT('',#925);
#925 = CARTESIAN_POINT('',(-5.899998058893E+03,-1.425E+03,3.32E+03));
#926 = SURFACE_CURVE('',#927,(#965,#1006),.PCURVE_S1.);
#927 = B_SPLINE_CURVE_WITH_KNOTS('',8,(#928,#929,#930,#931,#932,#933,
    #934,#935,#936,#937,#938,#939,#940,#941,#942,#943,#944,#945,#946,
    #947,#948,#949,#950,#951,#952,#953,#954,#955,#956,#957,#958,#959,
    #960,#961,#962,#963,#964),.UNSPECIFIED.,.F.,.F.,(9,7,7,7,7,9),(0.,
    0.240196981183,0.34758162353,0.517905156354,0.682667099909,1.),
  .UNSPECIFIED.);
#928 = CARTESIAN_POINT('',(-5.953314391493E+03,-1.425E+03,3.26E+03));
#929 = CARTESIAN_POINT('',(-5.953314391493E+03,-1.425E+03,
    3.263211178089E+03));
#930 = CARTESIAN_POINT('',(-5.953100067229E+03,-1.425E+03,
    3.266422993298E+03));
#931 = CARTESIAN_POINT('',(-5.952671273313E+03,-1.425E+03,
    3.269617736604E+03));
#932 = CARTESIAN_POINT('',(-5.952030524877E+03,-1.425E+03,
    3.272778747356E+03));
#933 = CARTESIAN_POINT('',(-5.951182416747E+03,-1.425E+03,
    3.275890308842E+03));
#934 = CARTESIAN_POINT('',(-5.950133389549E+03,-1.425E+03,
    3.278937610337E+03));
#935 = CARTESIAN_POINT('',(-5.948891748594E+03,-1.425E+03,
    3.281906765628E+03));
#936 = CARTESIAN_POINT('',(-5.946831256516E+03,-1.425E+03,
    3.286071593041E+03));
#937 = CARTESIAN_POINT('',(-5.946158169562E+03,-1.425E+03,
    3.287340257751E+03));
#938 = CARTESIAN_POINT('',(-5.945449453864E+03,-1.425E+03,
    3.288589787576E+03));
#939 = CARTESIAN_POINT('',(-5.944706031123E+03,-1.425E+03,
    3.289819175785E+03));
#940 = CARTESIAN_POINT('',(-5.943928864864E+03,-1.425E+03,
    3.291027489498E+03));
#941 = CARTESIAN_POINT('',(-5.943118955108E+03,-1.425E+03,
    3.292213866429E+03));
#942 = CARTESIAN_POINT('',(-5.942277334255E+03,-1.425E+03,
    3.293377512363E+03));
#943 = CARTESIAN_POINT('',(-5.940021550474E+03,-1.425E+03,
    3.296326157923E+03));
#944 = CARTESIAN_POINT('',(-5.938560905849E+03,-1.425E+03,
    3.298075632732E+03));
#945 = CARTESIAN_POINT('',(-5.937027361551E+03,-1.425E+03,
    3.299763218942E+03));
#946 = CARTESIAN_POINT('',(-5.935425249493E+03,-1.425E+03,
    3.301386532253E+03));
#947 = CARTESIAN_POINT('',(-5.933758946831E+03,-1.425E+03,
    3.302943654316E+03));
#948 = CARTESIAN_POINT('',(-5.932032828123E+03,-1.425E+03,
    3.304433084928E+03));
#949 = CARTESIAN_POINT('',(-5.930251225091E+03,-1.425E+03,
    3.305853700997E+03));
#950 = CARTESIAN_POINT('',(-5.92664541041E+03,-1.425E+03,
    3.308511628588E+03));
#951 = CARTESIAN_POINT('',(-5.924824465807E+03,-1.425E+03,
    3.309753427989E+03));
#952 = CARTESIAN_POINT('',(-5.922959347506E+03,-1.425E+03,
    3.310929456483E+03));
#953 = CARTESIAN_POINT('',(-5.921053742131E+03,-1.425E+03,
    3.312039350095E+03));
#954 = CARTESIAN_POINT('',(-5.919111210864E+03,-1.425E+03,
    3.313083000537E+03));
#955 = CARTESIAN_POINT('',(-5.917135164723E+03,-1.425E+03,
    3.314060510854E+03));
#956 = CARTESIAN_POINT('',(-5.915128839852E+03,-1.425E+03,
    3.314972151062E+03));
#957 = CARTESIAN_POINT('',(-5.909178605432E+03,-1.425E+03,
    3.317448030397E+03));
#958 = CARTESIAN_POINT('',(-5.905162322564E+03,-1.425E+03,
    3.318834257645E+03));
#959 = CARTESIAN_POINT('',(-5.901066524682E+03,-1.425E+03,
    3.319980824744E+03));
#960 = CARTESIAN_POINT('',(-5.896909967206E+03,-1.425E+03,
    3.320891889785E+03));
#961 = CARTESIAN_POINT('',(-5.892710019096E+03,-1.425E+03,
    3.321571632896E+03));
#962 = CARTESIAN_POINT('',(-5.888482531795E+03,-1.425E+03,
    3.322023487466E+03));
#963 = CARTESIAN_POINT('',(-5.884241715762E+03,-1.425E+03,
    3.32224949799E+03));
#964 = CARTESIAN_POINT('',(-5.88E+03,-1.425E+03,3.32224949799E+03));
#965 = PCURVE('',#231,#966);
#966 = DEFINITIONAL_REPRESENTATION('',(#967),#1005);
#967 = B_SPLINE_CURVE_WITH_KNOTS('',8,(#968,#969,#970,#971,#972,#973,
    #974,#975,#976,#977,#978,#979,#980,#981,#982,#983,#984,#985,#986,
    #987,#988,#989,#990,#991,#992,#993,#994,#995,#996,#997,#998,#999,
    #1000,#1001,#1002,#1003,#1004),.UNSPECIFIED.,.F.,.F.,(9,7,7,7,7,9),(
    0.,0.240196981183,0.34758162353,0.517905156354,0.682667099909,1.),
  .UNSPECIFIED.);
#968 = CARTESIAN_POINT('',(-0.657264153246,0.));
#969 = CARTESIAN_POINT('',(-0.657264153246,3.567975653915E-02));
#970 = CARTESIAN_POINT('',(-0.65585020379,7.136659011169E-02));
#971 = CARTESIAN_POINT('',(-0.653021375115,0.1069329609));
#972 = CARTESIAN_POINT('',(-0.648776896306,0.14226304629));
#973 = CARTESIAN_POINT('',(-0.643112604051,0.17724623318));
#974 = CARTESIAN_POINT('',(-0.636020902353,0.211772231202));
#975 = CARTESIAN_POINT('',(-0.627494068701,0.245727514518));
#976 = CARTESIAN_POINT('',(-0.613076446958,0.293864680187));
#977 = CARTESIAN_POINT('',(-0.608334533181,0.308600343722));
#978 = CARTESIAN_POINT('',(-0.603304509679,0.323189945923));
#979 = CARTESIAN_POINT('',(-0.597985894084,0.337623883591));
#980 = CARTESIAN_POINT('',(-0.592378246039,0.351892717259));
#981 = CARTESIAN_POINT('',(-0.586481217295,0.365987112887));
#982 = CARTESIAN_POINT('',(-0.580294618653,0.379897802852));
#983 = CARTESIAN_POINT('',(-0.563546692627,0.415373406739));
#984 = CARTESIAN_POINT('',(-0.55254634347,0.436646289356));
#985 = CARTESIAN_POINT('',(-0.54081762657,0.457397431142));
#986 = CARTESIAN_POINT('',(-0.52836158514,0.477591571519));
#987 = CARTESIAN_POINT('',(-0.51518074538,0.497194445347));
#988 = CARTESIAN_POINT('',(-0.501279789226,0.5161725217));
#989 = CARTESIAN_POINT('',(-0.486666289778,0.534493008347));
#990 = CARTESIAN_POINT('',(-0.456536803944,0.569179525236));
#991 = CARTESIAN_POINT('',(-0.441065714116,0.585590042905));
#992 = CARTESIAN_POINT('',(-0.424947719926,0.601327538895));
#993 = CARTESIAN_POINT('',(-0.408195403371,0.616364671835));
#994 = CARTESIAN_POINT('',(-0.390824805513,0.630675100757));
#995 = CARTESIAN_POINT('',(-0.372855783541,0.644233690823));
#996 = CARTESIAN_POINT('',(-0.354312367825,0.65701671904));
#997 = CARTESIAN_POINT('',(-0.298457063849,0.692085986768));
#998 = CARTESIAN_POINT('',(-0.25967954849,0.712202514439));
#999 = CARTESIAN_POINT('',(-0.219079754178,0.729207961282));
#1000 = CARTESIAN_POINT('',(-0.176915104022,0.742964968705));
#1001 = CARTESIAN_POINT('',(-0.133518374836,0.753357835698));
#1002 = CARTESIAN_POINT('',(-8.92898119685E-02,0.760309404753));
#1003 = CARTESIAN_POINT('',(-4.464963959891E-02,0.763786496398));
#1004 = CARTESIAN_POINT('',(0.,0.763786496398));
#1005 = ( GEOMETRIC_REPRESENTATION_CONTEXT(2) 
PARAMETRIC_REPRESENTATION_CONTEXT() REPRESENTATION_CONTEXT('2D SPACE',''
  ) );
#1006 = PCURVE('',#1007,#1012);
#1007 = PLANE('',#1008);
#1008 = AXIS2_PLACEMENT_3D('',#1009,#1010,#1011);
#1009 = CARTESIAN_POINT('',(-5.975E+03,-1.425E+03,40.));
#1010 = DIRECTION('',(0.,1.,0.));
#1011 = DIRECTION('',(0.,0.,1.));
#1012 = DEFINITIONAL_REPRESENTATION('',(#1013),#1051);
#1013 = B_SPLINE_CURVE_WITH_KNOTS('',8,(#1014,#1015,#1016,#1017,#1018,
    #1019,#1020,#1021,#1022,#1023,#1024,#1025,#1026,#1027,#1028,#1029,
    #1030,#1031,#1032,#1033,#1034,#1035,#1036,#1037,#1038,#1039,#1040,
    #1041,#1042,#1043,#1044,#1045,#1046,#1047,#1048,#1049,#1050),
  .UNSPECIFIED.,.F.,.F.,(9,7,7,7,7,9),(0.,0.240196981183,0.34758162353,
    0.517905156354,0.682667099909,1.),.UNSPECIFIED.);
#1014 = CARTESIAN_POINT('',(3.22E+03,21.685608506924));
#1015 = CARTESIAN_POINT('',(3.223211178089E+03,21.685608506924));
#1016 = CARTESIAN_POINT('',(3.226422993298E+03,21.899932771334));
#1017 = CARTESIAN_POINT('',(3.229617736604E+03,22.328726686657));
#1018 = CARTESIAN_POINT('',(3.232778747356E+03,22.969475122846));
#1019 = CARTESIAN_POINT('',(3.235890308842E+03,23.817583253438));
#1020 = CARTESIAN_POINT('',(3.238937610337E+03,24.866610451384));
#1021 = CARTESIAN_POINT('',(3.241906765628E+03,26.108251406129));
#1022 = CARTESIAN_POINT('',(3.246071593041E+03,28.168743483726));
#1023 = CARTESIAN_POINT('',(3.247340257751E+03,28.84183043802));
#1024 = CARTESIAN_POINT('',(3.248589787576E+03,29.550546135854));
#1025 = CARTESIAN_POINT('',(3.249819175785E+03,30.293968877274));
#1026 = CARTESIAN_POINT('',(3.251027489498E+03,31.071135136492));
#1027 = CARTESIAN_POINT('',(3.252213866429E+03,31.881044891738));
#1028 = CARTESIAN_POINT('',(3.253377512363E+03,32.722665745322));
#1029 = CARTESIAN_POINT('',(3.256326157923E+03,34.978449526495));
#1030 = CARTESIAN_POINT('',(3.258075632732E+03,36.439094150829));
#1031 = CARTESIAN_POINT('',(3.259763218942E+03,37.972638449073));
#1032 = CARTESIAN_POINT('',(3.261386532253E+03,39.574750506564));
#1033 = CARTESIAN_POINT('',(3.262943654316E+03,41.241053169376));
#1034 = CARTESIAN_POINT('',(3.264433084928E+03,42.967171876795));
#1035 = CARTESIAN_POINT('',(3.265853700997E+03,44.748774908656));
#1036 = CARTESIAN_POINT('',(3.268511628588E+03,48.354589590441));
#1037 = CARTESIAN_POINT('',(3.269753427989E+03,50.175534192734));
#1038 = CARTESIAN_POINT('',(3.270929456483E+03,52.040652494394));
#1039 = CARTESIAN_POINT('',(3.272039350095E+03,53.946257868599));
#1040 = CARTESIAN_POINT('',(3.273083000537E+03,55.888789135653));
#1041 = CARTESIAN_POINT('',(3.274060510854E+03,57.864835276876));
#1042 = CARTESIAN_POINT('',(3.274972151062E+03,59.871160148483));
#1043 = CARTESIAN_POINT('',(3.277448030397E+03,65.821394567959));
#1044 = CARTESIAN_POINT('',(3.278834257645E+03,69.837677436068));
#1045 = CARTESIAN_POINT('',(3.279980824744E+03,73.933475318195));
#1046 = CARTESIAN_POINT('',(3.280891889785E+03,78.090032794399));
#1047 = CARTESIAN_POINT('',(3.281571632896E+03,82.28998090426));
#1048 = CARTESIAN_POINT('',(3.282023487466E+03,86.517468205342));
#1049 = CARTESIAN_POINT('',(3.28224949799E+03,90.758284238103));
#1050 = CARTESIAN_POINT('',(3.28224949799E+03,95.));
#1051 = ( GEOMETRIC_REPRESENTATION_CONTEXT(2) 
PARAMETRIC_REPRESENTATION_CONTEXT() REPRESENTATION_CONTEXT('2D SPACE',''
  ) );
#1052 = ORIENTED_EDGE('',*,*,#1053,.F.);
#1053 = EDGE_CURVE('',#643,#924,#1054,.T.);
#1054 = SURFACE_CURVE('',#1055,(#1078,#1104),.PCURVE_S1.);
#1055 = B_SPLINE_CURVE_WITH_KNOTS('',6,(#1056,#1057,#1058,#1059,#1060,
    #1061,#1062,#1063,#1064,#1065,#1066,#1067,#1068,#1069,#1070,#1071,
    #1072,#1073,#1074,#1075,#1076,#1077),.UNSPECIFIED.,.F.,.F.,(7,5,5,5,
    7),(0.,0.25,0.5,0.75,1.),.UNSPECIFIED.);
#1056 = CARTESIAN_POINT('',(-5.977082039325E+03,-1.33E+03,3.32E+03));
#1057 = CARTESIAN_POINT('',(-5.977082039325E+03,-1.336353902401E+03,
    3.32E+03));
#1058 = CARTESIAN_POINT('',(-5.97658301267E+03,-1.342708176331E+03,
    3.32E+03));
#1059 = CARTESIAN_POINT('',(-5.975584853235E+03,-1.349013009443E+03,
    3.32E+03));
#1060 = CARTESIAN_POINT('',(-5.974094277131E+03,-1.355219894789E+03,
    3.32E+03));
#1061 = CARTESIAN_POINT('',(-5.972123642286E+03,-1.36128144765E+03,
    3.32E+03));
#1062 = CARTESIAN_POINT('',(-5.967260575927E+03,-1.373021928409E+03,
    3.32E+03));
#1063 = CARTESIAN_POINT('',(-5.964367860057E+03,-1.378701542804E+03,
    3.32E+03));
#1064 = CARTESIAN_POINT('',(-5.961032925809E+03,-1.384144469993E+03,
    3.32E+03));
#1065 = CARTESIAN_POINT('',(-5.957280540866E+03,-1.389308465546E+03,
    3.32E+03));
#1066 = CARTESIAN_POINT('',(-5.953140255813E+03,-1.394154480864E+03,
    3.32E+03));
#1067 = CARTESIAN_POINT('',(-5.944154480864E+03,-1.403140255813E+03,
    3.32E+03));
#1068 = CARTESIAN_POINT('',(-5.939308465546E+03,-1.407280540866E+03,
    3.32E+03));
#1069 = CARTESIAN_POINT('',(-5.934144469993E+03,-1.411032925809E+03,
    3.32E+03));
#1070 = CARTESIAN_POINT('',(-5.928701542804E+03,-1.414367860057E+03,
    3.32E+03));
#1071 = CARTESIAN_POINT('',(-5.923021928409E+03,-1.417260575927E+03,
    3.32E+03));
#1072 = CARTESIAN_POINT('',(-5.91128144765E+03,-1.422123642286E+03,
    3.32E+03));
#1073 = CARTESIAN_POINT('',(-5.905219894789E+03,-1.424094277131E+03,
    3.32E+03));
#1074 = CARTESIAN_POINT('',(-5.899013009443E+03,-1.425584853235E+03,
    3.32E+03));
#1075 = CARTESIAN_POINT('',(-5.892708176331E+03,-1.42658301267E+03,
    3.32E+03));
#1076 = CARTESIAN_POINT('',(-5.886353902401E+03,-1.427082039325E+03,
    3.32E+03));
#1077 = CARTESIAN_POINT('',(-5.88E+03,-1.427082039325E+03,3.32E+03));
#1078 = PCURVE('',#231,#1079);
#1079 = DEFINITIONAL_REPRESENTATION('',(#1080),#1103);
#1080 = B_SPLINE_CURVE_WITH_KNOTS('',6,(#1081,#1082,#1083,#1084,#1085,
    #1086,#1087,#1088,#1089,#1090,#1091,#1092,#1093,#1094,#1095,#1096,
    #1097,#1098,#1099,#1100,#1101,#1102),.UNSPECIFIED.,.F.,.F.,(7,5,5,5,
    7),(0.,0.25,0.5,0.75,1.),.UNSPECIFIED.);
#1081 = CARTESIAN_POINT('',(-1.570796326795,0.729727656227));
#1082 = CARTESIAN_POINT('',(-1.505347532716,0.729727656227));
#1083 = CARTESIAN_POINT('',(-1.439894947052,0.729727656227));
#1084 = CARTESIAN_POINT('',(-1.374446785946,0.729727656227));
#1085 = CARTESIAN_POINT('',(-1.308998624839,0.729727656227));
#1086 = CARTESIAN_POINT('',(-1.243546039175,0.729727656227));
#1087 = CARTESIAN_POINT('',(-1.112648451017,0.729727656227));
#1088 = CARTESIAN_POINT('',(-1.047195865353,0.729727656227));
#1089 = CARTESIAN_POINT('',(-0.981747704247,0.729727656227));
#1090 = CARTESIAN_POINT('',(-0.91629954314,0.729727656227));
#1091 = CARTESIAN_POINT('',(-0.850846957477,0.729727656227));
#1092 = CARTESIAN_POINT('',(-0.719949369318,0.729727656227));
#1093 = CARTESIAN_POINT('',(-0.654496783655,0.729727656227));
#1094 = CARTESIAN_POINT('',(-0.589048622548,0.729727656227));
#1095 = CARTESIAN_POINT('',(-0.523600461442,0.729727656227));
#1096 = CARTESIAN_POINT('',(-0.458147875778,0.729727656227));
#1097 = CARTESIAN_POINT('',(-0.32725028762,0.729727656227));
#1098 = CARTESIAN_POINT('',(-0.261797701956,0.729727656227));
#1099 = CARTESIAN_POINT('',(-0.19634954085,0.729727656227));
#1100 = CARTESIAN_POINT('',(-0.130901379743,0.729727656227));
#1101 = CARTESIAN_POINT('',(-6.544879407907E-02,0.729727656227));
#1102 = CARTESIAN_POINT('',(0.,0.729727656227));
#1103 = ( GEOMETRIC_REPRESENTATION_CONTEXT(2) 
PARAMETRIC_REPRESENTATION_CONTEXT() REPRESENTATION_CONTEXT('2D SPACE',''
  ) );
#1104 = PCURVE('',#1105,#1110);
#1105 = PLANE('',#1106);
#1106 = AXIS2_PLACEMENT_3D('',#1107,#1108,#1109);
#1107 = CARTESIAN_POINT('',(-5.975E+03,-1.425E+03,3.32E+03));
#1108 = DIRECTION('',(0.,0.,1.));
#1109 = DIRECTION('',(1.,0.,0.));
#1110 = DEFINITIONAL_REPRESENTATION('',(#1111),#1134);
#1111 = B_SPLINE_CURVE_WITH_KNOTS('',6,(#1112,#1113,#1114,#1115,#1116,
    #1117,#1118,#1119,#1120,#1121,#1122,#1123,#1124,#1125,#1126,#1127,
    #1128,#1129,#1130,#1131,#1132,#1133),.UNSPECIFIED.,.F.,.F.,(7,5,5,5,
    7),(0.,0.25,0.5,0.75,1.),.UNSPECIFIED.);
#1112 = CARTESIAN_POINT('',(-2.082039324993,95.));
#1113 = CARTESIAN_POINT('',(-2.082039324993,88.646097599446));
#1114 = CARTESIAN_POINT('',(-1.583012669911,82.291823669424));
#1115 = CARTESIAN_POINT('',(-0.584853234762,75.986990557448));
#1116 = CARTESIAN_POINT('',(0.90572286871,69.780105210672));
#1117 = CARTESIAN_POINT('',(2.876357713624,63.718552349559));
#1118 = CARTESIAN_POINT('',(7.739424072738,51.978071590665));
#1119 = CARTESIAN_POINT('',(10.632139943275,46.298457195962));
#1120 = CARTESIAN_POINT('',(13.967074191378,40.855530006579));
#1121 = CARTESIAN_POINT('',(17.719459133815,35.691534453548));
#1122 = CARTESIAN_POINT('',(21.859744187447,30.845519136309));
#1123 = CARTESIAN_POINT('',(30.845519136304,21.859744187451));
#1124 = CARTESIAN_POINT('',(35.691534453541,17.719459133819));
#1125 = CARTESIAN_POINT('',(40.855530006577,13.967074191382));
#1126 = CARTESIAN_POINT('',(46.298457195955,10.632139943278));
#1127 = CARTESIAN_POINT('',(51.97807159066,7.73942407274));
#1128 = CARTESIAN_POINT('',(63.718552349548,2.876357713628));
#1129 = CARTESIAN_POINT('',(69.780105210687,0.905722868704));
#1130 = CARTESIAN_POINT('',(75.986990557422,-0.584853234757));
#1131 = CARTESIAN_POINT('',(82.291823669435,-1.583012669911));
#1132 = CARTESIAN_POINT('',(88.646097599443,-2.082039324994));
#1133 = CARTESIAN_POINT('',(95.,-2.082039324994));
#1134 = ( GEOMETRIC_REPRESENTATION_CONTEXT(2) 
PARAMETRIC_REPRESENTATION_CONTEXT() REPRESENTATION_CONTEXT('2D SPACE',''
  ) );
#1135 = ADVANCED_FACE('',(#1136,#1184,#1298,#1412,#1526),#204,.F.);
#1136 = FACE_BOUND('',#1137,.F.);
#1137 = EDGE_LOOP('',(#1138,#1139,#1162,#1183));
#1138 = ORIENTED_EDGE('',*,*,#188,.T.);
#1139 = ORIENTED_EDGE('',*,*,#1140,.F.);
#1140 = EDGE_CURVE('',#1141,#189,#1143,.T.);
#1141 = VERTEX_POINT('',#1142);
#1142 = CARTESIAN_POINT('',(5.88E+03,-1.45E+03,3.26E+03));
#1143 = SURFACE_CURVE('',#1144,(#1148,#1155),.PCURVE_S1.);
#1144 = LINE('',#1145,#1146);
#1145 = CARTESIAN_POINT('',(5.88E+03,-1.45E+03,3.26E+03));
#1146 = VECTOR('',#1147,1.);
#1147 = DIRECTION('',(-1.,-0.,-0.));
#1148 = PCURVE('',#204,#1149);
#1149 = DEFINITIONAL_REPRESENTATION('',(#1150),#1154);
#1150 = LINE('',#1151,#1152);
#1151 = CARTESIAN_POINT('',(3.26E+03,1.188E+04));
#1152 = VECTOR('',#1153,1.);
#1153 = DIRECTION('',(-0.,-1.));
#1154 = ( GEOMETRIC_REPRESENTATION_CONTEXT(2) 
PARAMETRIC_REPRESENTATION_CONTEXT() REPRESENTATION_CONTEXT('2D SPACE',''
  ) );
#1155 = PCURVE('',#599,#1156);
#1156 = DEFINITIONAL_REPRESENTATION('',(#1157),#1161);
#1157 = LINE('',#1158,#1159);
#1158 = CARTESIAN_POINT('',(0.,0.));
#1159 = VECTOR('',#1160,1.);
#1160 = DIRECTION('',(0.,1.));
#1161 = ( GEOMETRIC_REPRESENTATION_CONTEXT(2) 
PARAMETRIC_REPRESENTATION_CONTEXT() REPRESENTATION_CONTEXT('2D SPACE',''
  ) );
#1162 = ORIENTED_EDGE('',*,*,#1163,.F.);
#1163 = EDGE_CURVE('',#364,#1141,#1164,.T.);
#1164 = SURFACE_CURVE('',#1165,(#1169,#1176),.PCURVE_S1.);
#1165 = LINE('',#1166,#1167);
#1166 = CARTESIAN_POINT('',(5.88E+03,-1.45E+03,0.));
#1167 = VECTOR('',#1168,1.);
#1168 = DIRECTION('',(0.,0.,1.));
#1169 = PCURVE('',#204,#1170);
#1170 = DEFINITIONAL_REPRESENTATION('',(#1171),#1175);
#1171 = LINE('',#1172,#1173);
#1172 = CARTESIAN_POINT('',(0.,1.188E+04));
#1173 = VECTOR('',#1174,1.);
#1174 = DIRECTION('',(1.,0.));
#1175 = ( GEOMETRIC_REPRESENTATION_CONTEXT(2) 
PARAMETRIC_REPRESENTATION_CONTEXT() REPRESENTATION_CONTEXT('2D SPACE',''
  ) );
#1176 = PCURVE('',#407,#1177);
#1177 = DEFINITIONAL_REPRESENTATION('',(#1178),#1182);
#1178 = LINE('',#1179,#1180);
#1179 = CARTESIAN_POINT('',(-1.570796326795,0.));
#1180 = VECTOR('',#1181,1.);
#1181 = DIRECTION('',(-0.,1.));
#1182 = ( GEOMETRIC_REPRESENTATION_CONTEXT(2) 
PARAMETRIC_REPRESENTATION_CONTEXT() REPRESENTATION_CONTEXT('2D SPACE',''
  ) );
#1183 = ORIENTED_EDGE('',*,*,#363,.F.);
#1184 = FACE_BOUND('',#1185,.F.);
#1185 = EDGE_LOOP('',(#1186,#1216,#1244,#1272));
#1186 = ORIENTED_EDGE('',*,*,#1187,.F.);
#1187 = EDGE_CURVE('',#1188,#1190,#1192,.T.);
#1188 = VERTEX_POINT('',#1189);
#1189 = CARTESIAN_POINT('',(-2.99E+03,-1.45E+03,590.));
#1190 = VERTEX_POINT('',#1191);
#1191 = CARTESIAN_POINT('',(-2.61E+03,-1.45E+03,590.));
#1192 = SURFACE_CURVE('',#1193,(#1197,#1204),.PCURVE_S1.);
#1193 = LINE('',#1194,#1195);
#1194 = CARTESIAN_POINT('',(-2.99E+03,-1.45E+03,590.));
#1195 = VECTOR('',#1196,1.);
#1196 = DIRECTION('',(1.,0.,0.));
#1197 = PCURVE('',#204,#1198);
#1198 = DEFINITIONAL_REPRESENTATION('',(#1199),#1203);
#1199 = LINE('',#1200,#1201);
#1200 = CARTESIAN_POINT('',(590.,3.01E+03));
#1201 = VECTOR('',#1202,1.);
#1202 = DIRECTION('',(0.,1.));
#1203 = ( GEOMETRIC_REPRESENTATION_CONTEXT(2) 
PARAMETRIC_REPRESENTATION_CONTEXT() REPRESENTATION_CONTEXT('2D SPACE',''
  ) );
#1204 = PCURVE('',#1205,#1210);
#1205 = PLANE('',#1206);
#1206 = AXIS2_PLACEMENT_3D('',#1207,#1208,#1209);
#1207 = CARTESIAN_POINT('',(-2.99E+03,-1.45E+03,590.));
#1208 = DIRECTION('',(0.,0.,1.));
#1209 = DIRECTION('',(1.,0.,0.));
#1210 = DEFINITIONAL_REPRESENTATION('',(#1211),#1215);
#1211 = LINE('',#1212,#1213);
#1212 = CARTESIAN_POINT('',(0.,0.));
#1213 = VECTOR('',#1214,1.);
#1214 = DIRECTION('',(1.,0.));
#1215 = ( GEOMETRIC_REPRESENTATION_CONTEXT(2) 
PARAMETRIC_REPRESENTATION_CONTEXT() REPRESENTATION_CONTEXT('2D SPACE',''
  ) );
#1216 = ORIENTED_EDGE('',*,*,#1217,.F.);
#1217 = EDGE_CURVE('',#1218,#1188,#1220,.T.);
#1218 = VERTEX_POINT('',#1219);
#1219 = CARTESIAN_POINT('',(-2.99E+03,-1.45E+03,450.));
#1220 = SURFACE_CURVE('',#1221,(#1225,#1232),.PCURVE_S1.);
#1221 = LINE('',#1222,#1223);
#1222 = CARTESIAN_POINT('',(-2.99E+03,-1.45E+03,450.));
#1223 = VECTOR('',#1224,1.);
#1224 = DIRECTION('',(0.,0.,1.));
#1225 = PCURVE('',#204,#1226);
#1226 = DEFINITIONAL_REPRESENTATION('',(#1227),#1231);
#1227 = LINE('',#1228,#1229);
#1228 = CARTESIAN_POINT('',(450.,3.01E+03));
#1229 = VECTOR('',#1230,1.);
#1230 = DIRECTION('',(1.,0.));
#1231 = ( GEOMETRIC_REPRESENTATION_CONTEXT(2) 
PARAMETRIC_REPRESENTATION_CONTEXT() REPRESENTATION_CONTEXT('2D SPACE',''
  ) );
#1232 = PCURVE('',#1233,#1238);
#1233 = PLANE('',#1234);
#1234 = AXIS2_PLACEMENT_3D('',#1235,#1236,#1237);
#1235 = CARTESIAN_POINT('',(-2.99E+03,-1.45E+03,450.));
#1236 = DIRECTION('',(1.,0.,0.));
#1237 = DIRECTION('',(0.,0.,1.));
#1238 = DEFINITIONAL_REPRESENTATION('',(#1239),#1243);
#1239 = LINE('',#1240,#1241);
#1240 = CARTESIAN_POINT('',(0.,0.));
#1241 = VECTOR('',#1242,1.);
#1242 = DIRECTION('',(1.,0.));
#1243 = ( GEOMETRIC_REPRESENTATION_CONTEXT(2) 
PARAMETRIC_REPRESENTATION_CONTEXT() REPRESENTATION_CONTEXT('2D SPACE',''
  ) );
#1244 = ORIENTED_EDGE('',*,*,#1245,.T.);
#1245 = EDGE_CURVE('',#1218,#1246,#1248,.T.);
#1246 = VERTEX_POINT('',#1247);
#1247 = CARTESIAN_POINT('',(-2.61E+03,-1.45E+03,450.));
#1248 = SURFACE_CURVE('',#1249,(#1253,#1260),.PCURVE_S1.);
#1249 = LINE('',#1250,#1251);
#1250 = CARTESIAN_POINT('',(-2.99E+03,-1.45E+03,450.));
#1251 = VECTOR('',#1252,1.);
#1252 = DIRECTION('',(1.,0.,0.));
#1253 = PCURVE('',#204,#1254);
#1254 = DEFINITIONAL_REPRESENTATION('',(#1255),#1259);
#1255 = LINE('',#1256,#1257);
#1256 = CARTESIAN_POINT('',(450.,3.01E+03));
#1257 = VECTOR('',#1258,1.);
#1258 = DIRECTION('',(0.,1.));
#1259 = ( GEOMETRIC_REPRESENTATION_CONTEXT(2) 
PARAMETRIC_REPRESENTATION_CONTEXT() REPRESENTATION_CONTEXT('2D SPACE',''
  ) );
#1260 = PCURVE('',#1261,#1266);
#1261 = PLANE('',#1262);
#1262 = AXIS2_PLACEMENT_3D('',#1263,#1264,#1265);
#1263 = CARTESIAN_POINT('',(-2.99E+03,-1.45E+03,450.));
#1264 = DIRECTION('',(0.,0.,1.));
#1265 = DIRECTION('',(1.,0.,0.));
#1266 = DEFINITIONAL_REPRESENTATION('',(#1267),#1271);
#1267 = LINE('',#1268,#1269);
#1268 = CARTESIAN_POINT('',(0.,0.));
#1269 = VECTOR('',#1270,1.);
#1270 = DIRECTION('',(1.,0.));
#1271 = ( GEOMETRIC_REPRESENTATION_CONTEXT(2) 
PARAMETRIC_REPRESENTATION_CONTEXT() REPRESENTATION_CONTEXT('2D SPACE',''
  ) );
#1272 = ORIENTED_EDGE('',*,*,#1273,.T.);
#1273 = EDGE_CURVE('',#1246,#1190,#1274,.T.);
#1274 = SURFACE_CURVE('',#1275,(#1279,#1286),.PCURVE_S1.);
#1275 = LINE('',#1276,#1277);
#1276 = CARTESIAN_POINT('',(-2.61E+03,-1.45E+03,450.));
#1277 = VECTOR('',#1278,1.);
#1278 = DIRECTION('',(0.,0.,1.));
#1279 = PCURVE('',#204,#1280);
#1280 = DEFINITIONAL_REPRESENTATION('',(#1281),#1285);
#1281 = LINE('',#1282,#1283);
#1282 = CARTESIAN_POINT('',(450.,3.39E+03));
#1283 = VECTOR('',#1284,1.);
#1284 = DIRECTION('',(1.,0.));
#1285 = ( GEOMETRIC_REPRESENTATION_CONTEXT(2) 
PARAMETRIC_REPRESENTATION_CONTEXT() REPRESENTATION_CONTEXT('2D SPACE',''
  ) );
#1286 = PCURVE('',#1287,#1292);
#1287 = PLANE('',#1288);
#1288 = AXIS2_PLACEMENT_3D('',#1289,#1290,#1291);
#1289 = CARTESIAN_POINT('',(-2.61E+03,-1.45E+03,450.));
#1290 = DIRECTION('',(1.,0.,0.));
#1291 = DIRECTION('',(0.,0.,1.));
#1292 = DEFINITIONAL_REPRESENTATION('',(#1293),#1297);
#1293 = LINE('',#1294,#1295);
#1294 = CARTESIAN_POINT('',(0.,0.));
#1295 = VECTOR('',#1296,1.);
#1296 = DIRECTION('',(1.,0.));
#1297 = ( GEOMETRIC_REPRESENTATION_CONTEXT(2) 
PARAMETRIC_REPRESENTATION_CONTEXT() REPRESENTATION_CONTEXT('2D SPACE',''
  ) );
#1298 = FACE_BOUND('',#1299,.F.);
#1299 = EDGE_LOOP('',(#1300,#1330,#1358,#1386));
#1300 = ORIENTED_EDGE('',*,*,#1301,.F.);
#1301 = EDGE_CURVE('',#1302,#1304,#1306,.T.);
#1302 = VERTEX_POINT('',#1303);
#1303 = CARTESIAN_POINT('',(-1.89E+03,-1.45E+03,590.));
#1304 = VERTEX_POINT('',#1305);
#1305 = CARTESIAN_POINT('',(-1.51E+03,-1.45E+03,590.));
#1306 = SURFACE_CURVE('',#1307,(#1311,#1318),.PCURVE_S1.);
#1307 = LINE('',#1308,#1309);
#1308 = CARTESIAN_POINT('',(-1.89E+03,-1.45E+03,590.));
#1309 = VECTOR('',#1310,1.);
#1310 = DIRECTION('',(1.,0.,0.));
#1311 = PCURVE('',#204,#1312);
#1312 = DEFINITIONAL_REPRESENTATION('',(#1313),#1317);
#1313 = LINE('',#1314,#1315);
#1314 = CARTESIAN_POINT('',(590.,4.11E+03));
#1315 = VECTOR('',#1316,1.);
#1316 = DIRECTION('',(0.,1.));
#1317 = ( GEOMETRIC_REPRESENTATION_CONTEXT(2) 
PARAMETRIC_REPRESENTATION_CONTEXT() REPRESENTATION_CONTEXT('2D SPACE',''
  ) );
#1318 = PCURVE('',#1319,#1324);
#1319 = PLANE('',#1320);
#1320 = AXIS2_PLACEMENT_3D('',#1321,#1322,#1323);
#1321 = CARTESIAN_POINT('',(-1.89E+03,-1.45E+03,590.));
#1322 = DIRECTION('',(0.,0.,1.));
#1323 = DIRECTION('',(1.,0.,0.));
#1324 = DEFINITIONAL_REPRESENTATION('',(#1325),#1329);
#1325 = LINE('',#1326,#1327);
#1326 = CARTESIAN_POINT('',(0.,0.));
#1327 = VECTOR('',#1328,1.);
#1328 = DIRECTION('',(1.,0.));
#1329 = ( GEOMETRIC_REPRESENTATION_CONTEXT(2) 
PARAMETRIC_REPRESENTATION_CONTEXT() REPRESENTATION_CONTEXT('2D SPACE',''
  ) );
#1330 = ORIENTED_EDGE('',*,*,#1331,.F.);
#1331 = EDGE_CURVE('',#1332,#1302,#1334,.T.);
#1332 = VERTEX_POINT('',#1333);
#1333 = CARTESIAN_POINT('',(-1.89E+03,-1.45E+03,450.));
#1334 = SURFACE_CURVE('',#1335,(#1339,#1346),.PCURVE_S1.);
#1335 = LINE('',#1336,#1337);
#1336 = CARTESIAN_POINT('',(-1.89E+03,-1.45E+03,450.));
#1337 = VECTOR('',#1338,1.);
#1338 = DIRECTION('',(0.,0.,1.));
#1339 = PCURVE('',#204,#1340);
#1340 = DEFINITIONAL_REPRESENTATION('',(#1341),#1345);
#1341 = LINE('',#1342,#1343);
#1342 = CARTESIAN_POINT('',(450.,4.11E+03));
#1343 = VECTOR('',#1344,1.);
#1344 = DIRECTION('',(1.,0.));
#1345 = ( GEOMETRIC_REPRESENTATION_CONTEXT(2) 
PARAMETRIC_REPRESENTATION_CONTEXT() REPRESENTATION_CONTEXT('2D SPACE',''
  ) );
#1346 = PCURVE('',#1347,#1352);
#1347 = PLANE('',#1348);
#1348 = AXIS2_PLACEMENT_3D('',#1349,#1350,#1351);
#1349 = CARTESIAN_POINT('',(-1.89E+03,-1.45E+03,450.));
#1350 = DIRECTION('',(1.,0.,0.));
#1351 = DIRECTION('',(0.,0.,1.));
#1352 = DEFINITIONAL_REPRESENTATION('',(#1353),#1357);
#1353 = LINE('',#1354,#1355);
#1354 = CARTESIAN_POINT('',(0.,0.));
#1355 = VECTOR('',#1356,1.);
#1356 = DIRECTION('',(1.,0.));
#1357 = ( GEOMETRIC_REPRESENTATION_CONTEXT(2) 
PARAMETRIC_REPRESENTATION_CONTEXT() REPRESENTATION_CONTEXT('2D SPACE',''
  ) );
#1358 = ORIENTED_EDGE('',*,*,#1359,.T.);
#1359 = EDGE_CURVE('',#1332,#1360,#1362,.T.);
#1360 = VERTEX_POINT('',#1361);
#1361 = CARTESIAN_POINT('',(-1.51E+03,-1.45E+03,450.));
#1362 = SURFACE_CURVE('',#1363,(#1367,#1374),.PCURVE_S1.);
#1363 = LINE('',#1364,#1365);
#1364 = CARTESIAN_POINT('',(-1.89E+03,-1.45E+03,450.));
#1365 = VECTOR('',#1366,1.);
#1366 = DIRECTION('',(1.,0.,0.));
#1367 = PCURVE('',#204,#1368);
#1368 = DEFINITIONAL_REPRESENTATION('',(#1369),#1373);
#1369 = LINE('',#1370,#1371);
#1370 = CARTESIAN_POINT('',(450.,4.11E+03));
#1371 = VECTOR('',#1372,1.);
#1372 = DIRECTION('',(0.,1.));
#1373 = ( GEOMETRIC_REPRESENTATION_CONTEXT(2) 
PARAMETRIC_REPRESENTATION_CONTEXT() REPRESENTATION_CONTEXT('2D SPACE',''
  ) );
#1374 = PCURVE('',#1375,#1380);
#1375 = PLANE('',#1376);
#1376 = AXIS2_PLACEMENT_3D('',#1377,#1378,#1379);
#1377 = CARTESIAN_POINT('',(-1.89E+03,-1.45E+03,450.));
#1378 = DIRECTION('',(0.,0.,1.));
#1379 = DIRECTION('',(1.,0.,0.));
#1380 = DEFINITIONAL_REPRESENTATION('',(#1381),#1385);
#1381 = LINE('',#1382,#1383);
#1382 = CARTESIAN_POINT('',(0.,0.));
#1383 = VECTOR('',#1384,1.);
#1384 = DIRECTION('',(1.,0.));
#1385 = ( GEOMETRIC_REPRESENTATION_CONTEXT(2) 
PARAMETRIC_REPRESENTATION_CONTEXT() REPRESENTATION_CONTEXT('2D SPACE',''
  ) );
#1386 = ORIENTED_EDGE('',*,*,#1387,.T.);
#1387 = EDGE_CURVE('',#1360,#1304,#1388,.T.);
#1388 = SURFACE_CURVE('',#1389,(#1393,#1400),.PCURVE_S1.);
#1389 = LINE('',#1390,#1391);
#1390 = CARTESIAN_POINT('',(-1.51E+03,-1.45E+03,450.));
#1391 = VECTOR('',#1392,1.);
#1392 = DIRECTION('',(0.,0.,1.));
#1393 = PCURVE('',#204,#1394);
#1394 = DEFINITIONAL_REPRESENTATION('',(#1395),#1399);
#1395 = LINE('',#1396,#1397);
#1396 = CARTESIAN_POINT('',(450.,4.49E+03));
#1397 = VECTOR('',#1398,1.);
#1398 = DIRECTION('',(1.,0.));
#1399 = ( GEOMETRIC_REPRESENTATION_CONTEXT(2) 
PARAMETRIC_REPRESENTATION_CONTEXT() REPRESENTATION_CONTEXT('2D SPACE',''
  ) );
#1400 = PCURVE('',#1401,#1406);
#1401 = PLANE('',#1402);
#1402 = AXIS2_PLACEMENT_3D('',#1403,#1404,#1405);
#1403 = CARTESIAN_POINT('',(-1.51E+03,-1.45E+03,450.));
#1404 = DIRECTION('',(1.,0.,0.));
#1405 = DIRECTION('',(0.,0.,1.));
#1406 = DEFINITIONAL_REPRESENTATION('',(#1407),#1411);
#1407 = LINE('',#1408,#1409);
#1408 = CARTESIAN_POINT('',(0.,0.));
#1409 = VECTOR('',#1410,1.);
#1410 = DIRECTION('',(1.,0.));
#1411 = ( GEOMETRIC_REPRESENTATION_CONTEXT(2) 
PARAMETRIC_REPRESENTATION_CONTEXT() REPRESENTATION_CONTEXT('2D SPACE',''
  ) );
#1412 = FACE_BOUND('',#1413,.F.);
#1413 = EDGE_LOOP('',(#1414,#1444,#1472,#1500));
#1414 = ORIENTED_EDGE('',*,*,#1415,.F.);
#1415 = EDGE_CURVE('',#1416,#1418,#1420,.T.);
#1416 = VERTEX_POINT('',#1417);
#1417 = CARTESIAN_POINT('',(1.51E+03,-1.45E+03,590.));
#1418 = VERTEX_POINT('',#1419);
#1419 = CARTESIAN_POINT('',(1.89E+03,-1.45E+03,590.));
#1420 = SURFACE_CURVE('',#1421,(#1425,#1432),.PCURVE_S1.);
#1421 = LINE('',#1422,#1423);
#1422 = CARTESIAN_POINT('',(1.51E+03,-1.45E+03,590.));
#1423 = VECTOR('',#1424,1.);
#1424 = DIRECTION('',(1.,0.,0.));
#1425 = PCURVE('',#204,#1426);
#1426 = DEFINITIONAL_REPRESENTATION('',(#1427),#1431);
#1427 = LINE('',#1428,#1429);
#1428 = CARTESIAN_POINT('',(590.,7.51E+03));
#1429 = VECTOR('',#1430,1.);
#1430 = DIRECTION('',(0.,1.));
#1431 = ( GEOMETRIC_REPRESENTATION_CONTEXT(2) 
PARAMETRIC_REPRESENTATION_CONTEXT() REPRESENTATION_CONTEXT('2D SPACE',''
  ) );
#1432 = PCURVE('',#1433,#1438);
#1433 = PLANE('',#1434);
#1434 = AXIS2_PLACEMENT_3D('',#1435,#1436,#1437);
#1435 = CARTESIAN_POINT('',(1.51E+03,-1.45E+03,590.));
#1436 = DIRECTION('',(0.,0.,1.));
#1437 = DIRECTION('',(1.,0.,0.));
#1438 = DEFINITIONAL_REPRESENTATION('',(#1439),#1443);
#1439 = LINE('',#1440,#1441);
#1440 = CARTESIAN_POINT('',(0.,0.));
#1441 = VECTOR('',#1442,1.);
#1442 = DIRECTION('',(1.,0.));
#1443 = ( GEOMETRIC_REPRESENTATION_CONTEXT(2) 
PARAMETRIC_REPRESENTATION_CONTEXT() REPRESENTATION_CONTEXT('2D SPACE',''
  ) );
#1444 = ORIENTED_EDGE('',*,*,#1445,.F.);
#1445 = EDGE_CURVE('',#1446,#1416,#1448,.T.);
#1446 = VERTEX_POINT('',#1447);
#1447 = CARTESIAN_POINT('',(1.51E+03,-1.45E+03,450.));
#1448 = SURFACE_CURVE('',#1449,(#1453,#1460),.PCURVE_S1.);
#1449 = LINE('',#1450,#1451);
#1450 = CARTESIAN_POINT('',(1.51E+03,-1.45E+03,450.));
#1451 = VECTOR('',#1452,1.);
#1452 = DIRECTION('',(0.,0.,1.));
#1453 = PCURVE('',#204,#1454);
#1454 = DEFINITIONAL_REPRESENTATION('',(#1455),#1459);
#1455 = LINE('',#1456,#1457);
#1456 = CARTESIAN_POINT('',(450.,7.51E+03));
#1457 = VECTOR('',#1458,1.);
#1458 = DIRECTION('',(1.,0.));
#1459 = ( GEOMETRIC_REPRESENTATION_CONTEXT(2) 
PARAMETRIC_REPRESENTATION_CONTEXT() REPRESENTATION_CONTEXT('2D SPACE',''
  ) );
#1460 = PCURVE('',#1461,#1466);
#1461 = PLANE('',#1462);
#1462 = AXIS2_PLACEMENT_3D('',#1463,#1464,#1465);
#1463 = CARTESIAN_POINT('',(1.51E+03,-1.45E+03,450.));
#1464 = DIRECTION('',(1.,0.,0.));
#1465 = DIRECTION('',(0.,0.,1.));
#1466 = DEFINITIONAL_REPRESENTATION('',(#1467),#1471);
#1467 = LINE('',#1468,#1469);
#1468 = CARTESIAN_POINT('',(0.,0.));
#1469 = VECTOR('',#1470,1.);
#1470 = DIRECTION('',(1.,0.));
#1471 = ( GEOMETRIC_REPRESENTATION_CONTEXT(2) 
PARAMETRIC_REPRESENTATION_CONTEXT() REPRESENTATION_CONTEXT('2D SPACE',''
  ) );
#1472 = ORIENTED_EDGE('',*,*,#1473,.T.);
#1473 = EDGE_CURVE('',#1446,#1474,#1476,.T.);
#1474 = VERTEX_POINT('',#1475);
#1475 = CARTESIAN_POINT('',(1.89E+03,-1.45E+03,450.));
#1476 = SURFACE_CURVE('',#1477,(#1481,#1488),.PCURVE_S1.);
#1477 = LINE('',#1478,#1479);
#1478 = CARTESIAN_POINT('',(1.51E+03,-1.45E+03,450.));
#1479 = VECTOR('',#1480,1.);
#1480 = DIRECTION('',(1.,0.,0.));
#1481 = PCURVE('',#204,#1482);
#1482 = DEFINITIONAL_REPRESENTATION('',(#1483),#1487);
#1483 = LINE('',#1484,#1485);
#1484 = CARTESIAN_POINT('',(450.,7.51E+03));
#1485 = VECTOR('',#1486,1.);
#1486 = DIRECTION('',(0.,1.));
#1487 = ( GEOMETRIC_REPRESENTATION_CONTEXT(2) 
PARAMETRIC_REPRESENTATION_CONTEXT() REPRESENTATION_CONTEXT('2D SPACE',''
  ) );
#1488 = PCURVE('',#1489,#1494);
#1489 = PLANE('',#1490);
#1490 = AXIS2_PLACEMENT_3D('',#1491,#1492,#1493);
#1491 = CARTESIAN_POINT('',(1.51E+03,-1.45E+03,450.));
#1492 = DIRECTION('',(0.,0.,1.));
#1493 = DIRECTION('',(1.,0.,0.));
#1494 = DEFINITIONAL_REPRESENTATION('',(#1495),#1499);
#1495 = LINE('',#1496,#1497);
#1496 = CARTESIAN_POINT('',(0.,0.));
#1497 = VECTOR('',#1498,1.);
#1498 = DIRECTION('',(1.,0.));
#1499 = ( GEOMETRIC_REPRESENTATION_CONTEXT(2) 
PARAMETRIC_REPRESENTATION_CONTEXT() REPRESENTATION_CONTEXT('2D SPACE',''
  ) );
#1500 = ORIENTED_EDGE('',*,*,#1501,.T.);
#1501 = EDGE_CURVE('',#1474,#1418,#1502,.T.);
#1502 = SURFACE_CURVE('',#1503,(#1507,#1514),.PCURVE_S1.);
#1503 = LINE('',#1504,#1505);
#1504 = CARTESIAN_POINT('',(1.89E+03,-1.45E+03,450.));
#1505 = VECTOR('',#1506,1.);
#1506 = DIRECTION('',(0.,0.,1.));
#1507 = PCURVE('',#204,#1508);
#1508 = DEFINITIONAL_REPRESENTATION('',(#1509),#1513);
#1509 = LINE('',#1510,#1511);
#1510 = CARTESIAN_POINT('',(450.,7.89E+03));
#1511 = VECTOR('',#1512,1.);
#1512 = DIRECTION('',(1.,0.));
#1513 = ( GEOMETRIC_REPRESENTATION_CONTEXT(2) 
PARAMETRIC_REPRESENTATION_CONTEXT() REPRESENTATION_CONTEXT('2D SPACE',''
  ) );
#1514 = PCURVE('',#1515,#1520);
#1515 = PLANE('',#1516);
#1516 = AXIS2_PLACEMENT_3D('',#1517,#1518,#1519);
#1517 = CARTESIAN_POINT('',(1.89E+03,-1.45E+03,450.));
#1518 = DIRECTION('',(1.,0.,0.));
#1519 = DIRECTION('',(0.,0.,1.));
#1520 = DEFINITIONAL_REPRESENTATION('',(#1521),#1525);
#1521 = LINE('',#1522,#1523);
#1522 = CARTESIAN_POINT('',(0.,0.));
#1523 = VECTOR('',#1524,1.);
#1524 = DIRECTION('',(1.,0.));
#1525 = ( GEOMETRIC_REPRESENTATION_CONTEXT(2) 
PARAMETRIC_REPRESENTATION_CONTEXT() REPRESENTATION_CONTEXT('2D SPACE',''
  ) );
#1526 = FACE_BOUND('',#1527,.F.);
#1527 = EDGE_LOOP('',(#1528,#1558,#1586,#1614));
#1528 = ORIENTED_EDGE('',*,*,#1529,.F.);
#1529 = EDGE_CURVE('',#1530,#1532,#1534,.T.);
#1530 = VERTEX_POINT('',#1531);
#1531 = CARTESIAN_POINT('',(2.61E+03,-1.45E+03,590.));
#1532 = VERTEX_POINT('',#1533);
#1533 = CARTESIAN_POINT('',(2.99E+03,-1.45E+03,590.));
#1534 = SURFACE_CURVE('',#1535,(#1539,#1546),.PCURVE_S1.);
#1535 = LINE('',#1536,#1537);
#1536 = CARTESIAN_POINT('',(2.61E+03,-1.45E+03,590.));
#1537 = VECTOR('',#1538,1.);
#1538 = DIRECTION('',(1.,0.,0.));
#1539 = PCURVE('',#204,#1540);
#1540 = DEFINITIONAL_REPRESENTATION('',(#1541),#1545);
#1541 = LINE('',#1542,#1543);
#1542 = CARTESIAN_POINT('',(590.,8.61E+03));
#1543 = VECTOR('',#1544,1.);
#1544 = DIRECTION('',(0.,1.));
#1545 = ( GEOMETRIC_REPRESENTATION_CONTEXT(2) 
PARAMETRIC_REPRESENTATION_CONTEXT() REPRESENTATION_CONTEXT('2D SPACE',''
  ) );
#1546 = PCURVE('',#1547,#1552);
#1547 = PLANE('',#1548);
#1548 = AXIS2_PLACEMENT_3D('',#1549,#1550,#1551);
#1549 = CARTESIAN_POINT('',(2.61E+03,-1.45E+03,590.));
#1550 = DIRECTION('',(0.,0.,1.));
#1551 = DIRECTION('',(1.,0.,0.));
#1552 = DEFINITIONAL_REPRESENTATION('',(#1553),#1557);
#1553 = LINE('',#1554,#1555);
#1554 = CARTESIAN_POINT('',(0.,0.));
#1555 = VECTOR('',#1556,1.);
#1556 = DIRECTION('',(1.,0.));
#1557 = ( GEOMETRIC_REPRESENTATION_CONTEXT(2) 
PARAMETRIC_REPRESENTATION_CONTEXT() REPRESENTATION_CONTEXT('2D SPACE',''
  ) );
#1558 = ORIENTED_EDGE('',*,*,#1559,.F.);
#1559 = EDGE_CURVE('',#1560,#1530,#1562,.T.);
#1560 = VERTEX_POINT('',#1561);
#1561 = CARTESIAN_POINT('',(2.61E+03,-1.45E+03,450.));
#1562 = SURFACE_CURVE('',#1563,(#1567,#1574),.PCURVE_S1.);
#1563 = LINE('',#1564,#1565);
#1564 = CARTESIAN_POINT('',(2.61E+03,-1.45E+03,450.));
#1565 = VECTOR('',#1566,1.);
#1566 = DIRECTION('',(0.,0.,1.));
#1567 = PCURVE('',#204,#1568);
#1568 = DEFINITIONAL_REPRESENTATION('',(#1569),#1573);
#1569 = LINE('',#1570,#1571);
#1570 = CARTESIAN_POINT('',(450.,8.61E+03));
#1571 = VECTOR('',#1572,1.);
#1572 = DIRECTION('',(1.,0.));
#1573 = ( GEOMETRIC_REPRESENTATION_CONTEXT(2) 
PARAMETRIC_REPRESENTATION_CONTEXT() REPRESENTATION_CONTEXT('2D SPACE',''
  ) );
#1574 = PCURVE('',#1575,#1580);
#1575 = PLANE('',#1576);
#1576 = AXIS2_PLACEMENT_3D('',#1577,#1578,#1579);
#1577 = CARTESIAN_POINT('',(2.61E+03,-1.45E+03,450.));
#1578 = DIRECTION('',(1.,0.,0.));
#1579 = DIRECTION('',(0.,0.,1.));
#1580 = DEFINITIONAL_REPRESENTATION('',(#1581),#1585);
#1581 = LINE('',#1582,#1583);
#1582 = CARTESIAN_POINT('',(0.,0.));
#1583 = VECTOR('',#1584,1.);
#1584 = DIRECTION('',(1.,0.));
#1585 = ( GEOMETRIC_REPRESENTATION_CONTEXT(2) 
PARAMETRIC_REPRESENTATION_CONTEXT() REPRESENTATION_CONTEXT('2D SPACE',''
  ) );
#1586 = ORIENTED_EDGE('',*,*,#1587,.T.);
#1587 = EDGE_CURVE('',#1560,#1588,#1590,.T.);
#1588 = VERTEX_POINT('',#1589);
#1589 = CARTESIAN_POINT('',(2.99E+03,-1.45E+03,450.));
#1590 = SURFACE_CURVE('',#1591,(#1595,#1602),.PCURVE_S1.);
#1591 = LINE('',#1592,#1593);
#1592 = CARTESIAN_POINT('',(2.61E+03,-1.45E+03,450.));
#1593 = VECTOR('',#1594,1.);
#1594 = DIRECTION('',(1.,0.,0.));
#1595 = PCURVE('',#204,#1596);
#1596 = DEFINITIONAL_REPRESENTATION('',(#1597),#1601);
#1597 = LINE('',#1598,#1599);
#1598 = CARTESIAN_POINT('',(450.,8.61E+03));
#1599 = VECTOR('',#1600,1.);
#1600 = DIRECTION('',(0.,1.));
#1601 = ( GEOMETRIC_REPRESENTATION_CONTEXT(2) 
PARAMETRIC_REPRESENTATION_CONTEXT() REPRESENTATION_CONTEXT('2D SPACE',''
  ) );
#1602 = PCURVE('',#1603,#1608);
#1603 = PLANE('',#1604);
#1604 = AXIS2_PLACEMENT_3D('',#1605,#1606,#1607);
#1605 = CARTESIAN_POINT('',(2.61E+03,-1.45E+03,450.));
#1606 = DIRECTION('',(0.,0.,1.));
#1607 = DIRECTION('',(1.,0.,0.));
#1608 = DEFINITIONAL_REPRESENTATION('',(#1609),#1613);
#1609 = LINE('',#1610,#1611);
#1610 = CARTESIAN_POINT('',(0.,0.));
#1611 = VECTOR('',#1612,1.);
#1612 = DIRECTION('',(1.,0.));
#1613 = ( GEOMETRIC_REPRESENTATION_CONTEXT(2) 
PARAMETRIC_REPRESENTATION_CONTEXT() REPRESENTATION_CONTEXT('2D SPACE',''
  ) );
#1614 = ORIENTED_EDGE('',*,*,#1615,.T.);
#1615 = EDGE_CURVE('',#1588,#1532,#1616,.T.);
#1616 = SURFACE_CURVE('',#1617,(#1621,#1628),.PCURVE_S1.);
#1617 = LINE('',#1618,#1619);
#1618 = CARTESIAN_POINT('',(2.99E+03,-1.45E+03,450.));
#1619 = VECTOR('',#1620,1.);
#1620 = DIRECTION('',(0.,0.,1.));
#1621 = PCURVE('',#204,#1622);
#1622 = DEFINITIONAL_REPRESENTATION('',(#1623),#1627);
#1623 = LINE('',#1624,#1625);
#1624 = CARTESIAN_POINT('',(450.,8.99E+03));
#1625 = VECTOR('',#1626,1.);
#1626 = DIRECTION('',(1.,0.));
#1627 = ( GEOMETRIC_REPRESENTATION_CONTEXT(2) 
PARAMETRIC_REPRESENTATION_CONTEXT() REPRESENTATION_CONTEXT('2D SPACE',''
  ) );
#1628 = PCURVE('',#1629,#1634);
#1629 = PLANE('',#1630);
#1630 = AXIS2_PLACEMENT_3D('',#1631,#1632,#1633);
#1631 = CARTESIAN_POINT('',(2.99E+03,-1.45E+03,450.));
#1632 = DIRECTION('',(1.,0.,0.));
#1633 = DIRECTION('',(0.,0.,1.));
#1634 = DEFINITIONAL_REPRESENTATION('',(#1635),#1639);
#1635 = LINE('',#1636,#1637);
#1636 = CARTESIAN_POINT('',(0.,0.));
#1637 = VECTOR('',#1638,1.);
#1638 = DIRECTION('',(1.,0.));
#1639 = ( GEOMETRIC_REPRESENTATION_CONTEXT(2) 
PARAMETRIC_REPRESENTATION_CONTEXT() REPRESENTATION_CONTEXT('2D SPACE',''
  ) );
#1640 = ADVANCED_FACE('',(#1641),#302,.T.);
#1641 = FACE_BOUND('',#1642,.T.);
#1642 = EDGE_LOOP('',(#1643,#1644,#1645,#1668,#1719,#1747,#1798,#1826));
#1643 = ORIENTED_EDGE('',*,*,#286,.F.);
#1644 = ORIENTED_EDGE('',*,*,#612,.F.);
#1645 = ORIENTED_EDGE('',*,*,#1646,.F.);
#1646 = EDGE_CURVE('',#1647,#584,#1649,.T.);
#1647 = VERTEX_POINT('',#1648);
#1648 = CARTESIAN_POINT('',(5.88E+03,-1.36E+03,3.35E+03));
#1649 = SURFACE_CURVE('',#1650,(#1654,#1661),.PCURVE_S1.);
#1650 = LINE('',#1651,#1652);
#1651 = CARTESIAN_POINT('',(5.88E+03,-1.36E+03,3.35E+03));
#1652 = VECTOR('',#1653,1.);
#1653 = DIRECTION('',(-1.,-0.,-0.));
#1654 = PCURVE('',#302,#1655);
#1655 = DEFINITIONAL_REPRESENTATION('',(#1656),#1660);
#1656 = LINE('',#1657,#1658);
#1657 = CARTESIAN_POINT('',(1.188E+04,90.));
#1658 = VECTOR('',#1659,1.);
#1659 = DIRECTION('',(-1.,-0.));
#1660 = ( GEOMETRIC_REPRESENTATION_CONTEXT(2) 
PARAMETRIC_REPRESENTATION_CONTEXT() REPRESENTATION_CONTEXT('2D SPACE',''
  ) );
#1661 = PCURVE('',#599,#1662);
#1662 = DEFINITIONAL_REPRESENTATION('',(#1663),#1667);
#1663 = LINE('',#1664,#1665);
#1664 = CARTESIAN_POINT('',(1.570796326795,0.));
#1665 = VECTOR('',#1666,1.);
#1666 = DIRECTION('',(0.,1.));
#1667 = ( GEOMETRIC_REPRESENTATION_CONTEXT(2) 
PARAMETRIC_REPRESENTATION_CONTEXT() REPRESENTATION_CONTEXT('2D SPACE',''
  ) );
#1668 = ORIENTED_EDGE('',*,*,#1669,.F.);
#1669 = EDGE_CURVE('',#1670,#1647,#1672,.T.);
#1670 = VERTEX_POINT('',#1671);
#1671 = CARTESIAN_POINT('',(5.91E+03,-1.33E+03,3.35E+03));
#1672 = SURFACE_CURVE('',#1673,(#1678,#1689),.PCURVE_S1.);
#1673 = CIRCLE('',#1674,30.);
#1674 = AXIS2_PLACEMENT_3D('',#1675,#1676,#1677);
#1675 = CARTESIAN_POINT('',(5.88E+03,-1.33E+03,3.35E+03));
#1676 = DIRECTION('',(0.,-0.,-1.));
#1677 = DIRECTION('',(1.,0.,-0.));
#1678 = PCURVE('',#302,#1679);
#1679 = DEFINITIONAL_REPRESENTATION('',(#1680),#1688);
#1680 = ( BOUNDED_CURVE() B_SPLINE_CURVE(2,(#1681,#1682,#1683,#1684,
#1685,#1686,#1687),.UNSPECIFIED.,.T.,.F.) B_SPLINE_CURVE_WITH_KNOTS((1,2
    ,2,2,2,1),(-2.094395102393,0.,2.094395102393,4.188790204786,
6.28318530718,8.377580409573),.UNSPECIFIED.) CURVE() 
GEOMETRIC_REPRESENTATION_ITEM() RATIONAL_B_SPLINE_CURVE((1.,0.5,1.,0.5,
1.,0.5,1.)) REPRESENTATION_ITEM('') );
#1681 = CARTESIAN_POINT('',(1.191E+04,120.));
#1682 = CARTESIAN_POINT('',(1.191E+04,68.038475772934));
#1683 = CARTESIAN_POINT('',(1.1865E+04,94.019237886467));
#1684 = CARTESIAN_POINT('',(1.182E+04,120.));
#1685 = CARTESIAN_POINT('',(1.1865E+04,145.98076211353));
#1686 = CARTESIAN_POINT('',(1.191E+04,171.96152422706));
#1687 = CARTESIAN_POINT('',(1.191E+04,120.));
#1688 = ( GEOMETRIC_REPRESENTATION_CONTEXT(2) 
PARAMETRIC_REPRESENTATION_CONTEXT() REPRESENTATION_CONTEXT('2D SPACE',''
  ) );
#1689 = PCURVE('',#1690,#1713);
#1690 = SURFACE_OF_REVOLUTION('',#1691,#1710);
#1691 = B_SPLINE_CURVE_WITH_KNOTS('',5,(#1692,#1693,#1694,#1695,#1696,
    #1697,#1698,#1699,#1700,#1701,#1702,#1703,#1704,#1705,#1706,#1707,
    #1708,#1709),.UNSPECIFIED.,.F.,.F.,(6,4,4,4,6),(0.,0.392699081699,
    0.785398163397,1.178097245096,1.570796326795),.UNSPECIFIED.);
#1692 = CARTESIAN_POINT('',(6.E+03,-1.33E+03,3.26E+03));
#1693 = CARTESIAN_POINT('',(6.E+03,-1.33E+03,3.267068583471E+03));
#1694 = CARTESIAN_POINT('',(5.999306053686E+03,-1.33E+03,
    3.274137168727E+03));
#1695 = CARTESIAN_POINT('',(5.997918095382E+03,-1.33E+03,
    3.281114906321E+03));
#1696 = CARTESIAN_POINT('',(5.99585418771E+03,-1.33E+03,
    3.287910989321E+03));
#1697 = CARTESIAN_POINT('',(5.990444128142E+03,-1.33E+03,
    3.300972028505E+03));
#1698 = CARTESIAN_POINT('',(5.987097974877E+03,-1.33E+03,
    3.30723698799E+03));
#1699 = CARTESIAN_POINT('',(5.983145404036E+03,-1.33E+03,
    3.313152428288E+03));
#1700 = CARTESIAN_POINT('',(5.978637853612E+03,-1.33E+03,
    3.318641367001E+03));
#1701 = CARTESIAN_POINT('',(5.968641367001E+03,-1.33E+03,
    3.328637853612E+03));
#1702 = CARTESIAN_POINT('',(5.963152428288E+03,-1.33E+03,
    3.333145404036E+03));
#1703 = CARTESIAN_POINT('',(5.95723698799E+03,-1.33E+03,
    3.337097974877E+03));
#1704 = CARTESIAN_POINT('',(5.950972028505E+03,-1.33E+03,
    3.340444128142E+03));
#1705 = CARTESIAN_POINT('',(5.937910989321E+03,-1.33E+03,
    3.34585418771E+03));
#1706 = CARTESIAN_POINT('',(5.931114906321E+03,-1.33E+03,
    3.347918095382E+03));
#1707 = CARTESIAN_POINT('',(5.924137168727E+03,-1.33E+03,
    3.349306053686E+03));
#1708 = CARTESIAN_POINT('',(5.917068583471E+03,-1.33E+03,3.35E+03));
#1709 = CARTESIAN_POINT('',(5.91E+03,-1.33E+03,3.35E+03));
#1710 = AXIS1_PLACEMENT('',#1711,#1712);
#1711 = CARTESIAN_POINT('',(5.88E+03,-1.33E+03,3.26E+03));
#1712 = DIRECTION('',(0.,0.,1.));
#1713 = DEFINITIONAL_REPRESENTATION('',(#1714),#1718);
#1714 = LINE('',#1715,#1716);
#1715 = CARTESIAN_POINT('',(-0.,1.570796326795));
#1716 = VECTOR('',#1717,1.);
#1717 = DIRECTION('',(-1.,0.));
#1718 = ( GEOMETRIC_REPRESENTATION_CONTEXT(2) 
PARAMETRIC_REPRESENTATION_CONTEXT() REPRESENTATION_CONTEXT('2D SPACE',''
  ) );
#1719 = ORIENTED_EDGE('',*,*,#1720,.F.);
#1720 = EDGE_CURVE('',#1721,#1670,#1723,.T.);
#1721 = VERTEX_POINT('',#1722);
#1722 = CARTESIAN_POINT('',(5.91E+03,1.33E+03,3.35E+03));
#1723 = SURFACE_CURVE('',#1724,(#1728,#1735),.PCURVE_S1.);
#1724 = LINE('',#1725,#1726);
#1725 = CARTESIAN_POINT('',(5.91E+03,1.33E+03,3.35E+03));
#1726 = VECTOR('',#1727,1.);
#1727 = DIRECTION('',(-0.,-1.,-0.));
#1728 = PCURVE('',#302,#1729);
#1729 = DEFINITIONAL_REPRESENTATION('',(#1730),#1734);
#1730 = LINE('',#1731,#1732);
#1731 = CARTESIAN_POINT('',(1.191E+04,2.78E+03));
#1732 = VECTOR('',#1733,1.);
#1733 = DIRECTION('',(-0.,-1.));
#1734 = ( GEOMETRIC_REPRESENTATION_CONTEXT(2) 
PARAMETRIC_REPRESENTATION_CONTEXT() REPRESENTATION_CONTEXT('2D SPACE',''
  ) );
#1735 = PCURVE('',#1736,#1741);
#1736 = CYLINDRICAL_SURFACE('',#1737,90.);
#1737 = AXIS2_PLACEMENT_3D('',#1738,#1739,#1740);
#1738 = CARTESIAN_POINT('',(5.91E+03,1.33E+03,3.26E+03));
#1739 = DIRECTION('',(-0.,-1.,-0.));
#1740 = DIRECTION('',(1.,0.,-0.));
#1741 = DEFINITIONAL_REPRESENTATION('',(#1742),#1746);
#1742 = LINE('',#1743,#1744);
#1743 = CARTESIAN_POINT('',(1.570796326795,0.));
#1744 = VECTOR('',#1745,1.);
#1745 = DIRECTION('',(0.,1.));
#1746 = ( GEOMETRIC_REPRESENTATION_CONTEXT(2) 
PARAMETRIC_REPRESENTATION_CONTEXT() REPRESENTATION_CONTEXT('2D SPACE',''
  ) );
#1747 = ORIENTED_EDGE('',*,*,#1748,.F.);
#1748 = EDGE_CURVE('',#1749,#1721,#1751,.T.);
#1749 = VERTEX_POINT('',#1750);
#1750 = CARTESIAN_POINT('',(5.88E+03,1.36E+03,3.35E+03));
#1751 = SURFACE_CURVE('',#1752,(#1757,#1768),.PCURVE_S1.);
#1752 = CIRCLE('',#1753,30.);
#1753 = AXIS2_PLACEMENT_3D('',#1754,#1755,#1756);
#1754 = CARTESIAN_POINT('',(5.88E+03,1.33E+03,3.35E+03));
#1755 = DIRECTION('',(0.,-0.,-1.));
#1756 = DIRECTION('',(0.,1.,-0.));
#1757 = PCURVE('',#302,#1758);
#1758 = DEFINITIONAL_REPRESENTATION('',(#1759),#1767);
#1759 = ( BOUNDED_CURVE() B_SPLINE_CURVE(2,(#1760,#1761,#1762,#1763,
#1764,#1765,#1766),.UNSPECIFIED.,.T.,.F.) B_SPLINE_CURVE_WITH_KNOTS((1,2
    ,2,2,2,1),(-2.094395102393,0.,2.094395102393,4.188790204786,
6.28318530718,8.377580409573),.UNSPECIFIED.) CURVE() 
GEOMETRIC_REPRESENTATION_ITEM() RATIONAL_B_SPLINE_CURVE((1.,0.5,1.,0.5,
1.,0.5,1.)) REPRESENTATION_ITEM('') );
#1760 = CARTESIAN_POINT('',(1.188E+04,2.81E+03));
#1761 = CARTESIAN_POINT('',(1.193196152423E+04,2.81E+03));
#1762 = CARTESIAN_POINT('',(1.190598076211E+04,2.765E+03));
#1763 = CARTESIAN_POINT('',(1.188E+04,2.72E+03));
#1764 = CARTESIAN_POINT('',(1.185401923789E+04,2.765E+03));
#1765 = CARTESIAN_POINT('',(1.182803847577E+04,2.81E+03));
#1766 = CARTESIAN_POINT('',(1.188E+04,2.81E+03));
#1767 = ( GEOMETRIC_REPRESENTATION_CONTEXT(2) 
PARAMETRIC_REPRESENTATION_CONTEXT() REPRESENTATION_CONTEXT('2D SPACE',''
  ) );
#1768 = PCURVE('',#1769,#1792);
#1769 = SURFACE_OF_REVOLUTION('',#1770,#1789);
#1770 = B_SPLINE_CURVE_WITH_KNOTS('',5,(#1771,#1772,#1773,#1774,#1775,
    #1776,#1777,#1778,#1779,#1780,#1781,#1782,#1783,#1784,#1785,#1786,
    #1787,#1788),.UNSPECIFIED.,.F.,.F.,(6,4,4,4,6),(0.,0.392699081699,
    0.785398163397,1.178097245096,1.570796326795),.UNSPECIFIED.);
#1771 = CARTESIAN_POINT('',(5.88E+03,1.45E+03,3.26E+03));
#1772 = CARTESIAN_POINT('',(5.88E+03,1.45E+03,3.267068583471E+03));
#1773 = CARTESIAN_POINT('',(5.88E+03,1.449306053686E+03,
    3.274137168727E+03));
#1774 = CARTESIAN_POINT('',(5.88E+03,1.447918095382E+03,
    3.281114906321E+03));
#1775 = CARTESIAN_POINT('',(5.88E+03,1.44585418771E+03,
    3.287910989321E+03));
#1776 = CARTESIAN_POINT('',(5.88E+03,1.440444128142E+03,
    3.300972028505E+03));
#1777 = CARTESIAN_POINT('',(5.88E+03,1.437097974877E+03,
    3.30723698799E+03));
#1778 = CARTESIAN_POINT('',(5.88E+03,1.433145404036E+03,
    3.313152428288E+03));
#1779 = CARTESIAN_POINT('',(5.88E+03,1.428637853612E+03,
    3.318641367001E+03));
#1780 = CARTESIAN_POINT('',(5.88E+03,1.418641367001E+03,
    3.328637853612E+03));
#1781 = CARTESIAN_POINT('',(5.88E+03,1.413152428288E+03,
    3.333145404036E+03));
#1782 = CARTESIAN_POINT('',(5.88E+03,1.40723698799E+03,
    3.337097974877E+03));
#1783 = CARTESIAN_POINT('',(5.88E+03,1.400972028505E+03,
    3.340444128142E+03));
#1784 = CARTESIAN_POINT('',(5.88E+03,1.387910989321E+03,
    3.34585418771E+03));
#1785 = CARTESIAN_POINT('',(5.88E+03,1.381114906321E+03,
    3.347918095382E+03));
#1786 = CARTESIAN_POINT('',(5.88E+03,1.374137168727E+03,
    3.349306053686E+03));
#1787 = CARTESIAN_POINT('',(5.88E+03,1.367068583471E+03,3.35E+03));
#1788 = CARTESIAN_POINT('',(5.88E+03,1.36E+03,3.35E+03));
#1789 = AXIS1_PLACEMENT('',#1790,#1791);
#1790 = CARTESIAN_POINT('',(5.88E+03,1.33E+03,3.26E+03));
#1791 = DIRECTION('',(0.,0.,1.));
#1792 = DEFINITIONAL_REPRESENTATION('',(#1793),#1797);
#1793 = LINE('',#1794,#1795);
#1794 = CARTESIAN_POINT('',(-0.,1.570796326795));
#1795 = VECTOR('',#1796,1.);
#1796 = DIRECTION('',(-1.,0.));
#1797 = ( GEOMETRIC_REPRESENTATION_CONTEXT(2) 
PARAMETRIC_REPRESENTATION_CONTEXT() REPRESENTATION_CONTEXT('2D SPACE',''
  ) );
#1798 = ORIENTED_EDGE('',*,*,#1799,.F.);
#1799 = EDGE_CURVE('',#1800,#1749,#1802,.T.);
#1800 = VERTEX_POINT('',#1801);
#1801 = CARTESIAN_POINT('',(-5.88E+03,1.36E+03,3.35E+03));
#1802 = SURFACE_CURVE('',#1803,(#1807,#1814),.PCURVE_S1.);
#1803 = LINE('',#1804,#1805);
#1804 = CARTESIAN_POINT('',(-5.88E+03,1.36E+03,3.35E+03));
#1805 = VECTOR('',#1806,1.);
#1806 = DIRECTION('',(1.,0.,0.));
#1807 = PCURVE('',#302,#1808);
#1808 = DEFINITIONAL_REPRESENTATION('',(#1809),#1813);
#1809 = LINE('',#1810,#1811);
#1810 = CARTESIAN_POINT('',(120.,2.81E+03));
#1811 = VECTOR('',#1812,1.);
#1812 = DIRECTION('',(1.,0.));
#1813 = ( GEOMETRIC_REPRESENTATION_CONTEXT(2) 
PARAMETRIC_REPRESENTATION_CONTEXT() REPRESENTATION_CONTEXT('2D SPACE',''
  ) );
#1814 = PCURVE('',#1815,#1820);
#1815 = CYLINDRICAL_SURFACE('',#1816,90.);
#1816 = AXIS2_PLACEMENT_3D('',#1817,#1818,#1819);
#1817 = CARTESIAN_POINT('',(-5.88E+03,1.36E+03,3.26E+03));
#1818 = DIRECTION('',(1.,0.,0.));
#1819 = DIRECTION('',(-0.,1.,0.));
#1820 = DEFINITIONAL_REPRESENTATION('',(#1821),#1825);
#1821 = LINE('',#1822,#1823);
#1822 = CARTESIAN_POINT('',(1.570796326795,0.));
#1823 = VECTOR('',#1824,1.);
#1824 = DIRECTION('',(0.,1.));
#1825 = ( GEOMETRIC_REPRESENTATION_CONTEXT(2) 
PARAMETRIC_REPRESENTATION_CONTEXT() REPRESENTATION_CONTEXT('2D SPACE',''
  ) );
#1826 = ORIENTED_EDGE('',*,*,#1827,.F.);
#1827 = EDGE_CURVE('',#287,#1800,#1828,.T.);
#1828 = SURFACE_CURVE('',#1829,(#1834,#1845),.PCURVE_S1.);
#1829 = CIRCLE('',#1830,30.);
#1830 = AXIS2_PLACEMENT_3D('',#1831,#1832,#1833);
#1831 = CARTESIAN_POINT('',(-5.88E+03,1.33E+03,3.35E+03));
#1832 = DIRECTION('',(-0.,0.,-1.));
#1833 = DIRECTION('',(-1.,0.,0.));
#1834 = PCURVE('',#302,#1835);
#1835 = DEFINITIONAL_REPRESENTATION('',(#1836),#1844);
#1836 = ( BOUNDED_CURVE() B_SPLINE_CURVE(2,(#1837,#1838,#1839,#1840,
#1841,#1842,#1843),.UNSPECIFIED.,.T.,.F.) B_SPLINE_CURVE_WITH_KNOTS((1,2
    ,2,2,2,1),(-2.094395102393,0.,2.094395102393,4.188790204786,
6.28318530718,8.377580409573),.UNSPECIFIED.) CURVE() 
GEOMETRIC_REPRESENTATION_ITEM() RATIONAL_B_SPLINE_CURVE((1.,0.5,1.,0.5,
1.,0.5,1.)) REPRESENTATION_ITEM('') );
#1837 = CARTESIAN_POINT('',(90.,2.78E+03));
#1838 = CARTESIAN_POINT('',(90.,2.831961524227E+03));
#1839 = CARTESIAN_POINT('',(135.,2.805980762114E+03));
#1840 = CARTESIAN_POINT('',(180.,2.78E+03));
#1841 = CARTESIAN_POINT('',(135.,2.754019237886E+03));
#1842 = CARTESIAN_POINT('',(90.,2.728038475773E+03));
#1843 = CARTESIAN_POINT('',(90.,2.78E+03));
#1844 = ( GEOMETRIC_REPRESENTATION_CONTEXT(2) 
PARAMETRIC_REPRESENTATION_CONTEXT() REPRESENTATION_CONTEXT('2D SPACE',''
  ) );
#1845 = PCURVE('',#328,#1846);
#1846 = DEFINITIONAL_REPRESENTATION('',(#1847),#1851);
#1847 = LINE('',#1848,#1849);
#1848 = CARTESIAN_POINT('',(-0.,1.570796326795));
#1849 = VECTOR('',#1850,1.);
#1850 = DIRECTION('',(-1.,0.));
#1851 = ( GEOMETRIC_REPRESENTATION_CONTEXT(2) 
PARAMETRIC_REPRESENTATION_CONTEXT() REPRESENTATION_CONTEXT('2D SPACE',''
  ) );
#1852 = ADVANCED_FACE('',(#1853,#1878),#328,.T.);
#1853 = FACE_BOUND('',#1854,.F.);
#1854 = EDGE_LOOP('',(#1855,#1856,#1857,#1877));
#1855 = ORIENTED_EDGE('',*,*,#314,.F.);
#1856 = ORIENTED_EDGE('',*,*,#558,.T.);
#1857 = ORIENTED_EDGE('',*,*,#1858,.T.);
#1858 = EDGE_CURVE('',#536,#1800,#1859,.T.);
#1859 = SURFACE_CURVE('',#1860,(#1865,#1871),.PCURVE_S1.);
#1860 = CIRCLE('',#1861,90.);
#1861 = AXIS2_PLACEMENT_3D('',#1862,#1863,#1864);
#1862 = CARTESIAN_POINT('',(-5.88E+03,1.36E+03,3.26E+03));
#1863 = DIRECTION('',(1.,6.123233995737E-17,-0.));
#1864 = DIRECTION('',(-6.123233995737E-17,1.,0.));
#1865 = PCURVE('',#328,#1866);
#1866 = DEFINITIONAL_REPRESENTATION('',(#1867),#1870);
#1867 = B_SPLINE_CURVE_WITH_KNOTS('',1,(#1868,#1869),.UNSPECIFIED.,.F.,
  .F.,(2,2),(0.,1.570796326795),.PIECEWISE_BEZIER_KNOTS.);
#1868 = CARTESIAN_POINT('',(-1.570796326795,0.));
#1869 = CARTESIAN_POINT('',(-1.570796326795,1.570796326795));
#1870 = ( GEOMETRIC_REPRESENTATION_CONTEXT(2) 
PARAMETRIC_REPRESENTATION_CONTEXT() REPRESENTATION_CONTEXT('2D SPACE',''
  ) );
#1871 = PCURVE('',#1815,#1872);
#1872 = DEFINITIONAL_REPRESENTATION('',(#1873),#1876);
#1873 = B_SPLINE_CURVE_WITH_KNOTS('',1,(#1874,#1875),.UNSPECIFIED.,.F.,
  .F.,(2,2),(0.,1.570796326795),.PIECEWISE_BEZIER_KNOTS.);
#1874 = CARTESIAN_POINT('',(0.,0.));
#1875 = CARTESIAN_POINT('',(1.570796326795,0.));
#1876 = ( GEOMETRIC_REPRESENTATION_CONTEXT(2) 
PARAMETRIC_REPRESENTATION_CONTEXT() REPRESENTATION_CONTEXT('2D SPACE',''
  ) );
#1877 = ORIENTED_EDGE('',*,*,#1827,.F.);
#1878 = FACE_BOUND('',#1879,.F.);
#1879 = EDGE_LOOP('',(#1880,#2033,#2158,#2238));
#1880 = ORIENTED_EDGE('',*,*,#1881,.T.);
#1881 = EDGE_CURVE('',#1882,#1884,#1886,.T.);
#1882 = VERTEX_POINT('',#1883);
#1883 = CARTESIAN_POINT('',(-5.905E+03,1.425E+03,3.318686155193E+03));
#1884 = VERTEX_POINT('',#1885);
#1885 = CARTESIAN_POINT('',(-5.975E+03,1.355E+03,3.318686155193E+03));
#1886 = SURFACE_CURVE('',#1887,(#1932,#1980),.PCURVE_S1.);
#1887 = B_SPLINE_CURVE_WITH_KNOTS('',7,(#1888,#1889,#1890,#1891,#1892,
    #1893,#1894,#1895,#1896,#1897,#1898,#1899,#1900,#1901,#1902,#1903,
    #1904,#1905,#1906,#1907,#1908,#1909,#1910,#1911,#1912,#1913,#1914,
    #1915,#1916,#1917,#1918,#1919,#1920,#1921,#1922,#1923,#1924,#1925,
    #1926,#1927,#1928,#1929,#1930,#1931),.UNSPECIFIED.,.F.,.F.,(8,6,6,6,
    6,6,6,8),(0.,0.246364281703,0.336691165681,0.389473904609,
    0.500083277443,0.663045912829,0.7533436039,1.),.UNSPECIFIED.);
#1888 = CARTESIAN_POINT('',(-5.905E+03,1.425E+03,3.318686155193E+03));
#1889 = CARTESIAN_POINT('',(-5.90869972025E+03,1.425E+03,
    3.317591410007E+03));
#1890 = CARTESIAN_POINT('',(-5.912418283043E+03,1.424771867471E+03,
    3.316529386221E+03));
#1891 = CARTESIAN_POINT('',(-5.916144173608E+03,1.424311422251E+03,
    3.315508604003E+03));
#1892 = CARTESIAN_POINT('',(-5.919863772094E+03,1.423614017224E+03,
    3.314539259809E+03));
#1893 = CARTESIAN_POINT('',(-5.923561483107E+03,1.422675505915E+03,
    3.313633119785E+03));
#1894 = CARTESIAN_POINT('',(-5.927219732011E+03,1.42149267104E+03,
    3.312803355217E+03));
#1895 = CARTESIAN_POINT('',(-5.932138170087E+03,1.419540955906E+03,
    3.31179205081E+03));
#1896 = CARTESIAN_POINT('',(-5.933449589801E+03,1.418984427729E+03,
    3.311532831359E+03));
#1897 = CARTESIAN_POINT('',(-5.934751876508E+03,1.418394965067E+03,
    3.311286372591E+03));
#1898 = CARTESIAN_POINT('',(-5.936043927141E+03,1.417772616991E+03,
    3.311053349971E+03));
#1899 = CARTESIAN_POINT('',(-5.937324581967E+03,1.417117507169E+03,
    3.310834430907E+03));
#1900 = CARTESIAN_POINT('',(-5.938592627755E+03,1.416429850552E+03,
    3.310630260498E+03));
#1901 = CARTESIAN_POINT('',(-5.940579680157E+03,1.4152893061E+03,
    3.310331113794E+03));
#1902 = CARTESIAN_POINT('',(-5.941307822968E+03,1.414857638448E+03,
    3.31022602413E+03));
#1903 = CARTESIAN_POINT('',(-5.94203097669E+03,1.414415032103E+03,
    3.310126299605E+03));
#1904 = CARTESIAN_POINT('',(-5.94274888467E+03,1.413961563842E+03,
    3.310032056786E+03));
#1905 = CARTESIAN_POINT('',(-5.943461286718E+03,1.413497323378E+03,
    3.309943406315E+03));
#1906 = CARTESIAN_POINT('',(-5.944167919534E+03,1.413022414514E+03,
    3.30986045175E+03));
#1907 = CARTESIAN_POINT('',(-5.94633666117E+03,1.411519649706E+03,
    3.309621587991E+03));
#1908 = CARTESIAN_POINT('',(-5.947778356498E+03,1.410455979611E+03,
    3.309485312996E+03));
#1909 = CARTESIAN_POINT('',(-5.949191079049E+03,1.409347086425E+03,
    3.309375351493E+03));
#1910 = CARTESIAN_POINT('',(-5.950572374491E+03,1.40819434265E+03,
    3.309292412654E+03));
#1911 = CARTESIAN_POINT('',(-5.951919865193E+03,1.406999365744E+03,
    3.309236993264E+03));
#1912 = CARTESIAN_POINT('',(-5.95323126514E+03,1.405764039732E+03,
    3.309209350346E+03));
#1913 = CARTESIAN_POINT('',(-5.956380137835E+03,1.402614285359E+03,
    3.309209670721E+03));
#1914 = CARTESIAN_POINT('',(-5.958173112362E+03,1.400654880358E+03,
    3.30927014568E+03));
#1915 = CARTESIAN_POINT('',(-5.959876131923E+03,1.398619465898E+03,
    3.309390929715E+03));
#1916 = CARTESIAN_POINT('',(-5.961483621827E+03,1.396515594622E+03,
    3.309570770579E+03));
#1917 = CARTESIAN_POINT('',(-5.962991325443E+03,1.39435104023E+03,
    3.309807357722E+03));
#1918 = CARTESIAN_POINT('',(-5.964396100353E+03,1.392133679813E+03,
    3.310097567956E+03));
#1919 = CARTESIAN_POINT('',(-5.966415983596E+03,1.388617954552E+03,
    3.310626226243E+03));
#1920 = CARTESIAN_POINT('',(-5.967103958027E+03,1.387350573729E+03,
    3.310830069551E+03));
#1921 = CARTESIAN_POINT('',(-5.967759411892E+03,1.38607057506E+03,
    3.311048660361E+03));
#1922 = CARTESIAN_POINT('',(-5.968382129361E+03,1.384779171109E+03,
    3.311281354554E+03));
#1923 = CARTESIAN_POINT('',(-5.968971985901E+03,1.383477521066E+03,
    3.311527485592E+03));
#1924 = CARTESIAN_POINT('',(-5.969528931611E+03,1.382166727582E+03,
    3.311786378771E+03));
#1925 = CARTESIAN_POINT('',(-5.971484445756E+03,1.377245154118E+03,
    3.312797590411E+03));
#1926 = CARTESIAN_POINT('',(-5.972670067475E+03,1.373582897594E+03,
    3.313627872827E+03));
#1927 = CARTESIAN_POINT('',(-5.973610784522E+03,1.369881004282E+03,
    3.314534769388E+03));
#1928 = CARTESIAN_POINT('',(-5.974309821654E+03,1.366157118691E+03,
    3.315505057598E+03));
#1929 = CARTESIAN_POINT('',(-5.974771338711E+03,1.362426895898E+03,
    3.316526926446E+03));
#1930 = CARTESIAN_POINT('',(-5.975E+03,1.358704005302E+03,
    3.317590142063E+03));
#1931 = CARTESIAN_POINT('',(-5.975E+03,1.355E+03,3.318686155193E+03));
#1932 = PCURVE('',#328,#1933);
#1933 = DEFINITIONAL_REPRESENTATION('',(#1934),#1979);
#1934 = B_SPLINE_CURVE_WITH_KNOTS('',7,(#1935,#1936,#1937,#1938,#1939,
    #1940,#1941,#1942,#1943,#1944,#1945,#1946,#1947,#1948,#1949,#1950,
    #1951,#1952,#1953,#1954,#1955,#1956,#1957,#1958,#1959,#1960,#1961,
    #1962,#1963,#1964,#1965,#1966,#1967,#1968,#1969,#1970,#1971,#1972,
    #1973,#1974,#1975,#1976,#1977,#1978),.UNSPECIFIED.,.F.,.F.,(8,6,6,6,
    6,6,6,8),(0.,0.246364281703,0.336691165681,0.389473904609,
    0.500083277443,0.663045912829,0.7533436039,1.),.UNSPECIFIED.);
#1935 = CARTESIAN_POINT('',(-1.313472611824,0.71030941853));
#1936 = CARTESIAN_POINT('',(-1.277050495375,0.694265532034));
#1937 = CARTESIAN_POINT('',(-1.240666420828,0.678959473085));
#1938 = CARTESIAN_POINT('',(-1.204243171215,0.66446660786));
#1939 = CARTESIAN_POINT('',(-1.167720091976,0.650885136438));
#1940 = CARTESIAN_POINT('',(-1.13104602509,0.638332973748));
#1941 = CARTESIAN_POINT('',(-1.094176736481,0.626946149709));
#1942 = CARTESIAN_POINT('',(-1.043479865087,0.613170520839));
#1943 = CARTESIAN_POINT('',(-1.029849714955,0.609650825725));
#1944 = CARTESIAN_POINT('',(-1.016189442156,0.606314234507));
#1945 = CARTESIAN_POINT('',(-1.002498651993,0.603167968306));
#1946 = CARTESIAN_POINT('',(-0.988777459092,0.600219208573));
#1947 = CARTESIAN_POINT('',(-0.97502655587,0.597474935045));
#1948 = CARTESIAN_POINT('',(-0.95319532753,0.59346149873));
#1949 = CARTESIAN_POINT('',(-0.945133680152,0.59205331623));
#1950 = CARTESIAN_POINT('',(-0.937062615652,0.59071853537));
#1951 = CARTESIAN_POINT('',(-0.928982468178,0.58945842668));
#1952 = CARTESIAN_POINT('',(-0.920893636271,0.588274198835));
#1953 = CARTESIAN_POINT('',(-0.912796589895,0.587166985448));
#1954 = CARTESIAN_POINT('',(-0.8877079699,0.583981179218));
#1955 = CARTESIAN_POINT('',(-0.870689773279,0.582167236612));
#1956 = CARTESIAN_POINT('',(-0.853643178226,0.580705772045));
#1957 = CARTESIAN_POINT('',(-0.836574321899,0.579604581141));
#1958 = CARTESIAN_POINT('',(-0.819489846955,0.578869142617));
#1959 = CARTESIAN_POINT('',(-0.802397226996,0.578502308228));
#1960 = CARTESIAN_POINT('',(-0.760123128688,0.578506559754));
#1961 = CARTESIAN_POINT('',(-0.734938352725,0.579309093098));
#1962 = CARTESIAN_POINT('',(-0.709781368721,0.58091194834));
#1963 = CARTESIAN_POINT('',(-0.684674703728,0.583301183528));
#1964 = CARTESIAN_POINT('',(-0.659635946481,0.586451364449));
#1965 = CARTESIAN_POINT('',(-0.634679918117,0.590328336605));
#1966 = CARTESIAN_POINT('',(-0.596045013073,0.597420726024));
#1967 = CARTESIAN_POINT('',(-0.582298418127,0.600160500671));
#1968 = CARTESIAN_POINT('',(-0.568581500548,0.60310471773));
#1969 = CARTESIAN_POINT('',(-0.554894958851,0.606246407621));
#1970 = CARTESIAN_POINT('',(-0.541238914093,0.609578397751));
#1971 = CARTESIAN_POINT('',(-0.527612978366,0.61309347449));
#1972 = CARTESIAN_POINT('',(-0.476875817298,0.626867041958));
#1973 = CARTESIAN_POINT('',(-0.439962696011,0.638260293192));
#1974 = CARTESIAN_POINT('',(-0.403245440559,0.650822222619));
#1975 = CARTESIAN_POINT('',(-0.366679702864,0.66441625753));
#1976 = CARTESIAN_POINT('',(-0.330214177674,0.678924022826));
#1977 = CARTESIAN_POINT('',(-0.293788015873,0.694246949847));
#1978 = CARTESIAN_POINT('',(-0.257323714971,0.71030941853));
#1979 = ( GEOMETRIC_REPRESENTATION_CONTEXT(2) 
PARAMETRIC_REPRESENTATION_CONTEXT() REPRESENTATION_CONTEXT('2D SPACE',''
  ) );
#1980 = PCURVE('',#1981,#1986);
#1981 = CYLINDRICAL_SURFACE('',#1982,70.);
#1982 = AXIS2_PLACEMENT_3D('',#1983,#1984,#1985);
#1983 = CARTESIAN_POINT('',(-5.905E+03,1.355E+03,40.));
#1984 = DIRECTION('',(0.,0.,1.));
#1985 = DIRECTION('',(-1.,-0.,0.));
#1986 = DEFINITIONAL_REPRESENTATION('',(#1987),#2032);
#1987 = B_SPLINE_CURVE_WITH_KNOTS('',7,(#1988,#1989,#1990,#1991,#1992,
    #1993,#1994,#1995,#1996,#1997,#1998,#1999,#2000,#2001,#2002,#2003,
    #2004,#2005,#2006,#2007,#2008,#2009,#2010,#2011,#2012,#2013,#2014,
    #2015,#2016,#2017,#2018,#2019,#2020,#2021,#2022,#2023,#2024,#2025,
    #2026,#2027,#2028,#2029,#2030,#2031),.UNSPECIFIED.,.F.,.F.,(8,6,6,6,
    6,6,6,8),(0.,0.246364281703,0.336691165681,0.389473904609,
    0.500083277443,0.663045912829,0.7533436039,1.),.UNSPECIFIED.);
#1988 = CARTESIAN_POINT('',(-1.570796326795,3.278686155193E+03));
#1989 = CARTESIAN_POINT('',(-1.517943180369,3.277591410007E+03));
#1990 = CARTESIAN_POINT('',(-1.464820846295,3.276529386221E+03));
#1991 = CARTESIAN_POINT('',(-1.41135273306,3.275508604003E+03));
#1992 = CARTESIAN_POINT('',(-1.357480984766,3.274539259809E+03));
#1993 = CARTESIAN_POINT('',(-1.303159419935,3.273633119785E+03));
#1994 = CARTESIAN_POINT('',(-1.248350945097,3.272803355217E+03));
#1995 = CARTESIAN_POINT('',(-1.172757746684,3.27179205081E+03));
#1996 = CARTESIAN_POINT('',(-1.152411670129,3.271532831359E+03));
#1997 = CARTESIAN_POINT('',(-1.131999717706,3.271286372591E+03));
#1998 = CARTESIAN_POINT('',(-1.111522755914,3.271053349971E+03));
#1999 = CARTESIAN_POINT('',(-1.090982431225,3.270834430907E+03));
#2000 = CARTESIAN_POINT('',(-1.070381280606,3.270630260498E+03));
#2001 = CARTESIAN_POINT('',(-1.037651032177,3.270331113794E+03));
#2002 = CARTESIAN_POINT('',(-1.025559651411,3.27022602413E+03));
#2003 = CARTESIAN_POINT('',(-1.013449419966,3.270126299605E+03));
#2004 = CARTESIAN_POINT('',(-1.001321147693,3.270032056786E+03));
#2005 = CARTESIAN_POINT('',(-0.989175744677,3.269943406315E+03));
#2006 = CARTESIAN_POINT('',(-0.977014231845,3.26986045175E+03));
#2007 = CARTESIAN_POINT('',(-0.939321211989,3.269621587991E+03));
#2008 = CARTESIAN_POINT('',(-0.913738006339,3.269485312996E+03));
#2009 = CARTESIAN_POINT('',(-0.88809991306,3.269375351493E+03));
#2010 = CARTESIAN_POINT('',(-0.862419152349,3.269292412654E+03));
#2011 = CARTESIAN_POINT('',(-0.836708759354,3.269236993264E+03));
#2012 = CARTESIAN_POINT('',(-0.810983050643,3.269209350346E+03));
#2013 = CARTESIAN_POINT('',(-0.747357308416,3.269209670721E+03));
#2014 = CARTESIAN_POINT('',(-0.709452324475,3.26927014568E+03));
#2015 = CARTESIAN_POINT('',(-0.671599013725,3.269390929715E+03));
#2016 = CARTESIAN_POINT('',(-0.63384108769,3.269570770579E+03));
#2017 = CARTESIAN_POINT('',(-0.59621460931,3.269807357722E+03));
#2018 = CARTESIAN_POINT('',(-0.558751141674,3.270097567956E+03));
#2019 = CARTESIAN_POINT('',(-0.500827454321,3.270626226243E+03));
#2020 = CARTESIAN_POINT('',(-0.480232482719,3.270830069551E+03));
#2021 = CARTESIAN_POINT('',(-0.459698254568,3.271048660361E+03));
#2022 = CARTESIAN_POINT('',(-0.439227314717,3.271281354554E+03));
#2023 = CARTESIAN_POINT('',(-0.418821317989,3.271527485592E+03));
#2024 = CARTESIAN_POINT('',(-0.39848113971,3.271786378771E+03));
#2025 = CARTESIAN_POINT('',(-0.322826283067,3.272797590411E+03));
#2026 = CARTESIAN_POINT('',(-0.267951508,3.273627872827E+03));
#2027 = CARTESIAN_POINT('',(-0.213564923325,3.274534769388E+03));
#2028 = CARTESIAN_POINT('',(-0.15962936198,3.275505057598E+03));
#2029 = CARTESIAN_POINT('',(-0.106098521374,3.276526926446E+03));
#2030 = CARTESIAN_POINT('',(-5.291436145926E-02,3.277590142063E+03));
#2031 = CARTESIAN_POINT('',(0.,3.278686155193E+03));
#2032 = ( GEOMETRIC_REPRESENTATION_CONTEXT(2) 
PARAMETRIC_REPRESENTATION_CONTEXT() REPRESENTATION_CONTEXT('2D SPACE',''
  ) );
#2033 = ORIENTED_EDGE('',*,*,#2034,.T.);
#2034 = EDGE_CURVE('',#1884,#2035,#2037,.T.);
#2035 = VERTEX_POINT('',#2036);
#2036 = CARTESIAN_POINT('',(-5.975E+03,1.349998058893E+03,3.32E+03));
#2037 = SURFACE_CURVE('',#2038,(#2076,#2117),.PCURVE_S1.);
#2038 = B_SPLINE_CURVE_WITH_KNOTS('',8,(#2039,#2040,#2041,#2042,#2043,
    #2044,#2045,#2046,#2047,#2048,#2049,#2050,#2051,#2052,#2053,#2054,
    #2055,#2056,#2057,#2058,#2059,#2060,#2061,#2062,#2063,#2064,#2065,
    #2066,#2067,#2068,#2069,#2070,#2071,#2072,#2073,#2074,#2075),
  .UNSPECIFIED.,.F.,.F.,(9,7,7,7,7,9),(0.,0.240196981176,0.347581623522,
    0.517905156344,0.6826670999,1.),.UNSPECIFIED.);
#2039 = CARTESIAN_POINT('',(-5.975E+03,1.403314391493E+03,3.26E+03));
#2040 = CARTESIAN_POINT('',(-5.975E+03,1.403314391493E+03,
    3.263211178088E+03));
#2041 = CARTESIAN_POINT('',(-5.975E+03,1.403100067229E+03,
    3.266422993298E+03));
#2042 = CARTESIAN_POINT('',(-5.975E+03,1.402671273313E+03,
    3.269617736603E+03));
#2043 = CARTESIAN_POINT('',(-5.975E+03,1.402030524877E+03,
    3.272778747355E+03));
#2044 = CARTESIAN_POINT('',(-5.975E+03,1.401182416747E+03,
    3.275890308841E+03));
#2045 = CARTESIAN_POINT('',(-5.975E+03,1.400133389549E+03,
    3.278937610336E+03));
#2046 = CARTESIAN_POINT('',(-5.975E+03,1.398891748594E+03,
    3.281906765627E+03));
#2047 = CARTESIAN_POINT('',(-5.975E+03,1.396831256517E+03,
    3.28607159304E+03));
#2048 = CARTESIAN_POINT('',(-5.975E+03,1.396158169562E+03,
    3.287340257751E+03));
#2049 = CARTESIAN_POINT('',(-5.975E+03,1.395449453865E+03,
    3.288589787575E+03));
#2050 = CARTESIAN_POINT('',(-5.975E+03,1.394706031123E+03,
    3.289819175784E+03));
#2051 = CARTESIAN_POINT('',(-5.975E+03,1.393928864864E+03,
    3.291027489497E+03));
#2052 = CARTESIAN_POINT('',(-5.975E+03,1.393118955109E+03,
    3.292213866428E+03));
#2053 = CARTESIAN_POINT('',(-5.975E+03,1.392277334255E+03,
    3.293377512362E+03));
#2054 = CARTESIAN_POINT('',(-5.975E+03,1.390021550474E+03,
    3.296326157922E+03));
#2055 = CARTESIAN_POINT('',(-5.975E+03,1.38856090585E+03,
    3.298075632732E+03));
#2056 = CARTESIAN_POINT('',(-5.975E+03,1.387027361552E+03,
    3.299763218941E+03));
#2057 = CARTESIAN_POINT('',(-5.975E+03,1.385425249494E+03,
    3.301386532252E+03));
#2058 = CARTESIAN_POINT('',(-5.975E+03,1.383758946831E+03,
    3.302943654316E+03));
#2059 = CARTESIAN_POINT('',(-5.975E+03,1.382032828124E+03,
    3.304433084927E+03));
#2060 = CARTESIAN_POINT('',(-5.975E+03,1.380251225092E+03,
    3.305853700996E+03));
#2061 = CARTESIAN_POINT('',(-5.975E+03,1.37664541041E+03,
    3.308511628588E+03));
#2062 = CARTESIAN_POINT('',(-5.975E+03,1.374824465808E+03,
    3.309753427988E+03));
#2063 = CARTESIAN_POINT('',(-5.975E+03,1.372959347506E+03,
    3.310929456482E+03));
#2064 = CARTESIAN_POINT('',(-5.975E+03,1.371053742132E+03,
    3.312039350094E+03));
#2065 = CARTESIAN_POINT('',(-5.975E+03,1.369111210865E+03,
    3.313083000537E+03));
#2066 = CARTESIAN_POINT('',(-5.975E+03,1.367135164724E+03,
    3.314060510854E+03));
#2067 = CARTESIAN_POINT('',(-5.975E+03,1.365128839852E+03,
    3.314972151062E+03));
#2068 = CARTESIAN_POINT('',(-5.975E+03,1.359178605433E+03,
    3.317448030397E+03));
#2069 = CARTESIAN_POINT('',(-5.975E+03,1.355162322565E+03,
    3.318834257645E+03));
#2070 = CARTESIAN_POINT('',(-5.975E+03,1.351066524682E+03,
    3.319980824744E+03));
#2071 = CARTESIAN_POINT('',(-5.975E+03,1.346909967206E+03,
    3.320891889785E+03));
#2072 = CARTESIAN_POINT('',(-5.975E+03,1.342710019096E+03,
    3.321571632896E+03));
#2073 = CARTESIAN_POINT('',(-5.975E+03,1.338482531795E+03,
    3.322023487466E+03));
#2074 = CARTESIAN_POINT('',(-5.975E+03,1.334241715762E+03,
    3.32224949799E+03));
#2075 = CARTESIAN_POINT('',(-5.975E+03,1.33E+03,3.32224949799E+03));
#2076 = PCURVE('',#328,#2077);
#2077 = DEFINITIONAL_REPRESENTATION('',(#2078),#2116);
#2078 = B_SPLINE_CURVE_WITH_KNOTS('',8,(#2079,#2080,#2081,#2082,#2083,
    #2084,#2085,#2086,#2087,#2088,#2089,#2090,#2091,#2092,#2093,#2094,
    #2095,#2096,#2097,#2098,#2099,#2100,#2101,#2102,#2103,#2104,#2105,
    #2106,#2107,#2108,#2109,#2110,#2111,#2112,#2113,#2114,#2115),
  .UNSPECIFIED.,.F.,.F.,(9,7,7,7,7,9),(0.,0.240196981176,0.347581623522,
    0.517905156344,0.6826670999,1.),.UNSPECIFIED.);
#2079 = CARTESIAN_POINT('',(-0.657264153246,0.));
#2080 = CARTESIAN_POINT('',(-0.657264153246,3.567975653813E-02));
#2081 = CARTESIAN_POINT('',(-0.65585020379,7.136659010966E-02));
#2082 = CARTESIAN_POINT('',(-0.653021375115,0.106932960897));
#2083 = CARTESIAN_POINT('',(-0.648776896307,0.142263046286));
#2084 = CARTESIAN_POINT('',(-0.643112604052,0.177246233175));
#2085 = CARTESIAN_POINT('',(-0.636020902354,0.211772231196));
#2086 = CARTESIAN_POINT('',(-0.627494068703,0.245727514512));
#2087 = CARTESIAN_POINT('',(-0.61307644696,0.293864680179));
#2088 = CARTESIAN_POINT('',(-0.608334533183,0.308600343715));
#2089 = CARTESIAN_POINT('',(-0.603304509681,0.323189945915));
#2090 = CARTESIAN_POINT('',(-0.597985894087,0.337623883583));
#2091 = CARTESIAN_POINT('',(-0.592378246042,0.351892717251));
#2092 = CARTESIAN_POINT('',(-0.586481217298,0.365987112879));
#2093 = CARTESIAN_POINT('',(-0.580294618657,0.379897802845));
#2094 = CARTESIAN_POINT('',(-0.563546692631,0.415373406731));
#2095 = CARTESIAN_POINT('',(-0.552546343474,0.436646289349));
#2096 = CARTESIAN_POINT('',(-0.540817626575,0.457397431134));
#2097 = CARTESIAN_POINT('',(-0.528361585145,0.477591571511));
#2098 = CARTESIAN_POINT('',(-0.515180745386,0.497194445339));
#2099 = CARTESIAN_POINT('',(-0.501279789232,0.516172521692));
#2100 = CARTESIAN_POINT('',(-0.486666289784,0.534493008339));
#2101 = CARTESIAN_POINT('',(-0.456536803951,0.569179525228));
#2102 = CARTESIAN_POINT('',(-0.441065714123,0.585590042898));
#2103 = CARTESIAN_POINT('',(-0.424947719933,0.601327538889));
#2104 = CARTESIAN_POINT('',(-0.408195403378,0.616364671828));
#2105 = CARTESIAN_POINT('',(-0.39082480552,0.630675100752));
#2106 = CARTESIAN_POINT('',(-0.372855783549,0.644233690818));
#2107 = CARTESIAN_POINT('',(-0.354312367833,0.657016719035));
#2108 = CARTESIAN_POINT('',(-0.298457063856,0.692085986765));
#2109 = CARTESIAN_POINT('',(-0.259679548497,0.712202514436));
#2110 = CARTESIAN_POINT('',(-0.219079754182,0.729207961281));
#2111 = CARTESIAN_POINT('',(-0.176915104028,0.742964968703));
#2112 = CARTESIAN_POINT('',(-0.133518374838,0.753357835698));
#2113 = CARTESIAN_POINT('',(-8.928981197145E-02,0.760309404752));
#2114 = CARTESIAN_POINT('',(-4.464963959992E-02,0.763786496398));
#2115 = CARTESIAN_POINT('',(0.,0.763786496398));
#2116 = ( GEOMETRIC_REPRESENTATION_CONTEXT(2) 
PARAMETRIC_REPRESENTATION_CONTEXT() REPRESENTATION_CONTEXT('2D SPACE',''
  ) );
#2117 = PCURVE('',#726,#2118);
#2118 = DEFINITIONAL_REPRESENTATION('',(#2119),#2157);
#2119 = B_SPLINE_CURVE_WITH_KNOTS('',8,(#2120,#2121,#2122,#2123,#2124,
    #2125,#2126,#2127,#2128,#2129,#2130,#2131,#2132,#2133,#2134,#2135,
    #2136,#2137,#2138,#2139,#2140,#2141,#2142,#2143,#2144,#2145,#2146,
    #2147,#2148,#2149,#2150,#2151,#2152,#2153,#2154,#2155,#2156),
  .UNSPECIFIED.,.F.,.F.,(9,7,7,7,7,9),(0.,0.240196981176,0.347581623522,
    0.517905156344,0.6826670999,1.),.UNSPECIFIED.);
#2120 = CARTESIAN_POINT('',(3.22E+03,-2.828314391493E+03));
#2121 = CARTESIAN_POINT('',(3.223211178088E+03,-2.828314391493E+03));
#2122 = CARTESIAN_POINT('',(3.226422993298E+03,-2.828100067229E+03));
#2123 = CARTESIAN_POINT('',(3.229617736603E+03,-2.827671273313E+03));
#2124 = CARTESIAN_POINT('',(3.232778747355E+03,-2.827030524877E+03));
#2125 = CARTESIAN_POINT('',(3.235890308841E+03,-2.826182416747E+03));
#2126 = CARTESIAN_POINT('',(3.238937610336E+03,-2.825133389549E+03));
#2127 = CARTESIAN_POINT('',(3.241906765627E+03,-2.823891748594E+03));
#2128 = CARTESIAN_POINT('',(3.24607159304E+03,-2.821831256517E+03));
#2129 = CARTESIAN_POINT('',(3.247340257751E+03,-2.821158169562E+03));
#2130 = CARTESIAN_POINT('',(3.248589787575E+03,-2.820449453865E+03));
#2131 = CARTESIAN_POINT('',(3.249819175784E+03,-2.819706031123E+03));
#2132 = CARTESIAN_POINT('',(3.251027489497E+03,-2.818928864864E+03));
#2133 = CARTESIAN_POINT('',(3.252213866428E+03,-2.818118955109E+03));
#2134 = CARTESIAN_POINT('',(3.253377512362E+03,-2.817277334255E+03));
#2135 = CARTESIAN_POINT('',(3.256326157922E+03,-2.815021550474E+03));
#2136 = CARTESIAN_POINT('',(3.258075632732E+03,-2.81356090585E+03));
#2137 = CARTESIAN_POINT('',(3.259763218941E+03,-2.812027361552E+03));
#2138 = CARTESIAN_POINT('',(3.261386532252E+03,-2.810425249494E+03));
#2139 = CARTESIAN_POINT('',(3.262943654316E+03,-2.808758946831E+03));
#2140 = CARTESIAN_POINT('',(3.264433084927E+03,-2.807032828124E+03));
#2141 = CARTESIAN_POINT('',(3.265853700996E+03,-2.805251225092E+03));
#2142 = CARTESIAN_POINT('',(3.268511628588E+03,-2.80164541041E+03));
#2143 = CARTESIAN_POINT('',(3.269753427988E+03,-2.799824465808E+03));
#2144 = CARTESIAN_POINT('',(3.270929456482E+03,-2.797959347506E+03));
#2145 = CARTESIAN_POINT('',(3.272039350094E+03,-2.796053742132E+03));
#2146 = CARTESIAN_POINT('',(3.273083000537E+03,-2.794111210865E+03));
#2147 = CARTESIAN_POINT('',(3.274060510854E+03,-2.792135164724E+03));
#2148 = CARTESIAN_POINT('',(3.274972151062E+03,-2.790128839852E+03));
#2149 = CARTESIAN_POINT('',(3.277448030397E+03,-2.784178605433E+03));
#2150 = CARTESIAN_POINT('',(3.278834257645E+03,-2.780162322565E+03));
#2151 = CARTESIAN_POINT('',(3.279980824744E+03,-2.776066524682E+03));
#2152 = CARTESIAN_POINT('',(3.280891889785E+03,-2.771909967206E+03));
#2153 = CARTESIAN_POINT('',(3.281571632896E+03,-2.767710019096E+03));
#2154 = CARTESIAN_POINT('',(3.282023487466E+03,-2.763482531795E+03));
#2155 = CARTESIAN_POINT('',(3.28224949799E+03,-2.759241715762E+03));
#2156 = CARTESIAN_POINT('',(3.28224949799E+03,-2.755E+03));
#2157 = ( GEOMETRIC_REPRESENTATION_CONTEXT(2) 
PARAMETRIC_REPRESENTATION_CONTEXT() REPRESENTATION_CONTEXT('2D SPACE',''
  ) );
#2158 = ORIENTED_EDGE('',*,*,#2159,.F.);
#2159 = EDGE_CURVE('',#2160,#2035,#2162,.T.);
#2160 = VERTEX_POINT('',#2161);
#2161 = CARTESIAN_POINT('',(-5.899998058893E+03,1.425E+03,3.32E+03));
#2162 = SURFACE_CURVE('',#2163,(#2186,#2212),.PCURVE_S1.);
#2163 = B_SPLINE_CURVE_WITH_KNOTS('',6,(#2164,#2165,#2166,#2167,#2168,
    #2169,#2170,#2171,#2172,#2173,#2174,#2175,#2176,#2177,#2178,#2179,
    #2180,#2181,#2182,#2183,#2184,#2185),.UNSPECIFIED.,.F.,.F.,(7,5,5,5,
    7),(0.,0.250999936093,0.500999936407,0.750999936721,1.),
  .UNSPECIFIED.);
#2164 = CARTESIAN_POINT('',(-5.88E+03,1.427082039325E+03,3.32E+03));
#2165 = CARTESIAN_POINT('',(-5.886379316378E+03,1.427082039325E+03,
    3.32E+03));
#2166 = CARTESIAN_POINT('',(-5.892759011733E+03,1.426579012721E+03,
    3.32E+03));
#2167 = CARTESIAN_POINT('',(-5.899088666913E+03,1.425572850854E+03,
    3.32E+03));
#2168 = CARTESIAN_POINT('',(-5.90531919487E+03,1.4240703803E+03,3.32E+03
    ));
#2169 = CARTESIAN_POINT('',(-5.91140265233E+03,1.422084154248E+03,
    3.32E+03));
#2170 = CARTESIAN_POINT('',(-5.923158943869E+03,1.417192889615E+03,
    3.32E+03));
#2171 = CARTESIAN_POINT('',(-5.928834007391E+03,1.414291255799E+03,
    3.32E+03));
#2172 = CARTESIAN_POINT('',(-5.934271689365E+03,1.410947775939E+03,
    3.32E+03));
#2173 = CARTESIAN_POINT('',(-5.939429784317E+03,1.407187284044E+03,
    3.32E+03));
#2174 = CARTESIAN_POINT('',(-5.944269290114E+03,1.403039391998E+03,
    3.32E+03));
#2175 = CARTESIAN_POINT('',(-5.953240939161E+03,1.394039513318E+03,
    3.32E+03));
#2176 = CARTESIAN_POINT('',(-5.957373607007E+03,1.389187000438E+03,
    3.32E+03));
#2177 = CARTESIAN_POINT('',(-5.961117875738E+03,1.384017117026E+03,
    3.32E+03));
#2178 = CARTESIAN_POINT('',(-5.964444256145E+03,1.378568958051E+03,
    3.32E+03));
#2179 = CARTESIAN_POINT('',(-5.967328046933E+03,1.372884806797E+03,
    3.32E+03));
#2180 = CARTESIAN_POINT('',(-5.972162976769E+03,1.36116019637E+03,
    3.32E+03));
#2181 = CARTESIAN_POINT('',(-5.974118079415E+03,1.355120575852E+03,
    3.32E+03));
#2182 = CARTESIAN_POINT('',(-5.97559680768E+03,1.348937347261E+03,
    3.32E+03));
#2183 = CARTESIAN_POINT('',(-5.976586996657E+03,1.342657340981E+03,
    3.32E+03));
#2184 = CARTESIAN_POINT('',(-5.977082039325E+03,1.336328488391E+03,
    3.32E+03));
#2185 = CARTESIAN_POINT('',(-5.977082039325E+03,1.33E+03,3.32E+03));
#2186 = PCURVE('',#328,#2187);
#2187 = DEFINITIONAL_REPRESENTATION('',(#2188),#2211);
#2188 = B_SPLINE_CURVE_WITH_KNOTS('',6,(#2189,#2190,#2191,#2192,#2193,
    #2194,#2195,#2196,#2197,#2198,#2199,#2200,#2201,#2202,#2203,#2204,
    #2205,#2206,#2207,#2208,#2209,#2210),.UNSPECIFIED.,.F.,.F.,(7,5,5,5,
    7),(0.,0.250999936093,0.500999936407,0.750999936721,1.),
  .UNSPECIFIED.);
#2189 = CARTESIAN_POINT('',(-1.570796326795,0.729727656227));
#2190 = CARTESIAN_POINT('',(-1.505085754353,0.729727656227));
#2191 = CARTESIAN_POINT('',(-1.4393713146,0.729727656227));
#2192 = CARTESIAN_POINT('',(-1.373661387782,0.729727656227));
#2193 = CARTESIAN_POINT('',(-1.307951460964,0.729727656227));
#2194 = CARTESIAN_POINT('',(-1.242237021212,0.729727656227));
#2195 = CARTESIAN_POINT('',(-1.11107765469,0.729727656227));
#2196 = CARTESIAN_POINT('',(-1.045625069027,0.729727656227));
#2197 = CARTESIAN_POINT('',(-0.98017690792,0.729727656227));
#2198 = CARTESIAN_POINT('',(-0.914728746814,0.729727656227));
#2199 = CARTESIAN_POINT('',(-0.84927616115,0.729727656227));
#2200 = CARTESIAN_POINT('',(-0.718378572992,0.729727656227));
#2201 = CARTESIAN_POINT('',(-0.652925987328,0.729727656227));
#2202 = CARTESIAN_POINT('',(-0.587477826221,0.729727656227));
#2203 = CARTESIAN_POINT('',(-0.522029665115,0.729727656227));
#2204 = CARTESIAN_POINT('',(-0.456577079451,0.729727656227));
#2205 = CARTESIAN_POINT('',(-0.325941269985,0.729727656227));
#2206 = CARTESIAN_POINT('',(-0.260750537554,0.729727656227));
#2207 = CARTESIAN_POINT('',(-0.195564142686,0.729727656227));
#2208 = CARTESIAN_POINT('',(-0.130377747818,0.729727656227));
#2209 = CARTESIAN_POINT('',(-6.518701538703E-02,0.729727656227));
#2210 = CARTESIAN_POINT('',(0.,0.729727656227));
#2211 = ( GEOMETRIC_REPRESENTATION_CONTEXT(2) 
PARAMETRIC_REPRESENTATION_CONTEXT() REPRESENTATION_CONTEXT('2D SPACE',''
  ) );
#2212 = PCURVE('',#1105,#2213);
#2213 = DEFINITIONAL_REPRESENTATION('',(#2214),#2237);
#2214 = B_SPLINE_CURVE_WITH_KNOTS('',6,(#2215,#2216,#2217,#2218,#2219,
    #2220,#2221,#2222,#2223,#2224,#2225,#2226,#2227,#2228,#2229,#2230,
    #2231,#2232,#2233,#2234,#2235,#2236),.UNSPECIFIED.,.F.,.F.,(7,5,5,5,
    7),(0.,0.250999936093,0.500999936407,0.750999936721,1.),
  .UNSPECIFIED.);
#2215 = CARTESIAN_POINT('',(95.,2.852082039325E+03));
#2216 = CARTESIAN_POINT('',(88.62068362208,2.852082039325E+03));
#2217 = CARTESIAN_POINT('',(82.240988266701,2.851579012721E+03));
#2218 = CARTESIAN_POINT('',(75.911333087008,2.850572850854E+03));
#2219 = CARTESIAN_POINT('',(69.680805129536,2.8490703803E+03));
#2220 = CARTESIAN_POINT('',(63.59734766987,2.847084154248E+03));
#2221 = CARTESIAN_POINT('',(51.84105613105,2.842192889615E+03));
#2222 = CARTESIAN_POINT('',(46.165992608913,2.839291255799E+03));
#2223 = CARTESIAN_POINT('',(40.728310634735,2.835947775939E+03));
#2224 = CARTESIAN_POINT('',(35.570215682633,2.832187284044E+03));
#2225 = CARTESIAN_POINT('',(30.73070988578,2.828039391998E+03));
#2226 = CARTESIAN_POINT('',(21.759060839161,2.819039513318E+03));
#2227 = CARTESIAN_POINT('',(17.626392993325,2.814187000438E+03));
#2228 = CARTESIAN_POINT('',(13.882124262125,2.809017117026E+03));
#2229 = CARTESIAN_POINT('',(10.555743854841,2.803568958051E+03));
#2230 = CARTESIAN_POINT('',(7.671953066814,2.797884806797E+03));
#2231 = CARTESIAN_POINT('',(2.83702323056,2.78616019637E+03));
#2232 = CARTESIAN_POINT('',(0.881920585313,2.780120575852E+03));
#2233 = CARTESIAN_POINT('',(-0.596807679784,2.773937347261E+03));
#2234 = CARTESIAN_POINT('',(-1.586996656652,2.767657340981E+03));
#2235 = CARTESIAN_POINT('',(-2.082039324993,2.761328488391E+03));
#2236 = CARTESIAN_POINT('',(-2.082039324993,2.755E+03));
#2237 = ( GEOMETRIC_REPRESENTATION_CONTEXT(2) 
PARAMETRIC_REPRESENTATION_CONTEXT() REPRESENTATION_CONTEXT('2D SPACE',''
  ) );
#2238 = ORIENTED_EDGE('',*,*,#2239,.F.);
#2239 = EDGE_CURVE('',#1882,#2160,#2240,.T.);
#2240 = SURFACE_CURVE('',#2241,(#2279,#2320),.PCURVE_S1.);
#2241 = B_SPLINE_CURVE_WITH_KNOTS('',8,(#2242,#2243,#2244,#2245,#2246,
    #2247,#2248,#2249,#2250,#2251,#2252,#2253,#2254,#2255,#2256,#2257,
    #2258,#2259,#2260,#2261,#2262,#2263,#2264,#2265,#2266,#2267,#2268,
    #2269,#2270,#2271,#2272,#2273,#2274,#2275,#2276,#2277,#2278),
  .UNSPECIFIED.,.F.,.F.,(9,7,7,7,7,9),(0.,0.240196981182,0.347581623529,
    0.517905156352,0.682667099906,1.),.UNSPECIFIED.);
#2242 = CARTESIAN_POINT('',(-5.953314391493E+03,1.425E+03,3.26E+03));
#2243 = CARTESIAN_POINT('',(-5.953314391493E+03,1.425E+03,
    3.263211178089E+03));
#2244 = CARTESIAN_POINT('',(-5.953100067229E+03,1.425E+03,
    3.266422993298E+03));
#2245 = CARTESIAN_POINT('',(-5.952671273313E+03,1.425E+03,
    3.269617736604E+03));
#2246 = CARTESIAN_POINT('',(-5.952030524877E+03,1.425E+03,
    3.272778747356E+03));
#2247 = CARTESIAN_POINT('',(-5.951182416747E+03,1.425E+03,
    3.275890308842E+03));
#2248 = CARTESIAN_POINT('',(-5.950133389549E+03,1.425E+03,
    3.278937610337E+03));
#2249 = CARTESIAN_POINT('',(-5.948891748594E+03,1.425E+03,
    3.281906765628E+03));
#2250 = CARTESIAN_POINT('',(-5.946831256516E+03,1.425E+03,
    3.286071593041E+03));
#2251 = CARTESIAN_POINT('',(-5.946158169562E+03,1.425E+03,
    3.287340257751E+03));
#2252 = CARTESIAN_POINT('',(-5.945449453864E+03,1.425E+03,
    3.288589787576E+03));
#2253 = CARTESIAN_POINT('',(-5.944706031123E+03,1.425E+03,
    3.289819175785E+03));
#2254 = CARTESIAN_POINT('',(-5.943928864864E+03,1.425E+03,
    3.291027489498E+03));
#2255 = CARTESIAN_POINT('',(-5.943118955108E+03,1.425E+03,
    3.292213866429E+03));
#2256 = CARTESIAN_POINT('',(-5.942277334255E+03,1.425E+03,
    3.293377512363E+03));
#2257 = CARTESIAN_POINT('',(-5.940021550474E+03,1.425E+03,
    3.296326157923E+03));
#2258 = CARTESIAN_POINT('',(-5.938560905849E+03,1.425E+03,
    3.298075632732E+03));
#2259 = CARTESIAN_POINT('',(-5.937027361551E+03,1.425E+03,
    3.299763218942E+03));
#2260 = CARTESIAN_POINT('',(-5.935425249493E+03,1.425E+03,
    3.301386532253E+03));
#2261 = CARTESIAN_POINT('',(-5.933758946831E+03,1.425E+03,
    3.302943654316E+03));
#2262 = CARTESIAN_POINT('',(-5.932032828123E+03,1.425E+03,
    3.304433084928E+03));
#2263 = CARTESIAN_POINT('',(-5.930251225091E+03,1.425E+03,
    3.305853700997E+03));
#2264 = CARTESIAN_POINT('',(-5.92664541041E+03,1.425E+03,
    3.308511628588E+03));
#2265 = CARTESIAN_POINT('',(-5.924824465807E+03,1.425E+03,
    3.309753427989E+03));
#2266 = CARTESIAN_POINT('',(-5.922959347506E+03,1.425E+03,
    3.310929456483E+03));
#2267 = CARTESIAN_POINT('',(-5.921053742131E+03,1.425E+03,
    3.312039350095E+03));
#2268 = CARTESIAN_POINT('',(-5.919111210864E+03,1.425E+03,
    3.313083000537E+03));
#2269 = CARTESIAN_POINT('',(-5.917135164723E+03,1.425E+03,
    3.314060510854E+03));
#2270 = CARTESIAN_POINT('',(-5.915128839852E+03,1.425E+03,
    3.314972151062E+03));
#2271 = CARTESIAN_POINT('',(-5.909178605432E+03,1.425E+03,
    3.317448030397E+03));
#2272 = CARTESIAN_POINT('',(-5.905162322564E+03,1.425E+03,
    3.318834257645E+03));
#2273 = CARTESIAN_POINT('',(-5.901066524681E+03,1.425E+03,
    3.319980824744E+03));
#2274 = CARTESIAN_POINT('',(-5.896909967206E+03,1.425E+03,
    3.320891889785E+03));
#2275 = CARTESIAN_POINT('',(-5.892710019095E+03,1.425E+03,
    3.321571632896E+03));
#2276 = CARTESIAN_POINT('',(-5.888482531795E+03,1.425E+03,
    3.322023487466E+03));
#2277 = CARTESIAN_POINT('',(-5.884241715762E+03,1.425E+03,
    3.32224949799E+03));
#2278 = CARTESIAN_POINT('',(-5.88E+03,1.425E+03,3.32224949799E+03));
#2279 = PCURVE('',#328,#2280);
#2280 = DEFINITIONAL_REPRESENTATION('',(#2281),#2319);
#2281 = B_SPLINE_CURVE_WITH_KNOTS('',8,(#2282,#2283,#2284,#2285,#2286,
    #2287,#2288,#2289,#2290,#2291,#2292,#2293,#2294,#2295,#2296,#2297,
    #2298,#2299,#2300,#2301,#2302,#2303,#2304,#2305,#2306,#2307,#2308,
    #2309,#2310,#2311,#2312,#2313,#2314,#2315,#2316,#2317,#2318),
  .UNSPECIFIED.,.F.,.F.,(9,7,7,7,7,9),(0.,0.240196981182,0.347581623529,
    0.517905156352,0.682667099906,1.),.UNSPECIFIED.);
#2282 = CARTESIAN_POINT('',(-0.913532173549,0.));
#2283 = CARTESIAN_POINT('',(-0.913532173549,3.567975653916E-02));
#2284 = CARTESIAN_POINT('',(-0.914946123005,7.136659011169E-02));
#2285 = CARTESIAN_POINT('',(-0.91777495168,0.1069329609));
#2286 = CARTESIAN_POINT('',(-0.922019430489,0.14226304629));
#2287 = CARTESIAN_POINT('',(-0.927683722744,0.17724623318));
#2288 = CARTESIAN_POINT('',(-0.934775424442,0.211772231202));
#2289 = CARTESIAN_POINT('',(-0.943302258094,0.245727514518));
#2290 = CARTESIAN_POINT('',(-0.957719879837,0.293864680187));
#2291 = CARTESIAN_POINT('',(-0.962461793614,0.308600343722));
#2292 = CARTESIAN_POINT('',(-0.967491817116,0.323189945923));
#2293 = CARTESIAN_POINT('',(-0.972810432711,0.337623883591));
#2294 = CARTESIAN_POINT('',(-0.978418080755,0.351892717259));
#2295 = CARTESIAN_POINT('',(-0.9843151095,0.365987112887));
#2296 = CARTESIAN_POINT('',(-0.990501708142,0.379897802852));
#2297 = CARTESIAN_POINT('',(-1.007249634168,0.415373406739));
#2298 = CARTESIAN_POINT('',(-1.018249983325,0.436646289356));
#2299 = CARTESIAN_POINT('',(-1.029978700225,0.457397431142));
#2300 = CARTESIAN_POINT('',(-1.042434741655,0.477591571519));
#2301 = CARTESIAN_POINT('',(-1.055615581415,0.497194445347));
#2302 = CARTESIAN_POINT('',(-1.069516537568,0.5161725217));
#2303 = CARTESIAN_POINT('',(-1.084130037017,0.534493008347));
#2304 = CARTESIAN_POINT('',(-1.114259522851,0.569179525236));
#2305 = CARTESIAN_POINT('',(-1.129730612679,0.585590042905));
#2306 = CARTESIAN_POINT('',(-1.145848606869,0.601327538895));
#2307 = CARTESIAN_POINT('',(-1.162600923424,0.616364671835));
#2308 = CARTESIAN_POINT('',(-1.179971521282,0.630675100757));
#2309 = CARTESIAN_POINT('',(-1.197940543254,0.644233690823));
#2310 = CARTESIAN_POINT('',(-1.216483958969,0.65701671904));
#2311 = CARTESIAN_POINT('',(-1.272339262947,0.692085986769));
#2312 = CARTESIAN_POINT('',(-1.311116778302,0.712202514438));
#2313 = CARTESIAN_POINT('',(-1.351716572621,0.729207961284));
#2314 = CARTESIAN_POINT('',(-1.393881222768,0.742964968702));
#2315 = CARTESIAN_POINT('',(-1.437277951963,0.753357835699));
#2316 = CARTESIAN_POINT('',(-1.481506514825,0.760309404752));
#2317 = CARTESIAN_POINT('',(-1.526146687196,0.763786496398));
#2318 = CARTESIAN_POINT('',(-1.570796326795,0.763786496398));
#2319 = ( GEOMETRIC_REPRESENTATION_CONTEXT(2) 
PARAMETRIC_REPRESENTATION_CONTEXT() REPRESENTATION_CONTEXT('2D SPACE',''
  ) );
#2320 = PCURVE('',#2321,#2326);
#2321 = PLANE('',#2322);
#2322 = AXIS2_PLACEMENT_3D('',#2323,#2324,#2325);
#2323 = CARTESIAN_POINT('',(-5.975E+03,1.425E+03,40.));
#2324 = DIRECTION('',(0.,1.,0.));
#2325 = DIRECTION('',(0.,0.,1.));
#2326 = DEFINITIONAL_REPRESENTATION('',(#2327),#2365);
#2327 = B_SPLINE_CURVE_WITH_KNOTS('',8,(#2328,#2329,#2330,#2331,#2332,
    #2333,#2334,#2335,#2336,#2337,#2338,#2339,#2340,#2341,#2342,#2343,
    #2344,#2345,#2346,#2347,#2348,#2349,#2350,#2351,#2352,#2353,#2354,
    #2355,#2356,#2357,#2358,#2359,#2360,#2361,#2362,#2363,#2364),
  .UNSPECIFIED.,.F.,.F.,(9,7,7,7,7,9),(0.,0.240196981182,0.347581623529,
    0.517905156352,0.682667099906,1.),.UNSPECIFIED.);
#2328 = CARTESIAN_POINT('',(3.22E+03,21.685608506924));
#2329 = CARTESIAN_POINT('',(3.223211178089E+03,21.685608506924));
#2330 = CARTESIAN_POINT('',(3.226422993298E+03,21.899932771334));
#2331 = CARTESIAN_POINT('',(3.229617736604E+03,22.328726686658));
#2332 = CARTESIAN_POINT('',(3.232778747356E+03,22.969475122846));
#2333 = CARTESIAN_POINT('',(3.235890308842E+03,23.817583253437));
#2334 = CARTESIAN_POINT('',(3.238937610337E+03,24.866610451385));
#2335 = CARTESIAN_POINT('',(3.241906765628E+03,26.108251406129));
#2336 = CARTESIAN_POINT('',(3.246071593041E+03,28.168743483726));
#2337 = CARTESIAN_POINT('',(3.247340257751E+03,28.84183043802));
#2338 = CARTESIAN_POINT('',(3.248589787576E+03,29.550546135854));
#2339 = CARTESIAN_POINT('',(3.249819175785E+03,30.293968877274));
#2340 = CARTESIAN_POINT('',(3.251027489498E+03,31.071135136492));
#2341 = CARTESIAN_POINT('',(3.252213866429E+03,31.881044891738));
#2342 = CARTESIAN_POINT('',(3.253377512363E+03,32.722665745321));
#2343 = CARTESIAN_POINT('',(3.256326157923E+03,34.978449526494));
#2344 = CARTESIAN_POINT('',(3.258075632732E+03,36.43909415083));
#2345 = CARTESIAN_POINT('',(3.259763218942E+03,37.972638449074));
#2346 = CARTESIAN_POINT('',(3.261386532253E+03,39.574750506563));
#2347 = CARTESIAN_POINT('',(3.262943654316E+03,41.241053169377));
#2348 = CARTESIAN_POINT('',(3.264433084928E+03,42.967171876796));
#2349 = CARTESIAN_POINT('',(3.265853700997E+03,44.748774908656));
#2350 = CARTESIAN_POINT('',(3.268511628588E+03,48.354589590441));
#2351 = CARTESIAN_POINT('',(3.269753427989E+03,50.175534192734));
#2352 = CARTESIAN_POINT('',(3.270929456483E+03,52.040652494395));
#2353 = CARTESIAN_POINT('',(3.272039350095E+03,53.946257868599));
#2354 = CARTESIAN_POINT('',(3.273083000537E+03,55.888789135653));
#2355 = CARTESIAN_POINT('',(3.274060510854E+03,57.864835276876));
#2356 = CARTESIAN_POINT('',(3.274972151062E+03,59.871160148484));
#2357 = CARTESIAN_POINT('',(3.277448030397E+03,65.821394568016));
#2358 = CARTESIAN_POINT('',(3.278834257645E+03,69.837677435807));
#2359 = CARTESIAN_POINT('',(3.279980824744E+03,73.933475318754));
#2360 = CARTESIAN_POINT('',(3.280891889785E+03,78.090032793709));
#2361 = CARTESIAN_POINT('',(3.281571632896E+03,82.289980904766));
#2362 = CARTESIAN_POINT('',(3.282023487466E+03,86.517468205132));
#2363 = CARTESIAN_POINT('',(3.28224949799E+03,90.758284238143));
#2364 = CARTESIAN_POINT('',(3.28224949799E+03,95.));
#2365 = ( GEOMETRIC_REPRESENTATION_CONTEXT(2) 
PARAMETRIC_REPRESENTATION_CONTEXT() REPRESENTATION_CONTEXT('2D SPACE',''
  ) );
#2366 = ADVANCED_FACE('',(#2367,#2415,#2529,#2643,#2757),#492,.T.);
#2367 = FACE_BOUND('',#2368,.T.);
#2368 = EDGE_LOOP('',(#2369,#2370,#2393,#2414));
#2369 = ORIENTED_EDGE('',*,*,#535,.T.);
#2370 = ORIENTED_EDGE('',*,*,#2371,.T.);
#2371 = EDGE_CURVE('',#536,#2372,#2374,.T.);
#2372 = VERTEX_POINT('',#2373);
#2373 = CARTESIAN_POINT('',(5.88E+03,1.45E+03,3.26E+03));
#2374 = SURFACE_CURVE('',#2375,(#2379,#2386),.PCURVE_S1.);
#2375 = LINE('',#2376,#2377);
#2376 = CARTESIAN_POINT('',(-5.88E+03,1.45E+03,3.26E+03));
#2377 = VECTOR('',#2378,1.);
#2378 = DIRECTION('',(1.,0.,0.));
#2379 = PCURVE('',#492,#2380);
#2380 = DEFINITIONAL_REPRESENTATION('',(#2381),#2385);
#2381 = LINE('',#2382,#2383);
#2382 = CARTESIAN_POINT('',(3.26E+03,120.));
#2383 = VECTOR('',#2384,1.);
#2384 = DIRECTION('',(0.,1.));
#2385 = ( GEOMETRIC_REPRESENTATION_CONTEXT(2) 
PARAMETRIC_REPRESENTATION_CONTEXT() REPRESENTATION_CONTEXT('2D SPACE',''
  ) );
#2386 = PCURVE('',#1815,#2387);
#2387 = DEFINITIONAL_REPRESENTATION('',(#2388),#2392);
#2388 = LINE('',#2389,#2390);
#2389 = CARTESIAN_POINT('',(0.,0.));
#2390 = VECTOR('',#2391,1.);
#2391 = DIRECTION('',(0.,1.));
#2392 = ( GEOMETRIC_REPRESENTATION_CONTEXT(2) 
PARAMETRIC_REPRESENTATION_CONTEXT() REPRESENTATION_CONTEXT('2D SPACE',''
  ) );
#2393 = ORIENTED_EDGE('',*,*,#2394,.F.);
#2394 = EDGE_CURVE('',#448,#2372,#2395,.T.);
#2395 = SURFACE_CURVE('',#2396,(#2400,#2407),.PCURVE_S1.);
#2396 = LINE('',#2397,#2398);
#2397 = CARTESIAN_POINT('',(5.88E+03,1.45E+03,0.));
#2398 = VECTOR('',#2399,1.);
#2399 = DIRECTION('',(0.,0.,1.));
#2400 = PCURVE('',#492,#2401);
#2401 = DEFINITIONAL_REPRESENTATION('',(#2402),#2406);
#2402 = LINE('',#2403,#2404);
#2403 = CARTESIAN_POINT('',(0.,1.188E+04));
#2404 = VECTOR('',#2405,1.);
#2405 = DIRECTION('',(1.,0.));
#2406 = ( GEOMETRIC_REPRESENTATION_CONTEXT(2) 
PARAMETRIC_REPRESENTATION_CONTEXT() REPRESENTATION_CONTEXT('2D SPACE',''
  ) );
#2407 = PCURVE('',#464,#2408);
#2408 = DEFINITIONAL_REPRESENTATION('',(#2409),#2413);
#2409 = LINE('',#2410,#2411);
#2410 = CARTESIAN_POINT('',(1.570796326795,0.));
#2411 = VECTOR('',#2412,1.);
#2412 = DIRECTION('',(0.,1.));
#2413 = ( GEOMETRIC_REPRESENTATION_CONTEXT(2) 
PARAMETRIC_REPRESENTATION_CONTEXT() REPRESENTATION_CONTEXT('2D SPACE',''
  ) );
#2414 = ORIENTED_EDGE('',*,*,#476,.F.);
#2415 = FACE_BOUND('',#2416,.T.);
#2416 = EDGE_LOOP('',(#2417,#2447,#2475,#2503));
#2417 = ORIENTED_EDGE('',*,*,#2418,.F.);
#2418 = EDGE_CURVE('',#2419,#2421,#2423,.T.);
#2419 = VERTEX_POINT('',#2420);
#2420 = CARTESIAN_POINT('',(-2.99E+03,1.45E+03,590.));
#2421 = VERTEX_POINT('',#2422);
#2422 = CARTESIAN_POINT('',(-2.61E+03,1.45E+03,590.));
#2423 = SURFACE_CURVE('',#2424,(#2428,#2435),.PCURVE_S1.);
#2424 = LINE('',#2425,#2426);
#2425 = CARTESIAN_POINT('',(-2.99E+03,1.45E+03,590.));
#2426 = VECTOR('',#2427,1.);
#2427 = DIRECTION('',(1.,0.,0.));
#2428 = PCURVE('',#492,#2429);
#2429 = DEFINITIONAL_REPRESENTATION('',(#2430),#2434);
#2430 = LINE('',#2431,#2432);
#2431 = CARTESIAN_POINT('',(590.,3.01E+03));
#2432 = VECTOR('',#2433,1.);
#2433 = DIRECTION('',(0.,1.));
#2434 = ( GEOMETRIC_REPRESENTATION_CONTEXT(2) 
PARAMETRIC_REPRESENTATION_CONTEXT() REPRESENTATION_CONTEXT('2D SPACE',''
  ) );
#2435 = PCURVE('',#2436,#2441);
#2436 = PLANE('',#2437);
#2437 = AXIS2_PLACEMENT_3D('',#2438,#2439,#2440);
#2438 = CARTESIAN_POINT('',(-2.99E+03,1.38E+03,590.));
#2439 = DIRECTION('',(0.,0.,1.));
#2440 = DIRECTION('',(1.,0.,0.));
#2441 = DEFINITIONAL_REPRESENTATION('',(#2442),#2446);
#2442 = LINE('',#2443,#2444);
#2443 = CARTESIAN_POINT('',(0.,70.));
#2444 = VECTOR('',#2445,1.);
#2445 = DIRECTION('',(1.,0.));
#2446 = ( GEOMETRIC_REPRESENTATION_CONTEXT(2) 
PARAMETRIC_REPRESENTATION_CONTEXT() REPRESENTATION_CONTEXT('2D SPACE',''
  ) );
#2447 = ORIENTED_EDGE('',*,*,#2448,.F.);
#2448 = EDGE_CURVE('',#2449,#2419,#2451,.T.);
#2449 = VERTEX_POINT('',#2450);
#2450 = CARTESIAN_POINT('',(-2.99E+03,1.45E+03,450.));
#2451 = SURFACE_CURVE('',#2452,(#2456,#2463),.PCURVE_S1.);
#2452 = LINE('',#2453,#2454);
#2453 = CARTESIAN_POINT('',(-2.99E+03,1.45E+03,450.));
#2454 = VECTOR('',#2455,1.);
#2455 = DIRECTION('',(0.,0.,1.));
#2456 = PCURVE('',#492,#2457);
#2457 = DEFINITIONAL_REPRESENTATION('',(#2458),#2462);
#2458 = LINE('',#2459,#2460);
#2459 = CARTESIAN_POINT('',(450.,3.01E+03));
#2460 = VECTOR('',#2461,1.);
#2461 = DIRECTION('',(1.,0.));
#2462 = ( GEOMETRIC_REPRESENTATION_CONTEXT(2) 
PARAMETRIC_REPRESENTATION_CONTEXT() REPRESENTATION_CONTEXT('2D SPACE',''
  ) );
#2463 = PCURVE('',#2464,#2469);
#2464 = PLANE('',#2465);
#2465 = AXIS2_PLACEMENT_3D('',#2466,#2467,#2468);
#2466 = CARTESIAN_POINT('',(-2.99E+03,1.38E+03,450.));
#2467 = DIRECTION('',(1.,0.,0.));
#2468 = DIRECTION('',(0.,0.,1.));
#2469 = DEFINITIONAL_REPRESENTATION('',(#2470),#2474);
#2470 = LINE('',#2471,#2472);
#2471 = CARTESIAN_POINT('',(0.,-70.));
#2472 = VECTOR('',#2473,1.);
#2473 = DIRECTION('',(1.,0.));
#2474 = ( GEOMETRIC_REPRESENTATION_CONTEXT(2) 
PARAMETRIC_REPRESENTATION_CONTEXT() REPRESENTATION_CONTEXT('2D SPACE',''
  ) );
#2475 = ORIENTED_EDGE('',*,*,#2476,.T.);
#2476 = EDGE_CURVE('',#2449,#2477,#2479,.T.);
#2477 = VERTEX_POINT('',#2478);
#2478 = CARTESIAN_POINT('',(-2.61E+03,1.45E+03,450.));
#2479 = SURFACE_CURVE('',#2480,(#2484,#2491),.PCURVE_S1.);
#2480 = LINE('',#2481,#2482);
#2481 = CARTESIAN_POINT('',(-2.99E+03,1.45E+03,450.));
#2482 = VECTOR('',#2483,1.);
#2483 = DIRECTION('',(1.,0.,0.));
#2484 = PCURVE('',#492,#2485);
#2485 = DEFINITIONAL_REPRESENTATION('',(#2486),#2490);
#2486 = LINE('',#2487,#2488);
#2487 = CARTESIAN_POINT('',(450.,3.01E+03));
#2488 = VECTOR('',#2489,1.);
#2489 = DIRECTION('',(0.,1.));
#2490 = ( GEOMETRIC_REPRESENTATION_CONTEXT(2) 
PARAMETRIC_REPRESENTATION_CONTEXT() REPRESENTATION_CONTEXT('2D SPACE',''
  ) );
#2491 = PCURVE('',#2492,#2497);
#2492 = PLANE('',#2493);
#2493 = AXIS2_PLACEMENT_3D('',#2494,#2495,#2496);
#2494 = CARTESIAN_POINT('',(-2.99E+03,1.38E+03,450.));
#2495 = DIRECTION('',(0.,0.,1.));
#2496 = DIRECTION('',(1.,0.,0.));
#2497 = DEFINITIONAL_REPRESENTATION('',(#2498),#2502);
#2498 = LINE('',#2499,#2500);
#2499 = CARTESIAN_POINT('',(0.,70.));
#2500 = VECTOR('',#2501,1.);
#2501 = DIRECTION('',(1.,0.));
#2502 = ( GEOMETRIC_REPRESENTATION_CONTEXT(2) 
PARAMETRIC_REPRESENTATION_CONTEXT() REPRESENTATION_CONTEXT('2D SPACE',''
  ) );
#2503 = ORIENTED_EDGE('',*,*,#2504,.T.);
#2504 = EDGE_CURVE('',#2477,#2421,#2505,.T.);
#2505 = SURFACE_CURVE('',#2506,(#2510,#2517),.PCURVE_S1.);
#2506 = LINE('',#2507,#2508);
#2507 = CARTESIAN_POINT('',(-2.61E+03,1.45E+03,450.));
#2508 = VECTOR('',#2509,1.);
#2509 = DIRECTION('',(0.,0.,1.));
#2510 = PCURVE('',#492,#2511);
#2511 = DEFINITIONAL_REPRESENTATION('',(#2512),#2516);
#2512 = LINE('',#2513,#2514);
#2513 = CARTESIAN_POINT('',(450.,3.39E+03));
#2514 = VECTOR('',#2515,1.);
#2515 = DIRECTION('',(1.,0.));
#2516 = ( GEOMETRIC_REPRESENTATION_CONTEXT(2) 
PARAMETRIC_REPRESENTATION_CONTEXT() REPRESENTATION_CONTEXT('2D SPACE',''
  ) );
#2517 = PCURVE('',#2518,#2523);
#2518 = PLANE('',#2519);
#2519 = AXIS2_PLACEMENT_3D('',#2520,#2521,#2522);
#2520 = CARTESIAN_POINT('',(-2.61E+03,1.38E+03,450.));
#2521 = DIRECTION('',(1.,0.,0.));
#2522 = DIRECTION('',(0.,0.,1.));
#2523 = DEFINITIONAL_REPRESENTATION('',(#2524),#2528);
#2524 = LINE('',#2525,#2526);
#2525 = CARTESIAN_POINT('',(0.,-70.));
#2526 = VECTOR('',#2527,1.);
#2527 = DIRECTION('',(1.,0.));
#2528 = ( GEOMETRIC_REPRESENTATION_CONTEXT(2) 
PARAMETRIC_REPRESENTATION_CONTEXT() REPRESENTATION_CONTEXT('2D SPACE',''
  ) );
#2529 = FACE_BOUND('',#2530,.T.);
#2530 = EDGE_LOOP('',(#2531,#2561,#2589,#2617));
#2531 = ORIENTED_EDGE('',*,*,#2532,.F.);
#2532 = EDGE_CURVE('',#2533,#2535,#2537,.T.);
#2533 = VERTEX_POINT('',#2534);
#2534 = CARTESIAN_POINT('',(-1.89E+03,1.45E+03,590.));
#2535 = VERTEX_POINT('',#2536);
#2536 = CARTESIAN_POINT('',(-1.51E+03,1.45E+03,590.));
#2537 = SURFACE_CURVE('',#2538,(#2542,#2549),.PCURVE_S1.);
#2538 = LINE('',#2539,#2540);
#2539 = CARTESIAN_POINT('',(-1.89E+03,1.45E+03,590.));
#2540 = VECTOR('',#2541,1.);
#2541 = DIRECTION('',(1.,0.,0.));
#2542 = PCURVE('',#492,#2543);
#2543 = DEFINITIONAL_REPRESENTATION('',(#2544),#2548);
#2544 = LINE('',#2545,#2546);
#2545 = CARTESIAN_POINT('',(590.,4.11E+03));
#2546 = VECTOR('',#2547,1.);
#2547 = DIRECTION('',(0.,1.));
#2548 = ( GEOMETRIC_REPRESENTATION_CONTEXT(2) 
PARAMETRIC_REPRESENTATION_CONTEXT() REPRESENTATION_CONTEXT('2D SPACE',''
  ) );
#2549 = PCURVE('',#2550,#2555);
#2550 = PLANE('',#2551);
#2551 = AXIS2_PLACEMENT_3D('',#2552,#2553,#2554);
#2552 = CARTESIAN_POINT('',(-1.89E+03,1.38E+03,590.));
#2553 = DIRECTION('',(0.,0.,1.));
#2554 = DIRECTION('',(1.,0.,0.));
#2555 = DEFINITIONAL_REPRESENTATION('',(#2556),#2560);
#2556 = LINE('',#2557,#2558);
#2557 = CARTESIAN_POINT('',(0.,70.));
#2558 = VECTOR('',#2559,1.);
#2559 = DIRECTION('',(1.,0.));
#2560 = ( GEOMETRIC_REPRESENTATION_CONTEXT(2) 
PARAMETRIC_REPRESENTATION_CONTEXT() REPRESENTATION_CONTEXT('2D SPACE',''
  ) );
#2561 = ORIENTED_EDGE('',*,*,#2562,.F.);
#2562 = EDGE_CURVE('',#2563,#2533,#2565,.T.);
#2563 = VERTEX_POINT('',#2564);
#2564 = CARTESIAN_POINT('',(-1.89E+03,1.45E+03,450.));
#2565 = SURFACE_CURVE('',#2566,(#2570,#2577),.PCURVE_S1.);
#2566 = LINE('',#2567,#2568);
#2567 = CARTESIAN_POINT('',(-1.89E+03,1.45E+03,450.));
#2568 = VECTOR('',#2569,1.);
#2569 = DIRECTION('',(0.,0.,1.));
#2570 = PCURVE('',#492,#2571);
#2571 = DEFINITIONAL_REPRESENTATION('',(#2572),#2576);
#2572 = LINE('',#2573,#2574);
#2573 = CARTESIAN_POINT('',(450.,4.11E+03));
#2574 = VECTOR('',#2575,1.);
#2575 = DIRECTION('',(1.,0.));
#2576 = ( GEOMETRIC_REPRESENTATION_CONTEXT(2) 
PARAMETRIC_REPRESENTATION_CONTEXT() REPRESENTATION_CONTEXT('2D SPACE',''
  ) );
#2577 = PCURVE('',#2578,#2583);
#2578 = PLANE('',#2579);
#2579 = AXIS2_PLACEMENT_3D('',#2580,#2581,#2582);
#2580 = CARTESIAN_POINT('',(-1.89E+03,1.38E+03,450.));
#2581 = DIRECTION('',(1.,0.,0.));
#2582 = DIRECTION('',(0.,0.,1.));
#2583 = DEFINITIONAL_REPRESENTATION('',(#2584),#2588);
#2584 = LINE('',#2585,#2586);
#2585 = CARTESIAN_POINT('',(0.,-70.));
#2586 = VECTOR('',#2587,1.);
#2587 = DIRECTION('',(1.,0.));
#2588 = ( GEOMETRIC_REPRESENTATION_CONTEXT(2) 
PARAMETRIC_REPRESENTATION_CONTEXT() REPRESENTATION_CONTEXT('2D SPACE',''
  ) );
#2589 = ORIENTED_EDGE('',*,*,#2590,.T.);
#2590 = EDGE_CURVE('',#2563,#2591,#2593,.T.);
#2591 = VERTEX_POINT('',#2592);
#2592 = CARTESIAN_POINT('',(-1.51E+03,1.45E+03,450.));
#2593 = SURFACE_CURVE('',#2594,(#2598,#2605),.PCURVE_S1.);
#2594 = LINE('',#2595,#2596);
#2595 = CARTESIAN_POINT('',(-1.89E+03,1.45E+03,450.));
#2596 = VECTOR('',#2597,1.);
#2597 = DIRECTION('',(1.,0.,0.));
#2598 = PCURVE('',#492,#2599);
#2599 = DEFINITIONAL_REPRESENTATION('',(#2600),#2604);
#2600 = LINE('',#2601,#2602);
#2601 = CARTESIAN_POINT('',(450.,4.11E+03));
#2602 = VECTOR('',#2603,1.);
#2603 = DIRECTION('',(0.,1.));
#2604 = ( GEOMETRIC_REPRESENTATION_CONTEXT(2) 
PARAMETRIC_REPRESENTATION_CONTEXT() REPRESENTATION_CONTEXT('2D SPACE',''
  ) );
#2605 = PCURVE('',#2606,#2611);
#2606 = PLANE('',#2607);
#2607 = AXIS2_PLACEMENT_3D('',#2608,#2609,#2610);
#2608 = CARTESIAN_POINT('',(-1.89E+03,1.38E+03,450.));
#2609 = DIRECTION('',(0.,0.,1.));
#2610 = DIRECTION('',(1.,0.,0.));
#2611 = DEFINITIONAL_REPRESENTATION('',(#2612),#2616);
#2612 = LINE('',#2613,#2614);
#2613 = CARTESIAN_POINT('',(0.,70.));
#2614 = VECTOR('',#2615,1.);
#2615 = DIRECTION('',(1.,0.));
#2616 = ( GEOMETRIC_REPRESENTATION_CONTEXT(2) 
PARAMETRIC_REPRESENTATION_CONTEXT() REPRESENTATION_CONTEXT('2D SPACE',''
  ) );
#2617 = ORIENTED_EDGE('',*,*,#2618,.T.);
#2618 = EDGE_CURVE('',#2591,#2535,#2619,.T.);
#2619 = SURFACE_CURVE('',#2620,(#2624,#2631),.PCURVE_S1.);
#2620 = LINE('',#2621,#2622);
#2621 = CARTESIAN_POINT('',(-1.51E+03,1.45E+03,450.));
#2622 = VECTOR('',#2623,1.);
#2623 = DIRECTION('',(0.,0.,1.));
#2624 = PCURVE('',#492,#2625);
#2625 = DEFINITIONAL_REPRESENTATION('',(#2626),#2630);
#2626 = LINE('',#2627,#2628);
#2627 = CARTESIAN_POINT('',(450.,4.49E+03));
#2628 = VECTOR('',#2629,1.);
#2629 = DIRECTION('',(1.,0.));
#2630 = ( GEOMETRIC_REPRESENTATION_CONTEXT(2) 
PARAMETRIC_REPRESENTATION_CONTEXT() REPRESENTATION_CONTEXT('2D SPACE',''
  ) );
#2631 = PCURVE('',#2632,#2637);
#2632 = PLANE('',#2633);
#2633 = AXIS2_PLACEMENT_3D('',#2634,#2635,#2636);
#2634 = CARTESIAN_POINT('',(-1.51E+03,1.38E+03,450.));
#2635 = DIRECTION('',(1.,0.,0.));
#2636 = DIRECTION('',(0.,0.,1.));
#2637 = DEFINITIONAL_REPRESENTATION('',(#2638),#2642);
#2638 = LINE('',#2639,#2640);
#2639 = CARTESIAN_POINT('',(0.,-70.));
#2640 = VECTOR('',#2641,1.);
#2641 = DIRECTION('',(1.,0.));
#2642 = ( GEOMETRIC_REPRESENTATION_CONTEXT(2) 
PARAMETRIC_REPRESENTATION_CONTEXT() REPRESENTATION_CONTEXT('2D SPACE',''
  ) );
#2643 = FACE_BOUND('',#2644,.T.);
#2644 = EDGE_LOOP('',(#2645,#2675,#2703,#2731));
#2645 = ORIENTED_EDGE('',*,*,#2646,.F.);
#2646 = EDGE_CURVE('',#2647,#2649,#2651,.T.);
#2647 = VERTEX_POINT('',#2648);
#2648 = CARTESIAN_POINT('',(1.51E+03,1.45E+03,590.));
#2649 = VERTEX_POINT('',#2650);
#2650 = CARTESIAN_POINT('',(1.89E+03,1.45E+03,590.));
#2651 = SURFACE_CURVE('',#2652,(#2656,#2663),.PCURVE_S1.);
#2652 = LINE('',#2653,#2654);
#2653 = CARTESIAN_POINT('',(1.51E+03,1.45E+03,590.));
#2654 = VECTOR('',#2655,1.);
#2655 = DIRECTION('',(1.,0.,0.));
#2656 = PCURVE('',#492,#2657);
#2657 = DEFINITIONAL_REPRESENTATION('',(#2658),#2662);
#2658 = LINE('',#2659,#2660);
#2659 = CARTESIAN_POINT('',(590.,7.51E+03));
#2660 = VECTOR('',#2661,1.);
#2661 = DIRECTION('',(0.,1.));
#2662 = ( GEOMETRIC_REPRESENTATION_CONTEXT(2) 
PARAMETRIC_REPRESENTATION_CONTEXT() REPRESENTATION_CONTEXT('2D SPACE',''
  ) );
#2663 = PCURVE('',#2664,#2669);
#2664 = PLANE('',#2665);
#2665 = AXIS2_PLACEMENT_3D('',#2666,#2667,#2668);
#2666 = CARTESIAN_POINT('',(1.51E+03,1.38E+03,590.));
#2667 = DIRECTION('',(0.,0.,1.));
#2668 = DIRECTION('',(1.,0.,0.));
#2669 = DEFINITIONAL_REPRESENTATION('',(#2670),#2674);
#2670 = LINE('',#2671,#2672);
#2671 = CARTESIAN_POINT('',(0.,70.));
#2672 = VECTOR('',#2673,1.);
#2673 = DIRECTION('',(1.,0.));
#2674 = ( GEOMETRIC_REPRESENTATION_CONTEXT(2) 
PARAMETRIC_REPRESENTATION_CONTEXT() REPRESENTATION_CONTEXT('2D SPACE',''
  ) );
#2675 = ORIENTED_EDGE('',*,*,#2676,.F.);
#2676 = EDGE_CURVE('',#2677,#2647,#2679,.T.);
#2677 = VERTEX_POINT('',#2678);
#2678 = CARTESIAN_POINT('',(1.51E+03,1.45E+03,450.));
#2679 = SURFACE_CURVE('',#2680,(#2684,#2691),.PCURVE_S1.);
#2680 = LINE('',#2681,#2682);
#2681 = CARTESIAN_POINT('',(1.51E+03,1.45E+03,450.));
#2682 = VECTOR('',#2683,1.);
#2683 = DIRECTION('',(0.,0.,1.));
#2684 = PCURVE('',#492,#2685);
#2685 = DEFINITIONAL_REPRESENTATION('',(#2686),#2690);
#2686 = LINE('',#2687,#2688);
#2687 = CARTESIAN_POINT('',(450.,7.51E+03));
#2688 = VECTOR('',#2689,1.);
#2689 = DIRECTION('',(1.,0.));
#2690 = ( GEOMETRIC_REPRESENTATION_CONTEXT(2) 
PARAMETRIC_REPRESENTATION_CONTEXT() REPRESENTATION_CONTEXT('2D SPACE',''
  ) );
#2691 = PCURVE('',#2692,#2697);
#2692 = PLANE('',#2693);
#2693 = AXIS2_PLACEMENT_3D('',#2694,#2695,#2696);
#2694 = CARTESIAN_POINT('',(1.51E+03,1.38E+03,450.));
#2695 = DIRECTION('',(1.,0.,0.));
#2696 = DIRECTION('',(0.,0.,1.));
#2697 = DEFINITIONAL_REPRESENTATION('',(#2698),#2702);
#2698 = LINE('',#2699,#2700);
#2699 = CARTESIAN_POINT('',(0.,-70.));
#2700 = VECTOR('',#2701,1.);
#2701 = DIRECTION('',(1.,0.));
#2702 = ( GEOMETRIC_REPRESENTATION_CONTEXT(2) 
PARAMETRIC_REPRESENTATION_CONTEXT() REPRESENTATION_CONTEXT('2D SPACE',''
  ) );
#2703 = ORIENTED_EDGE('',*,*,#2704,.T.);
#2704 = EDGE_CURVE('',#2677,#2705,#2707,.T.);
#2705 = VERTEX_POINT('',#2706);
#2706 = CARTESIAN_POINT('',(1.89E+03,1.45E+03,450.));
#2707 = SURFACE_CURVE('',#2708,(#2712,#2719),.PCURVE_S1.);
#2708 = LINE('',#2709,#2710);
#2709 = CARTESIAN_POINT('',(1.51E+03,1.45E+03,450.));
#2710 = VECTOR('',#2711,1.);
#2711 = DIRECTION('',(1.,0.,0.));
#2712 = PCURVE('',#492,#2713);
#2713 = DEFINITIONAL_REPRESENTATION('',(#2714),#2718);
#2714 = LINE('',#2715,#2716);
#2715 = CARTESIAN_POINT('',(450.,7.51E+03));
#2716 = VECTOR('',#2717,1.);
#2717 = DIRECTION('',(0.,1.));
#2718 = ( GEOMETRIC_REPRESENTATION_CONTEXT(2) 
PARAMETRIC_REPRESENTATION_CONTEXT() REPRESENTATION_CONTEXT('2D SPACE',''
  ) );
#2719 = PCURVE('',#2720,#2725);
#2720 = PLANE('',#2721);
#2721 = AXIS2_PLACEMENT_3D('',#2722,#2723,#2724);
#2722 = CARTESIAN_POINT('',(1.51E+03,1.38E+03,450.));
#2723 = DIRECTION('',(0.,0.,1.));
#2724 = DIRECTION('',(1.,0.,0.));
#2725 = DEFINITIONAL_REPRESENTATION('',(#2726),#2730);
#2726 = LINE('',#2727,#2728);
#2727 = CARTESIAN_POINT('',(0.,70.));
#2728 = VECTOR('',#2729,1.);
#2729 = DIRECTION('',(1.,0.));
#2730 = ( GEOMETRIC_REPRESENTATION_CONTEXT(2) 
PARAMETRIC_REPRESENTATION_CONTEXT() REPRESENTATION_CONTEXT('2D SPACE',''
  ) );
#2731 = ORIENTED_EDGE('',*,*,#2732,.T.);
#2732 = EDGE_CURVE('',#2705,#2649,#2733,.T.);
#2733 = SURFACE_CURVE('',#2734,(#2738,#2745),.PCURVE_S1.);
#2734 = LINE('',#2735,#2736);
#2735 = CARTESIAN_POINT('',(1.89E+03,1.45E+03,450.));
#2736 = VECTOR('',#2737,1.);
#2737 = DIRECTION('',(0.,0.,1.));
#2738 = PCURVE('',#492,#2739);
#2739 = DEFINITIONAL_REPRESENTATION('',(#2740),#2744);
#2740 = LINE('',#2741,#2742);
#2741 = CARTESIAN_POINT('',(450.,7.89E+03));
#2742 = VECTOR('',#2743,1.);
#2743 = DIRECTION('',(1.,0.));
#2744 = ( GEOMETRIC_REPRESENTATION_CONTEXT(2) 
PARAMETRIC_REPRESENTATION_CONTEXT() REPRESENTATION_CONTEXT('2D SPACE',''
  ) );
#2745 = PCURVE('',#2746,#2751);
#2746 = PLANE('',#2747);
#2747 = AXIS2_PLACEMENT_3D('',#2748,#2749,#2750);
#2748 = CARTESIAN_POINT('',(1.89E+03,1.38E+03,450.));
#2749 = DIRECTION('',(1.,0.,0.));
#2750 = DIRECTION('',(0.,0.,1.));
#2751 = DEFINITIONAL_REPRESENTATION('',(#2752),#2756);
#2752 = LINE('',#2753,#2754);
#2753 = CARTESIAN_POINT('',(0.,-70.));
#2754 = VECTOR('',#2755,1.);
#2755 = DIRECTION('',(1.,0.));
#2756 = ( GEOMETRIC_REPRESENTATION_CONTEXT(2) 
PARAMETRIC_REPRESENTATION_CONTEXT() REPRESENTATION_CONTEXT('2D SPACE',''
  ) );
#2757 = FACE_BOUND('',#2758,.T.);
#2758 = EDGE_LOOP('',(#2759,#2789,#2817,#2845));
#2759 = ORIENTED_EDGE('',*,*,#2760,.F.);
#2760 = EDGE_CURVE('',#2761,#2763,#2765,.T.);
#2761 = VERTEX_POINT('',#2762);
#2762 = CARTESIAN_POINT('',(2.61E+03,1.45E+03,590.));
#2763 = VERTEX_POINT('',#2764);
#2764 = CARTESIAN_POINT('',(2.99E+03,1.45E+03,590.));
#2765 = SURFACE_CURVE('',#2766,(#2770,#2777),.PCURVE_S1.);
#2766 = LINE('',#2767,#2768);
#2767 = CARTESIAN_POINT('',(2.61E+03,1.45E+03,590.));
#2768 = VECTOR('',#2769,1.);
#2769 = DIRECTION('',(1.,0.,0.));
#2770 = PCURVE('',#492,#2771);
#2771 = DEFINITIONAL_REPRESENTATION('',(#2772),#2776);
#2772 = LINE('',#2773,#2774);
#2773 = CARTESIAN_POINT('',(590.,8.61E+03));
#2774 = VECTOR('',#2775,1.);
#2775 = DIRECTION('',(0.,1.));
#2776 = ( GEOMETRIC_REPRESENTATION_CONTEXT(2) 
PARAMETRIC_REPRESENTATION_CONTEXT() REPRESENTATION_CONTEXT('2D SPACE',''
  ) );
#2777 = PCURVE('',#2778,#2783);
#2778 = PLANE('',#2779);
#2779 = AXIS2_PLACEMENT_3D('',#2780,#2781,#2782);
#2780 = CARTESIAN_POINT('',(2.61E+03,1.38E+03,590.));
#2781 = DIRECTION('',(0.,0.,1.));
#2782 = DIRECTION('',(1.,0.,0.));
#2783 = DEFINITIONAL_REPRESENTATION('',(#2784),#2788);
#2784 = LINE('',#2785,#2786);
#2785 = CARTESIAN_POINT('',(0.,70.));
#2786 = VECTOR('',#2787,1.);
#2787 = DIRECTION('',(1.,0.));
#2788 = ( GEOMETRIC_REPRESENTATION_CONTEXT(2) 
PARAMETRIC_REPRESENTATION_CONTEXT() REPRESENTATION_CONTEXT('2D SPACE',''
  ) );
#2789 = ORIENTED_EDGE('',*,*,#2790,.F.);
#2790 = EDGE_CURVE('',#2791,#2761,#2793,.T.);
#2791 = VERTEX_POINT('',#2792);
#2792 = CARTESIAN_POINT('',(2.61E+03,1.45E+03,450.));
#2793 = SURFACE_CURVE('',#2794,(#2798,#2805),.PCURVE_S1.);
#2794 = LINE('',#2795,#2796);
#2795 = CARTESIAN_POINT('',(2.61E+03,1.45E+03,450.));
#2796 = VECTOR('',#2797,1.);
#2797 = DIRECTION('',(0.,0.,1.));
#2798 = PCURVE('',#492,#2799);
#2799 = DEFINITIONAL_REPRESENTATION('',(#2800),#2804);
#2800 = LINE('',#2801,#2802);
#2801 = CARTESIAN_POINT('',(450.,8.61E+03));
#2802 = VECTOR('',#2803,1.);
#2803 = DIRECTION('',(1.,0.));
#2804 = ( GEOMETRIC_REPRESENTATION_CONTEXT(2) 
PARAMETRIC_REPRESENTATION_CONTEXT() REPRESENTATION_CONTEXT('2D SPACE',''
  ) );
#2805 = PCURVE('',#2806,#2811);
#2806 = PLANE('',#2807);
#2807 = AXIS2_PLACEMENT_3D('',#2808,#2809,#2810);
#2808 = CARTESIAN_POINT('',(2.61E+03,1.38E+03,450.));
#2809 = DIRECTION('',(1.,0.,0.));
#2810 = DIRECTION('',(0.,0.,1.));
#2811 = DEFINITIONAL_REPRESENTATION('',(#2812),#2816);
#2812 = LINE('',#2813,#2814);
#2813 = CARTESIAN_POINT('',(0.,-70.));
#2814 = VECTOR('',#2815,1.);
#2815 = DIRECTION('',(1.,0.));
#2816 = ( GEOMETRIC_REPRESENTATION_CONTEXT(2) 
PARAMETRIC_REPRESENTATION_CONTEXT() REPRESENTATION_CONTEXT('2D SPACE',''
  ) );
#2817 = ORIENTED_EDGE('',*,*,#2818,.T.);
#2818 = EDGE_CURVE('',#2791,#2819,#2821,.T.);
#2819 = VERTEX_POINT('',#2820);
#2820 = CARTESIAN_POINT('',(2.99E+03,1.45E+03,450.));
#2821 = SURFACE_CURVE('',#2822,(#2826,#2833),.PCURVE_S1.);
#2822 = LINE('',#2823,#2824);
#2823 = CARTESIAN_POINT('',(2.61E+03,1.45E+03,450.));
#2824 = VECTOR('',#2825,1.);
#2825 = DIRECTION('',(1.,0.,0.));
#2826 = PCURVE('',#492,#2827);
#2827 = DEFINITIONAL_REPRESENTATION('',(#2828),#2832);
#2828 = LINE('',#2829,#2830);
#2829 = CARTESIAN_POINT('',(450.,8.61E+03));
#2830 = VECTOR('',#2831,1.);
#2831 = DIRECTION('',(0.,1.));
#2832 = ( GEOMETRIC_REPRESENTATION_CONTEXT(2) 
PARAMETRIC_REPRESENTATION_CONTEXT() REPRESENTATION_CONTEXT('2D SPACE',''
  ) );
#2833 = PCURVE('',#2834,#2839);
#2834 = PLANE('',#2835);
#2835 = AXIS2_PLACEMENT_3D('',#2836,#2837,#2838);
#2836 = CARTESIAN_POINT('',(2.61E+03,1.38E+03,450.));
#2837 = DIRECTION('',(0.,0.,1.));
#2838 = DIRECTION('',(1.,0.,0.));
#2839 = DEFINITIONAL_REPRESENTATION('',(#2840),#2844);
#2840 = LINE('',#2841,#2842);
#2841 = CARTESIAN_POINT('',(0.,70.));
#2842 = VECTOR('',#2843,1.);
#2843 = DIRECTION('',(1.,0.));
#2844 = ( GEOMETRIC_REPRESENTATION_CONTEXT(2) 
PARAMETRIC_REPRESENTATION_CONTEXT() REPRESENTATION_CONTEXT('2D SPACE',''
  ) );
#2845 = ORIENTED_EDGE('',*,*,#2846,.T.);
#2846 = EDGE_CURVE('',#2819,#2763,#2847,.T.);
#2847 = SURFACE_CURVE('',#2848,(#2852,#2859),.PCURVE_S1.);
#2848 = LINE('',#2849,#2850);
#2849 = CARTESIAN_POINT('',(2.99E+03,1.45E+03,450.));
#2850 = VECTOR('',#2851,1.);
#2851 = DIRECTION('',(0.,0.,1.));
#2852 = PCURVE('',#492,#2853);
#2853 = DEFINITIONAL_REPRESENTATION('',(#2854),#2858);
#2854 = LINE('',#2855,#2856);
#2855 = CARTESIAN_POINT('',(450.,8.99E+03));
#2856 = VECTOR('',#2857,1.);
#2857 = DIRECTION('',(1.,0.));
#2858 = ( GEOMETRIC_REPRESENTATION_CONTEXT(2) 
PARAMETRIC_REPRESENTATION_CONTEXT() REPRESENTATION_CONTEXT('2D SPACE',''
  ) );
#2859 = PCURVE('',#2860,#2865);
#2860 = PLANE('',#2861);
#2861 = AXIS2_PLACEMENT_3D('',#2862,#2863,#2864);
#2862 = CARTESIAN_POINT('',(2.99E+03,1.38E+03,450.));
#2863 = DIRECTION('',(1.,0.,0.));
#2864 = DIRECTION('',(0.,0.,1.));
#2865 = DEFINITIONAL_REPRESENTATION('',(#2866),#2870);
#2866 = LINE('',#2867,#2868);
#2867 = CARTESIAN_POINT('',(0.,-70.));
#2868 = VECTOR('',#2869,1.);
#2869 = DIRECTION('',(1.,0.));
#2870 = ( GEOMETRIC_REPRESENTATION_CONTEXT(2) 
PARAMETRIC_REPRESENTATION_CONTEXT() REPRESENTATION_CONTEXT('2D SPACE',''
  ) );
#2871 = ADVANCED_FACE('',(#2872),#407,.T.);
#2872 = FACE_BOUND('',#2873,.F.);
#2873 = EDGE_LOOP('',(#2874,#2897,#2898,#2899));
#2874 = ORIENTED_EDGE('',*,*,#2875,.F.);
#2875 = EDGE_CURVE('',#387,#2876,#2878,.T.);
#2876 = VERTEX_POINT('',#2877);
#2877 = CARTESIAN_POINT('',(6.E+03,-1.33E+03,3.26E+03));
#2878 = SURFACE_CURVE('',#2879,(#2883,#2890),.PCURVE_S1.);
#2879 = LINE('',#2880,#2881);
#2880 = CARTESIAN_POINT('',(6.E+03,-1.33E+03,0.));
#2881 = VECTOR('',#2882,1.);
#2882 = DIRECTION('',(0.,0.,1.));
#2883 = PCURVE('',#407,#2884);
#2884 = DEFINITIONAL_REPRESENTATION('',(#2885),#2889);
#2885 = LINE('',#2886,#2887);
#2886 = CARTESIAN_POINT('',(-0.,0.));
#2887 = VECTOR('',#2888,1.);
#2888 = DIRECTION('',(-0.,1.));
#2889 = ( GEOMETRIC_REPRESENTATION_CONTEXT(2) 
PARAMETRIC_REPRESENTATION_CONTEXT() REPRESENTATION_CONTEXT('2D SPACE',''
  ) );
#2890 = PCURVE('',#435,#2891);
#2891 = DEFINITIONAL_REPRESENTATION('',(#2892),#2896);
#2892 = LINE('',#2893,#2894);
#2893 = CARTESIAN_POINT('',(0.,-120.));
#2894 = VECTOR('',#2895,1.);
#2895 = DIRECTION('',(1.,0.));
#2896 = ( GEOMETRIC_REPRESENTATION_CONTEXT(2) 
PARAMETRIC_REPRESENTATION_CONTEXT() REPRESENTATION_CONTEXT('2D SPACE',''
  ) );
#2897 = ORIENTED_EDGE('',*,*,#386,.T.);
#2898 = ORIENTED_EDGE('',*,*,#1163,.T.);
#2899 = ORIENTED_EDGE('',*,*,#2900,.F.);
#2900 = EDGE_CURVE('',#2876,#1141,#2901,.T.);
#2901 = SURFACE_CURVE('',#2902,(#2907,#2914),.PCURVE_S1.);
#2902 = CIRCLE('',#2903,120.);
#2903 = AXIS2_PLACEMENT_3D('',#2904,#2905,#2906);
#2904 = CARTESIAN_POINT('',(5.88E+03,-1.33E+03,3.26E+03));
#2905 = DIRECTION('',(0.,-0.,-1.));
#2906 = DIRECTION('',(1.,0.,-0.));
#2907 = PCURVE('',#407,#2908);
#2908 = DEFINITIONAL_REPRESENTATION('',(#2909),#2913);
#2909 = LINE('',#2910,#2911);
#2910 = CARTESIAN_POINT('',(-0.,3.26E+03));
#2911 = VECTOR('',#2912,1.);
#2912 = DIRECTION('',(-1.,0.));
#2913 = ( GEOMETRIC_REPRESENTATION_CONTEXT(2) 
PARAMETRIC_REPRESENTATION_CONTEXT() REPRESENTATION_CONTEXT('2D SPACE',''
  ) );
#2914 = PCURVE('',#1690,#2915);
#2915 = DEFINITIONAL_REPRESENTATION('',(#2916),#2920);
#2916 = LINE('',#2917,#2918);
#2917 = CARTESIAN_POINT('',(-0.,0.));
#2918 = VECTOR('',#2919,1.);
#2919 = DIRECTION('',(-1.,0.));
#2920 = ( GEOMETRIC_REPRESENTATION_CONTEXT(2) 
PARAMETRIC_REPRESENTATION_CONTEXT() REPRESENTATION_CONTEXT('2D SPACE',''
  ) );
#2921 = ADVANCED_FACE('',(#2922),#464,.T.);
#2922 = FACE_BOUND('',#2923,.T.);
#2923 = EDGE_LOOP('',(#2924,#2947,#2948,#2949));
#2924 = ORIENTED_EDGE('',*,*,#2925,.F.);
#2925 = EDGE_CURVE('',#420,#2926,#2928,.T.);
#2926 = VERTEX_POINT('',#2927);
#2927 = CARTESIAN_POINT('',(6.E+03,1.33E+03,3.26E+03));
#2928 = SURFACE_CURVE('',#2929,(#2933,#2940),.PCURVE_S1.);
#2929 = LINE('',#2930,#2931);
#2930 = CARTESIAN_POINT('',(6.E+03,1.33E+03,0.));
#2931 = VECTOR('',#2932,1.);
#2932 = DIRECTION('',(0.,0.,1.));
#2933 = PCURVE('',#464,#2934);
#2934 = DEFINITIONAL_REPRESENTATION('',(#2935),#2939);
#2935 = LINE('',#2936,#2937);
#2936 = CARTESIAN_POINT('',(0.,0.));
#2937 = VECTOR('',#2938,1.);
#2938 = DIRECTION('',(0.,1.));
#2939 = ( GEOMETRIC_REPRESENTATION_CONTEXT(2) 
PARAMETRIC_REPRESENTATION_CONTEXT() REPRESENTATION_CONTEXT('2D SPACE',''
  ) );
#2940 = PCURVE('',#435,#2941);
#2941 = DEFINITIONAL_REPRESENTATION('',(#2942),#2946);
#2942 = LINE('',#2943,#2944);
#2943 = CARTESIAN_POINT('',(0.,-2.78E+03));
#2944 = VECTOR('',#2945,1.);
#2945 = DIRECTION('',(1.,0.));
#2946 = ( GEOMETRIC_REPRESENTATION_CONTEXT(2) 
PARAMETRIC_REPRESENTATION_CONTEXT() REPRESENTATION_CONTEXT('2D SPACE',''
  ) );
#2947 = ORIENTED_EDGE('',*,*,#447,.T.);
#2948 = ORIENTED_EDGE('',*,*,#2394,.T.);
#2949 = ORIENTED_EDGE('',*,*,#2950,.T.);
#2950 = EDGE_CURVE('',#2372,#2926,#2951,.T.);
#2951 = SURFACE_CURVE('',#2952,(#2957,#2964),.PCURVE_S1.);
#2952 = CIRCLE('',#2953,120.);
#2953 = AXIS2_PLACEMENT_3D('',#2954,#2955,#2956);
#2954 = CARTESIAN_POINT('',(5.88E+03,1.33E+03,3.26E+03));
#2955 = DIRECTION('',(0.,-0.,-1.));
#2956 = DIRECTION('',(0.,1.,-0.));
#2957 = PCURVE('',#464,#2958);
#2958 = DEFINITIONAL_REPRESENTATION('',(#2959),#2963);
#2959 = LINE('',#2960,#2961);
#2960 = CARTESIAN_POINT('',(1.570796326795,3.26E+03));
#2961 = VECTOR('',#2962,1.);
#2962 = DIRECTION('',(-1.,-0.));
#2963 = ( GEOMETRIC_REPRESENTATION_CONTEXT(2) 
PARAMETRIC_REPRESENTATION_CONTEXT() REPRESENTATION_CONTEXT('2D SPACE',''
  ) );
#2964 = PCURVE('',#1769,#2965);
#2965 = DEFINITIONAL_REPRESENTATION('',(#2966),#2970);
#2966 = LINE('',#2967,#2968);
#2967 = CARTESIAN_POINT('',(-0.,0.));
#2968 = VECTOR('',#2969,1.);
#2969 = DIRECTION('',(-1.,0.));
#2970 = ( GEOMETRIC_REPRESENTATION_CONTEXT(2) 
PARAMETRIC_REPRESENTATION_CONTEXT() REPRESENTATION_CONTEXT('2D SPACE',''
  ) );
#2971 = ADVANCED_FACE('',(#2972),#435,.T.);
#2972 = FACE_BOUND('',#2973,.T.);
#2973 = EDGE_LOOP('',(#2974,#2975,#2976,#2977));
#2974 = ORIENTED_EDGE('',*,*,#2875,.F.);
#2975 = ORIENTED_EDGE('',*,*,#419,.T.);
#2976 = ORIENTED_EDGE('',*,*,#2925,.T.);
#2977 = ORIENTED_EDGE('',*,*,#2978,.T.);
#2978 = EDGE_CURVE('',#2926,#2876,#2979,.T.);
#2979 = SURFACE_CURVE('',#2980,(#2984,#2991),.PCURVE_S1.);
#2980 = LINE('',#2981,#2982);
#2981 = CARTESIAN_POINT('',(6.E+03,1.33E+03,3.26E+03));
#2982 = VECTOR('',#2983,1.);
#2983 = DIRECTION('',(-0.,-1.,-0.));
#2984 = PCURVE('',#435,#2985);
#2985 = DEFINITIONAL_REPRESENTATION('',(#2986),#2990);
#2986 = LINE('',#2987,#2988);
#2987 = CARTESIAN_POINT('',(3.26E+03,-2.78E+03));
#2988 = VECTOR('',#2989,1.);
#2989 = DIRECTION('',(-0.,1.));
#2990 = ( GEOMETRIC_REPRESENTATION_CONTEXT(2) 
PARAMETRIC_REPRESENTATION_CONTEXT() REPRESENTATION_CONTEXT('2D SPACE',''
  ) );
#2991 = PCURVE('',#1736,#2992);
#2992 = DEFINITIONAL_REPRESENTATION('',(#2993),#2997);
#2993 = LINE('',#2994,#2995);
#2994 = CARTESIAN_POINT('',(0.,0.));
#2995 = VECTOR('',#2996,1.);
#2996 = DIRECTION('',(0.,1.));
#2997 = ( GEOMETRIC_REPRESENTATION_CONTEXT(2) 
PARAMETRIC_REPRESENTATION_CONTEXT() REPRESENTATION_CONTEXT('2D SPACE',''
  ) );
#2998 = ADVANCED_FACE('',(#2999),#599,.T.);
#2999 = FACE_BOUND('',#3000,.T.);
#3000 = EDGE_LOOP('',(#3001,#3021,#3022,#3023));
#3001 = ORIENTED_EDGE('',*,*,#3002,.T.);
#3002 = EDGE_CURVE('',#1141,#1647,#3003,.T.);
#3003 = SURFACE_CURVE('',#3004,(#3009,#3015),.PCURVE_S1.);
#3004 = CIRCLE('',#3005,90.);
#3005 = AXIS2_PLACEMENT_3D('',#3006,#3007,#3008);
#3006 = CARTESIAN_POINT('',(5.88E+03,-1.36E+03,3.26E+03));
#3007 = DIRECTION('',(-1.,-6.123233995737E-17,0.));
#3008 = DIRECTION('',(6.123233995737E-17,-1.,-0.));
#3009 = PCURVE('',#599,#3010);
#3010 = DEFINITIONAL_REPRESENTATION('',(#3011),#3014);
#3011 = B_SPLINE_CURVE_WITH_KNOTS('',1,(#3012,#3013),.UNSPECIFIED.,.F.,
  .F.,(2,2),(0.,1.570796326795),.PIECEWISE_BEZIER_KNOTS.);
#3012 = CARTESIAN_POINT('',(0.,0.));
#3013 = CARTESIAN_POINT('',(1.570796326795,0.));
#3014 = ( GEOMETRIC_REPRESENTATION_CONTEXT(2) 
PARAMETRIC_REPRESENTATION_CONTEXT() REPRESENTATION_CONTEXT('2D SPACE',''
  ) );
#3015 = PCURVE('',#1690,#3016);
#3016 = DEFINITIONAL_REPRESENTATION('',(#3017),#3020);
#3017 = B_SPLINE_CURVE_WITH_KNOTS('',1,(#3018,#3019),.UNSPECIFIED.,.F.,
  .F.,(2,2),(0.,1.570796326795),.PIECEWISE_BEZIER_KNOTS.);
#3018 = CARTESIAN_POINT('',(-1.570796326795,0.));
#3019 = CARTESIAN_POINT('',(-1.570796326795,1.570796326795));
#3020 = ( GEOMETRIC_REPRESENTATION_CONTEXT(2) 
PARAMETRIC_REPRESENTATION_CONTEXT() REPRESENTATION_CONTEXT('2D SPACE',''
  ) );
#3021 = ORIENTED_EDGE('',*,*,#1646,.T.);
#3022 = ORIENTED_EDGE('',*,*,#583,.F.);
#3023 = ORIENTED_EDGE('',*,*,#1140,.F.);
#3024 = ADVANCED_FACE('',(#3025),#726,.T.);
#3025 = FACE_BOUND('',#3026,.T.);
#3026 = EDGE_LOOP('',(#3027,#3048,#3049,#3072,#3100,#3121));
#3027 = ORIENTED_EDGE('',*,*,#3028,.F.);
#3028 = EDGE_CURVE('',#643,#2035,#3029,.T.);
#3029 = SURFACE_CURVE('',#3030,(#3034,#3041),.PCURVE_S1.);
#3030 = LINE('',#3031,#3032);
#3031 = CARTESIAN_POINT('',(-5.975E+03,-1.425E+03,3.32E+03));
#3032 = VECTOR('',#3033,1.);
#3033 = DIRECTION('',(0.,1.,0.));
#3034 = PCURVE('',#726,#3035);
#3035 = DEFINITIONAL_REPRESENTATION('',(#3036),#3040);
#3036 = LINE('',#3037,#3038);
#3037 = CARTESIAN_POINT('',(3.28E+03,0.));
#3038 = VECTOR('',#3039,1.);
#3039 = DIRECTION('',(0.,-1.));
#3040 = ( GEOMETRIC_REPRESENTATION_CONTEXT(2) 
PARAMETRIC_REPRESENTATION_CONTEXT() REPRESENTATION_CONTEXT('2D SPACE',''
  ) );
#3041 = PCURVE('',#1105,#3042);
#3042 = DEFINITIONAL_REPRESENTATION('',(#3043),#3047);
#3043 = LINE('',#3044,#3045);
#3044 = CARTESIAN_POINT('',(0.,0.));
#3045 = VECTOR('',#3046,1.);
#3046 = DIRECTION('',(0.,1.));
#3047 = ( GEOMETRIC_REPRESENTATION_CONTEXT(2) 
PARAMETRIC_REPRESENTATION_CONTEXT() REPRESENTATION_CONTEXT('2D SPACE',''
  ) );
#3048 = ORIENTED_EDGE('',*,*,#640,.F.);
#3049 = ORIENTED_EDGE('',*,*,#3050,.F.);
#3050 = EDGE_CURVE('',#3051,#641,#3053,.T.);
#3051 = VERTEX_POINT('',#3052);
#3052 = CARTESIAN_POINT('',(-5.975E+03,-1.355E+03,40.));
#3053 = SURFACE_CURVE('',#3054,(#3058,#3065),.PCURVE_S1.);
#3054 = LINE('',#3055,#3056);
#3055 = CARTESIAN_POINT('',(-5.975E+03,-1.355E+03,40.));
#3056 = VECTOR('',#3057,1.);
#3057 = DIRECTION('',(0.,0.,1.));
#3058 = PCURVE('',#726,#3059);
#3059 = DEFINITIONAL_REPRESENTATION('',(#3060),#3064);
#3060 = LINE('',#3061,#3062);
#3061 = CARTESIAN_POINT('',(0.,-70.));
#3062 = VECTOR('',#3063,1.);
#3063 = DIRECTION('',(1.,0.));
#3064 = ( GEOMETRIC_REPRESENTATION_CONTEXT(2) 
PARAMETRIC_REPRESENTATION_CONTEXT() REPRESENTATION_CONTEXT('2D SPACE',''
  ) );
#3065 = PCURVE('',#870,#3066);
#3066 = DEFINITIONAL_REPRESENTATION('',(#3067),#3071);
#3067 = LINE('',#3068,#3069);
#3068 = CARTESIAN_POINT('',(0.,0.));
#3069 = VECTOR('',#3070,1.);
#3070 = DIRECTION('',(0.,1.));
#3071 = ( GEOMETRIC_REPRESENTATION_CONTEXT(2) 
PARAMETRIC_REPRESENTATION_CONTEXT() REPRESENTATION_CONTEXT('2D SPACE',''
  ) );
#3072 = ORIENTED_EDGE('',*,*,#3073,.T.);
#3073 = EDGE_CURVE('',#3051,#3074,#3076,.T.);
#3074 = VERTEX_POINT('',#3075);
#3075 = CARTESIAN_POINT('',(-5.975E+03,1.355E+03,40.));
#3076 = SURFACE_CURVE('',#3077,(#3081,#3088),.PCURVE_S1.);
#3077 = LINE('',#3078,#3079);
#3078 = CARTESIAN_POINT('',(-5.975E+03,-1.425E+03,40.));
#3079 = VECTOR('',#3080,1.);
#3080 = DIRECTION('',(0.,1.,0.));
#3081 = PCURVE('',#726,#3082);
#3082 = DEFINITIONAL_REPRESENTATION('',(#3083),#3087);
#3083 = LINE('',#3084,#3085);
#3084 = CARTESIAN_POINT('',(0.,0.));
#3085 = VECTOR('',#3086,1.);
#3086 = DIRECTION('',(0.,-1.));
#3087 = ( GEOMETRIC_REPRESENTATION_CONTEXT(2) 
PARAMETRIC_REPRESENTATION_CONTEXT() REPRESENTATION_CONTEXT('2D SPACE',''
  ) );
#3088 = PCURVE('',#3089,#3094);
#3089 = PLANE('',#3090);
#3090 = AXIS2_PLACEMENT_3D('',#3091,#3092,#3093);
#3091 = CARTESIAN_POINT('',(-5.975E+03,-1.425E+03,40.));
#3092 = DIRECTION('',(0.,0.,1.));
#3093 = DIRECTION('',(1.,0.,0.));
#3094 = DEFINITIONAL_REPRESENTATION('',(#3095),#3099);
#3095 = LINE('',#3096,#3097);
#3096 = CARTESIAN_POINT('',(0.,0.));
#3097 = VECTOR('',#3098,1.);
#3098 = DIRECTION('',(0.,1.));
#3099 = ( GEOMETRIC_REPRESENTATION_CONTEXT(2) 
PARAMETRIC_REPRESENTATION_CONTEXT() REPRESENTATION_CONTEXT('2D SPACE',''
  ) );
#3100 = ORIENTED_EDGE('',*,*,#3101,.T.);
#3101 = EDGE_CURVE('',#3074,#1884,#3102,.T.);
#3102 = SURFACE_CURVE('',#3103,(#3107,#3114),.PCURVE_S1.);
#3103 = LINE('',#3104,#3105);
#3104 = CARTESIAN_POINT('',(-5.975E+03,1.355E+03,40.));
#3105 = VECTOR('',#3106,1.);
#3106 = DIRECTION('',(0.,0.,1.));
#3107 = PCURVE('',#726,#3108);
#3108 = DEFINITIONAL_REPRESENTATION('',(#3109),#3113);
#3109 = LINE('',#3110,#3111);
#3110 = CARTESIAN_POINT('',(0.,-2.78E+03));
#3111 = VECTOR('',#3112,1.);
#3112 = DIRECTION('',(1.,0.));
#3113 = ( GEOMETRIC_REPRESENTATION_CONTEXT(2) 
PARAMETRIC_REPRESENTATION_CONTEXT() REPRESENTATION_CONTEXT('2D SPACE',''
  ) );
#3114 = PCURVE('',#1981,#3115);
#3115 = DEFINITIONAL_REPRESENTATION('',(#3116),#3120);
#3116 = LINE('',#3117,#3118);
#3117 = CARTESIAN_POINT('',(-0.,0.));
#3118 = VECTOR('',#3119,1.);
#3119 = DIRECTION('',(-0.,1.));
#3120 = ( GEOMETRIC_REPRESENTATION_CONTEXT(2) 
PARAMETRIC_REPRESENTATION_CONTEXT() REPRESENTATION_CONTEXT('2D SPACE',''
  ) );
#3121 = ORIENTED_EDGE('',*,*,#2034,.T.);
#3122 = ADVANCED_FACE('',(#3123),#1105,.F.);
#3123 = FACE_BOUND('',#3124,.F.);
#3124 = EDGE_LOOP('',(#3125,#3126,#3127,#3150,#3230,#3258,#3338,#3359));
#3125 = ORIENTED_EDGE('',*,*,#3028,.F.);
#3126 = ORIENTED_EDGE('',*,*,#1053,.T.);
#3127 = ORIENTED_EDGE('',*,*,#3128,.T.);
#3128 = EDGE_CURVE('',#924,#3129,#3131,.T.);
#3129 = VERTEX_POINT('',#3130);
#3130 = CARTESIAN_POINT('',(5.899998058893E+03,-1.425E+03,3.32E+03));
#3131 = SURFACE_CURVE('',#3132,(#3136,#3143),.PCURVE_S1.);
#3132 = LINE('',#3133,#3134);
#3133 = CARTESIAN_POINT('',(-5.975E+03,-1.425E+03,3.32E+03));
#3134 = VECTOR('',#3135,1.);
#3135 = DIRECTION('',(1.,0.,0.));
#3136 = PCURVE('',#1105,#3137);
#3137 = DEFINITIONAL_REPRESENTATION('',(#3138),#3142);
#3138 = LINE('',#3139,#3140);
#3139 = CARTESIAN_POINT('',(0.,0.));
#3140 = VECTOR('',#3141,1.);
#3141 = DIRECTION('',(1.,0.));
#3142 = ( GEOMETRIC_REPRESENTATION_CONTEXT(2) 
PARAMETRIC_REPRESENTATION_CONTEXT() REPRESENTATION_CONTEXT('2D SPACE',''
  ) );
#3143 = PCURVE('',#1007,#3144);
#3144 = DEFINITIONAL_REPRESENTATION('',(#3145),#3149);
#3145 = LINE('',#3146,#3147);
#3146 = CARTESIAN_POINT('',(3.28E+03,0.));
#3147 = VECTOR('',#3148,1.);
#3148 = DIRECTION('',(0.,1.));
#3149 = ( GEOMETRIC_REPRESENTATION_CONTEXT(2) 
PARAMETRIC_REPRESENTATION_CONTEXT() REPRESENTATION_CONTEXT('2D SPACE',''
  ) );
#3150 = ORIENTED_EDGE('',*,*,#3151,.T.);
#3151 = EDGE_CURVE('',#3129,#3152,#3154,.T.);
#3152 = VERTEX_POINT('',#3153);
#3153 = CARTESIAN_POINT('',(5.975E+03,-1.349998058893E+03,3.32E+03));
#3154 = SURFACE_CURVE('',#3155,(#3178,#3204),.PCURVE_S1.);
#3155 = B_SPLINE_CURVE_WITH_KNOTS('',6,(#3156,#3157,#3158,#3159,#3160,
    #3161,#3162,#3163,#3164,#3165,#3166,#3167,#3168,#3169,#3170,#3171,
    #3172,#3173,#3174,#3175,#3176,#3177),.UNSPECIFIED.,.F.,.F.,(7,5,5,5,
    7),(0.,0.250999936093,0.500999936407,0.750999936721,1.),
  .UNSPECIFIED.);
#3156 = CARTESIAN_POINT('',(5.88E+03,-1.427082039325E+03,3.32E+03));
#3157 = CARTESIAN_POINT('',(5.886379316378E+03,-1.427082039325E+03,
    3.32E+03));
#3158 = CARTESIAN_POINT('',(5.892759011733E+03,-1.426579012721E+03,
    3.32E+03));
#3159 = CARTESIAN_POINT('',(5.899088666913E+03,-1.425572850854E+03,
    3.32E+03));
#3160 = CARTESIAN_POINT('',(5.90531919487E+03,-1.4240703803E+03,3.32E+03
    ));
#3161 = CARTESIAN_POINT('',(5.91140265233E+03,-1.422084154248E+03,
    3.32E+03));
#3162 = CARTESIAN_POINT('',(5.923158943869E+03,-1.417192889615E+03,
    3.32E+03));
#3163 = CARTESIAN_POINT('',(5.928834007391E+03,-1.414291255799E+03,
    3.32E+03));
#3164 = CARTESIAN_POINT('',(5.934271689365E+03,-1.410947775939E+03,
    3.32E+03));
#3165 = CARTESIAN_POINT('',(5.939429784317E+03,-1.407187284044E+03,
    3.32E+03));
#3166 = CARTESIAN_POINT('',(5.944269290114E+03,-1.403039391998E+03,
    3.32E+03));
#3167 = CARTESIAN_POINT('',(5.953240939161E+03,-1.394039513318E+03,
    3.32E+03));
#3168 = CARTESIAN_POINT('',(5.957373607007E+03,-1.389187000438E+03,
    3.32E+03));
#3169 = CARTESIAN_POINT('',(5.961117875738E+03,-1.384017117025E+03,
    3.32E+03));
#3170 = CARTESIAN_POINT('',(5.964444256145E+03,-1.378568958051E+03,
    3.32E+03));
#3171 = CARTESIAN_POINT('',(5.967328046933E+03,-1.372884806797E+03,
    3.32E+03));
#3172 = CARTESIAN_POINT('',(5.972162976769E+03,-1.36116019637E+03,
    3.32E+03));
#3173 = CARTESIAN_POINT('',(5.974118079415E+03,-1.355120575852E+03,
    3.32E+03));
#3174 = CARTESIAN_POINT('',(5.97559680768E+03,-1.348937347261E+03,
    3.32E+03));
#3175 = CARTESIAN_POINT('',(5.976586996657E+03,-1.342657340981E+03,
    3.32E+03));
#3176 = CARTESIAN_POINT('',(5.977082039325E+03,-1.336328488391E+03,
    3.32E+03));
#3177 = CARTESIAN_POINT('',(5.977082039325E+03,-1.33E+03,3.32E+03));
#3178 = PCURVE('',#1105,#3179);
#3179 = DEFINITIONAL_REPRESENTATION('',(#3180),#3203);
#3180 = B_SPLINE_CURVE_WITH_KNOTS('',6,(#3181,#3182,#3183,#3184,#3185,
    #3186,#3187,#3188,#3189,#3190,#3191,#3192,#3193,#3194,#3195,#3196,
    #3197,#3198,#3199,#3200,#3201,#3202),.UNSPECIFIED.,.F.,.F.,(7,5,5,5,
    7),(0.,0.250999936093,0.500999936407,0.750999936721,1.),
  .UNSPECIFIED.);
#3181 = CARTESIAN_POINT('',(1.1855E+04,-2.082039324994));
#3182 = CARTESIAN_POINT('',(1.186137931638E+04,-2.082039324994));
#3183 = CARTESIAN_POINT('',(1.186775901173E+04,-1.579012721055));
#3184 = CARTESIAN_POINT('',(1.187408866691E+04,-0.572850854379));
#3185 = CARTESIAN_POINT('',(1.188031919487E+04,0.92961970048));
#3186 = CARTESIAN_POINT('',(1.188640265233E+04,2.915845751933));
#3187 = CARTESIAN_POINT('',(1.189815894387E+04,7.807110385465));
#3188 = CARTESIAN_POINT('',(1.190383400739E+04,10.708744201009));
#3189 = CARTESIAN_POINT('',(1.190927168937E+04,14.052224061337));
#3190 = CARTESIAN_POINT('',(1.191442978432E+04,17.812715956353));
#3191 = CARTESIAN_POINT('',(1.191926929011E+04,21.960608002051));
#3192 = CARTESIAN_POINT('',(1.192824093916E+04,30.960486681634));
#3193 = CARTESIAN_POINT('',(1.193237360701E+04,35.812999562204));
#3194 = CARTESIAN_POINT('',(1.193611787574E+04,40.982882974512));
#3195 = CARTESIAN_POINT('',(1.193944425615E+04,46.431041949224));
#3196 = CARTESIAN_POINT('',(1.194232804693E+04,52.115193202605));
#3197 = CARTESIAN_POINT('',(1.194716297677E+04,63.839803630048));
#3198 = CARTESIAN_POINT('',(1.194911807941E+04,69.879424147554));
#3199 = CARTESIAN_POINT('',(1.195059680768E+04,76.062652738511));
#3200 = CARTESIAN_POINT('',(1.195158699666E+04,82.342659018743));
#3201 = CARTESIAN_POINT('',(1.195208203932E+04,88.671511608716));
#3202 = CARTESIAN_POINT('',(1.195208203932E+04,95.));
#3203 = ( GEOMETRIC_REPRESENTATION_CONTEXT(2) 
PARAMETRIC_REPRESENTATION_CONTEXT() REPRESENTATION_CONTEXT('2D SPACE',''
  ) );
#3204 = PCURVE('',#1690,#3205);
#3205 = DEFINITIONAL_REPRESENTATION('',(#3206),#3229);
#3206 = B_SPLINE_CURVE_WITH_KNOTS('',6,(#3207,#3208,#3209,#3210,#3211,
    #3212,#3213,#3214,#3215,#3216,#3217,#3218,#3219,#3220,#3221,#3222,
    #3223,#3224,#3225,#3226,#3227,#3228),.UNSPECIFIED.,.F.,.F.,(7,5,5,5,
    7),(0.,0.250999936093,0.500999936407,0.750999936721,1.),
  .UNSPECIFIED.);
#3207 = CARTESIAN_POINT('',(-1.570796326795,0.729727656227));
#3208 = CARTESIAN_POINT('',(-1.505085754352,0.729727656227));
#3209 = CARTESIAN_POINT('',(-1.4393713146,0.729727656227));
#3210 = CARTESIAN_POINT('',(-1.373661387782,0.729727656227));
#3211 = CARTESIAN_POINT('',(-1.307951460964,0.729727656227));
#3212 = CARTESIAN_POINT('',(-1.242237021212,0.729727656227));
#3213 = CARTESIAN_POINT('',(-1.11107765469,0.729727656227));
#3214 = CARTESIAN_POINT('',(-1.045625069027,0.729727656227));
#3215 = CARTESIAN_POINT('',(-0.98017690792,0.729727656227));
#3216 = CARTESIAN_POINT('',(-0.914728746814,0.729727656227));
#3217 = CARTESIAN_POINT('',(-0.84927616115,0.729727656227));
#3218 = CARTESIAN_POINT('',(-0.718378572992,0.729727656227));
#3219 = CARTESIAN_POINT('',(-0.652925987328,0.729727656227));
#3220 = CARTESIAN_POINT('',(-0.587477826221,0.729727656227));
#3221 = CARTESIAN_POINT('',(-0.522029665115,0.729727656227));
#3222 = CARTESIAN_POINT('',(-0.456577079451,0.729727656227));
#3223 = CARTESIAN_POINT('',(-0.325941269985,0.729727656227));
#3224 = CARTESIAN_POINT('',(-0.260750537554,0.729727656227));
#3225 = CARTESIAN_POINT('',(-0.195564142686,0.729727656227));
#3226 = CARTESIAN_POINT('',(-0.130377747818,0.729727656227));
#3227 = CARTESIAN_POINT('',(-6.518701538704E-02,0.729727656227));
#3228 = CARTESIAN_POINT('',(0.,0.729727656227));
#3229 = ( GEOMETRIC_REPRESENTATION_CONTEXT(2) 
PARAMETRIC_REPRESENTATION_CONTEXT() REPRESENTATION_CONTEXT('2D SPACE',''
  ) );
#3230 = ORIENTED_EDGE('',*,*,#3231,.T.);
#3231 = EDGE_CURVE('',#3152,#3232,#3234,.T.);
#3232 = VERTEX_POINT('',#3233);
#3233 = CARTESIAN_POINT('',(5.975E+03,1.349998058893E+03,3.32E+03));
#3234 = SURFACE_CURVE('',#3235,(#3239,#3246),.PCURVE_S1.);
#3235 = LINE('',#3236,#3237);
#3236 = CARTESIAN_POINT('',(5.975E+03,-1.425E+03,3.32E+03));
#3237 = VECTOR('',#3238,1.);
#3238 = DIRECTION('',(0.,1.,0.));
#3239 = PCURVE('',#1105,#3240);
#3240 = DEFINITIONAL_REPRESENTATION('',(#3241),#3245);
#3241 = LINE('',#3242,#3243);
#3242 = CARTESIAN_POINT('',(1.195E+04,0.));
#3243 = VECTOR('',#3244,1.);
#3244 = DIRECTION('',(0.,1.));
#3245 = ( GEOMETRIC_REPRESENTATION_CONTEXT(2) 
PARAMETRIC_REPRESENTATION_CONTEXT() REPRESENTATION_CONTEXT('2D SPACE',''
  ) );
#3246 = PCURVE('',#3247,#3252);
#3247 = PLANE('',#3248);
#3248 = AXIS2_PLACEMENT_3D('',#3249,#3250,#3251);
#3249 = CARTESIAN_POINT('',(5.975E+03,-1.425E+03,40.));
#3250 = DIRECTION('',(1.,0.,0.));
#3251 = DIRECTION('',(0.,0.,1.));
#3252 = DEFINITIONAL_REPRESENTATION('',(#3253),#3257);
#3253 = LINE('',#3254,#3255);
#3254 = CARTESIAN_POINT('',(3.28E+03,0.));
#3255 = VECTOR('',#3256,1.);
#3256 = DIRECTION('',(0.,-1.));
#3257 = ( GEOMETRIC_REPRESENTATION_CONTEXT(2) 
PARAMETRIC_REPRESENTATION_CONTEXT() REPRESENTATION_CONTEXT('2D SPACE',''
  ) );
#3258 = ORIENTED_EDGE('',*,*,#3259,.T.);
#3259 = EDGE_CURVE('',#3232,#3260,#3262,.T.);
#3260 = VERTEX_POINT('',#3261);
#3261 = CARTESIAN_POINT('',(5.899998058893E+03,1.425E+03,3.32E+03));
#3262 = SURFACE_CURVE('',#3263,(#3286,#3312),.PCURVE_S1.);
#3263 = B_SPLINE_CURVE_WITH_KNOTS('',6,(#3264,#3265,#3266,#3267,#3268,
    #3269,#3270,#3271,#3272,#3273,#3274,#3275,#3276,#3277,#3278,#3279,
    #3280,#3281,#3282,#3283,#3284,#3285),.UNSPECIFIED.,.F.,.F.,(7,5,5,5,
    7),(0.,0.25,0.5,0.75,1.),.UNSPECIFIED.);
#3264 = CARTESIAN_POINT('',(5.977082039325E+03,1.33E+03,3.32E+03));
#3265 = CARTESIAN_POINT('',(5.977082039325E+03,1.336353902401E+03,
    3.32E+03));
#3266 = CARTESIAN_POINT('',(5.97658301267E+03,1.342708176331E+03,
    3.32E+03));
#3267 = CARTESIAN_POINT('',(5.975584853235E+03,1.349013009443E+03,
    3.32E+03));
#3268 = CARTESIAN_POINT('',(5.974094277131E+03,1.355219894789E+03,
    3.32E+03));
#3269 = CARTESIAN_POINT('',(5.972123642286E+03,1.36128144765E+03,
    3.32E+03));
#3270 = CARTESIAN_POINT('',(5.967260575927E+03,1.373021928409E+03,
    3.32E+03));
#3271 = CARTESIAN_POINT('',(5.964367860057E+03,1.378701542804E+03,
    3.32E+03));
#3272 = CARTESIAN_POINT('',(5.961032925809E+03,1.384144469993E+03,
    3.32E+03));
#3273 = CARTESIAN_POINT('',(5.957280540866E+03,1.389308465546E+03,
    3.32E+03));
#3274 = CARTESIAN_POINT('',(5.953140255813E+03,1.394154480864E+03,
    3.32E+03));
#3275 = CARTESIAN_POINT('',(5.944154480864E+03,1.403140255813E+03,
    3.32E+03));
#3276 = CARTESIAN_POINT('',(5.939308465546E+03,1.407280540866E+03,
    3.32E+03));
#3277 = CARTESIAN_POINT('',(5.934144469993E+03,1.411032925809E+03,
    3.32E+03));
#3278 = CARTESIAN_POINT('',(5.928701542804E+03,1.414367860057E+03,
    3.32E+03));
#3279 = CARTESIAN_POINT('',(5.923021928409E+03,1.417260575927E+03,
    3.32E+03));
#3280 = CARTESIAN_POINT('',(5.91128144765E+03,1.422123642286E+03,
    3.32E+03));
#3281 = CARTESIAN_POINT('',(5.905219894789E+03,1.424094277131E+03,
    3.32E+03));
#3282 = CARTESIAN_POINT('',(5.899013009443E+03,1.425584853235E+03,
    3.32E+03));
#3283 = CARTESIAN_POINT('',(5.892708176331E+03,1.42658301267E+03,
    3.32E+03));
#3284 = CARTESIAN_POINT('',(5.886353902401E+03,1.427082039325E+03,
    3.32E+03));
#3285 = CARTESIAN_POINT('',(5.88E+03,1.427082039325E+03,3.32E+03));
#3286 = PCURVE('',#1105,#3287);
#3287 = DEFINITIONAL_REPRESENTATION('',(#3288),#3311);
#3288 = B_SPLINE_CURVE_WITH_KNOTS('',6,(#3289,#3290,#3291,#3292,#3293,
    #3294,#3295,#3296,#3297,#3298,#3299,#3300,#3301,#3302,#3303,#3304,
    #3305,#3306,#3307,#3308,#3309,#3310),.UNSPECIFIED.,.F.,.F.,(7,5,5,5,
    7),(0.,0.25,0.5,0.75,1.),.UNSPECIFIED.);
#3289 = CARTESIAN_POINT('',(1.195208203932E+04,2.755E+03));
#3290 = CARTESIAN_POINT('',(1.195208203932E+04,2.761353902401E+03));
#3291 = CARTESIAN_POINT('',(1.195158301267E+04,2.767708176331E+03));
#3292 = CARTESIAN_POINT('',(1.195058485323E+04,2.774013009443E+03));
#3293 = CARTESIAN_POINT('',(1.194909427713E+04,2.780219894789E+03));
#3294 = CARTESIAN_POINT('',(1.194712364229E+04,2.78628144765E+03));
#3295 = CARTESIAN_POINT('',(1.194226057593E+04,2.798021928409E+03));
#3296 = CARTESIAN_POINT('',(1.193936786006E+04,2.803701542804E+03));
#3297 = CARTESIAN_POINT('',(1.193603292581E+04,2.809144469993E+03));
#3298 = CARTESIAN_POINT('',(1.193228054087E+04,2.814308465546E+03));
#3299 = CARTESIAN_POINT('',(1.192814025581E+04,2.819154480864E+03));
#3300 = CARTESIAN_POINT('',(1.191915448086E+04,2.828140255813E+03));
#3301 = CARTESIAN_POINT('',(1.191430846555E+04,2.832280540866E+03));
#3302 = CARTESIAN_POINT('',(1.190914446999E+04,2.836032925809E+03));
#3303 = CARTESIAN_POINT('',(1.19037015428E+04,2.839367860057E+03));
#3304 = CARTESIAN_POINT('',(1.189802192841E+04,2.842260575927E+03));
#3305 = CARTESIAN_POINT('',(1.188628144765E+04,2.847123642286E+03));
#3306 = CARTESIAN_POINT('',(1.188021989479E+04,2.849094277131E+03));
#3307 = CARTESIAN_POINT('',(1.187401300944E+04,2.850584853235E+03));
#3308 = CARTESIAN_POINT('',(1.186770817633E+04,2.85158301267E+03));
#3309 = CARTESIAN_POINT('',(1.18613539024E+04,2.852082039325E+03));
#3310 = CARTESIAN_POINT('',(1.1855E+04,2.852082039325E+03));
#3311 = ( GEOMETRIC_REPRESENTATION_CONTEXT(2) 
PARAMETRIC_REPRESENTATION_CONTEXT() REPRESENTATION_CONTEXT('2D SPACE',''
  ) );
#3312 = PCURVE('',#1769,#3313);
#3313 = DEFINITIONAL_REPRESENTATION('',(#3314),#3337);
#3314 = B_SPLINE_CURVE_WITH_KNOTS('',6,(#3315,#3316,#3317,#3318,#3319,
    #3320,#3321,#3322,#3323,#3324,#3325,#3326,#3327,#3328,#3329,#3330,
    #3331,#3332,#3333,#3334,#3335,#3336),.UNSPECIFIED.,.F.,.F.,(7,5,5,5,
    7),(0.,0.25,0.5,0.75,1.),.UNSPECIFIED.);
#3315 = CARTESIAN_POINT('',(-1.570796326795,0.729727656227));
#3316 = CARTESIAN_POINT('',(-1.505347532716,0.729727656227));
#3317 = CARTESIAN_POINT('',(-1.439894947052,0.729727656227));
#3318 = CARTESIAN_POINT('',(-1.374446785945,0.729727656227));
#3319 = CARTESIAN_POINT('',(-1.308998624839,0.729727656227));
#3320 = CARTESIAN_POINT('',(-1.243546039175,0.729727656227));
#3321 = CARTESIAN_POINT('',(-1.112648451017,0.729727656227));
#3322 = CARTESIAN_POINT('',(-1.047195865353,0.729727656227));
#3323 = CARTESIAN_POINT('',(-0.981747704247,0.729727656227));
#3324 = CARTESIAN_POINT('',(-0.91629954314,0.729727656227));
#3325 = CARTESIAN_POINT('',(-0.850846957477,0.729727656227));
#3326 = CARTESIAN_POINT('',(-0.719949369318,0.729727656227));
#3327 = CARTESIAN_POINT('',(-0.654496783655,0.729727656227));
#3328 = CARTESIAN_POINT('',(-0.589048622548,0.729727656227));
#3329 = CARTESIAN_POINT('',(-0.523600461442,0.729727656227));
#3330 = CARTESIAN_POINT('',(-0.458147875778,0.729727656227));
#3331 = CARTESIAN_POINT('',(-0.32725028762,0.729727656227));
#3332 = CARTESIAN_POINT('',(-0.261797701956,0.729727656227));
#3333 = CARTESIAN_POINT('',(-0.196349540849,0.729727656227));
#3334 = CARTESIAN_POINT('',(-0.130901379743,0.729727656227));
#3335 = CARTESIAN_POINT('',(-6.544879407903E-02,0.729727656227));
#3336 = CARTESIAN_POINT('',(0.,0.729727656227));
#3337 = ( GEOMETRIC_REPRESENTATION_CONTEXT(2) 
PARAMETRIC_REPRESENTATION_CONTEXT() REPRESENTATION_CONTEXT('2D SPACE',''
  ) );
#3338 = ORIENTED_EDGE('',*,*,#3339,.F.);
#3339 = EDGE_CURVE('',#2160,#3260,#3340,.T.);
#3340 = SURFACE_CURVE('',#3341,(#3345,#3352),.PCURVE_S1.);
#3341 = LINE('',#3342,#3343);
#3342 = CARTESIAN_POINT('',(-5.975E+03,1.425E+03,3.32E+03));
#3343 = VECTOR('',#3344,1.);
#3344 = DIRECTION('',(1.,0.,0.));
#3345 = PCURVE('',#1105,#3346);
#3346 = DEFINITIONAL_REPRESENTATION('',(#3347),#3351);
#3347 = LINE('',#3348,#3349);
#3348 = CARTESIAN_POINT('',(0.,2.85E+03));
#3349 = VECTOR('',#3350,1.);
#3350 = DIRECTION('',(1.,0.));
#3351 = ( GEOMETRIC_REPRESENTATION_CONTEXT(2) 
PARAMETRIC_REPRESENTATION_CONTEXT() REPRESENTATION_CONTEXT('2D SPACE',''
  ) );
#3352 = PCURVE('',#2321,#3353);
#3353 = DEFINITIONAL_REPRESENTATION('',(#3354),#3358);
#3354 = LINE('',#3355,#3356);
#3355 = CARTESIAN_POINT('',(3.28E+03,0.));
#3356 = VECTOR('',#3357,1.);
#3357 = DIRECTION('',(0.,1.));
#3358 = ( GEOMETRIC_REPRESENTATION_CONTEXT(2) 
PARAMETRIC_REPRESENTATION_CONTEXT() REPRESENTATION_CONTEXT('2D SPACE',''
  ) );
#3359 = ORIENTED_EDGE('',*,*,#2159,.T.);
#3360 = ADVANCED_FACE('',(#3361,#3562,#3648,#3734,#3820),#1007,.T.);
#3361 = FACE_BOUND('',#3362,.T.);
#3362 = EDGE_LOOP('',(#3363,#3388,#3409,#3410,#3411,#3536));
#3363 = ORIENTED_EDGE('',*,*,#3364,.F.);
#3364 = EDGE_CURVE('',#3365,#3367,#3369,.T.);
#3365 = VERTEX_POINT('',#3366);
#3366 = CARTESIAN_POINT('',(-5.905E+03,-1.425E+03,40.));
#3367 = VERTEX_POINT('',#3368);
#3368 = CARTESIAN_POINT('',(5.905E+03,-1.425E+03,40.));
#3369 = SURFACE_CURVE('',#3370,(#3374,#3381),.PCURVE_S1.);
#3370 = LINE('',#3371,#3372);
#3371 = CARTESIAN_POINT('',(-5.975E+03,-1.425E+03,40.));
#3372 = VECTOR('',#3373,1.);
#3373 = DIRECTION('',(1.,0.,0.));
#3374 = PCURVE('',#1007,#3375);
#3375 = DEFINITIONAL_REPRESENTATION('',(#3376),#3380);
#3376 = LINE('',#3377,#3378);
#3377 = CARTESIAN_POINT('',(0.,0.));
#3378 = VECTOR('',#3379,1.);
#3379 = DIRECTION('',(0.,1.));
#3380 = ( GEOMETRIC_REPRESENTATION_CONTEXT(2) 
PARAMETRIC_REPRESENTATION_CONTEXT() REPRESENTATION_CONTEXT('2D SPACE',''
  ) );
#3381 = PCURVE('',#3089,#3382);
#3382 = DEFINITIONAL_REPRESENTATION('',(#3383),#3387);
#3383 = LINE('',#3384,#3385);
#3384 = CARTESIAN_POINT('',(0.,0.));
#3385 = VECTOR('',#3386,1.);
#3386 = DIRECTION('',(1.,0.));
#3387 = ( GEOMETRIC_REPRESENTATION_CONTEXT(2) 
PARAMETRIC_REPRESENTATION_CONTEXT() REPRESENTATION_CONTEXT('2D SPACE',''
  ) );
#3388 = ORIENTED_EDGE('',*,*,#3389,.T.);
#3389 = EDGE_CURVE('',#3365,#773,#3390,.T.);
#3390 = SURFACE_CURVE('',#3391,(#3395,#3402),.PCURVE_S1.);
#3391 = LINE('',#3392,#3393);
#3392 = CARTESIAN_POINT('',(-5.905E+03,-1.425E+03,40.));
#3393 = VECTOR('',#3394,1.);
#3394 = DIRECTION('',(0.,0.,1.));
#3395 = PCURVE('',#1007,#3396);
#3396 = DEFINITIONAL_REPRESENTATION('',(#3397),#3401);
#3397 = LINE('',#3398,#3399);
#3398 = CARTESIAN_POINT('',(0.,70.));
#3399 = VECTOR('',#3400,1.);
#3400 = DIRECTION('',(1.,0.));
#3401 = ( GEOMETRIC_REPRESENTATION_CONTEXT(2) 
PARAMETRIC_REPRESENTATION_CONTEXT() REPRESENTATION_CONTEXT('2D SPACE',''
  ) );
#3402 = PCURVE('',#870,#3403);
#3403 = DEFINITIONAL_REPRESENTATION('',(#3404),#3408);
#3404 = LINE('',#3405,#3406);
#3405 = CARTESIAN_POINT('',(1.570796326795,0.));
#3406 = VECTOR('',#3407,1.);
#3407 = DIRECTION('',(0.,1.));
#3408 = ( GEOMETRIC_REPRESENTATION_CONTEXT(2) 
PARAMETRIC_REPRESENTATION_CONTEXT() REPRESENTATION_CONTEXT('2D SPACE',''
  ) );
#3409 = ORIENTED_EDGE('',*,*,#923,.T.);
#3410 = ORIENTED_EDGE('',*,*,#3128,.T.);
#3411 = ORIENTED_EDGE('',*,*,#3412,.F.);
#3412 = EDGE_CURVE('',#3413,#3129,#3415,.T.);
#3413 = VERTEX_POINT('',#3414);
#3414 = CARTESIAN_POINT('',(5.905E+03,-1.425E+03,3.318686155193E+03));
#3415 = SURFACE_CURVE('',#3416,(#3454,#3495),.PCURVE_S1.);
#3416 = B_SPLINE_CURVE_WITH_KNOTS('',8,(#3417,#3418,#3419,#3420,#3421,
    #3422,#3423,#3424,#3425,#3426,#3427,#3428,#3429,#3430,#3431,#3432,
    #3433,#3434,#3435,#3436,#3437,#3438,#3439,#3440,#3441,#3442,#3443,
    #3444,#3445,#3446,#3447,#3448,#3449,#3450,#3451,#3452,#3453),
  .UNSPECIFIED.,.F.,.F.,(9,7,7,7,7,9),(0.,0.240196981182,0.347581623529,
    0.517905156352,0.682667099907,1.),.UNSPECIFIED.);
#3417 = CARTESIAN_POINT('',(5.953314391493E+03,-1.425E+03,3.26E+03));
#3418 = CARTESIAN_POINT('',(5.953314391493E+03,-1.425E+03,
    3.263211178089E+03));
#3419 = CARTESIAN_POINT('',(5.953100067229E+03,-1.425E+03,
    3.266422993298E+03));
#3420 = CARTESIAN_POINT('',(5.952671273313E+03,-1.425E+03,
    3.269617736604E+03));
#3421 = CARTESIAN_POINT('',(5.952030524877E+03,-1.425E+03,
    3.272778747356E+03));
#3422 = CARTESIAN_POINT('',(5.951182416747E+03,-1.425E+03,
    3.275890308842E+03));
#3423 = CARTESIAN_POINT('',(5.950133389549E+03,-1.425E+03,
    3.278937610337E+03));
#3424 = CARTESIAN_POINT('',(5.948891748594E+03,-1.425E+03,
    3.281906765628E+03));
#3425 = CARTESIAN_POINT('',(5.946831256516E+03,-1.425E+03,
    3.286071593041E+03));
#3426 = CARTESIAN_POINT('',(5.946158169562E+03,-1.425E+03,
    3.287340257751E+03));
#3427 = CARTESIAN_POINT('',(5.945449453864E+03,-1.425E+03,
    3.288589787576E+03));
#3428 = CARTESIAN_POINT('',(5.944706031123E+03,-1.425E+03,
    3.289819175785E+03));
#3429 = CARTESIAN_POINT('',(5.943928864864E+03,-1.425E+03,
    3.291027489498E+03));
#3430 = CARTESIAN_POINT('',(5.943118955108E+03,-1.425E+03,
    3.292213866429E+03));
#3431 = CARTESIAN_POINT('',(5.942277334255E+03,-1.425E+03,
    3.293377512363E+03));
#3432 = CARTESIAN_POINT('',(5.940021550474E+03,-1.425E+03,
    3.296326157923E+03));
#3433 = CARTESIAN_POINT('',(5.938560905849E+03,-1.425E+03,
    3.298075632732E+03));
#3434 = CARTESIAN_POINT('',(5.937027361551E+03,-1.425E+03,
    3.299763218942E+03));
#3435 = CARTESIAN_POINT('',(5.935425249493E+03,-1.425E+03,
    3.301386532253E+03));
#3436 = CARTESIAN_POINT('',(5.933758946831E+03,-1.425E+03,
    3.302943654316E+03));
#3437 = CARTESIAN_POINT('',(5.932032828123E+03,-1.425E+03,
    3.304433084928E+03));
#3438 = CARTESIAN_POINT('',(5.930251225091E+03,-1.425E+03,
    3.305853700997E+03));
#3439 = CARTESIAN_POINT('',(5.92664541041E+03,-1.425E+03,
    3.308511628588E+03));
#3440 = CARTESIAN_POINT('',(5.924824465807E+03,-1.425E+03,
    3.309753427989E+03));
#3441 = CARTESIAN_POINT('',(5.922959347506E+03,-1.425E+03,
    3.310929456483E+03));
#3442 = CARTESIAN_POINT('',(5.921053742131E+03,-1.425E+03,
    3.312039350095E+03));
#3443 = CARTESIAN_POINT('',(5.919111210864E+03,-1.425E+03,
    3.313083000537E+03));
#3444 = CARTESIAN_POINT('',(5.917135164723E+03,-1.425E+03,
    3.314060510854E+03));
#3445 = CARTESIAN_POINT('',(5.915128839852E+03,-1.425E+03,
    3.314972151062E+03));
#3446 = CARTESIAN_POINT('',(5.909178605432E+03,-1.425E+03,
    3.317448030397E+03));
#3447 = CARTESIAN_POINT('',(5.905162322564E+03,-1.425E+03,
    3.318834257645E+03));
#3448 = CARTESIAN_POINT('',(5.901066524681E+03,-1.425E+03,
    3.319980824744E+03));
#3449 = CARTESIAN_POINT('',(5.896909967206E+03,-1.425E+03,
    3.320891889785E+03));
#3450 = CARTESIAN_POINT('',(5.892710019095E+03,-1.425E+03,
    3.321571632896E+03));
#3451 = CARTESIAN_POINT('',(5.888482531795E+03,-1.425E+03,
    3.322023487466E+03));
#3452 = CARTESIAN_POINT('',(5.884241715762E+03,-1.425E+03,
    3.32224949799E+03));
#3453 = CARTESIAN_POINT('',(5.88E+03,-1.425E+03,3.32224949799E+03));
#3454 = PCURVE('',#1007,#3455);
#3455 = DEFINITIONAL_REPRESENTATION('',(#3456),#3494);
#3456 = B_SPLINE_CURVE_WITH_KNOTS('',8,(#3457,#3458,#3459,#3460,#3461,
    #3462,#3463,#3464,#3465,#3466,#3467,#3468,#3469,#3470,#3471,#3472,
    #3473,#3474,#3475,#3476,#3477,#3478,#3479,#3480,#3481,#3482,#3483,
    #3484,#3485,#3486,#3487,#3488,#3489,#3490,#3491,#3492,#3493),
  .UNSPECIFIED.,.F.,.F.,(9,7,7,7,7,9),(0.,0.240196981182,0.347581623529,
    0.517905156352,0.682667099907,1.),.UNSPECIFIED.);
#3457 = CARTESIAN_POINT('',(3.22E+03,1.192831439149E+04));
#3458 = CARTESIAN_POINT('',(3.223211178089E+03,1.192831439149E+04));
#3459 = CARTESIAN_POINT('',(3.226422993298E+03,1.192810006723E+04));
#3460 = CARTESIAN_POINT('',(3.229617736604E+03,1.192767127331E+04));
#3461 = CARTESIAN_POINT('',(3.232778747356E+03,1.192703052488E+04));
#3462 = CARTESIAN_POINT('',(3.235890308842E+03,1.192618241675E+04));
#3463 = CARTESIAN_POINT('',(3.238937610337E+03,1.192513338955E+04));
#3464 = CARTESIAN_POINT('',(3.241906765628E+03,1.192389174859E+04));
#3465 = CARTESIAN_POINT('',(3.246071593041E+03,1.192183125652E+04));
#3466 = CARTESIAN_POINT('',(3.247340257751E+03,1.192115816956E+04));
#3467 = CARTESIAN_POINT('',(3.248589787576E+03,1.192044945386E+04));
#3468 = CARTESIAN_POINT('',(3.249819175785E+03,1.191970603112E+04));
#3469 = CARTESIAN_POINT('',(3.251027489498E+03,1.191892886486E+04));
#3470 = CARTESIAN_POINT('',(3.252213866429E+03,1.191811895511E+04));
#3471 = CARTESIAN_POINT('',(3.253377512363E+03,1.191727733425E+04));
#3472 = CARTESIAN_POINT('',(3.256326157923E+03,1.191502155047E+04));
#3473 = CARTESIAN_POINT('',(3.258075632732E+03,1.191356090585E+04));
#3474 = CARTESIAN_POINT('',(3.259763218942E+03,1.191202736155E+04));
#3475 = CARTESIAN_POINT('',(3.261386532253E+03,1.191042524949E+04));
#3476 = CARTESIAN_POINT('',(3.262943654316E+03,1.190875894683E+04));
#3477 = CARTESIAN_POINT('',(3.264433084928E+03,1.190703282812E+04));
#3478 = CARTESIAN_POINT('',(3.265853700997E+03,1.190525122509E+04));
#3479 = CARTESIAN_POINT('',(3.268511628588E+03,1.190164541041E+04));
#3480 = CARTESIAN_POINT('',(3.269753427989E+03,1.189982446581E+04));
#3481 = CARTESIAN_POINT('',(3.270929456483E+03,1.189795934751E+04));
#3482 = CARTESIAN_POINT('',(3.272039350095E+03,1.189605374213E+04));
#3483 = CARTESIAN_POINT('',(3.273083000537E+03,1.189411121086E+04));
#3484 = CARTESIAN_POINT('',(3.274060510854E+03,1.189213516472E+04));
#3485 = CARTESIAN_POINT('',(3.274972151062E+03,1.189012883985E+04));
#3486 = CARTESIAN_POINT('',(3.277448030397E+03,1.188417860543E+04));
#3487 = CARTESIAN_POINT('',(3.278834257645E+03,1.188016232256E+04));
#3488 = CARTESIAN_POINT('',(3.279980824744E+03,1.187606652468E+04));
#3489 = CARTESIAN_POINT('',(3.280891889785E+03,1.187190996721E+04));
#3490 = CARTESIAN_POINT('',(3.281571632896E+03,1.18677100191E+04));
#3491 = CARTESIAN_POINT('',(3.282023487466E+03,1.186348253179E+04));
#3492 = CARTESIAN_POINT('',(3.28224949799E+03,1.185924171576E+04));
#3493 = CARTESIAN_POINT('',(3.28224949799E+03,1.1855E+04));
#3494 = ( GEOMETRIC_REPRESENTATION_CONTEXT(2) 
PARAMETRIC_REPRESENTATION_CONTEXT() REPRESENTATION_CONTEXT('2D SPACE',''
  ) );
#3495 = PCURVE('',#1690,#3496);
#3496 = DEFINITIONAL_REPRESENTATION('',(#3497),#3535);
#3497 = B_SPLINE_CURVE_WITH_KNOTS('',8,(#3498,#3499,#3500,#3501,#3502,
    #3503,#3504,#3505,#3506,#3507,#3508,#3509,#3510,#3511,#3512,#3513,
    #3514,#3515,#3516,#3517,#3518,#3519,#3520,#3521,#3522,#3523,#3524,
    #3525,#3526,#3527,#3528,#3529,#3530,#3531,#3532,#3533,#3534),
  .UNSPECIFIED.,.F.,.F.,(9,7,7,7,7,9),(0.,0.240196981182,0.347581623529,
    0.517905156352,0.682667099907,1.),.UNSPECIFIED.);
#3498 = CARTESIAN_POINT('',(-0.913532173549,0.));
#3499 = CARTESIAN_POINT('',(-0.913532173549,3.567975653916E-02));
#3500 = CARTESIAN_POINT('',(-0.914946123005,7.136659011167E-02));
#3501 = CARTESIAN_POINT('',(-0.91777495168,0.1069329609));
#3502 = CARTESIAN_POINT('',(-0.922019430489,0.14226304629));
#3503 = CARTESIAN_POINT('',(-0.927683722744,0.17724623318));
#3504 = CARTESIAN_POINT('',(-0.934775424442,0.211772231202));
#3505 = CARTESIAN_POINT('',(-0.943302258094,0.245727514518));
#3506 = CARTESIAN_POINT('',(-0.957719879837,0.293864680187));
#3507 = CARTESIAN_POINT('',(-0.962461793614,0.308600343722));
#3508 = CARTESIAN_POINT('',(-0.967491817116,0.323189945923));
#3509 = CARTESIAN_POINT('',(-0.972810432711,0.337623883591));
#3510 = CARTESIAN_POINT('',(-0.978418080755,0.351892717259));
#3511 = CARTESIAN_POINT('',(-0.9843151095,0.365987112887));
#3512 = CARTESIAN_POINT('',(-0.990501708142,0.379897802852));
#3513 = CARTESIAN_POINT('',(-1.007249634168,0.415373406739));
#3514 = CARTESIAN_POINT('',(-1.018249983325,0.436646289356));
#3515 = CARTESIAN_POINT('',(-1.029978700225,0.457397431142));
#3516 = CARTESIAN_POINT('',(-1.042434741655,0.477591571519));
#3517 = CARTESIAN_POINT('',(-1.055615581415,0.497194445347));
#3518 = CARTESIAN_POINT('',(-1.069516537568,0.5161725217));
#3519 = CARTESIAN_POINT('',(-1.084130037017,0.534493008347));
#3520 = CARTESIAN_POINT('',(-1.114259522851,0.569179525236));
#3521 = CARTESIAN_POINT('',(-1.129730612679,0.585590042905));
#3522 = CARTESIAN_POINT('',(-1.145848606869,0.601327538895));
#3523 = CARTESIAN_POINT('',(-1.162600923424,0.616364671835));
#3524 = CARTESIAN_POINT('',(-1.179971521282,0.630675100757));
#3525 = CARTESIAN_POINT('',(-1.197940543254,0.644233690823));
#3526 = CARTESIAN_POINT('',(-1.216483958969,0.65701671904));
#3527 = CARTESIAN_POINT('',(-1.272339262947,0.692085986768));
#3528 = CARTESIAN_POINT('',(-1.311116778303,0.712202514438));
#3529 = CARTESIAN_POINT('',(-1.35171657262,0.729207961284));
#3530 = CARTESIAN_POINT('',(-1.39388122277,0.742964968703));
#3531 = CARTESIAN_POINT('',(-1.437277951961,0.753357835699));
#3532 = CARTESIAN_POINT('',(-1.481506514825,0.760309404752));
#3533 = CARTESIAN_POINT('',(-1.526146687196,0.763786496398));
#3534 = CARTESIAN_POINT('',(-1.570796326795,0.763786496398));
#3535 = ( GEOMETRIC_REPRESENTATION_CONTEXT(2) 
PARAMETRIC_REPRESENTATION_CONTEXT() REPRESENTATION_CONTEXT('2D SPACE',''
  ) );
#3536 = ORIENTED_EDGE('',*,*,#3537,.F.);
#3537 = EDGE_CURVE('',#3367,#3413,#3538,.T.);
#3538 = SURFACE_CURVE('',#3539,(#3543,#3550),.PCURVE_S1.);
#3539 = LINE('',#3540,#3541);
#3540 = CARTESIAN_POINT('',(5.905E+03,-1.425E+03,40.));
#3541 = VECTOR('',#3542,1.);
#3542 = DIRECTION('',(0.,0.,1.));
#3543 = PCURVE('',#1007,#3544);
#3544 = DEFINITIONAL_REPRESENTATION('',(#3545),#3549);
#3545 = LINE('',#3546,#3547);
#3546 = CARTESIAN_POINT('',(0.,1.188E+04));
#3547 = VECTOR('',#3548,1.);
#3548 = DIRECTION('',(1.,0.));
#3549 = ( GEOMETRIC_REPRESENTATION_CONTEXT(2) 
PARAMETRIC_REPRESENTATION_CONTEXT() REPRESENTATION_CONTEXT('2D SPACE',''
  ) );
#3550 = PCURVE('',#3551,#3556);
#3551 = CYLINDRICAL_SURFACE('',#3552,70.);
#3552 = AXIS2_PLACEMENT_3D('',#3553,#3554,#3555);
#3553 = CARTESIAN_POINT('',(5.905E+03,-1.355E+03,40.));
#3554 = DIRECTION('',(0.,0.,1.));
#3555 = DIRECTION('',(1.,0.,-0.));
#3556 = DEFINITIONAL_REPRESENTATION('',(#3557),#3561);
#3557 = LINE('',#3558,#3559);
#3558 = CARTESIAN_POINT('',(-1.570796326795,0.));
#3559 = VECTOR('',#3560,1.);
#3560 = DIRECTION('',(-0.,1.));
#3561 = ( GEOMETRIC_REPRESENTATION_CONTEXT(2) 
PARAMETRIC_REPRESENTATION_CONTEXT() REPRESENTATION_CONTEXT('2D SPACE',''
  ) );
#3562 = FACE_BOUND('',#3563,.T.);
#3563 = EDGE_LOOP('',(#3564,#3587,#3608,#3629));
#3564 = ORIENTED_EDGE('',*,*,#3565,.F.);
#3565 = EDGE_CURVE('',#3566,#3568,#3570,.T.);
#3566 = VERTEX_POINT('',#3567);
#3567 = CARTESIAN_POINT('',(-2.99E+03,-1.425E+03,590.));
#3568 = VERTEX_POINT('',#3569);
#3569 = CARTESIAN_POINT('',(-2.61E+03,-1.425E+03,590.));
#3570 = SURFACE_CURVE('',#3571,(#3575,#3581),.PCURVE_S1.);
#3571 = LINE('',#3572,#3573);
#3572 = CARTESIAN_POINT('',(-4.4825E+03,-1.425E+03,590.));
#3573 = VECTOR('',#3574,1.);
#3574 = DIRECTION('',(1.,0.,0.));
#3575 = PCURVE('',#1007,#3576);
#3576 = DEFINITIONAL_REPRESENTATION('',(#3577),#3580);
#3577 = B_SPLINE_CURVE_WITH_KNOTS('',1,(#3578,#3579),.UNSPECIFIED.,.F.,
  .F.,(2,2),(1.4925E+03,1.8725E+03),.PIECEWISE_BEZIER_KNOTS.);
#3578 = CARTESIAN_POINT('',(550.,2.985E+03));
#3579 = CARTESIAN_POINT('',(550.,3.365E+03));
#3580 = ( GEOMETRIC_REPRESENTATION_CONTEXT(2) 
PARAMETRIC_REPRESENTATION_CONTEXT() REPRESENTATION_CONTEXT('2D SPACE',''
  ) );
#3581 = PCURVE('',#1205,#3582);
#3582 = DEFINITIONAL_REPRESENTATION('',(#3583),#3586);
#3583 = B_SPLINE_CURVE_WITH_KNOTS('',1,(#3584,#3585),.UNSPECIFIED.,.F.,
  .F.,(2,2),(1.4925E+03,1.8725E+03),.PIECEWISE_BEZIER_KNOTS.);
#3584 = CARTESIAN_POINT('',(0.,25.));
#3585 = CARTESIAN_POINT('',(380.,25.));
#3586 = ( GEOMETRIC_REPRESENTATION_CONTEXT(2) 
PARAMETRIC_REPRESENTATION_CONTEXT() REPRESENTATION_CONTEXT('2D SPACE',''
  ) );
#3587 = ORIENTED_EDGE('',*,*,#3588,.T.);
#3588 = EDGE_CURVE('',#3566,#3589,#3591,.T.);
#3589 = VERTEX_POINT('',#3590);
#3590 = CARTESIAN_POINT('',(-2.99E+03,-1.425E+03,450.));
#3591 = SURFACE_CURVE('',#3592,(#3596,#3602),.PCURVE_S1.);
#3592 = LINE('',#3593,#3594);
#3593 = CARTESIAN_POINT('',(-2.99E+03,-1.425E+03,245.));
#3594 = VECTOR('',#3595,1.);
#3595 = DIRECTION('',(0.,0.,-1.));
#3596 = PCURVE('',#1007,#3597);
#3597 = DEFINITIONAL_REPRESENTATION('',(#3598),#3601);
#3598 = B_SPLINE_CURVE_WITH_KNOTS('',1,(#3599,#3600),.UNSPECIFIED.,.F.,
  .F.,(2,2),(-345.,-205.),.PIECEWISE_BEZIER_KNOTS.);
#3599 = CARTESIAN_POINT('',(550.,2.985E+03));
#3600 = CARTESIAN_POINT('',(410.,2.985E+03));
#3601 = ( GEOMETRIC_REPRESENTATION_CONTEXT(2) 
PARAMETRIC_REPRESENTATION_CONTEXT() REPRESENTATION_CONTEXT('2D SPACE',''
  ) );
#3602 = PCURVE('',#1233,#3603);
#3603 = DEFINITIONAL_REPRESENTATION('',(#3604),#3607);
#3604 = B_SPLINE_CURVE_WITH_KNOTS('',1,(#3605,#3606),.UNSPECIFIED.,.F.,
  .F.,(2,2),(-345.,-205.),.PIECEWISE_BEZIER_KNOTS.);
#3605 = CARTESIAN_POINT('',(140.,-25.));
#3606 = CARTESIAN_POINT('',(0.,-25.));
#3607 = ( GEOMETRIC_REPRESENTATION_CONTEXT(2) 
PARAMETRIC_REPRESENTATION_CONTEXT() REPRESENTATION_CONTEXT('2D SPACE',''
  ) );
#3608 = ORIENTED_EDGE('',*,*,#3609,.T.);
#3609 = EDGE_CURVE('',#3589,#3610,#3612,.T.);
#3610 = VERTEX_POINT('',#3611);
#3611 = CARTESIAN_POINT('',(-2.61E+03,-1.425E+03,450.));
#3612 = SURFACE_CURVE('',#3613,(#3617,#3623),.PCURVE_S1.);
#3613 = LINE('',#3614,#3615);
#3614 = CARTESIAN_POINT('',(-4.4825E+03,-1.425E+03,450.));
#3615 = VECTOR('',#3616,1.);
#3616 = DIRECTION('',(1.,0.,0.));
#3617 = PCURVE('',#1007,#3618);
#3618 = DEFINITIONAL_REPRESENTATION('',(#3619),#3622);
#3619 = B_SPLINE_CURVE_WITH_KNOTS('',1,(#3620,#3621),.UNSPECIFIED.,.F.,
  .F.,(2,2),(1.4925E+03,1.8725E+03),.PIECEWISE_BEZIER_KNOTS.);
#3620 = CARTESIAN_POINT('',(410.,2.985E+03));
#3621 = CARTESIAN_POINT('',(410.,3.365E+03));
#3622 = ( GEOMETRIC_REPRESENTATION_CONTEXT(2) 
PARAMETRIC_REPRESENTATION_CONTEXT() REPRESENTATION_CONTEXT('2D SPACE',''
  ) );
#3623 = PCURVE('',#1261,#3624);
#3624 = DEFINITIONAL_REPRESENTATION('',(#3625),#3628);
#3625 = B_SPLINE_CURVE_WITH_KNOTS('',1,(#3626,#3627),.UNSPECIFIED.,.F.,
  .F.,(2,2),(1.4925E+03,1.8725E+03),.PIECEWISE_BEZIER_KNOTS.);
#3626 = CARTESIAN_POINT('',(0.,25.));
#3627 = CARTESIAN_POINT('',(380.,25.));
#3628 = ( GEOMETRIC_REPRESENTATION_CONTEXT(2) 
PARAMETRIC_REPRESENTATION_CONTEXT() REPRESENTATION_CONTEXT('2D SPACE',''
  ) );
#3629 = ORIENTED_EDGE('',*,*,#3630,.F.);
#3630 = EDGE_CURVE('',#3568,#3610,#3631,.T.);
#3631 = SURFACE_CURVE('',#3632,(#3636,#3642),.PCURVE_S1.);
#3632 = LINE('',#3633,#3634);
#3633 = CARTESIAN_POINT('',(-2.61E+03,-1.425E+03,245.));
#3634 = VECTOR('',#3635,1.);
#3635 = DIRECTION('',(0.,0.,-1.));
#3636 = PCURVE('',#1007,#3637);
#3637 = DEFINITIONAL_REPRESENTATION('',(#3638),#3641);
#3638 = B_SPLINE_CURVE_WITH_KNOTS('',1,(#3639,#3640),.UNSPECIFIED.,.F.,
  .F.,(2,2),(-345.,-205.),.PIECEWISE_BEZIER_KNOTS.);
#3639 = CARTESIAN_POINT('',(550.,3.365E+03));
#3640 = CARTESIAN_POINT('',(410.,3.365E+03));
#3641 = ( GEOMETRIC_REPRESENTATION_CONTEXT(2) 
PARAMETRIC_REPRESENTATION_CONTEXT() REPRESENTATION_CONTEXT('2D SPACE',''
  ) );
#3642 = PCURVE('',#1287,#3643);
#3643 = DEFINITIONAL_REPRESENTATION('',(#3644),#3647);
#3644 = B_SPLINE_CURVE_WITH_KNOTS('',1,(#3645,#3646),.UNSPECIFIED.,.F.,
  .F.,(2,2),(-345.,-205.),.PIECEWISE_BEZIER_KNOTS.);
#3645 = CARTESIAN_POINT('',(140.,-25.));
#3646 = CARTESIAN_POINT('',(0.,-25.));
#3647 = ( GEOMETRIC_REPRESENTATION_CONTEXT(2) 
PARAMETRIC_REPRESENTATION_CONTEXT() REPRESENTATION_CONTEXT('2D SPACE',''
  ) );
#3648 = FACE_BOUND('',#3649,.T.);
#3649 = EDGE_LOOP('',(#3650,#3673,#3694,#3715));
#3650 = ORIENTED_EDGE('',*,*,#3651,.F.);
#3651 = EDGE_CURVE('',#3652,#3654,#3656,.T.);
#3652 = VERTEX_POINT('',#3653);
#3653 = CARTESIAN_POINT('',(-1.89E+03,-1.425E+03,590.));
#3654 = VERTEX_POINT('',#3655);
#3655 = CARTESIAN_POINT('',(-1.51E+03,-1.425E+03,590.));
#3656 = SURFACE_CURVE('',#3657,(#3661,#3667),.PCURVE_S1.);
#3657 = LINE('',#3658,#3659);
#3658 = CARTESIAN_POINT('',(-3.9325E+03,-1.425E+03,590.));
#3659 = VECTOR('',#3660,1.);
#3660 = DIRECTION('',(1.,0.,0.));
#3661 = PCURVE('',#1007,#3662);
#3662 = DEFINITIONAL_REPRESENTATION('',(#3663),#3666);
#3663 = B_SPLINE_CURVE_WITH_KNOTS('',1,(#3664,#3665),.UNSPECIFIED.,.F.,
  .F.,(2,2),(2.0425E+03,2.4225E+03),.PIECEWISE_BEZIER_KNOTS.);
#3664 = CARTESIAN_POINT('',(550.,4.085E+03));
#3665 = CARTESIAN_POINT('',(550.,4.465E+03));
#3666 = ( GEOMETRIC_REPRESENTATION_CONTEXT(2) 
PARAMETRIC_REPRESENTATION_CONTEXT() REPRESENTATION_CONTEXT('2D SPACE',''
  ) );
#3667 = PCURVE('',#1319,#3668);
#3668 = DEFINITIONAL_REPRESENTATION('',(#3669),#3672);
#3669 = B_SPLINE_CURVE_WITH_KNOTS('',1,(#3670,#3671),.UNSPECIFIED.,.F.,
  .F.,(2,2),(2.0425E+03,2.4225E+03),.PIECEWISE_BEZIER_KNOTS.);
#3670 = CARTESIAN_POINT('',(0.,25.));
#3671 = CARTESIAN_POINT('',(380.,25.));
#3672 = ( GEOMETRIC_REPRESENTATION_CONTEXT(2) 
PARAMETRIC_REPRESENTATION_CONTEXT() REPRESENTATION_CONTEXT('2D SPACE',''
  ) );
#3673 = ORIENTED_EDGE('',*,*,#3674,.T.);
#3674 = EDGE_CURVE('',#3652,#3675,#3677,.T.);
#3675 = VERTEX_POINT('',#3676);
#3676 = CARTESIAN_POINT('',(-1.89E+03,-1.425E+03,450.));
#3677 = SURFACE_CURVE('',#3678,(#3682,#3688),.PCURVE_S1.);
#3678 = LINE('',#3679,#3680);
#3679 = CARTESIAN_POINT('',(-1.89E+03,-1.425E+03,245.));
#3680 = VECTOR('',#3681,1.);
#3681 = DIRECTION('',(0.,0.,-1.));
#3682 = PCURVE('',#1007,#3683);
#3683 = DEFINITIONAL_REPRESENTATION('',(#3684),#3687);
#3684 = B_SPLINE_CURVE_WITH_KNOTS('',1,(#3685,#3686),.UNSPECIFIED.,.F.,
  .F.,(2,2),(-345.,-205.),.PIECEWISE_BEZIER_KNOTS.);
#3685 = CARTESIAN_POINT('',(550.,4.085E+03));
#3686 = CARTESIAN_POINT('',(410.,4.085E+03));
#3687 = ( GEOMETRIC_REPRESENTATION_CONTEXT(2) 
PARAMETRIC_REPRESENTATION_CONTEXT() REPRESENTATION_CONTEXT('2D SPACE',''
  ) );
#3688 = PCURVE('',#1347,#3689);
#3689 = DEFINITIONAL_REPRESENTATION('',(#3690),#3693);
#3690 = B_SPLINE_CURVE_WITH_KNOTS('',1,(#3691,#3692),.UNSPECIFIED.,.F.,
  .F.,(2,2),(-345.,-205.),.PIECEWISE_BEZIER_KNOTS.);
#3691 = CARTESIAN_POINT('',(140.,-25.));
#3692 = CARTESIAN_POINT('',(0.,-25.));
#3693 = ( GEOMETRIC_REPRESENTATION_CONTEXT(2) 
PARAMETRIC_REPRESENTATION_CONTEXT() REPRESENTATION_CONTEXT('2D SPACE',''
  ) );
#3694 = ORIENTED_EDGE('',*,*,#3695,.T.);
#3695 = EDGE_CURVE('',#3675,#3696,#3698,.T.);
#3696 = VERTEX_POINT('',#3697);
#3697 = CARTESIAN_POINT('',(-1.51E+03,-1.425E+03,450.));
#3698 = SURFACE_CURVE('',#3699,(#3703,#3709),.PCURVE_S1.);
#3699 = LINE('',#3700,#3701);
#3700 = CARTESIAN_POINT('',(-3.9325E+03,-1.425E+03,450.));
#3701 = VECTOR('',#3702,1.);
#3702 = DIRECTION('',(1.,0.,0.));
#3703 = PCURVE('',#1007,#3704);
#3704 = DEFINITIONAL_REPRESENTATION('',(#3705),#3708);
#3705 = B_SPLINE_CURVE_WITH_KNOTS('',1,(#3706,#3707),.UNSPECIFIED.,.F.,
  .F.,(2,2),(2.0425E+03,2.4225E+03),.PIECEWISE_BEZIER_KNOTS.);
#3706 = CARTESIAN_POINT('',(410.,4.085E+03));
#3707 = CARTESIAN_POINT('',(410.,4.465E+03));
#3708 = ( GEOMETRIC_REPRESENTATION_CONTEXT(2) 
PARAMETRIC_REPRESENTATION_CONTEXT() REPRESENTATION_CONTEXT('2D SPACE',''
  ) );
#3709 = PCURVE('',#1375,#3710);
#3710 = DEFINITIONAL_REPRESENTATION('',(#3711),#3714);
#3711 = B_SPLINE_CURVE_WITH_KNOTS('',1,(#3712,#3713),.UNSPECIFIED.,.F.,
  .F.,(2,2),(2.0425E+03,2.4225E+03),.PIECEWISE_BEZIER_KNOTS.);
#3712 = CARTESIAN_POINT('',(0.,25.));
#3713 = CARTESIAN_POINT('',(380.,25.));
#3714 = ( GEOMETRIC_REPRESENTATION_CONTEXT(2) 
PARAMETRIC_REPRESENTATION_CONTEXT() REPRESENTATION_CONTEXT('2D SPACE',''
  ) );
#3715 = ORIENTED_EDGE('',*,*,#3716,.F.);
#3716 = EDGE_CURVE('',#3654,#3696,#3717,.T.);
#3717 = SURFACE_CURVE('',#3718,(#3722,#3728),.PCURVE_S1.);
#3718 = LINE('',#3719,#3720);
#3719 = CARTESIAN_POINT('',(-1.51E+03,-1.425E+03,245.));
#3720 = VECTOR('',#3721,1.);
#3721 = DIRECTION('',(0.,0.,-1.));
#3722 = PCURVE('',#1007,#3723);
#3723 = DEFINITIONAL_REPRESENTATION('',(#3724),#3727);
#3724 = B_SPLINE_CURVE_WITH_KNOTS('',1,(#3725,#3726),.UNSPECIFIED.,.F.,
  .F.,(2,2),(-345.,-205.),.PIECEWISE_BEZIER_KNOTS.);
#3725 = CARTESIAN_POINT('',(550.,4.465E+03));
#3726 = CARTESIAN_POINT('',(410.,4.465E+03));
#3727 = ( GEOMETRIC_REPRESENTATION_CONTEXT(2) 
PARAMETRIC_REPRESENTATION_CONTEXT() REPRESENTATION_CONTEXT('2D SPACE',''
  ) );
#3728 = PCURVE('',#1401,#3729);
#3729 = DEFINITIONAL_REPRESENTATION('',(#3730),#3733);
#3730 = B_SPLINE_CURVE_WITH_KNOTS('',1,(#3731,#3732),.UNSPECIFIED.,.F.,
  .F.,(2,2),(-345.,-205.),.PIECEWISE_BEZIER_KNOTS.);
#3731 = CARTESIAN_POINT('',(140.,-25.));
#3732 = CARTESIAN_POINT('',(0.,-25.));
#3733 = ( GEOMETRIC_REPRESENTATION_CONTEXT(2) 
PARAMETRIC_REPRESENTATION_CONTEXT() REPRESENTATION_CONTEXT('2D SPACE',''
  ) );
#3734 = FACE_BOUND('',#3735,.T.);
#3735 = EDGE_LOOP('',(#3736,#3759,#3780,#3801));
#3736 = ORIENTED_EDGE('',*,*,#3737,.F.);
#3737 = EDGE_CURVE('',#3738,#3740,#3742,.T.);
#3738 = VERTEX_POINT('',#3739);
#3739 = CARTESIAN_POINT('',(1.51E+03,-1.425E+03,590.));
#3740 = VERTEX_POINT('',#3741);
#3741 = CARTESIAN_POINT('',(1.89E+03,-1.425E+03,590.));
#3742 = SURFACE_CURVE('',#3743,(#3747,#3753),.PCURVE_S1.);
#3743 = LINE('',#3744,#3745);
#3744 = CARTESIAN_POINT('',(-2.2325E+03,-1.425E+03,590.));
#3745 = VECTOR('',#3746,1.);
#3746 = DIRECTION('',(1.,0.,0.));
#3747 = PCURVE('',#1007,#3748);
#3748 = DEFINITIONAL_REPRESENTATION('',(#3749),#3752);
#3749 = B_SPLINE_CURVE_WITH_KNOTS('',1,(#3750,#3751),.UNSPECIFIED.,.F.,
  .F.,(2,2),(3.7425E+03,4.1225E+03),.PIECEWISE_BEZIER_KNOTS.);
#3750 = CARTESIAN_POINT('',(550.,7.485E+03));
#3751 = CARTESIAN_POINT('',(550.,7.865E+03));
#3752 = ( GEOMETRIC_REPRESENTATION_CONTEXT(2) 
PARAMETRIC_REPRESENTATION_CONTEXT() REPRESENTATION_CONTEXT('2D SPACE',''
  ) );
#3753 = PCURVE('',#1433,#3754);
#3754 = DEFINITIONAL_REPRESENTATION('',(#3755),#3758);
#3755 = B_SPLINE_CURVE_WITH_KNOTS('',1,(#3756,#3757),.UNSPECIFIED.,.F.,
  .F.,(2,2),(3.7425E+03,4.1225E+03),.PIECEWISE_BEZIER_KNOTS.);
#3756 = CARTESIAN_POINT('',(0.,25.));
#3757 = CARTESIAN_POINT('',(380.,25.));
#3758 = ( GEOMETRIC_REPRESENTATION_CONTEXT(2) 
PARAMETRIC_REPRESENTATION_CONTEXT() REPRESENTATION_CONTEXT('2D SPACE',''
  ) );
#3759 = ORIENTED_EDGE('',*,*,#3760,.T.);
#3760 = EDGE_CURVE('',#3738,#3761,#3763,.T.);
#3761 = VERTEX_POINT('',#3762);
#3762 = CARTESIAN_POINT('',(1.51E+03,-1.425E+03,450.));
#3763 = SURFACE_CURVE('',#3764,(#3768,#3774),.PCURVE_S1.);
#3764 = LINE('',#3765,#3766);
#3765 = CARTESIAN_POINT('',(1.51E+03,-1.425E+03,245.));
#3766 = VECTOR('',#3767,1.);
#3767 = DIRECTION('',(0.,0.,-1.));
#3768 = PCURVE('',#1007,#3769);
#3769 = DEFINITIONAL_REPRESENTATION('',(#3770),#3773);
#3770 = B_SPLINE_CURVE_WITH_KNOTS('',1,(#3771,#3772),.UNSPECIFIED.,.F.,
  .F.,(2,2),(-345.,-205.),.PIECEWISE_BEZIER_KNOTS.);
#3771 = CARTESIAN_POINT('',(550.,7.485E+03));
#3772 = CARTESIAN_POINT('',(410.,7.485E+03));
#3773 = ( GEOMETRIC_REPRESENTATION_CONTEXT(2) 
PARAMETRIC_REPRESENTATION_CONTEXT() REPRESENTATION_CONTEXT('2D SPACE',''
  ) );
#3774 = PCURVE('',#1461,#3775);
#3775 = DEFINITIONAL_REPRESENTATION('',(#3776),#3779);
#3776 = B_SPLINE_CURVE_WITH_KNOTS('',1,(#3777,#3778),.UNSPECIFIED.,.F.,
  .F.,(2,2),(-345.,-205.),.PIECEWISE_BEZIER_KNOTS.);
#3777 = CARTESIAN_POINT('',(140.,-25.));
#3778 = CARTESIAN_POINT('',(0.,-25.));
#3779 = ( GEOMETRIC_REPRESENTATION_CONTEXT(2) 
PARAMETRIC_REPRESENTATION_CONTEXT() REPRESENTATION_CONTEXT('2D SPACE',''
  ) );
#3780 = ORIENTED_EDGE('',*,*,#3781,.T.);
#3781 = EDGE_CURVE('',#3761,#3782,#3784,.T.);
#3782 = VERTEX_POINT('',#3783);
#3783 = CARTESIAN_POINT('',(1.89E+03,-1.425E+03,450.));
#3784 = SURFACE_CURVE('',#3785,(#3789,#3795),.PCURVE_S1.);
#3785 = LINE('',#3786,#3787);
#3786 = CARTESIAN_POINT('',(-2.2325E+03,-1.425E+03,450.));
#3787 = VECTOR('',#3788,1.);
#3788 = DIRECTION('',(1.,0.,0.));
#3789 = PCURVE('',#1007,#3790);
#3790 = DEFINITIONAL_REPRESENTATION('',(#3791),#3794);
#3791 = B_SPLINE_CURVE_WITH_KNOTS('',1,(#3792,#3793),.UNSPECIFIED.,.F.,
  .F.,(2,2),(3.7425E+03,4.1225E+03),.PIECEWISE_BEZIER_KNOTS.);
#3792 = CARTESIAN_POINT('',(410.,7.485E+03));
#3793 = CARTESIAN_POINT('',(410.,7.865E+03));
#3794 = ( GEOMETRIC_REPRESENTATION_CONTEXT(2) 
PARAMETRIC_REPRESENTATION_CONTEXT() REPRESENTATION_CONTEXT('2D SPACE',''
  ) );
#3795 = PCURVE('',#1489,#3796);
#3796 = DEFINITIONAL_REPRESENTATION('',(#3797),#3800);
#3797 = B_SPLINE_CURVE_WITH_KNOTS('',1,(#3798,#3799),.UNSPECIFIED.,.F.,
  .F.,(2,2),(3.7425E+03,4.1225E+03),.PIECEWISE_BEZIER_KNOTS.);
#3798 = CARTESIAN_POINT('',(0.,25.));
#3799 = CARTESIAN_POINT('',(380.,25.));
#3800 = ( GEOMETRIC_REPRESENTATION_CONTEXT(2) 
PARAMETRIC_REPRESENTATION_CONTEXT() REPRESENTATION_CONTEXT('2D SPACE',''
  ) );
#3801 = ORIENTED_EDGE('',*,*,#3802,.F.);
#3802 = EDGE_CURVE('',#3740,#3782,#3803,.T.);
#3803 = SURFACE_CURVE('',#3804,(#3808,#3814),.PCURVE_S1.);
#3804 = LINE('',#3805,#3806);
#3805 = CARTESIAN_POINT('',(1.89E+03,-1.425E+03,245.));
#3806 = VECTOR('',#3807,1.);
#3807 = DIRECTION('',(0.,0.,-1.));
#3808 = PCURVE('',#1007,#3809);
#3809 = DEFINITIONAL_REPRESENTATION('',(#3810),#3813);
#3810 = B_SPLINE_CURVE_WITH_KNOTS('',1,(#3811,#3812),.UNSPECIFIED.,.F.,
  .F.,(2,2),(-345.,-205.),.PIECEWISE_BEZIER_KNOTS.);
#3811 = CARTESIAN_POINT('',(550.,7.865E+03));
#3812 = CARTESIAN_POINT('',(410.,7.865E+03));
#3813 = ( GEOMETRIC_REPRESENTATION_CONTEXT(2) 
PARAMETRIC_REPRESENTATION_CONTEXT() REPRESENTATION_CONTEXT('2D SPACE',''
  ) );
#3814 = PCURVE('',#1515,#3815);
#3815 = DEFINITIONAL_REPRESENTATION('',(#3816),#3819);
#3816 = B_SPLINE_CURVE_WITH_KNOTS('',1,(#3817,#3818),.UNSPECIFIED.,.F.,
  .F.,(2,2),(-345.,-205.),.PIECEWISE_BEZIER_KNOTS.);
#3817 = CARTESIAN_POINT('',(140.,-25.));
#3818 = CARTESIAN_POINT('',(0.,-25.));
#3819 = ( GEOMETRIC_REPRESENTATION_CONTEXT(2) 
PARAMETRIC_REPRESENTATION_CONTEXT() REPRESENTATION_CONTEXT('2D SPACE',''
  ) );
#3820 = FACE_BOUND('',#3821,.T.);
#3821 = EDGE_LOOP('',(#3822,#3845,#3866,#3887));
#3822 = ORIENTED_EDGE('',*,*,#3823,.F.);
#3823 = EDGE_CURVE('',#3824,#3826,#3828,.T.);
#3824 = VERTEX_POINT('',#3825);
#3825 = CARTESIAN_POINT('',(2.61E+03,-1.425E+03,590.));
#3826 = VERTEX_POINT('',#3827);
#3827 = CARTESIAN_POINT('',(2.99E+03,-1.425E+03,590.));
#3828 = SURFACE_CURVE('',#3829,(#3833,#3839),.PCURVE_S1.);
#3829 = LINE('',#3830,#3831);
#3830 = CARTESIAN_POINT('',(-1.6825E+03,-1.425E+03,590.));
#3831 = VECTOR('',#3832,1.);
#3832 = DIRECTION('',(1.,0.,0.));
#3833 = PCURVE('',#1007,#3834);
#3834 = DEFINITIONAL_REPRESENTATION('',(#3835),#3838);
#3835 = B_SPLINE_CURVE_WITH_KNOTS('',1,(#3836,#3837),.UNSPECIFIED.,.F.,
  .F.,(2,2),(4.2925E+03,4.6725E+03),.PIECEWISE_BEZIER_KNOTS.);
#3836 = CARTESIAN_POINT('',(550.,8.585E+03));
#3837 = CARTESIAN_POINT('',(550.,8.965E+03));
#3838 = ( GEOMETRIC_REPRESENTATION_CONTEXT(2) 
PARAMETRIC_REPRESENTATION_CONTEXT() REPRESENTATION_CONTEXT('2D SPACE',''
  ) );
#3839 = PCURVE('',#1547,#3840);
#3840 = DEFINITIONAL_REPRESENTATION('',(#3841),#3844);
#3841 = B_SPLINE_CURVE_WITH_KNOTS('',1,(#3842,#3843),.UNSPECIFIED.,.F.,
  .F.,(2,2),(4.2925E+03,4.6725E+03),.PIECEWISE_BEZIER_KNOTS.);
#3842 = CARTESIAN_POINT('',(0.,25.));
#3843 = CARTESIAN_POINT('',(380.,25.));
#3844 = ( GEOMETRIC_REPRESENTATION_CONTEXT(2) 
PARAMETRIC_REPRESENTATION_CONTEXT() REPRESENTATION_CONTEXT('2D SPACE',''
  ) );
#3845 = ORIENTED_EDGE('',*,*,#3846,.T.);
#3846 = EDGE_CURVE('',#3824,#3847,#3849,.T.);
#3847 = VERTEX_POINT('',#3848);
#3848 = CARTESIAN_POINT('',(2.61E+03,-1.425E+03,450.));
#3849 = SURFACE_CURVE('',#3850,(#3854,#3860),.PCURVE_S1.);
#3850 = LINE('',#3851,#3852);
#3851 = CARTESIAN_POINT('',(2.61E+03,-1.425E+03,245.));
#3852 = VECTOR('',#3853,1.);
#3853 = DIRECTION('',(0.,0.,-1.));
#3854 = PCURVE('',#1007,#3855);
#3855 = DEFINITIONAL_REPRESENTATION('',(#3856),#3859);
#3856 = B_SPLINE_CURVE_WITH_KNOTS('',1,(#3857,#3858),.UNSPECIFIED.,.F.,
  .F.,(2,2),(-345.,-205.),.PIECEWISE_BEZIER_KNOTS.);
#3857 = CARTESIAN_POINT('',(550.,8.585E+03));
#3858 = CARTESIAN_POINT('',(410.,8.585E+03));
#3859 = ( GEOMETRIC_REPRESENTATION_CONTEXT(2) 
PARAMETRIC_REPRESENTATION_CONTEXT() REPRESENTATION_CONTEXT('2D SPACE',''
  ) );
#3860 = PCURVE('',#1575,#3861);
#3861 = DEFINITIONAL_REPRESENTATION('',(#3862),#3865);
#3862 = B_SPLINE_CURVE_WITH_KNOTS('',1,(#3863,#3864),.UNSPECIFIED.,.F.,
  .F.,(2,2),(-345.,-205.),.PIECEWISE_BEZIER_KNOTS.);
#3863 = CARTESIAN_POINT('',(140.,-25.));
#3864 = CARTESIAN_POINT('',(0.,-25.));
#3865 = ( GEOMETRIC_REPRESENTATION_CONTEXT(2) 
PARAMETRIC_REPRESENTATION_CONTEXT() REPRESENTATION_CONTEXT('2D SPACE',''
  ) );
#3866 = ORIENTED_EDGE('',*,*,#3867,.T.);
#3867 = EDGE_CURVE('',#3847,#3868,#3870,.T.);
#3868 = VERTEX_POINT('',#3869);
#3869 = CARTESIAN_POINT('',(2.99E+03,-1.425E+03,450.));
#3870 = SURFACE_CURVE('',#3871,(#3875,#3881),.PCURVE_S1.);
#3871 = LINE('',#3872,#3873);
#3872 = CARTESIAN_POINT('',(-1.6825E+03,-1.425E+03,450.));
#3873 = VECTOR('',#3874,1.);
#3874 = DIRECTION('',(1.,0.,0.));
#3875 = PCURVE('',#1007,#3876);
#3876 = DEFINITIONAL_REPRESENTATION('',(#3877),#3880);
#3877 = B_SPLINE_CURVE_WITH_KNOTS('',1,(#3878,#3879),.UNSPECIFIED.,.F.,
  .F.,(2,2),(4.2925E+03,4.6725E+03),.PIECEWISE_BEZIER_KNOTS.);
#3878 = CARTESIAN_POINT('',(410.,8.585E+03));
#3879 = CARTESIAN_POINT('',(410.,8.965E+03));
#3880 = ( GEOMETRIC_REPRESENTATION_CONTEXT(2) 
PARAMETRIC_REPRESENTATION_CONTEXT() REPRESENTATION_CONTEXT('2D SPACE',''
  ) );
#3881 = PCURVE('',#1603,#3882);
#3882 = DEFINITIONAL_REPRESENTATION('',(#3883),#3886);
#3883 = B_SPLINE_CURVE_WITH_KNOTS('',1,(#3884,#3885),.UNSPECIFIED.,.F.,
  .F.,(2,2),(4.2925E+03,4.6725E+03),.PIECEWISE_BEZIER_KNOTS.);
#3884 = CARTESIAN_POINT('',(0.,25.));
#3885 = CARTESIAN_POINT('',(380.,25.));
#3886 = ( GEOMETRIC_REPRESENTATION_CONTEXT(2) 
PARAMETRIC_REPRESENTATION_CONTEXT() REPRESENTATION_CONTEXT('2D SPACE',''
  ) );
#3887 = ORIENTED_EDGE('',*,*,#3888,.F.);
#3888 = EDGE_CURVE('',#3826,#3868,#3889,.T.);
#3889 = SURFACE_CURVE('',#3890,(#3894,#3900),.PCURVE_S1.);
#3890 = LINE('',#3891,#3892);
#3891 = CARTESIAN_POINT('',(2.99E+03,-1.425E+03,245.));
#3892 = VECTOR('',#3893,1.);
#3893 = DIRECTION('',(0.,0.,-1.));
#3894 = PCURVE('',#1007,#3895);
#3895 = DEFINITIONAL_REPRESENTATION('',(#3896),#3899);
#3896 = B_SPLINE_CURVE_WITH_KNOTS('',1,(#3897,#3898),.UNSPECIFIED.,.F.,
  .F.,(2,2),(-345.,-205.),.PIECEWISE_BEZIER_KNOTS.);
#3897 = CARTESIAN_POINT('',(550.,8.965E+03));
#3898 = CARTESIAN_POINT('',(410.,8.965E+03));
#3899 = ( GEOMETRIC_REPRESENTATION_CONTEXT(2) 
PARAMETRIC_REPRESENTATION_CONTEXT() REPRESENTATION_CONTEXT('2D SPACE',''
  ) );
#3900 = PCURVE('',#1629,#3901);
#3901 = DEFINITIONAL_REPRESENTATION('',(#3902),#3905);
#3902 = B_SPLINE_CURVE_WITH_KNOTS('',1,(#3903,#3904),.UNSPECIFIED.,.F.,
  .F.,(2,2),(-345.,-205.),.PIECEWISE_BEZIER_KNOTS.);
#3903 = CARTESIAN_POINT('',(140.,-25.));
#3904 = CARTESIAN_POINT('',(0.,-25.));
#3905 = ( GEOMETRIC_REPRESENTATION_CONTEXT(2) 
PARAMETRIC_REPRESENTATION_CONTEXT() REPRESENTATION_CONTEXT('2D SPACE',''
  ) );
#3906 = ADVANCED_FACE('',(#3907),#870,.F.);
#3907 = FACE_BOUND('',#3908,.F.);
#3908 = EDGE_LOOP('',(#3909,#3910,#3932,#3933));
#3909 = ORIENTED_EDGE('',*,*,#3050,.F.);
#3910 = ORIENTED_EDGE('',*,*,#3911,.T.);
#3911 = EDGE_CURVE('',#3051,#3365,#3912,.T.);
#3912 = SURFACE_CURVE('',#3913,(#3918,#3925),.PCURVE_S1.);
#3913 = CIRCLE('',#3914,70.);
#3914 = AXIS2_PLACEMENT_3D('',#3915,#3916,#3917);
#3915 = CARTESIAN_POINT('',(-5.905E+03,-1.355E+03,40.));
#3916 = DIRECTION('',(0.,0.,1.));
#3917 = DIRECTION('',(0.,-1.,0.));
#3918 = PCURVE('',#870,#3919);
#3919 = DEFINITIONAL_REPRESENTATION('',(#3920),#3924);
#3920 = LINE('',#3921,#3922);
#3921 = CARTESIAN_POINT('',(-4.712388980385,0.));
#3922 = VECTOR('',#3923,1.);
#3923 = DIRECTION('',(1.,0.));
#3924 = ( GEOMETRIC_REPRESENTATION_CONTEXT(2) 
PARAMETRIC_REPRESENTATION_CONTEXT() REPRESENTATION_CONTEXT('2D SPACE',''
  ) );
#3925 = PCURVE('',#3089,#3926);
#3926 = DEFINITIONAL_REPRESENTATION('',(#3927),#3931);
#3927 = CIRCLE('',#3928,70.);
#3928 = AXIS2_PLACEMENT_2D('',#3929,#3930);
#3929 = CARTESIAN_POINT('',(70.,70.));
#3930 = DIRECTION('',(0.,-1.));
#3931 = ( GEOMETRIC_REPRESENTATION_CONTEXT(2) 
PARAMETRIC_REPRESENTATION_CONTEXT() REPRESENTATION_CONTEXT('2D SPACE',''
  ) );
#3932 = ORIENTED_EDGE('',*,*,#3389,.T.);
#3933 = ORIENTED_EDGE('',*,*,#772,.F.);
#3934 = ADVANCED_FACE('',(#3935),#1205,.F.);
#3935 = FACE_BOUND('',#3936,.F.);
#3936 = EDGE_LOOP('',(#3937,#3958,#3959,#3980));
#3937 = ORIENTED_EDGE('',*,*,#3938,.F.);
#3938 = EDGE_CURVE('',#1188,#3566,#3939,.T.);
#3939 = SURFACE_CURVE('',#3940,(#3944,#3951),.PCURVE_S1.);
#3940 = LINE('',#3941,#3942);
#3941 = CARTESIAN_POINT('',(-2.99E+03,-1.45E+03,590.));
#3942 = VECTOR('',#3943,1.);
#3943 = DIRECTION('',(0.,1.,0.));
#3944 = PCURVE('',#1205,#3945);
#3945 = DEFINITIONAL_REPRESENTATION('',(#3946),#3950);
#3946 = LINE('',#3947,#3948);
#3947 = CARTESIAN_POINT('',(0.,0.));
#3948 = VECTOR('',#3949,1.);
#3949 = DIRECTION('',(0.,1.));
#3950 = ( GEOMETRIC_REPRESENTATION_CONTEXT(2) 
PARAMETRIC_REPRESENTATION_CONTEXT() REPRESENTATION_CONTEXT('2D SPACE',''
  ) );
#3951 = PCURVE('',#1233,#3952);
#3952 = DEFINITIONAL_REPRESENTATION('',(#3953),#3957);
#3953 = LINE('',#3954,#3955);
#3954 = CARTESIAN_POINT('',(140.,0.));
#3955 = VECTOR('',#3956,1.);
#3956 = DIRECTION('',(0.,-1.));
#3957 = ( GEOMETRIC_REPRESENTATION_CONTEXT(2) 
PARAMETRIC_REPRESENTATION_CONTEXT() REPRESENTATION_CONTEXT('2D SPACE',''
  ) );
#3958 = ORIENTED_EDGE('',*,*,#1187,.T.);
#3959 = ORIENTED_EDGE('',*,*,#3960,.T.);
#3960 = EDGE_CURVE('',#1190,#3568,#3961,.T.);
#3961 = SURFACE_CURVE('',#3962,(#3966,#3973),.PCURVE_S1.);
#3962 = LINE('',#3963,#3964);
#3963 = CARTESIAN_POINT('',(-2.61E+03,-1.45E+03,590.));
#3964 = VECTOR('',#3965,1.);
#3965 = DIRECTION('',(0.,1.,0.));
#3966 = PCURVE('',#1205,#3967);
#3967 = DEFINITIONAL_REPRESENTATION('',(#3968),#3972);
#3968 = LINE('',#3969,#3970);
#3969 = CARTESIAN_POINT('',(380.,0.));
#3970 = VECTOR('',#3971,1.);
#3971 = DIRECTION('',(0.,1.));
#3972 = ( GEOMETRIC_REPRESENTATION_CONTEXT(2) 
PARAMETRIC_REPRESENTATION_CONTEXT() REPRESENTATION_CONTEXT('2D SPACE',''
  ) );
#3973 = PCURVE('',#1287,#3974);
#3974 = DEFINITIONAL_REPRESENTATION('',(#3975),#3979);
#3975 = LINE('',#3976,#3977);
#3976 = CARTESIAN_POINT('',(140.,0.));
#3977 = VECTOR('',#3978,1.);
#3978 = DIRECTION('',(0.,-1.));
#3979 = ( GEOMETRIC_REPRESENTATION_CONTEXT(2) 
PARAMETRIC_REPRESENTATION_CONTEXT() REPRESENTATION_CONTEXT('2D SPACE',''
  ) );
#3980 = ORIENTED_EDGE('',*,*,#3565,.F.);
#3981 = ADVANCED_FACE('',(#3982),#1287,.F.);
#3982 = FACE_BOUND('',#3983,.F.);
#3983 = EDGE_LOOP('',(#3984,#3985,#3986,#4007));
#3984 = ORIENTED_EDGE('',*,*,#3960,.F.);
#3985 = ORIENTED_EDGE('',*,*,#1273,.F.);
#3986 = ORIENTED_EDGE('',*,*,#3987,.T.);
#3987 = EDGE_CURVE('',#1246,#3610,#3988,.T.);
#3988 = SURFACE_CURVE('',#3989,(#3993,#4000),.PCURVE_S1.);
#3989 = LINE('',#3990,#3991);
#3990 = CARTESIAN_POINT('',(-2.61E+03,-1.45E+03,450.));
#3991 = VECTOR('',#3992,1.);
#3992 = DIRECTION('',(0.,1.,0.));
#3993 = PCURVE('',#1287,#3994);
#3994 = DEFINITIONAL_REPRESENTATION('',(#3995),#3999);
#3995 = LINE('',#3996,#3997);
#3996 = CARTESIAN_POINT('',(0.,0.));
#3997 = VECTOR('',#3998,1.);
#3998 = DIRECTION('',(0.,-1.));
#3999 = ( GEOMETRIC_REPRESENTATION_CONTEXT(2) 
PARAMETRIC_REPRESENTATION_CONTEXT() REPRESENTATION_CONTEXT('2D SPACE',''
  ) );
#4000 = PCURVE('',#1261,#4001);
#4001 = DEFINITIONAL_REPRESENTATION('',(#4002),#4006);
#4002 = LINE('',#4003,#4004);
#4003 = CARTESIAN_POINT('',(380.,0.));
#4004 = VECTOR('',#4005,1.);
#4005 = DIRECTION('',(0.,1.));
#4006 = ( GEOMETRIC_REPRESENTATION_CONTEXT(2) 
PARAMETRIC_REPRESENTATION_CONTEXT() REPRESENTATION_CONTEXT('2D SPACE',''
  ) );
#4007 = ORIENTED_EDGE('',*,*,#3630,.F.);
#4008 = ADVANCED_FACE('',(#4009),#1233,.T.);
#4009 = FACE_BOUND('',#4010,.T.);
#4010 = EDGE_LOOP('',(#4011,#4012,#4013,#4034));
#4011 = ORIENTED_EDGE('',*,*,#3938,.F.);
#4012 = ORIENTED_EDGE('',*,*,#1217,.F.);
#4013 = ORIENTED_EDGE('',*,*,#4014,.T.);
#4014 = EDGE_CURVE('',#1218,#3589,#4015,.T.);
#4015 = SURFACE_CURVE('',#4016,(#4020,#4027),.PCURVE_S1.);
#4016 = LINE('',#4017,#4018);
#4017 = CARTESIAN_POINT('',(-2.99E+03,-1.45E+03,450.));
#4018 = VECTOR('',#4019,1.);
#4019 = DIRECTION('',(0.,1.,0.));
#4020 = PCURVE('',#1233,#4021);
#4021 = DEFINITIONAL_REPRESENTATION('',(#4022),#4026);
#4022 = LINE('',#4023,#4024);
#4023 = CARTESIAN_POINT('',(0.,0.));
#4024 = VECTOR('',#4025,1.);
#4025 = DIRECTION('',(0.,-1.));
#4026 = ( GEOMETRIC_REPRESENTATION_CONTEXT(2) 
PARAMETRIC_REPRESENTATION_CONTEXT() REPRESENTATION_CONTEXT('2D SPACE',''
  ) );
#4027 = PCURVE('',#1261,#4028);
#4028 = DEFINITIONAL_REPRESENTATION('',(#4029),#4033);
#4029 = LINE('',#4030,#4031);
#4030 = CARTESIAN_POINT('',(0.,0.));
#4031 = VECTOR('',#4032,1.);
#4032 = DIRECTION('',(0.,1.));
#4033 = ( GEOMETRIC_REPRESENTATION_CONTEXT(2) 
PARAMETRIC_REPRESENTATION_CONTEXT() REPRESENTATION_CONTEXT('2D SPACE',''
  ) );
#4034 = ORIENTED_EDGE('',*,*,#3588,.F.);
#4035 = ADVANCED_FACE('',(#4036),#1261,.T.);
#4036 = FACE_BOUND('',#4037,.T.);
#4037 = EDGE_LOOP('',(#4038,#4039,#4040,#4041));
#4038 = ORIENTED_EDGE('',*,*,#4014,.F.);
#4039 = ORIENTED_EDGE('',*,*,#1245,.T.);
#4040 = ORIENTED_EDGE('',*,*,#3987,.T.);
#4041 = ORIENTED_EDGE('',*,*,#3609,.F.);
#4042 = ADVANCED_FACE('',(#4043),#1319,.F.);
#4043 = FACE_BOUND('',#4044,.F.);
#4044 = EDGE_LOOP('',(#4045,#4066,#4067,#4088));
#4045 = ORIENTED_EDGE('',*,*,#4046,.F.);
#4046 = EDGE_CURVE('',#1302,#3652,#4047,.T.);
#4047 = SURFACE_CURVE('',#4048,(#4052,#4059),.PCURVE_S1.);
#4048 = LINE('',#4049,#4050);
#4049 = CARTESIAN_POINT('',(-1.89E+03,-1.45E+03,590.));
#4050 = VECTOR('',#4051,1.);
#4051 = DIRECTION('',(0.,1.,0.));
#4052 = PCURVE('',#1319,#4053);
#4053 = DEFINITIONAL_REPRESENTATION('',(#4054),#4058);
#4054 = LINE('',#4055,#4056);
#4055 = CARTESIAN_POINT('',(0.,0.));
#4056 = VECTOR('',#4057,1.);
#4057 = DIRECTION('',(0.,1.));
#4058 = ( GEOMETRIC_REPRESENTATION_CONTEXT(2) 
PARAMETRIC_REPRESENTATION_CONTEXT() REPRESENTATION_CONTEXT('2D SPACE',''
  ) );
#4059 = PCURVE('',#1347,#4060);
#4060 = DEFINITIONAL_REPRESENTATION('',(#4061),#4065);
#4061 = LINE('',#4062,#4063);
#4062 = CARTESIAN_POINT('',(140.,0.));
#4063 = VECTOR('',#4064,1.);
#4064 = DIRECTION('',(0.,-1.));
#4065 = ( GEOMETRIC_REPRESENTATION_CONTEXT(2) 
PARAMETRIC_REPRESENTATION_CONTEXT() REPRESENTATION_CONTEXT('2D SPACE',''
  ) );
#4066 = ORIENTED_EDGE('',*,*,#1301,.T.);
#4067 = ORIENTED_EDGE('',*,*,#4068,.T.);
#4068 = EDGE_CURVE('',#1304,#3654,#4069,.T.);
#4069 = SURFACE_CURVE('',#4070,(#4074,#4081),.PCURVE_S1.);
#4070 = LINE('',#4071,#4072);
#4071 = CARTESIAN_POINT('',(-1.51E+03,-1.45E+03,590.));
#4072 = VECTOR('',#4073,1.);
#4073 = DIRECTION('',(0.,1.,0.));
#4074 = PCURVE('',#1319,#4075);
#4075 = DEFINITIONAL_REPRESENTATION('',(#4076),#4080);
#4076 = LINE('',#4077,#4078);
#4077 = CARTESIAN_POINT('',(380.,0.));
#4078 = VECTOR('',#4079,1.);
#4079 = DIRECTION('',(0.,1.));
#4080 = ( GEOMETRIC_REPRESENTATION_CONTEXT(2) 
PARAMETRIC_REPRESENTATION_CONTEXT() REPRESENTATION_CONTEXT('2D SPACE',''
  ) );
#4081 = PCURVE('',#1401,#4082);
#4082 = DEFINITIONAL_REPRESENTATION('',(#4083),#4087);
#4083 = LINE('',#4084,#4085);
#4084 = CARTESIAN_POINT('',(140.,0.));
#4085 = VECTOR('',#4086,1.);
#4086 = DIRECTION('',(0.,-1.));
#4087 = ( GEOMETRIC_REPRESENTATION_CONTEXT(2) 
PARAMETRIC_REPRESENTATION_CONTEXT() REPRESENTATION_CONTEXT('2D SPACE',''
  ) );
#4088 = ORIENTED_EDGE('',*,*,#3651,.F.);
#4089 = ADVANCED_FACE('',(#4090),#1401,.F.);
#4090 = FACE_BOUND('',#4091,.F.);
#4091 = EDGE_LOOP('',(#4092,#4093,#4094,#4115));
#4092 = ORIENTED_EDGE('',*,*,#4068,.F.);
#4093 = ORIENTED_EDGE('',*,*,#1387,.F.);
#4094 = ORIENTED_EDGE('',*,*,#4095,.T.);
#4095 = EDGE_CURVE('',#1360,#3696,#4096,.T.);
#4096 = SURFACE_CURVE('',#4097,(#4101,#4108),.PCURVE_S1.);
#4097 = LINE('',#4098,#4099);
#4098 = CARTESIAN_POINT('',(-1.51E+03,-1.45E+03,450.));
#4099 = VECTOR('',#4100,1.);
#4100 = DIRECTION('',(0.,1.,0.));
#4101 = PCURVE('',#1401,#4102);
#4102 = DEFINITIONAL_REPRESENTATION('',(#4103),#4107);
#4103 = LINE('',#4104,#4105);
#4104 = CARTESIAN_POINT('',(0.,0.));
#4105 = VECTOR('',#4106,1.);
#4106 = DIRECTION('',(0.,-1.));
#4107 = ( GEOMETRIC_REPRESENTATION_CONTEXT(2) 
PARAMETRIC_REPRESENTATION_CONTEXT() REPRESENTATION_CONTEXT('2D SPACE',''
  ) );
#4108 = PCURVE('',#1375,#4109);
#4109 = DEFINITIONAL_REPRESENTATION('',(#4110),#4114);
#4110 = LINE('',#4111,#4112);
#4111 = CARTESIAN_POINT('',(380.,0.));
#4112 = VECTOR('',#4113,1.);
#4113 = DIRECTION('',(0.,1.));
#4114 = ( GEOMETRIC_REPRESENTATION_CONTEXT(2) 
PARAMETRIC_REPRESENTATION_CONTEXT() REPRESENTATION_CONTEXT('2D SPACE',''
  ) );
#4115 = ORIENTED_EDGE('',*,*,#3716,.F.);
#4116 = ADVANCED_FACE('',(#4117),#1347,.T.);
#4117 = FACE_BOUND('',#4118,.T.);
#4118 = EDGE_LOOP('',(#4119,#4120,#4121,#4142));
#4119 = ORIENTED_EDGE('',*,*,#4046,.F.);
#4120 = ORIENTED_EDGE('',*,*,#1331,.F.);
#4121 = ORIENTED_EDGE('',*,*,#4122,.T.);
#4122 = EDGE_CURVE('',#1332,#3675,#4123,.T.);
#4123 = SURFACE_CURVE('',#4124,(#4128,#4135),.PCURVE_S1.);
#4124 = LINE('',#4125,#4126);
#4125 = CARTESIAN_POINT('',(-1.89E+03,-1.45E+03,450.));
#4126 = VECTOR('',#4127,1.);
#4127 = DIRECTION('',(0.,1.,0.));
#4128 = PCURVE('',#1347,#4129);
#4129 = DEFINITIONAL_REPRESENTATION('',(#4130),#4134);
#4130 = LINE('',#4131,#4132);
#4131 = CARTESIAN_POINT('',(0.,0.));
#4132 = VECTOR('',#4133,1.);
#4133 = DIRECTION('',(0.,-1.));
#4134 = ( GEOMETRIC_REPRESENTATION_CONTEXT(2) 
PARAMETRIC_REPRESENTATION_CONTEXT() REPRESENTATION_CONTEXT('2D SPACE',''
  ) );
#4135 = PCURVE('',#1375,#4136);
#4136 = DEFINITIONAL_REPRESENTATION('',(#4137),#4141);
#4137 = LINE('',#4138,#4139);
#4138 = CARTESIAN_POINT('',(0.,0.));
#4139 = VECTOR('',#4140,1.);
#4140 = DIRECTION('',(0.,1.));
#4141 = ( GEOMETRIC_REPRESENTATION_CONTEXT(2) 
PARAMETRIC_REPRESENTATION_CONTEXT() REPRESENTATION_CONTEXT('2D SPACE',''
  ) );
#4142 = ORIENTED_EDGE('',*,*,#3674,.F.);
#4143 = ADVANCED_FACE('',(#4144),#1375,.T.);
#4144 = FACE_BOUND('',#4145,.T.);
#4145 = EDGE_LOOP('',(#4146,#4147,#4148,#4149));
#4146 = ORIENTED_EDGE('',*,*,#4122,.F.);
#4147 = ORIENTED_EDGE('',*,*,#1359,.T.);
#4148 = ORIENTED_EDGE('',*,*,#4095,.T.);
#4149 = ORIENTED_EDGE('',*,*,#3695,.F.);
#4150 = ADVANCED_FACE('',(#4151),#1433,.F.);
#4151 = FACE_BOUND('',#4152,.F.);
#4152 = EDGE_LOOP('',(#4153,#4174,#4175,#4196));
#4153 = ORIENTED_EDGE('',*,*,#4154,.F.);
#4154 = EDGE_CURVE('',#1416,#3738,#4155,.T.);
#4155 = SURFACE_CURVE('',#4156,(#4160,#4167),.PCURVE_S1.);
#4156 = LINE('',#4157,#4158);
#4157 = CARTESIAN_POINT('',(1.51E+03,-1.45E+03,590.));
#4158 = VECTOR('',#4159,1.);
#4159 = DIRECTION('',(0.,1.,0.));
#4160 = PCURVE('',#1433,#4161);
#4161 = DEFINITIONAL_REPRESENTATION('',(#4162),#4166);
#4162 = LINE('',#4163,#4164);
#4163 = CARTESIAN_POINT('',(0.,0.));
#4164 = VECTOR('',#4165,1.);
#4165 = DIRECTION('',(0.,1.));
#4166 = ( GEOMETRIC_REPRESENTATION_CONTEXT(2) 
PARAMETRIC_REPRESENTATION_CONTEXT() REPRESENTATION_CONTEXT('2D SPACE',''
  ) );
#4167 = PCURVE('',#1461,#4168);
#4168 = DEFINITIONAL_REPRESENTATION('',(#4169),#4173);
#4169 = LINE('',#4170,#4171);
#4170 = CARTESIAN_POINT('',(140.,0.));
#4171 = VECTOR('',#4172,1.);
#4172 = DIRECTION('',(0.,-1.));
#4173 = ( GEOMETRIC_REPRESENTATION_CONTEXT(2) 
PARAMETRIC_REPRESENTATION_CONTEXT() REPRESENTATION_CONTEXT('2D SPACE',''
  ) );
#4174 = ORIENTED_EDGE('',*,*,#1415,.T.);
#4175 = ORIENTED_EDGE('',*,*,#4176,.T.);
#4176 = EDGE_CURVE('',#1418,#3740,#4177,.T.);
#4177 = SURFACE_CURVE('',#4178,(#4182,#4189),.PCURVE_S1.);
#4178 = LINE('',#4179,#4180);
#4179 = CARTESIAN_POINT('',(1.89E+03,-1.45E+03,590.));
#4180 = VECTOR('',#4181,1.);
#4181 = DIRECTION('',(0.,1.,0.));
#4182 = PCURVE('',#1433,#4183);
#4183 = DEFINITIONAL_REPRESENTATION('',(#4184),#4188);
#4184 = LINE('',#4185,#4186);
#4185 = CARTESIAN_POINT('',(380.,0.));
#4186 = VECTOR('',#4187,1.);
#4187 = DIRECTION('',(0.,1.));
#4188 = ( GEOMETRIC_REPRESENTATION_CONTEXT(2) 
PARAMETRIC_REPRESENTATION_CONTEXT() REPRESENTATION_CONTEXT('2D SPACE',''
  ) );
#4189 = PCURVE('',#1515,#4190);
#4190 = DEFINITIONAL_REPRESENTATION('',(#4191),#4195);
#4191 = LINE('',#4192,#4193);
#4192 = CARTESIAN_POINT('',(140.,0.));
#4193 = VECTOR('',#4194,1.);
#4194 = DIRECTION('',(0.,-1.));
#4195 = ( GEOMETRIC_REPRESENTATION_CONTEXT(2) 
PARAMETRIC_REPRESENTATION_CONTEXT() REPRESENTATION_CONTEXT('2D SPACE',''
  ) );
#4196 = ORIENTED_EDGE('',*,*,#3737,.F.);
#4197 = ADVANCED_FACE('',(#4198),#1515,.F.);
#4198 = FACE_BOUND('',#4199,.F.);
#4199 = EDGE_LOOP('',(#4200,#4201,#4202,#4223));
#4200 = ORIENTED_EDGE('',*,*,#4176,.F.);
#4201 = ORIENTED_EDGE('',*,*,#1501,.F.);
#4202 = ORIENTED_EDGE('',*,*,#4203,.T.);
#4203 = EDGE_CURVE('',#1474,#3782,#4204,.T.);
#4204 = SURFACE_CURVE('',#4205,(#4209,#4216),.PCURVE_S1.);
#4205 = LINE('',#4206,#4207);
#4206 = CARTESIAN_POINT('',(1.89E+03,-1.45E+03,450.));
#4207 = VECTOR('',#4208,1.);
#4208 = DIRECTION('',(0.,1.,0.));
#4209 = PCURVE('',#1515,#4210);
#4210 = DEFINITIONAL_REPRESENTATION('',(#4211),#4215);
#4211 = LINE('',#4212,#4213);
#4212 = CARTESIAN_POINT('',(0.,0.));
#4213 = VECTOR('',#4214,1.);
#4214 = DIRECTION('',(0.,-1.));
#4215 = ( GEOMETRIC_REPRESENTATION_CONTEXT(2) 
PARAMETRIC_REPRESENTATION_CONTEXT() REPRESENTATION_CONTEXT('2D SPACE',''
  ) );
#4216 = PCURVE('',#1489,#4217);
#4217 = DEFINITIONAL_REPRESENTATION('',(#4218),#4222);
#4218 = LINE('',#4219,#4220);
#4219 = CARTESIAN_POINT('',(380.,0.));
#4220 = VECTOR('',#4221,1.);
#4221 = DIRECTION('',(0.,1.));
#4222 = ( GEOMETRIC_REPRESENTATION_CONTEXT(2) 
PARAMETRIC_REPRESENTATION_CONTEXT() REPRESENTATION_CONTEXT('2D SPACE',''
  ) );
#4223 = ORIENTED_EDGE('',*,*,#3802,.F.);
#4224 = ADVANCED_FACE('',(#4225),#1461,.T.);
#4225 = FACE_BOUND('',#4226,.T.);
#4226 = EDGE_LOOP('',(#4227,#4228,#4229,#4250));
#4227 = ORIENTED_EDGE('',*,*,#4154,.F.);
#4228 = ORIENTED_EDGE('',*,*,#1445,.F.);
#4229 = ORIENTED_EDGE('',*,*,#4230,.T.);
#4230 = EDGE_CURVE('',#1446,#3761,#4231,.T.);
#4231 = SURFACE_CURVE('',#4232,(#4236,#4243),.PCURVE_S1.);
#4232 = LINE('',#4233,#4234);
#4233 = CARTESIAN_POINT('',(1.51E+03,-1.45E+03,450.));
#4234 = VECTOR('',#4235,1.);
#4235 = DIRECTION('',(0.,1.,0.));
#4236 = PCURVE('',#1461,#4237);
#4237 = DEFINITIONAL_REPRESENTATION('',(#4238),#4242);
#4238 = LINE('',#4239,#4240);
#4239 = CARTESIAN_POINT('',(0.,0.));
#4240 = VECTOR('',#4241,1.);
#4241 = DIRECTION('',(0.,-1.));
#4242 = ( GEOMETRIC_REPRESENTATION_CONTEXT(2) 
PARAMETRIC_REPRESENTATION_CONTEXT() REPRESENTATION_CONTEXT('2D SPACE',''
  ) );
#4243 = PCURVE('',#1489,#4244);
#4244 = DEFINITIONAL_REPRESENTATION('',(#4245),#4249);
#4245 = LINE('',#4246,#4247);
#4246 = CARTESIAN_POINT('',(0.,0.));
#4247 = VECTOR('',#4248,1.);
#4248 = DIRECTION('',(0.,1.));
#4249 = ( GEOMETRIC_REPRESENTATION_CONTEXT(2) 
PARAMETRIC_REPRESENTATION_CONTEXT() REPRESENTATION_CONTEXT('2D SPACE',''
  ) );
#4250 = ORIENTED_EDGE('',*,*,#3760,.F.);
#4251 = ADVANCED_FACE('',(#4252),#1489,.T.);
#4252 = FACE_BOUND('',#4253,.T.);
#4253 = EDGE_LOOP('',(#4254,#4255,#4256,#4257));
#4254 = ORIENTED_EDGE('',*,*,#4230,.F.);
#4255 = ORIENTED_EDGE('',*,*,#1473,.T.);
#4256 = ORIENTED_EDGE('',*,*,#4203,.T.);
#4257 = ORIENTED_EDGE('',*,*,#3781,.F.);
#4258 = ADVANCED_FACE('',(#4259),#1547,.F.);
#4259 = FACE_BOUND('',#4260,.F.);
#4260 = EDGE_LOOP('',(#4261,#4282,#4283,#4304));
#4261 = ORIENTED_EDGE('',*,*,#4262,.F.);
#4262 = EDGE_CURVE('',#1530,#3824,#4263,.T.);
#4263 = SURFACE_CURVE('',#4264,(#4268,#4275),.PCURVE_S1.);
#4264 = LINE('',#4265,#4266);
#4265 = CARTESIAN_POINT('',(2.61E+03,-1.45E+03,590.));
#4266 = VECTOR('',#4267,1.);
#4267 = DIRECTION('',(0.,1.,0.));
#4268 = PCURVE('',#1547,#4269);
#4269 = DEFINITIONAL_REPRESENTATION('',(#4270),#4274);
#4270 = LINE('',#4271,#4272);
#4271 = CARTESIAN_POINT('',(0.,0.));
#4272 = VECTOR('',#4273,1.);
#4273 = DIRECTION('',(0.,1.));
#4274 = ( GEOMETRIC_REPRESENTATION_CONTEXT(2) 
PARAMETRIC_REPRESENTATION_CONTEXT() REPRESENTATION_CONTEXT('2D SPACE',''
  ) );
#4275 = PCURVE('',#1575,#4276);
#4276 = DEFINITIONAL_REPRESENTATION('',(#4277),#4281);
#4277 = LINE('',#4278,#4279);
#4278 = CARTESIAN_POINT('',(140.,0.));
#4279 = VECTOR('',#4280,1.);
#4280 = DIRECTION('',(0.,-1.));
#4281 = ( GEOMETRIC_REPRESENTATION_CONTEXT(2) 
PARAMETRIC_REPRESENTATION_CONTEXT() REPRESENTATION_CONTEXT('2D SPACE',''
  ) );
#4282 = ORIENTED_EDGE('',*,*,#1529,.T.);
#4283 = ORIENTED_EDGE('',*,*,#4284,.T.);
#4284 = EDGE_CURVE('',#1532,#3826,#4285,.T.);
#4285 = SURFACE_CURVE('',#4286,(#4290,#4297),.PCURVE_S1.);
#4286 = LINE('',#4287,#4288);
#4287 = CARTESIAN_POINT('',(2.99E+03,-1.45E+03,590.));
#4288 = VECTOR('',#4289,1.);
#4289 = DIRECTION('',(0.,1.,0.));
#4290 = PCURVE('',#1547,#4291);
#4291 = DEFINITIONAL_REPRESENTATION('',(#4292),#4296);
#4292 = LINE('',#4293,#4294);
#4293 = CARTESIAN_POINT('',(380.,0.));
#4294 = VECTOR('',#4295,1.);
#4295 = DIRECTION('',(0.,1.));
#4296 = ( GEOMETRIC_REPRESENTATION_CONTEXT(2) 
PARAMETRIC_REPRESENTATION_CONTEXT() REPRESENTATION_CONTEXT('2D SPACE',''
  ) );
#4297 = PCURVE('',#1629,#4298);
#4298 = DEFINITIONAL_REPRESENTATION('',(#4299),#4303);
#4299 = LINE('',#4300,#4301);
#4300 = CARTESIAN_POINT('',(140.,0.));
#4301 = VECTOR('',#4302,1.);
#4302 = DIRECTION('',(0.,-1.));
#4303 = ( GEOMETRIC_REPRESENTATION_CONTEXT(2) 
PARAMETRIC_REPRESENTATION_CONTEXT() REPRESENTATION_CONTEXT('2D SPACE',''
  ) );
#4304 = ORIENTED_EDGE('',*,*,#3823,.F.);
#4305 = ADVANCED_FACE('',(#4306),#1629,.F.);
#4306 = FACE_BOUND('',#4307,.F.);
#4307 = EDGE_LOOP('',(#4308,#4309,#4310,#4331));
#4308 = ORIENTED_EDGE('',*,*,#4284,.F.);
#4309 = ORIENTED_EDGE('',*,*,#1615,.F.);
#4310 = ORIENTED_EDGE('',*,*,#4311,.T.);
#4311 = EDGE_CURVE('',#1588,#3868,#4312,.T.);
#4312 = SURFACE_CURVE('',#4313,(#4317,#4324),.PCURVE_S1.);
#4313 = LINE('',#4314,#4315);
#4314 = CARTESIAN_POINT('',(2.99E+03,-1.45E+03,450.));
#4315 = VECTOR('',#4316,1.);
#4316 = DIRECTION('',(0.,1.,0.));
#4317 = PCURVE('',#1629,#4318);
#4318 = DEFINITIONAL_REPRESENTATION('',(#4319),#4323);
#4319 = LINE('',#4320,#4321);
#4320 = CARTESIAN_POINT('',(0.,0.));
#4321 = VECTOR('',#4322,1.);
#4322 = DIRECTION('',(0.,-1.));
#4323 = ( GEOMETRIC_REPRESENTATION_CONTEXT(2) 
PARAMETRIC_REPRESENTATION_CONTEXT() REPRESENTATION_CONTEXT('2D SPACE',''
  ) );
#4324 = PCURVE('',#1603,#4325);
#4325 = DEFINITIONAL_REPRESENTATION('',(#4326),#4330);
#4326 = LINE('',#4327,#4328);
#4327 = CARTESIAN_POINT('',(380.,0.));
#4328 = VECTOR('',#4329,1.);
#4329 = DIRECTION('',(0.,1.));
#4330 = ( GEOMETRIC_REPRESENTATION_CONTEXT(2) 
PARAMETRIC_REPRESENTATION_CONTEXT() REPRESENTATION_CONTEXT('2D SPACE',''
  ) );
#4331 = ORIENTED_EDGE('',*,*,#3888,.F.);
#4332 = ADVANCED_FACE('',(#4333),#1603,.T.);
#4333 = FACE_BOUND('',#4334,.T.);
#4334 = EDGE_LOOP('',(#4335,#4356,#4357,#4358));
#4335 = ORIENTED_EDGE('',*,*,#4336,.F.);
#4336 = EDGE_CURVE('',#1560,#3847,#4337,.T.);
#4337 = SURFACE_CURVE('',#4338,(#4342,#4349),.PCURVE_S1.);
#4338 = LINE('',#4339,#4340);
#4339 = CARTESIAN_POINT('',(2.61E+03,-1.45E+03,450.));
#4340 = VECTOR('',#4341,1.);
#4341 = DIRECTION('',(0.,1.,0.));
#4342 = PCURVE('',#1603,#4343);
#4343 = DEFINITIONAL_REPRESENTATION('',(#4344),#4348);
#4344 = LINE('',#4345,#4346);
#4345 = CARTESIAN_POINT('',(0.,0.));
#4346 = VECTOR('',#4347,1.);
#4347 = DIRECTION('',(0.,1.));
#4348 = ( GEOMETRIC_REPRESENTATION_CONTEXT(2) 
PARAMETRIC_REPRESENTATION_CONTEXT() REPRESENTATION_CONTEXT('2D SPACE',''
  ) );
#4349 = PCURVE('',#1575,#4350);
#4350 = DEFINITIONAL_REPRESENTATION('',(#4351),#4355);
#4351 = LINE('',#4352,#4353);
#4352 = CARTESIAN_POINT('',(0.,0.));
#4353 = VECTOR('',#4354,1.);
#4354 = DIRECTION('',(0.,-1.));
#4355 = ( GEOMETRIC_REPRESENTATION_CONTEXT(2) 
PARAMETRIC_REPRESENTATION_CONTEXT() REPRESENTATION_CONTEXT('2D SPACE',''
  ) );
#4356 = ORIENTED_EDGE('',*,*,#1587,.T.);
#4357 = ORIENTED_EDGE('',*,*,#4311,.T.);
#4358 = ORIENTED_EDGE('',*,*,#3867,.F.);
#4359 = ADVANCED_FACE('',(#4360),#1575,.T.);
#4360 = FACE_BOUND('',#4361,.T.);
#4361 = EDGE_LOOP('',(#4362,#4363,#4364,#4365));
#4362 = ORIENTED_EDGE('',*,*,#4262,.F.);
#4363 = ORIENTED_EDGE('',*,*,#1559,.F.);
#4364 = ORIENTED_EDGE('',*,*,#4336,.T.);
#4365 = ORIENTED_EDGE('',*,*,#3846,.F.);
#4366 = ADVANCED_FACE('',(#4367),#1815,.T.);
#4367 = FACE_BOUND('',#4368,.T.);
#4368 = EDGE_LOOP('',(#4369,#4370,#4371,#4391));
#4369 = ORIENTED_EDGE('',*,*,#1858,.T.);
#4370 = ORIENTED_EDGE('',*,*,#1799,.T.);
#4371 = ORIENTED_EDGE('',*,*,#4372,.F.);
#4372 = EDGE_CURVE('',#2372,#1749,#4373,.T.);
#4373 = SURFACE_CURVE('',#4374,(#4379,#4385),.PCURVE_S1.);
#4374 = CIRCLE('',#4375,90.);
#4375 = AXIS2_PLACEMENT_3D('',#4376,#4377,#4378);
#4376 = CARTESIAN_POINT('',(5.88E+03,1.36E+03,3.26E+03));
#4377 = DIRECTION('',(1.,0.,0.));
#4378 = DIRECTION('',(-0.,1.,0.));
#4379 = PCURVE('',#1815,#4380);
#4380 = DEFINITIONAL_REPRESENTATION('',(#4381),#4384);
#4381 = B_SPLINE_CURVE_WITH_KNOTS('',1,(#4382,#4383),.UNSPECIFIED.,.F.,
  .F.,(2,2),(0.,1.570796326795),.PIECEWISE_BEZIER_KNOTS.);
#4382 = CARTESIAN_POINT('',(0.,1.176E+04));
#4383 = CARTESIAN_POINT('',(1.570796326795,1.176E+04));
#4384 = ( GEOMETRIC_REPRESENTATION_CONTEXT(2) 
PARAMETRIC_REPRESENTATION_CONTEXT() REPRESENTATION_CONTEXT('2D SPACE',''
  ) );
#4385 = PCURVE('',#1769,#4386);
#4386 = DEFINITIONAL_REPRESENTATION('',(#4387),#4390);
#4387 = B_SPLINE_CURVE_WITH_KNOTS('',1,(#4388,#4389),.UNSPECIFIED.,.F.,
  .F.,(2,2),(0.,1.570796326795),.PIECEWISE_BEZIER_KNOTS.);
#4388 = CARTESIAN_POINT('',(0.,0.));
#4389 = CARTESIAN_POINT('',(0.,1.570796326795));
#4390 = ( GEOMETRIC_REPRESENTATION_CONTEXT(2) 
PARAMETRIC_REPRESENTATION_CONTEXT() REPRESENTATION_CONTEXT('2D SPACE',''
  ) );
#4391 = ORIENTED_EDGE('',*,*,#2371,.F.);
#4392 = ADVANCED_FACE('',(#4393,#4418),#1690,.T.);
#4393 = FACE_BOUND('',#4394,.F.);
#4394 = EDGE_LOOP('',(#4395,#4415,#4416,#4417));
#4395 = ORIENTED_EDGE('',*,*,#4396,.F.);
#4396 = EDGE_CURVE('',#2876,#1670,#4397,.T.);
#4397 = SURFACE_CURVE('',#4398,(#4403,#4409),.PCURVE_S1.);
#4398 = CIRCLE('',#4399,90.);
#4399 = AXIS2_PLACEMENT_3D('',#4400,#4401,#4402);
#4400 = CARTESIAN_POINT('',(5.91E+03,-1.33E+03,3.26E+03));
#4401 = DIRECTION('',(0.,-1.,-0.));
#4402 = DIRECTION('',(1.,0.,-0.));
#4403 = PCURVE('',#1690,#4404);
#4404 = DEFINITIONAL_REPRESENTATION('',(#4405),#4408);
#4405 = B_SPLINE_CURVE_WITH_KNOTS('',1,(#4406,#4407),.UNSPECIFIED.,.F.,
  .F.,(2,2),(0.,1.570796326795),.PIECEWISE_BEZIER_KNOTS.);
#4406 = CARTESIAN_POINT('',(0.,0.));
#4407 = CARTESIAN_POINT('',(0.,1.570796326795));
#4408 = ( GEOMETRIC_REPRESENTATION_CONTEXT(2) 
PARAMETRIC_REPRESENTATION_CONTEXT() REPRESENTATION_CONTEXT('2D SPACE',''
  ) );
#4409 = PCURVE('',#1736,#4410);
#4410 = DEFINITIONAL_REPRESENTATION('',(#4411),#4414);
#4411 = B_SPLINE_CURVE_WITH_KNOTS('',1,(#4412,#4413),.UNSPECIFIED.,.F.,
  .F.,(2,2),(0.,1.570796326795),.PIECEWISE_BEZIER_KNOTS.);
#4412 = CARTESIAN_POINT('',(0.,2.66E+03));
#4413 = CARTESIAN_POINT('',(1.570796326795,2.66E+03));
#4414 = ( GEOMETRIC_REPRESENTATION_CONTEXT(2) 
PARAMETRIC_REPRESENTATION_CONTEXT() REPRESENTATION_CONTEXT('2D SPACE',''
  ) );
#4415 = ORIENTED_EDGE('',*,*,#2900,.T.);
#4416 = ORIENTED_EDGE('',*,*,#3002,.T.);
#4417 = ORIENTED_EDGE('',*,*,#1669,.F.);
#4418 = FACE_BOUND('',#4419,.F.);
#4419 = EDGE_LOOP('',(#4420,#4421,#4422,#4568));
#4420 = ORIENTED_EDGE('',*,*,#3151,.F.);
#4421 = ORIENTED_EDGE('',*,*,#3412,.F.);
#4422 = ORIENTED_EDGE('',*,*,#4423,.T.);
#4423 = EDGE_CURVE('',#3413,#4424,#4426,.T.);
#4424 = VERTEX_POINT('',#4425);
#4425 = CARTESIAN_POINT('',(5.975E+03,-1.355E+03,3.318686155193E+03));
#4426 = SURFACE_CURVE('',#4427,(#4472,#4520),.PCURVE_S1.);
#4427 = B_SPLINE_CURVE_WITH_KNOTS('',7,(#4428,#4429,#4430,#4431,#4432,
    #4433,#4434,#4435,#4436,#4437,#4438,#4439,#4440,#4441,#4442,#4443,
    #4444,#4445,#4446,#4447,#4448,#4449,#4450,#4451,#4452,#4453,#4454,
    #4455,#4456,#4457,#4458,#4459,#4460,#4461,#4462,#4463,#4464,#4465,
    #4466,#4467,#4468,#4469,#4470,#4471),.UNSPECIFIED.,.F.,.F.,(8,6,6,6,
    6,6,6,8),(0.,0.246364281704,0.336691165682,0.38947390461,
    0.500083277444,0.66304591283,0.753343603901,1.),.UNSPECIFIED.);
#4428 = CARTESIAN_POINT('',(5.905E+03,-1.425E+03,3.318686155193E+03));
#4429 = CARTESIAN_POINT('',(5.90869972025E+03,-1.425E+03,
    3.317591410007E+03));
#4430 = CARTESIAN_POINT('',(5.912418283043E+03,-1.424771867471E+03,
    3.316529386221E+03));
#4431 = CARTESIAN_POINT('',(5.916144173608E+03,-1.424311422251E+03,
    3.315508604003E+03));
#4432 = CARTESIAN_POINT('',(5.919863772094E+03,-1.423614017224E+03,
    3.314539259809E+03));
#4433 = CARTESIAN_POINT('',(5.923561483107E+03,-1.422675505915E+03,
    3.313633119785E+03));
#4434 = CARTESIAN_POINT('',(5.927219732011E+03,-1.42149267104E+03,
    3.312803355217E+03));
#4435 = CARTESIAN_POINT('',(5.932138170087E+03,-1.419540955906E+03,
    3.31179205081E+03));
#4436 = CARTESIAN_POINT('',(5.933449589801E+03,-1.418984427729E+03,
    3.311532831359E+03));
#4437 = CARTESIAN_POINT('',(5.934751876508E+03,-1.418394965067E+03,
    3.311286372591E+03));
#4438 = CARTESIAN_POINT('',(5.936043927141E+03,-1.417772616991E+03,
    3.311053349971E+03));
#4439 = CARTESIAN_POINT('',(5.937324581967E+03,-1.417117507169E+03,
    3.310834430907E+03));
#4440 = CARTESIAN_POINT('',(5.938592627755E+03,-1.416429850552E+03,
    3.310630260498E+03));
#4441 = CARTESIAN_POINT('',(5.940579680157E+03,-1.4152893061E+03,
    3.310331113794E+03));
#4442 = CARTESIAN_POINT('',(5.941307822968E+03,-1.414857638448E+03,
    3.31022602413E+03));
#4443 = CARTESIAN_POINT('',(5.94203097669E+03,-1.414415032103E+03,
    3.310126299605E+03));
#4444 = CARTESIAN_POINT('',(5.94274888467E+03,-1.413961563842E+03,
    3.310032056786E+03));
#4445 = CARTESIAN_POINT('',(5.943461286718E+03,-1.413497323378E+03,
    3.309943406315E+03));
#4446 = CARTESIAN_POINT('',(5.944167919534E+03,-1.413022414514E+03,
    3.30986045175E+03));
#4447 = CARTESIAN_POINT('',(5.94633666117E+03,-1.411519649706E+03,
    3.309621587991E+03));
#4448 = CARTESIAN_POINT('',(5.947778356498E+03,-1.410455979611E+03,
    3.309485312996E+03));
#4449 = CARTESIAN_POINT('',(5.949191079049E+03,-1.409347086425E+03,
    3.309375351493E+03));
#4450 = CARTESIAN_POINT('',(5.950572374491E+03,-1.40819434265E+03,
    3.309292412654E+03));
#4451 = CARTESIAN_POINT('',(5.951919865193E+03,-1.406999365744E+03,
    3.309236993264E+03));
#4452 = CARTESIAN_POINT('',(5.95323126514E+03,-1.405764039732E+03,
    3.309209350346E+03));
#4453 = CARTESIAN_POINT('',(5.956380137835E+03,-1.402614285359E+03,
    3.309209670721E+03));
#4454 = CARTESIAN_POINT('',(5.958173112362E+03,-1.400654880358E+03,
    3.30927014568E+03));
#4455 = CARTESIAN_POINT('',(5.959876131923E+03,-1.398619465898E+03,
    3.309390929715E+03));
#4456 = CARTESIAN_POINT('',(5.961483621827E+03,-1.396515594622E+03,
    3.309570770579E+03));
#4457 = CARTESIAN_POINT('',(5.962991325443E+03,-1.39435104023E+03,
    3.309807357722E+03));
#4458 = CARTESIAN_POINT('',(5.964396100352E+03,-1.392133679813E+03,
    3.310097567956E+03));
#4459 = CARTESIAN_POINT('',(5.966415983596E+03,-1.388617954552E+03,
    3.310626226243E+03));
#4460 = CARTESIAN_POINT('',(5.967103958027E+03,-1.387350573729E+03,
    3.310830069551E+03));
#4461 = CARTESIAN_POINT('',(5.967759411892E+03,-1.38607057506E+03,
    3.311048660361E+03));
#4462 = CARTESIAN_POINT('',(5.968382129361E+03,-1.384779171109E+03,
    3.311281354554E+03));
#4463 = CARTESIAN_POINT('',(5.968971985901E+03,-1.383477521066E+03,
    3.311527485592E+03));
#4464 = CARTESIAN_POINT('',(5.969528931611E+03,-1.382166727582E+03,
    3.311786378771E+03));
#4465 = CARTESIAN_POINT('',(5.971484445756E+03,-1.377245154118E+03,
    3.312797590411E+03));
#4466 = CARTESIAN_POINT('',(5.972670067475E+03,-1.373582897594E+03,
    3.313627872827E+03));
#4467 = CARTESIAN_POINT('',(5.973610784522E+03,-1.369881004282E+03,
    3.314534769388E+03));
#4468 = CARTESIAN_POINT('',(5.974309821654E+03,-1.366157118691E+03,
    3.315505057599E+03));
#4469 = CARTESIAN_POINT('',(5.974771338711E+03,-1.362426895898E+03,
    3.316526926446E+03));
#4470 = CARTESIAN_POINT('',(5.975E+03,-1.358704005302E+03,
    3.317590142063E+03));
#4471 = CARTESIAN_POINT('',(5.975E+03,-1.355E+03,3.318686155193E+03));
#4472 = PCURVE('',#1690,#4473);
#4473 = DEFINITIONAL_REPRESENTATION('',(#4474),#4519);
#4474 = B_SPLINE_CURVE_WITH_KNOTS('',7,(#4475,#4476,#4477,#4478,#4479,
    #4480,#4481,#4482,#4483,#4484,#4485,#4486,#4487,#4488,#4489,#4490,
    #4491,#4492,#4493,#4494,#4495,#4496,#4497,#4498,#4499,#4500,#4501,
    #4502,#4503,#4504,#4505,#4506,#4507,#4508,#4509,#4510,#4511,#4512,
    #4513,#4514,#4515,#4516,#4517,#4518),.UNSPECIFIED.,.F.,.F.,(8,6,6,6,
    6,6,6,8),(0.,0.246364281704,0.336691165682,0.38947390461,
    0.500083277444,0.66304591283,0.753343603901,1.),.UNSPECIFIED.);
#4475 = CARTESIAN_POINT('',(-1.313472611824,0.71030941853));
#4476 = CARTESIAN_POINT('',(-1.277050495375,0.694265532034));
#4477 = CARTESIAN_POINT('',(-1.240666420828,0.678959473085));
#4478 = CARTESIAN_POINT('',(-1.204243171215,0.66446660786));
#4479 = CARTESIAN_POINT('',(-1.167720091976,0.650885136438));
#4480 = CARTESIAN_POINT('',(-1.13104602509,0.638332973748));
#4481 = CARTESIAN_POINT('',(-1.094176736481,0.626946149709));
#4482 = CARTESIAN_POINT('',(-1.043479865087,0.613170520839));
#4483 = CARTESIAN_POINT('',(-1.029849714955,0.609650825725));
#4484 = CARTESIAN_POINT('',(-1.016189442156,0.606314234507));
#4485 = CARTESIAN_POINT('',(-1.002498651993,0.603167968306));
#4486 = CARTESIAN_POINT('',(-0.988777459092,0.600219208573));
#4487 = CARTESIAN_POINT('',(-0.97502655587,0.597474935045));
#4488 = CARTESIAN_POINT('',(-0.95319532753,0.59346149873));
#4489 = CARTESIAN_POINT('',(-0.945133680152,0.59205331623));
#4490 = CARTESIAN_POINT('',(-0.937062615652,0.59071853537));
#4491 = CARTESIAN_POINT('',(-0.928982468178,0.58945842668));
#4492 = CARTESIAN_POINT('',(-0.920893636271,0.588274198835));
#4493 = CARTESIAN_POINT('',(-0.912796589895,0.587166985448));
#4494 = CARTESIAN_POINT('',(-0.8877079699,0.583981179218));
#4495 = CARTESIAN_POINT('',(-0.870689773279,0.582167236612));
#4496 = CARTESIAN_POINT('',(-0.853643178226,0.580705772045));
#4497 = CARTESIAN_POINT('',(-0.836574321899,0.579604581141));
#4498 = CARTESIAN_POINT('',(-0.819489846955,0.578869142617));
#4499 = CARTESIAN_POINT('',(-0.802397226996,0.578502308228));
#4500 = CARTESIAN_POINT('',(-0.760123128688,0.578506559754));
#4501 = CARTESIAN_POINT('',(-0.734938352725,0.579309093098));
#4502 = CARTESIAN_POINT('',(-0.709781368721,0.58091194834));
#4503 = CARTESIAN_POINT('',(-0.684674703728,0.583301183528));
#4504 = CARTESIAN_POINT('',(-0.659635946481,0.586451364449));
#4505 = CARTESIAN_POINT('',(-0.634679918117,0.590328336605));
#4506 = CARTESIAN_POINT('',(-0.596045013073,0.597420726024));
#4507 = CARTESIAN_POINT('',(-0.582298418127,0.600160500671));
#4508 = CARTESIAN_POINT('',(-0.568581500548,0.60310471773));
#4509 = CARTESIAN_POINT('',(-0.554894958851,0.606246407621));
#4510 = CARTESIAN_POINT('',(-0.541238914093,0.609578397751));
#4511 = CARTESIAN_POINT('',(-0.527612978366,0.61309347449));
#4512 = CARTESIAN_POINT('',(-0.476875817298,0.626867041958));
#4513 = CARTESIAN_POINT('',(-0.43996269601,0.638260293192));
#4514 = CARTESIAN_POINT('',(-0.40324544056,0.650822222619));
#4515 = CARTESIAN_POINT('',(-0.366679702863,0.66441625753));
#4516 = CARTESIAN_POINT('',(-0.330214177674,0.678924022826));
#4517 = CARTESIAN_POINT('',(-0.293788015873,0.694246949847));
#4518 = CARTESIAN_POINT('',(-0.257323714971,0.71030941853));
#4519 = ( GEOMETRIC_REPRESENTATION_CONTEXT(2) 
PARAMETRIC_REPRESENTATION_CONTEXT() REPRESENTATION_CONTEXT('2D SPACE',''
  ) );
#4520 = PCURVE('',#3551,#4521);
#4521 = DEFINITIONAL_REPRESENTATION('',(#4522),#4567);
#4522 = B_SPLINE_CURVE_WITH_KNOTS('',7,(#4523,#4524,#4525,#4526,#4527,
    #4528,#4529,#4530,#4531,#4532,#4533,#4534,#4535,#4536,#4537,#4538,
    #4539,#4540,#4541,#4542,#4543,#4544,#4545,#4546,#4547,#4548,#4549,
    #4550,#4551,#4552,#4553,#4554,#4555,#4556,#4557,#4558,#4559,#4560,
    #4561,#4562,#4563,#4564,#4565,#4566),.UNSPECIFIED.,.F.,.F.,(8,6,6,6,
    6,6,6,8),(0.,0.246364281704,0.336691165682,0.38947390461,
    0.500083277444,0.66304591283,0.753343603901,1.),.UNSPECIFIED.);
#4523 = CARTESIAN_POINT('',(-1.570796326795,3.278686155193E+03));
#4524 = CARTESIAN_POINT('',(-1.517943180369,3.277591410007E+03));
#4525 = CARTESIAN_POINT('',(-1.464820846295,3.276529386221E+03));
#4526 = CARTESIAN_POINT('',(-1.411352733061,3.275508604003E+03));
#4527 = CARTESIAN_POINT('',(-1.357480984765,3.274539259809E+03));
#4528 = CARTESIAN_POINT('',(-1.303159419936,3.273633119785E+03));
#4529 = CARTESIAN_POINT('',(-1.248350945096,3.272803355217E+03));
#4530 = CARTESIAN_POINT('',(-1.172757746684,3.27179205081E+03));
#4531 = CARTESIAN_POINT('',(-1.152411670129,3.271532831359E+03));
#4532 = CARTESIAN_POINT('',(-1.131999717706,3.271286372591E+03));
#4533 = CARTESIAN_POINT('',(-1.111522755914,3.271053349971E+03));
#4534 = CARTESIAN_POINT('',(-1.090982431225,3.270834430907E+03));
#4535 = CARTESIAN_POINT('',(-1.070381280606,3.270630260498E+03));
#4536 = CARTESIAN_POINT('',(-1.037651032177,3.270331113794E+03));
#4537 = CARTESIAN_POINT('',(-1.025559651411,3.27022602413E+03));
#4538 = CARTESIAN_POINT('',(-1.013449419966,3.270126299605E+03));
#4539 = CARTESIAN_POINT('',(-1.001321147693,3.270032056786E+03));
#4540 = CARTESIAN_POINT('',(-0.989175744677,3.269943406315E+03));
#4541 = CARTESIAN_POINT('',(-0.977014231845,3.26986045175E+03));
#4542 = CARTESIAN_POINT('',(-0.939321211989,3.269621587991E+03));
#4543 = CARTESIAN_POINT('',(-0.913738006339,3.269485312996E+03));
#4544 = CARTESIAN_POINT('',(-0.88809991306,3.269375351493E+03));
#4545 = CARTESIAN_POINT('',(-0.862419152349,3.269292412654E+03));
#4546 = CARTESIAN_POINT('',(-0.836708759354,3.269236993264E+03));
#4547 = CARTESIAN_POINT('',(-0.810983050643,3.269209350346E+03));
#4548 = CARTESIAN_POINT('',(-0.747357308416,3.269209670721E+03));
#4549 = CARTESIAN_POINT('',(-0.709452324475,3.26927014568E+03));
#4550 = CARTESIAN_POINT('',(-0.671599013725,3.269390929715E+03));
#4551 = CARTESIAN_POINT('',(-0.63384108769,3.269570770579E+03));
#4552 = CARTESIAN_POINT('',(-0.59621460931,3.269807357722E+03));
#4553 = CARTESIAN_POINT('',(-0.558751141674,3.270097567956E+03));
#4554 = CARTESIAN_POINT('',(-0.500827454321,3.270626226243E+03));
#4555 = CARTESIAN_POINT('',(-0.480232482719,3.270830069551E+03));
#4556 = CARTESIAN_POINT('',(-0.459698254568,3.271048660361E+03));
#4557 = CARTESIAN_POINT('',(-0.439227314717,3.271281354554E+03));
#4558 = CARTESIAN_POINT('',(-0.418821317989,3.271527485592E+03));
#4559 = CARTESIAN_POINT('',(-0.39848113971,3.271786378771E+03));
#4560 = CARTESIAN_POINT('',(-0.322826283067,3.272797590411E+03));
#4561 = CARTESIAN_POINT('',(-0.267951507999,3.273627872827E+03));
#4562 = CARTESIAN_POINT('',(-0.213564923326,3.274534769388E+03));
#4563 = CARTESIAN_POINT('',(-0.15962936198,3.275505057599E+03));
#4564 = CARTESIAN_POINT('',(-0.106098521374,3.276526926446E+03));
#4565 = CARTESIAN_POINT('',(-5.291436145921E-02,3.277590142063E+03));
#4566 = CARTESIAN_POINT('',(0.,3.278686155193E+03));
#4567 = ( GEOMETRIC_REPRESENTATION_CONTEXT(2) 
PARAMETRIC_REPRESENTATION_CONTEXT() REPRESENTATION_CONTEXT('2D SPACE',''
  ) );
#4568 = ORIENTED_EDGE('',*,*,#4569,.T.);
#4569 = EDGE_CURVE('',#4424,#3152,#4570,.T.);
#4570 = SURFACE_CURVE('',#4571,(#4609,#4650),.PCURVE_S1.);
#4571 = B_SPLINE_CURVE_WITH_KNOTS('',8,(#4572,#4573,#4574,#4575,#4576,
    #4577,#4578,#4579,#4580,#4581,#4582,#4583,#4584,#4585,#4586,#4587,
    #4588,#4589,#4590,#4591,#4592,#4593,#4594,#4595,#4596,#4597,#4598,
    #4599,#4600,#4601,#4602,#4603,#4604,#4605,#4606,#4607,#4608),
  .UNSPECIFIED.,.F.,.F.,(9,7,7,7,7,9),(0.,0.240196981176,0.347581623523,
    0.517905156345,0.682667099901,1.),.UNSPECIFIED.);
#4572 = CARTESIAN_POINT('',(5.975E+03,-1.403314391493E+03,3.26E+03));
#4573 = CARTESIAN_POINT('',(5.975E+03,-1.403314391493E+03,
    3.263211178088E+03));
#4574 = CARTESIAN_POINT('',(5.975E+03,-1.403100067229E+03,
    3.266422993298E+03));
#4575 = CARTESIAN_POINT('',(5.975E+03,-1.402671273313E+03,
    3.269617736603E+03));
#4576 = CARTESIAN_POINT('',(5.975E+03,-1.402030524877E+03,
    3.272778747355E+03));
#4577 = CARTESIAN_POINT('',(5.975E+03,-1.401182416747E+03,
    3.275890308841E+03));
#4578 = CARTESIAN_POINT('',(5.975E+03,-1.400133389549E+03,
    3.278937610336E+03));
#4579 = CARTESIAN_POINT('',(5.975E+03,-1.398891748594E+03,
    3.281906765627E+03));
#4580 = CARTESIAN_POINT('',(5.975E+03,-1.396831256517E+03,
    3.28607159304E+03));
#4581 = CARTESIAN_POINT('',(5.975E+03,-1.396158169562E+03,
    3.287340257751E+03));
#4582 = CARTESIAN_POINT('',(5.975E+03,-1.395449453865E+03,
    3.288589787575E+03));
#4583 = CARTESIAN_POINT('',(5.975E+03,-1.394706031123E+03,
    3.289819175784E+03));
#4584 = CARTESIAN_POINT('',(5.975E+03,-1.393928864864E+03,
    3.291027489497E+03));
#4585 = CARTESIAN_POINT('',(5.975E+03,-1.393118955109E+03,
    3.292213866428E+03));
#4586 = CARTESIAN_POINT('',(5.975E+03,-1.392277334255E+03,
    3.293377512362E+03));
#4587 = CARTESIAN_POINT('',(5.975E+03,-1.390021550474E+03,
    3.296326157922E+03));
#4588 = CARTESIAN_POINT('',(5.975E+03,-1.38856090585E+03,
    3.298075632732E+03));
#4589 = CARTESIAN_POINT('',(5.975E+03,-1.387027361552E+03,
    3.299763218941E+03));
#4590 = CARTESIAN_POINT('',(5.975E+03,-1.385425249494E+03,
    3.301386532252E+03));
#4591 = CARTESIAN_POINT('',(5.975E+03,-1.383758946831E+03,
    3.302943654316E+03));
#4592 = CARTESIAN_POINT('',(5.975E+03,-1.382032828124E+03,
    3.304433084927E+03));
#4593 = CARTESIAN_POINT('',(5.975E+03,-1.380251225092E+03,
    3.305853700996E+03));
#4594 = CARTESIAN_POINT('',(5.975E+03,-1.37664541041E+03,
    3.308511628588E+03));
#4595 = CARTESIAN_POINT('',(5.975E+03,-1.374824465808E+03,
    3.309753427988E+03));
#4596 = CARTESIAN_POINT('',(5.975E+03,-1.372959347506E+03,
    3.310929456482E+03));
#4597 = CARTESIAN_POINT('',(5.975E+03,-1.371053742132E+03,
    3.312039350094E+03));
#4598 = CARTESIAN_POINT('',(5.975E+03,-1.369111210865E+03,
    3.313083000537E+03));
#4599 = CARTESIAN_POINT('',(5.975E+03,-1.367135164724E+03,
    3.314060510854E+03));
#4600 = CARTESIAN_POINT('',(5.975E+03,-1.365128839852E+03,
    3.314972151062E+03));
#4601 = CARTESIAN_POINT('',(5.975E+03,-1.359178605433E+03,
    3.317448030397E+03));
#4602 = CARTESIAN_POINT('',(5.975E+03,-1.355162322565E+03,
    3.318834257645E+03));
#4603 = CARTESIAN_POINT('',(5.975E+03,-1.351066524682E+03,
    3.319980824744E+03));
#4604 = CARTESIAN_POINT('',(5.975E+03,-1.346909967206E+03,
    3.320891889785E+03));
#4605 = CARTESIAN_POINT('',(5.975E+03,-1.342710019096E+03,
    3.321571632896E+03));
#4606 = CARTESIAN_POINT('',(5.975E+03,-1.338482531795E+03,
    3.322023487466E+03));
#4607 = CARTESIAN_POINT('',(5.975E+03,-1.334241715762E+03,
    3.32224949799E+03));
#4608 = CARTESIAN_POINT('',(5.975E+03,-1.33E+03,3.32224949799E+03));
#4609 = PCURVE('',#1690,#4610);
#4610 = DEFINITIONAL_REPRESENTATION('',(#4611),#4649);
#4611 = B_SPLINE_CURVE_WITH_KNOTS('',8,(#4612,#4613,#4614,#4615,#4616,
    #4617,#4618,#4619,#4620,#4621,#4622,#4623,#4624,#4625,#4626,#4627,
    #4628,#4629,#4630,#4631,#4632,#4633,#4634,#4635,#4636,#4637,#4638,
    #4639,#4640,#4641,#4642,#4643,#4644,#4645,#4646,#4647,#4648),
  .UNSPECIFIED.,.F.,.F.,(9,7,7,7,7,9),(0.,0.240196981176,0.347581623523,
    0.517905156345,0.682667099901,1.),.UNSPECIFIED.);
#4612 = CARTESIAN_POINT('',(-0.657264153246,0.));
#4613 = CARTESIAN_POINT('',(-0.657264153246,3.567975653816E-02));
#4614 = CARTESIAN_POINT('',(-0.65585020379,7.136659010958E-02));
#4615 = CARTESIAN_POINT('',(-0.653021375115,0.106932960897));
#4616 = CARTESIAN_POINT('',(-0.648776896307,0.142263046286));
#4617 = CARTESIAN_POINT('',(-0.643112604052,0.177246233175));
#4618 = CARTESIAN_POINT('',(-0.636020902354,0.211772231197));
#4619 = CARTESIAN_POINT('',(-0.627494068703,0.245727514512));
#4620 = CARTESIAN_POINT('',(-0.61307644696,0.293864680179));
#4621 = CARTESIAN_POINT('',(-0.608334533183,0.308600343715));
#4622 = CARTESIAN_POINT('',(-0.603304509681,0.323189945915));
#4623 = CARTESIAN_POINT('',(-0.597985894087,0.337623883583));
#4624 = CARTESIAN_POINT('',(-0.592378246042,0.351892717251));
#4625 = CARTESIAN_POINT('',(-0.586481217298,0.365987112879));
#4626 = CARTESIAN_POINT('',(-0.580294618657,0.379897802845));
#4627 = CARTESIAN_POINT('',(-0.563546692631,0.415373406731));
#4628 = CARTESIAN_POINT('',(-0.552546343474,0.436646289349));
#4629 = CARTESIAN_POINT('',(-0.540817626575,0.457397431134));
#4630 = CARTESIAN_POINT('',(-0.528361585145,0.477591571511));
#4631 = CARTESIAN_POINT('',(-0.515180745386,0.497194445339));
#4632 = CARTESIAN_POINT('',(-0.501279789232,0.516172521692));
#4633 = CARTESIAN_POINT('',(-0.486666289784,0.534493008339));
#4634 = CARTESIAN_POINT('',(-0.456536803951,0.569179525228));
#4635 = CARTESIAN_POINT('',(-0.441065714123,0.585590042898));
#4636 = CARTESIAN_POINT('',(-0.424947719933,0.601327538889));
#4637 = CARTESIAN_POINT('',(-0.408195403378,0.616364671828));
#4638 = CARTESIAN_POINT('',(-0.39082480552,0.630675100752));
#4639 = CARTESIAN_POINT('',(-0.372855783549,0.644233690818));
#4640 = CARTESIAN_POINT('',(-0.354312367833,0.657016719035));
#4641 = CARTESIAN_POINT('',(-0.298457063856,0.692085986765));
#4642 = CARTESIAN_POINT('',(-0.259679548497,0.712202514436));
#4643 = CARTESIAN_POINT('',(-0.219079754184,0.72920796128));
#4644 = CARTESIAN_POINT('',(-0.176915104026,0.742964968704));
#4645 = CARTESIAN_POINT('',(-0.13351837484,0.753357835697));
#4646 = CARTESIAN_POINT('',(-8.928981197059E-02,0.760309404752));
#4647 = CARTESIAN_POINT('',(-4.464963960012E-02,0.763786496398));
#4648 = CARTESIAN_POINT('',(0.,0.763786496398));
#4649 = ( GEOMETRIC_REPRESENTATION_CONTEXT(2) 
PARAMETRIC_REPRESENTATION_CONTEXT() REPRESENTATION_CONTEXT('2D SPACE',''
  ) );
#4650 = PCURVE('',#3247,#4651);
#4651 = DEFINITIONAL_REPRESENTATION('',(#4652),#4690);
#4652 = B_SPLINE_CURVE_WITH_KNOTS('',8,(#4653,#4654,#4655,#4656,#4657,
    #4658,#4659,#4660,#4661,#4662,#4663,#4664,#4665,#4666,#4667,#4668,
    #4669,#4670,#4671,#4672,#4673,#4674,#4675,#4676,#4677,#4678,#4679,
    #4680,#4681,#4682,#4683,#4684,#4685,#4686,#4687,#4688,#4689),
  .UNSPECIFIED.,.F.,.F.,(9,7,7,7,7,9),(0.,0.240196981176,0.347581623523,
    0.517905156345,0.682667099901,1.),.UNSPECIFIED.);
#4653 = CARTESIAN_POINT('',(3.22E+03,-21.68560850692));
#4654 = CARTESIAN_POINT('',(3.223211178088E+03,-21.68560850692));
#4655 = CARTESIAN_POINT('',(3.226422993298E+03,-21.89993277131));
#4656 = CARTESIAN_POINT('',(3.229617736603E+03,-22.32872668662));
#4657 = CARTESIAN_POINT('',(3.232778747355E+03,-22.96947512277));
#4658 = CARTESIAN_POINT('',(3.235890308841E+03,-23.81758325331));
#4659 = CARTESIAN_POINT('',(3.238937610336E+03,-24.86661045121));
#4660 = CARTESIAN_POINT('',(3.241906765627E+03,-26.10825140587));
#4661 = CARTESIAN_POINT('',(3.24607159304E+03,-28.16874348337));
#4662 = CARTESIAN_POINT('',(3.247340257751E+03,-28.84183043765));
#4663 = CARTESIAN_POINT('',(3.248589787575E+03,-29.55054613546));
#4664 = CARTESIAN_POINT('',(3.249819175784E+03,-30.29396887686));
#4665 = CARTESIAN_POINT('',(3.251027489497E+03,-31.07113513606));
#4666 = CARTESIAN_POINT('',(3.252213866428E+03,-31.88104489129));
#4667 = CARTESIAN_POINT('',(3.253377512362E+03,-32.72266574485));
#4668 = CARTESIAN_POINT('',(3.256326157922E+03,-34.97844952597));
#4669 = CARTESIAN_POINT('',(3.258075632732E+03,-36.43909415026));
#4670 = CARTESIAN_POINT('',(3.259763218941E+03,-37.97263844847));
#4671 = CARTESIAN_POINT('',(3.261386532252E+03,-39.57475050593));
#4672 = CARTESIAN_POINT('',(3.262943654316E+03,-41.2410531687));
#4673 = CARTESIAN_POINT('',(3.264433084927E+03,-42.96717187607));
#4674 = CARTESIAN_POINT('',(3.265853700996E+03,-44.7487749079));
#4675 = CARTESIAN_POINT('',(3.268511628588E+03,-48.35458958964));
#4676 = CARTESIAN_POINT('',(3.269753427988E+03,-50.17553419192));
#4677 = CARTESIAN_POINT('',(3.270929456482E+03,-52.04065249358));
#4678 = CARTESIAN_POINT('',(3.272039350094E+03,-53.94625786778));
#4679 = CARTESIAN_POINT('',(3.273083000537E+03,-55.88878913483));
#4680 = CARTESIAN_POINT('',(3.274060510854E+03,-57.86483527606));
#4681 = CARTESIAN_POINT('',(3.274972151062E+03,-59.87116014766));
#4682 = CARTESIAN_POINT('',(3.277448030397E+03,-65.82139456723));
#4683 = CARTESIAN_POINT('',(3.278834257645E+03,-69.83767743541));
#4684 = CARTESIAN_POINT('',(3.279980824744E+03,-73.93347531767));
#4685 = CARTESIAN_POINT('',(3.280891889785E+03,-78.09003279396));
#4686 = CARTESIAN_POINT('',(3.281571632896E+03,-82.28998090391));
#4687 = CARTESIAN_POINT('',(3.282023487466E+03,-86.51746820513));
#4688 = CARTESIAN_POINT('',(3.28224949799E+03,-90.75828423798));
#4689 = CARTESIAN_POINT('',(3.28224949799E+03,-95.));
#4690 = ( GEOMETRIC_REPRESENTATION_CONTEXT(2) 
PARAMETRIC_REPRESENTATION_CONTEXT() REPRESENTATION_CONTEXT('2D SPACE',''
  ) );
#4691 = ADVANCED_FACE('',(#4692,#4717),#1769,.T.);
#4692 = FACE_BOUND('',#4693,.F.);
#4693 = EDGE_LOOP('',(#4694,#4695,#4696,#4716));
#4694 = ORIENTED_EDGE('',*,*,#4372,.F.);
#4695 = ORIENTED_EDGE('',*,*,#2950,.T.);
#4696 = ORIENTED_EDGE('',*,*,#4697,.T.);
#4697 = EDGE_CURVE('',#2926,#1721,#4698,.T.);
#4698 = SURFACE_CURVE('',#4699,(#4704,#4710),.PCURVE_S1.);
#4699 = CIRCLE('',#4700,90.);
#4700 = AXIS2_PLACEMENT_3D('',#4701,#4702,#4703);
#4701 = CARTESIAN_POINT('',(5.91E+03,1.33E+03,3.26E+03));
#4702 = DIRECTION('',(6.123233995737E-17,-1.,0.));
#4703 = DIRECTION('',(1.,6.123233995737E-17,0.));
#4704 = PCURVE('',#1769,#4705);
#4705 = DEFINITIONAL_REPRESENTATION('',(#4706),#4709);
#4706 = B_SPLINE_CURVE_WITH_KNOTS('',1,(#4707,#4708),.UNSPECIFIED.,.F.,
  .F.,(2,2),(0.,1.570796326795),.PIECEWISE_BEZIER_KNOTS.);
#4707 = CARTESIAN_POINT('',(-1.570796326795,0.));
#4708 = CARTESIAN_POINT('',(-1.570796326795,1.570796326795));
#4709 = ( GEOMETRIC_REPRESENTATION_CONTEXT(2) 
PARAMETRIC_REPRESENTATION_CONTEXT() REPRESENTATION_CONTEXT('2D SPACE',''
  ) );
#4710 = PCURVE('',#1736,#4711);
#4711 = DEFINITIONAL_REPRESENTATION('',(#4712),#4715);
#4712 = B_SPLINE_CURVE_WITH_KNOTS('',1,(#4713,#4714),.UNSPECIFIED.,.F.,
  .F.,(2,2),(0.,1.570796326795),.PIECEWISE_BEZIER_KNOTS.);
#4713 = CARTESIAN_POINT('',(0.,0.));
#4714 = CARTESIAN_POINT('',(1.570796326795,0.));
#4715 = ( GEOMETRIC_REPRESENTATION_CONTEXT(2) 
PARAMETRIC_REPRESENTATION_CONTEXT() REPRESENTATION_CONTEXT('2D SPACE',''
  ) );
#4716 = ORIENTED_EDGE('',*,*,#1748,.F.);
#4717 = FACE_BOUND('',#4718,.F.);
#4718 = EDGE_LOOP('',(#4719,#4720,#4845,#4996));
#4719 = ORIENTED_EDGE('',*,*,#3259,.F.);
#4720 = ORIENTED_EDGE('',*,*,#4721,.F.);
#4721 = EDGE_CURVE('',#4722,#3232,#4724,.T.);
#4722 = VERTEX_POINT('',#4723);
#4723 = CARTESIAN_POINT('',(5.975E+03,1.355E+03,3.318686155193E+03));
#4724 = SURFACE_CURVE('',#4725,(#4763,#4804),.PCURVE_S1.);
#4725 = B_SPLINE_CURVE_WITH_KNOTS('',8,(#4726,#4727,#4728,#4729,#4730,
    #4731,#4732,#4733,#4734,#4735,#4736,#4737,#4738,#4739,#4740,#4741,
    #4742,#4743,#4744,#4745,#4746,#4747,#4748,#4749,#4750,#4751,#4752,
    #4753,#4754,#4755,#4756,#4757,#4758,#4759,#4760,#4761,#4762),
  .UNSPECIFIED.,.F.,.F.,(9,7,7,7,7,9),(0.,0.240196981176,0.347581623522,
    0.517905156345,0.682667099901,1.),.UNSPECIFIED.);
#4726 = CARTESIAN_POINT('',(5.975E+03,1.403314391493E+03,3.26E+03));
#4727 = CARTESIAN_POINT('',(5.975E+03,1.403314391493E+03,
    3.263211178088E+03));
#4728 = CARTESIAN_POINT('',(5.975E+03,1.403100067229E+03,
    3.266422993298E+03));
#4729 = CARTESIAN_POINT('',(5.975E+03,1.402671273313E+03,
    3.269617736603E+03));
#4730 = CARTESIAN_POINT('',(5.975E+03,1.402030524877E+03,
    3.272778747355E+03));
#4731 = CARTESIAN_POINT('',(5.975E+03,1.401182416747E+03,
    3.275890308841E+03));
#4732 = CARTESIAN_POINT('',(5.975E+03,1.400133389549E+03,
    3.278937610336E+03));
#4733 = CARTESIAN_POINT('',(5.975E+03,1.398891748594E+03,
    3.281906765627E+03));
#4734 = CARTESIAN_POINT('',(5.975E+03,1.396831256517E+03,
    3.28607159304E+03));
#4735 = CARTESIAN_POINT('',(5.975E+03,1.396158169562E+03,
    3.287340257751E+03));
#4736 = CARTESIAN_POINT('',(5.975E+03,1.395449453865E+03,
    3.288589787575E+03));
#4737 = CARTESIAN_POINT('',(5.975E+03,1.394706031123E+03,
    3.289819175784E+03));
#4738 = CARTESIAN_POINT('',(5.975E+03,1.393928864864E+03,
    3.291027489497E+03));
#4739 = CARTESIAN_POINT('',(5.975E+03,1.393118955109E+03,
    3.292213866428E+03));
#4740 = CARTESIAN_POINT('',(5.975E+03,1.392277334255E+03,
    3.293377512362E+03));
#4741 = CARTESIAN_POINT('',(5.975E+03,1.390021550474E+03,
    3.296326157922E+03));
#4742 = CARTESIAN_POINT('',(5.975E+03,1.38856090585E+03,
    3.298075632732E+03));
#4743 = CARTESIAN_POINT('',(5.975E+03,1.387027361552E+03,
    3.299763218941E+03));
#4744 = CARTESIAN_POINT('',(5.975E+03,1.385425249494E+03,
    3.301386532252E+03));
#4745 = CARTESIAN_POINT('',(5.975E+03,1.383758946831E+03,
    3.302943654316E+03));
#4746 = CARTESIAN_POINT('',(5.975E+03,1.382032828124E+03,
    3.304433084927E+03));
#4747 = CARTESIAN_POINT('',(5.975E+03,1.380251225092E+03,
    3.305853700996E+03));
#4748 = CARTESIAN_POINT('',(5.975E+03,1.37664541041E+03,
    3.308511628588E+03));
#4749 = CARTESIAN_POINT('',(5.975E+03,1.374824465808E+03,
    3.309753427988E+03));
#4750 = CARTESIAN_POINT('',(5.975E+03,1.372959347506E+03,
    3.310929456482E+03));
#4751 = CARTESIAN_POINT('',(5.975E+03,1.371053742132E+03,
    3.312039350094E+03));
#4752 = CARTESIAN_POINT('',(5.975E+03,1.369111210865E+03,
    3.313083000537E+03));
#4753 = CARTESIAN_POINT('',(5.975E+03,1.367135164724E+03,
    3.314060510854E+03));
#4754 = CARTESIAN_POINT('',(5.975E+03,1.365128839852E+03,
    3.314972151062E+03));
#4755 = CARTESIAN_POINT('',(5.975E+03,1.359178605433E+03,
    3.317448030397E+03));
#4756 = CARTESIAN_POINT('',(5.975E+03,1.355162322565E+03,
    3.318834257645E+03));
#4757 = CARTESIAN_POINT('',(5.975E+03,1.351066524682E+03,
    3.319980824744E+03));
#4758 = CARTESIAN_POINT('',(5.975E+03,1.346909967206E+03,
    3.320891889785E+03));
#4759 = CARTESIAN_POINT('',(5.975E+03,1.342710019096E+03,
    3.321571632896E+03));
#4760 = CARTESIAN_POINT('',(5.975E+03,1.338482531795E+03,
    3.322023487466E+03));
#4761 = CARTESIAN_POINT('',(5.975E+03,1.334241715762E+03,
    3.32224949799E+03));
#4762 = CARTESIAN_POINT('',(5.975E+03,1.33E+03,3.32224949799E+03));
#4763 = PCURVE('',#1769,#4764);
#4764 = DEFINITIONAL_REPRESENTATION('',(#4765),#4803);
#4765 = B_SPLINE_CURVE_WITH_KNOTS('',8,(#4766,#4767,#4768,#4769,#4770,
    #4771,#4772,#4773,#4774,#4775,#4776,#4777,#4778,#4779,#4780,#4781,
    #4782,#4783,#4784,#4785,#4786,#4787,#4788,#4789,#4790,#4791,#4792,
    #4793,#4794,#4795,#4796,#4797,#4798,#4799,#4800,#4801,#4802),
  .UNSPECIFIED.,.F.,.F.,(9,7,7,7,7,9),(0.,0.240196981176,0.347581623522,
    0.517905156345,0.682667099901,1.),.UNSPECIFIED.);
#4766 = CARTESIAN_POINT('',(-0.913532173549,0.));
#4767 = CARTESIAN_POINT('',(-0.913532173549,3.567975653813E-02));
#4768 = CARTESIAN_POINT('',(-0.914946123004,7.136659010962E-02));
#4769 = CARTESIAN_POINT('',(-0.91777495168,0.106932960897));
#4770 = CARTESIAN_POINT('',(-0.922019430488,0.142263046286));
#4771 = CARTESIAN_POINT('',(-0.927683722743,0.177246233175));
#4772 = CARTESIAN_POINT('',(-0.934775424441,0.211772231196));
#4773 = CARTESIAN_POINT('',(-0.943302258092,0.245727514512));
#4774 = CARTESIAN_POINT('',(-0.957719879835,0.293864680179));
#4775 = CARTESIAN_POINT('',(-0.962461793611,0.308600343715));
#4776 = CARTESIAN_POINT('',(-0.967491817113,0.323189945915));
#4777 = CARTESIAN_POINT('',(-0.972810432708,0.337623883583));
#4778 = CARTESIAN_POINT('',(-0.978418080752,0.351892717251));
#4779 = CARTESIAN_POINT('',(-0.984315109497,0.365987112879));
#4780 = CARTESIAN_POINT('',(-0.990501708138,0.379897802845));
#4781 = CARTESIAN_POINT('',(-1.007249634164,0.415373406731));
#4782 = CARTESIAN_POINT('',(-1.01824998332,0.436646289349));
#4783 = CARTESIAN_POINT('',(-1.02997870022,0.457397431134));
#4784 = CARTESIAN_POINT('',(-1.04243474165,0.477591571511));
#4785 = CARTESIAN_POINT('',(-1.055615581409,0.497194445339));
#4786 = CARTESIAN_POINT('',(-1.069516537563,0.516172521692));
#4787 = CARTESIAN_POINT('',(-1.084130037011,0.534493008339));
#4788 = CARTESIAN_POINT('',(-1.114259522844,0.569179525228));
#4789 = CARTESIAN_POINT('',(-1.129730612672,0.585590042898));
#4790 = CARTESIAN_POINT('',(-1.145848606861,0.601327538889));
#4791 = CARTESIAN_POINT('',(-1.162600923417,0.616364671828));
#4792 = CARTESIAN_POINT('',(-1.179971521275,0.630675100752));
#4793 = CARTESIAN_POINT('',(-1.197940543246,0.644233690818));
#4794 = CARTESIAN_POINT('',(-1.216483958962,0.657016719035));
#4795 = CARTESIAN_POINT('',(-1.272339262939,0.692085986765));
#4796 = CARTESIAN_POINT('',(-1.311116778298,0.712202514436));
#4797 = CARTESIAN_POINT('',(-1.351716572611,0.72920796128));
#4798 = CARTESIAN_POINT('',(-1.393881222769,0.742964968704));
#4799 = CARTESIAN_POINT('',(-1.437277951955,0.753357835697));
#4800 = CARTESIAN_POINT('',(-1.481506514825,0.760309404752));
#4801 = CARTESIAN_POINT('',(-1.526146687195,0.763786496398));
#4802 = CARTESIAN_POINT('',(-1.570796326795,0.763786496398));
#4803 = ( GEOMETRIC_REPRESENTATION_CONTEXT(2) 
PARAMETRIC_REPRESENTATION_CONTEXT() REPRESENTATION_CONTEXT('2D SPACE',''
  ) );
#4804 = PCURVE('',#3247,#4805);
#4805 = DEFINITIONAL_REPRESENTATION('',(#4806),#4844);
#4806 = B_SPLINE_CURVE_WITH_KNOTS('',8,(#4807,#4808,#4809,#4810,#4811,
    #4812,#4813,#4814,#4815,#4816,#4817,#4818,#4819,#4820,#4821,#4822,
    #4823,#4824,#4825,#4826,#4827,#4828,#4829,#4830,#4831,#4832,#4833,
    #4834,#4835,#4836,#4837,#4838,#4839,#4840,#4841,#4842,#4843),
  .UNSPECIFIED.,.F.,.F.,(9,7,7,7,7,9),(0.,0.240196981176,0.347581623522,
    0.517905156345,0.682667099901,1.),.UNSPECIFIED.);
#4807 = CARTESIAN_POINT('',(3.22E+03,-2.828314391493E+03));
#4808 = CARTESIAN_POINT('',(3.223211178088E+03,-2.828314391493E+03));
#4809 = CARTESIAN_POINT('',(3.226422993298E+03,-2.828100067229E+03));
#4810 = CARTESIAN_POINT('',(3.229617736603E+03,-2.827671273313E+03));
#4811 = CARTESIAN_POINT('',(3.232778747355E+03,-2.827030524877E+03));
#4812 = CARTESIAN_POINT('',(3.235890308841E+03,-2.826182416747E+03));
#4813 = CARTESIAN_POINT('',(3.238937610336E+03,-2.825133389549E+03));
#4814 = CARTESIAN_POINT('',(3.241906765627E+03,-2.823891748594E+03));
#4815 = CARTESIAN_POINT('',(3.24607159304E+03,-2.821831256517E+03));
#4816 = CARTESIAN_POINT('',(3.247340257751E+03,-2.821158169562E+03));
#4817 = CARTESIAN_POINT('',(3.248589787575E+03,-2.820449453865E+03));
#4818 = CARTESIAN_POINT('',(3.249819175784E+03,-2.819706031123E+03));
#4819 = CARTESIAN_POINT('',(3.251027489497E+03,-2.818928864864E+03));
#4820 = CARTESIAN_POINT('',(3.252213866428E+03,-2.818118955109E+03));
#4821 = CARTESIAN_POINT('',(3.253377512362E+03,-2.817277334255E+03));
#4822 = CARTESIAN_POINT('',(3.256326157922E+03,-2.815021550474E+03));
#4823 = CARTESIAN_POINT('',(3.258075632732E+03,-2.81356090585E+03));
#4824 = CARTESIAN_POINT('',(3.259763218941E+03,-2.812027361552E+03));
#4825 = CARTESIAN_POINT('',(3.261386532252E+03,-2.810425249494E+03));
#4826 = CARTESIAN_POINT('',(3.262943654316E+03,-2.808758946831E+03));
#4827 = CARTESIAN_POINT('',(3.264433084927E+03,-2.807032828124E+03));
#4828 = CARTESIAN_POINT('',(3.265853700996E+03,-2.805251225092E+03));
#4829 = CARTESIAN_POINT('',(3.268511628588E+03,-2.80164541041E+03));
#4830 = CARTESIAN_POINT('',(3.269753427988E+03,-2.799824465808E+03));
#4831 = CARTESIAN_POINT('',(3.270929456482E+03,-2.797959347506E+03));
#4832 = CARTESIAN_POINT('',(3.272039350094E+03,-2.796053742132E+03));
#4833 = CARTESIAN_POINT('',(3.273083000537E+03,-2.794111210865E+03));
#4834 = CARTESIAN_POINT('',(3.274060510854E+03,-2.792135164724E+03));
#4835 = CARTESIAN_POINT('',(3.274972151062E+03,-2.790128839852E+03));
#4836 = CARTESIAN_POINT('',(3.277448030397E+03,-2.784178605433E+03));
#4837 = CARTESIAN_POINT('',(3.278834257645E+03,-2.780162322565E+03));
#4838 = CARTESIAN_POINT('',(3.279980824744E+03,-2.776066524682E+03));
#4839 = CARTESIAN_POINT('',(3.280891889785E+03,-2.771909967206E+03));
#4840 = CARTESIAN_POINT('',(3.281571632896E+03,-2.767710019096E+03));
#4841 = CARTESIAN_POINT('',(3.282023487466E+03,-2.763482531795E+03));
#4842 = CARTESIAN_POINT('',(3.28224949799E+03,-2.759241715762E+03));
#4843 = CARTESIAN_POINT('',(3.28224949799E+03,-2.755E+03));
#4844 = ( GEOMETRIC_REPRESENTATION_CONTEXT(2) 
PARAMETRIC_REPRESENTATION_CONTEXT() REPRESENTATION_CONTEXT('2D SPACE',''
  ) );
#4845 = ORIENTED_EDGE('',*,*,#4846,.T.);
#4846 = EDGE_CURVE('',#4722,#4847,#4849,.T.);
#4847 = VERTEX_POINT('',#4848);
#4848 = CARTESIAN_POINT('',(5.905E+03,1.425E+03,3.318686155193E+03));
#4849 = SURFACE_CURVE('',#4850,(#4895,#4943),.PCURVE_S1.);
#4850 = B_SPLINE_CURVE_WITH_KNOTS('',7,(#4851,#4852,#4853,#4854,#4855,
    #4856,#4857,#4858,#4859,#4860,#4861,#4862,#4863,#4864,#4865,#4866,
    #4867,#4868,#4869,#4870,#4871,#4872,#4873,#4874,#4875,#4876,#4877,
    #4878,#4879,#4880,#4881,#4882,#4883,#4884,#4885,#4886,#4887,#4888,
    #4889,#4890,#4891,#4892,#4893,#4894),.UNSPECIFIED.,.F.,.F.,(8,6,6,6,
    6,6,6,8),(0.,0.246364281703,0.336691165681,0.389473904609,
    0.500083277443,0.663045912852,0.753343603923,1.),.UNSPECIFIED.);
#4851 = CARTESIAN_POINT('',(5.975E+03,1.355E+03,3.318686155193E+03));
#4852 = CARTESIAN_POINT('',(5.975E+03,1.35869972025E+03,
    3.317591410007E+03));
#4853 = CARTESIAN_POINT('',(5.974771867471E+03,1.362418283043E+03,
    3.316529386221E+03));
#4854 = CARTESIAN_POINT('',(5.974311422251E+03,1.366144173608E+03,
    3.315508604003E+03));
#4855 = CARTESIAN_POINT('',(5.973614017224E+03,1.369863772094E+03,
    3.314539259809E+03));
#4856 = CARTESIAN_POINT('',(5.972675505915E+03,1.373561483107E+03,
    3.313633119785E+03));
#4857 = CARTESIAN_POINT('',(5.97149267104E+03,1.377219732011E+03,
    3.312803355217E+03));
#4858 = CARTESIAN_POINT('',(5.969540955906E+03,1.382138170087E+03,
    3.31179205081E+03));
#4859 = CARTESIAN_POINT('',(5.968984427729E+03,1.383449589801E+03,
    3.311532831359E+03));
#4860 = CARTESIAN_POINT('',(5.968394965067E+03,1.384751876508E+03,
    3.311286372591E+03));
#4861 = CARTESIAN_POINT('',(5.967772616991E+03,1.386043927141E+03,
    3.311053349971E+03));
#4862 = CARTESIAN_POINT('',(5.967117507169E+03,1.387324581967E+03,
    3.310834430907E+03));
#4863 = CARTESIAN_POINT('',(5.966429850552E+03,1.388592627755E+03,
    3.310630260498E+03));
#4864 = CARTESIAN_POINT('',(5.9652893061E+03,1.390579680157E+03,
    3.310331113794E+03));
#4865 = CARTESIAN_POINT('',(5.964857638448E+03,1.391307822968E+03,
    3.31022602413E+03));
#4866 = CARTESIAN_POINT('',(5.964415032103E+03,1.39203097669E+03,
    3.310126299605E+03));
#4867 = CARTESIAN_POINT('',(5.963961563842E+03,1.39274888467E+03,
    3.310032056786E+03));
#4868 = CARTESIAN_POINT('',(5.963497323378E+03,1.393461286718E+03,
    3.309943406315E+03));
#4869 = CARTESIAN_POINT('',(5.963022414514E+03,1.394167919534E+03,
    3.30986045175E+03));
#4870 = CARTESIAN_POINT('',(5.961519649706E+03,1.39633666117E+03,
    3.309621587991E+03));
#4871 = CARTESIAN_POINT('',(5.960455979611E+03,1.397778356498E+03,
    3.309485312996E+03));
#4872 = CARTESIAN_POINT('',(5.959347086425E+03,1.399191079049E+03,
    3.309375351493E+03));
#4873 = CARTESIAN_POINT('',(5.95819434265E+03,1.400572374491E+03,
    3.309292412654E+03));
#4874 = CARTESIAN_POINT('',(5.956999365744E+03,1.401919865193E+03,
    3.309236993264E+03));
#4875 = CARTESIAN_POINT('',(5.955764039732E+03,1.40323126514E+03,
    3.309209350346E+03));
#4876 = CARTESIAN_POINT('',(5.952614285359E+03,1.406380137835E+03,
    3.309209670721E+03));
#4877 = CARTESIAN_POINT('',(5.950654880357E+03,1.408173112363E+03,
    3.30927014568E+03));
#4878 = CARTESIAN_POINT('',(5.948619465897E+03,1.409876131923E+03,
    3.309390929715E+03));
#4879 = CARTESIAN_POINT('',(5.94651559462E+03,1.411483621827E+03,
    3.309570770579E+03));
#4880 = CARTESIAN_POINT('',(5.944351040228E+03,1.412991325444E+03,
    3.309807357722E+03));
#4881 = CARTESIAN_POINT('',(5.942133679811E+03,1.414396100354E+03,
    3.310097567957E+03));
#4882 = CARTESIAN_POINT('',(5.93861795455E+03,1.416415983597E+03,
    3.310626226243E+03));
#4883 = CARTESIAN_POINT('',(5.937350573727E+03,1.417103958028E+03,
    3.310830069551E+03));
#4884 = CARTESIAN_POINT('',(5.936070575058E+03,1.417759411893E+03,
    3.311048660361E+03));
#4885 = CARTESIAN_POINT('',(5.934779171106E+03,1.418382129362E+03,
    3.311281354554E+03));
#4886 = CARTESIAN_POINT('',(5.933477521063E+03,1.418971985902E+03,
    3.311527485592E+03));
#4887 = CARTESIAN_POINT('',(5.932166727579E+03,1.419528931612E+03,
    3.311786378771E+03));
#4888 = CARTESIAN_POINT('',(5.927245154115E+03,1.421484445757E+03,
    3.312797590411E+03));
#4889 = CARTESIAN_POINT('',(5.923582897592E+03,1.422670067475E+03,
    3.313627872828E+03));
#4890 = CARTESIAN_POINT('',(5.91988100428E+03,1.423610784523E+03,
    3.314534769389E+03));
#4891 = CARTESIAN_POINT('',(5.91615711869E+03,1.424309821654E+03,
    3.315505057599E+03));
#4892 = CARTESIAN_POINT('',(5.912426895897E+03,1.424771338711E+03,
    3.316526926446E+03));
#4893 = CARTESIAN_POINT('',(5.908704005302E+03,1.425E+03,
    3.317590142063E+03));
#4894 = CARTESIAN_POINT('',(5.905E+03,1.425E+03,3.318686155193E+03));
#4895 = PCURVE('',#1769,#4896);
#4896 = DEFINITIONAL_REPRESENTATION('',(#4897),#4942);
#4897 = B_SPLINE_CURVE_WITH_KNOTS('',7,(#4898,#4899,#4900,#4901,#4902,
    #4903,#4904,#4905,#4906,#4907,#4908,#4909,#4910,#4911,#4912,#4913,
    #4914,#4915,#4916,#4917,#4918,#4919,#4920,#4921,#4922,#4923,#4924,
    #4925,#4926,#4927,#4928,#4929,#4930,#4931,#4932,#4933,#4934,#4935,
    #4936,#4937,#4938,#4939,#4940,#4941),.UNSPECIFIED.,.F.,.F.,(8,6,6,6,
    6,6,6,8),(0.,0.246364281703,0.336691165681,0.389473904609,
    0.500083277443,0.663045912852,0.753343603923,1.),.UNSPECIFIED.);
#4898 = CARTESIAN_POINT('',(-1.313472611824,0.71030941853));
#4899 = CARTESIAN_POINT('',(-1.277050495375,0.694265532034));
#4900 = CARTESIAN_POINT('',(-1.240666420828,0.678959473084));
#4901 = CARTESIAN_POINT('',(-1.204243171216,0.66446660786));
#4902 = CARTESIAN_POINT('',(-1.167720091975,0.650885136438));
#4903 = CARTESIAN_POINT('',(-1.13104602509,0.638332973749));
#4904 = CARTESIAN_POINT('',(-1.094176736481,0.626946149709));
#4905 = CARTESIAN_POINT('',(-1.043479865087,0.613170520839));
#4906 = CARTESIAN_POINT('',(-1.029849714955,0.609650825725));
#4907 = CARTESIAN_POINT('',(-1.016189442156,0.606314234507));
#4908 = CARTESIAN_POINT('',(-1.002498651993,0.603167968306));
#4909 = CARTESIAN_POINT('',(-0.988777459092,0.600219208573));
#4910 = CARTESIAN_POINT('',(-0.97502655587,0.597474935045));
#4911 = CARTESIAN_POINT('',(-0.95319532753,0.59346149873));
#4912 = CARTESIAN_POINT('',(-0.945133680152,0.59205331623));
#4913 = CARTESIAN_POINT('',(-0.937062615652,0.59071853537));
#4914 = CARTESIAN_POINT('',(-0.928982468178,0.58945842668));
#4915 = CARTESIAN_POINT('',(-0.920893636271,0.588274198835));
#4916 = CARTESIAN_POINT('',(-0.912796589895,0.587166985448));
#4917 = CARTESIAN_POINT('',(-0.8877079699,0.583981179218));
#4918 = CARTESIAN_POINT('',(-0.870689773279,0.582167236612));
#4919 = CARTESIAN_POINT('',(-0.853643178226,0.580705772045));
#4920 = CARTESIAN_POINT('',(-0.836574321899,0.579604581141));
#4921 = CARTESIAN_POINT('',(-0.819489846955,0.578869142617));
#4922 = CARTESIAN_POINT('',(-0.802397226996,0.578502308228));
#4923 = CARTESIAN_POINT('',(-0.760123128685,0.578506559754));
#4924 = CARTESIAN_POINT('',(-0.734938352718,0.579309093098));
#4925 = CARTESIAN_POINT('',(-0.70978136871,0.58091194834));
#4926 = CARTESIAN_POINT('',(-0.684674703714,0.58330118353));
#4927 = CARTESIAN_POINT('',(-0.659635946463,0.586451364451));
#4928 = CARTESIAN_POINT('',(-0.634679918097,0.590328336608));
#4929 = CARTESIAN_POINT('',(-0.596045013049,0.597420726029));
#4930 = CARTESIAN_POINT('',(-0.582298418103,0.600160500676));
#4931 = CARTESIAN_POINT('',(-0.568581500523,0.603104717735));
#4932 = CARTESIAN_POINT('',(-0.554894958827,0.606246407627));
#4933 = CARTESIAN_POINT('',(-0.541238914068,0.609578397757));
#4934 = CARTESIAN_POINT('',(-0.527612978341,0.613093474496));
#4935 = CARTESIAN_POINT('',(-0.476875817277,0.626867041965));
#4936 = CARTESIAN_POINT('',(-0.439962695993,0.638260293198));
#4937 = CARTESIAN_POINT('',(-0.403245440546,0.650822222624));
#4938 = CARTESIAN_POINT('',(-0.366679702854,0.664416257534));
#4939 = CARTESIAN_POINT('',(-0.330214177667,0.678924022829));
#4940 = CARTESIAN_POINT('',(-0.29378801587,0.694246949849));
#4941 = CARTESIAN_POINT('',(-0.257323714971,0.71030941853));
#4942 = ( GEOMETRIC_REPRESENTATION_CONTEXT(2) 
PARAMETRIC_REPRESENTATION_CONTEXT() REPRESENTATION_CONTEXT('2D SPACE',''
  ) );
#4943 = PCURVE('',#4944,#4949);
#4944 = CYLINDRICAL_SURFACE('',#4945,70.);
#4945 = AXIS2_PLACEMENT_3D('',#4946,#4947,#4948);
#4946 = CARTESIAN_POINT('',(5.905E+03,1.355E+03,40.));
#4947 = DIRECTION('',(0.,0.,1.));
#4948 = DIRECTION('',(1.,0.,-0.));
#4949 = DEFINITIONAL_REPRESENTATION('',(#4950),#4995);
#4950 = B_SPLINE_CURVE_WITH_KNOTS('',7,(#4951,#4952,#4953,#4954,#4955,
    #4956,#4957,#4958,#4959,#4960,#4961,#4962,#4963,#4964,#4965,#4966,
    #4967,#4968,#4969,#4970,#4971,#4972,#4973,#4974,#4975,#4976,#4977,
    #4978,#4979,#4980,#4981,#4982,#4983,#4984,#4985,#4986,#4987,#4988,
    #4989,#4990,#4991,#4992,#4993,#4994),.UNSPECIFIED.,.F.,.F.,(8,6,6,6,
    6,6,6,8),(0.,0.246364281703,0.336691165681,0.389473904609,
    0.500083277443,0.663045912852,0.753343603923,1.),.UNSPECIFIED.);
#4951 = CARTESIAN_POINT('',(0.,3.278686155193E+03));
#4952 = CARTESIAN_POINT('',(5.285314642597E-02,3.277591410007E+03));
#4953 = CARTESIAN_POINT('',(0.1059754805,3.276529386221E+03));
#4954 = CARTESIAN_POINT('',(0.159443593733,3.275508604003E+03));
#4955 = CARTESIAN_POINT('',(0.21331534203,3.274539259809E+03));
#4956 = CARTESIAN_POINT('',(0.267636906859,3.273633119785E+03));
#4957 = CARTESIAN_POINT('',(0.322445381698,3.272803355217E+03));
#4958 = CARTESIAN_POINT('',(0.398038580111,3.27179205081E+03));
#4959 = CARTESIAN_POINT('',(0.418384656666,3.271532831359E+03));
#4960 = CARTESIAN_POINT('',(0.438796609089,3.271286372591E+03));
#4961 = CARTESIAN_POINT('',(0.459273570881,3.271053349971E+03));
#4962 = CARTESIAN_POINT('',(0.47981389557,3.270834430907E+03));
#4963 = CARTESIAN_POINT('',(0.500415046189,3.270630260498E+03));
#4964 = CARTESIAN_POINT('',(0.533145294618,3.270331113794E+03));
#4965 = CARTESIAN_POINT('',(0.545236675384,3.27022602413E+03));
#4966 = CARTESIAN_POINT('',(0.557346906829,3.270126299605E+03));
#4967 = CARTESIAN_POINT('',(0.569475179102,3.270032056786E+03));
#4968 = CARTESIAN_POINT('',(0.581620582118,3.269943406315E+03));
#4969 = CARTESIAN_POINT('',(0.59378209495,3.26986045175E+03));
#4970 = CARTESIAN_POINT('',(0.631475114806,3.269621587991E+03));
#4971 = CARTESIAN_POINT('',(0.657058320456,3.269485312996E+03));
#4972 = CARTESIAN_POINT('',(0.682696413735,3.269375351493E+03));
#4973 = CARTESIAN_POINT('',(0.708377174446,3.269292412654E+03));
#4974 = CARTESIAN_POINT('',(0.734087567441,3.269236993264E+03));
#4975 = CARTESIAN_POINT('',(0.759813276152,3.269209350346E+03));
#4976 = CARTESIAN_POINT('',(0.823439018384,3.269209670721E+03));
#4977 = CARTESIAN_POINT('',(0.861344002331,3.26927014568E+03));
#4978 = CARTESIAN_POINT('',(0.899197313085,3.269390929715E+03));
#4979 = CARTESIAN_POINT('',(0.936955239126,3.269570770579E+03));
#4980 = CARTESIAN_POINT('',(0.974581717511,3.269807357722E+03));
#4981 = CARTESIAN_POINT('',(1.012045185153,3.270097567957E+03));
#4982 = CARTESIAN_POINT('',(1.06996887251,3.270626226243E+03));
#4983 = CARTESIAN_POINT('',(1.090563844112,3.270830069551E+03));
#4984 = CARTESIAN_POINT('',(1.111098072263,3.271048660361E+03));
#4985 = CARTESIAN_POINT('',(1.131569012114,3.271281354554E+03));
#4986 = CARTESIAN_POINT('',(1.151975008842,3.271527485592E+03));
#4987 = CARTESIAN_POINT('',(1.172315187121,3.271786378771E+03));
#4988 = CARTESIAN_POINT('',(1.247970043759,3.272797590411E+03));
#4989 = CARTESIAN_POINT('',(1.30284481882,3.273627872828E+03));
#4990 = CARTESIAN_POINT('',(1.35723140349,3.274534769389E+03));
#4991 = CARTESIAN_POINT('',(1.411166964829,3.275505057599E+03));
#4992 = CARTESIAN_POINT('',(1.464697805431,3.276526926446E+03));
#4993 = CARTESIAN_POINT('',(1.517881965341,3.277590142063E+03));
#4994 = CARTESIAN_POINT('',(1.570796326795,3.278686155193E+03));
#4995 = ( GEOMETRIC_REPRESENTATION_CONTEXT(2) 
PARAMETRIC_REPRESENTATION_CONTEXT() REPRESENTATION_CONTEXT('2D SPACE',''
  ) );
#4996 = ORIENTED_EDGE('',*,*,#4997,.T.);
#4997 = EDGE_CURVE('',#4847,#3260,#4998,.T.);
#4998 = SURFACE_CURVE('',#4999,(#5037,#5078),.PCURVE_S1.);
#4999 = B_SPLINE_CURVE_WITH_KNOTS('',8,(#5000,#5001,#5002,#5003,#5004,
    #5005,#5006,#5007,#5008,#5009,#5010,#5011,#5012,#5013,#5014,#5015,
    #5016,#5017,#5018,#5019,#5020,#5021,#5022,#5023,#5024,#5025,#5026,
    #5027,#5028,#5029,#5030,#5031,#5032,#5033,#5034,#5035,#5036),
  .UNSPECIFIED.,.F.,.F.,(9,7,7,7,7,9),(0.,0.240196981183,0.347581623529,
    0.517905156353,0.682667099908,1.),.UNSPECIFIED.);
#5000 = CARTESIAN_POINT('',(5.953314391493E+03,1.425E+03,3.26E+03));
#5001 = CARTESIAN_POINT('',(5.953314391493E+03,1.425E+03,
    3.263211178089E+03));
#5002 = CARTESIAN_POINT('',(5.953100067229E+03,1.425E+03,
    3.266422993298E+03));
#5003 = CARTESIAN_POINT('',(5.952671273313E+03,1.425E+03,
    3.269617736604E+03));
#5004 = CARTESIAN_POINT('',(5.952030524877E+03,1.425E+03,
    3.272778747356E+03));
#5005 = CARTESIAN_POINT('',(5.951182416747E+03,1.425E+03,
    3.275890308842E+03));
#5006 = CARTESIAN_POINT('',(5.950133389549E+03,1.425E+03,
    3.278937610337E+03));
#5007 = CARTESIAN_POINT('',(5.948891748594E+03,1.425E+03,
    3.281906765628E+03));
#5008 = CARTESIAN_POINT('',(5.946831256516E+03,1.425E+03,
    3.286071593041E+03));
#5009 = CARTESIAN_POINT('',(5.946158169562E+03,1.425E+03,
    3.287340257751E+03));
#5010 = CARTESIAN_POINT('',(5.945449453864E+03,1.425E+03,
    3.288589787576E+03));
#5011 = CARTESIAN_POINT('',(5.944706031123E+03,1.425E+03,
    3.289819175785E+03));
#5012 = CARTESIAN_POINT('',(5.943928864864E+03,1.425E+03,
    3.291027489498E+03));
#5013 = CARTESIAN_POINT('',(5.943118955108E+03,1.425E+03,
    3.292213866429E+03));
#5014 = CARTESIAN_POINT('',(5.942277334255E+03,1.425E+03,
    3.293377512363E+03));
#5015 = CARTESIAN_POINT('',(5.940021550474E+03,1.425E+03,
    3.296326157923E+03));
#5016 = CARTESIAN_POINT('',(5.938560905849E+03,1.425E+03,
    3.298075632732E+03));
#5017 = CARTESIAN_POINT('',(5.937027361551E+03,1.425E+03,
    3.299763218942E+03));
#5018 = CARTESIAN_POINT('',(5.935425249493E+03,1.425E+03,
    3.301386532253E+03));
#5019 = CARTESIAN_POINT('',(5.933758946831E+03,1.425E+03,
    3.302943654316E+03));
#5020 = CARTESIAN_POINT('',(5.932032828123E+03,1.425E+03,
    3.304433084928E+03));
#5021 = CARTESIAN_POINT('',(5.930251225091E+03,1.425E+03,
    3.305853700997E+03));
#5022 = CARTESIAN_POINT('',(5.92664541041E+03,1.425E+03,
    3.308511628588E+03));
#5023 = CARTESIAN_POINT('',(5.924824465807E+03,1.425E+03,
    3.309753427989E+03));
#5024 = CARTESIAN_POINT('',(5.922959347506E+03,1.425E+03,
    3.310929456483E+03));
#5025 = CARTESIAN_POINT('',(5.921053742131E+03,1.425E+03,
    3.312039350095E+03));
#5026 = CARTESIAN_POINT('',(5.919111210864E+03,1.425E+03,
    3.313083000537E+03));
#5027 = CARTESIAN_POINT('',(5.917135164723E+03,1.425E+03,
    3.314060510854E+03));
#5028 = CARTESIAN_POINT('',(5.915128839852E+03,1.425E+03,
    3.314972151062E+03));
#5029 = CARTESIAN_POINT('',(5.909178605432E+03,1.425E+03,
    3.317448030397E+03));
#5030 = CARTESIAN_POINT('',(5.905162322564E+03,1.425E+03,
    3.318834257645E+03));
#5031 = CARTESIAN_POINT('',(5.901066524682E+03,1.425E+03,
    3.319980824744E+03));
#5032 = CARTESIAN_POINT('',(5.896909967206E+03,1.425E+03,
    3.320891889785E+03));
#5033 = CARTESIAN_POINT('',(5.892710019096E+03,1.425E+03,
    3.321571632896E+03));
#5034 = CARTESIAN_POINT('',(5.888482531795E+03,1.425E+03,
    3.322023487466E+03));
#5035 = CARTESIAN_POINT('',(5.884241715762E+03,1.425E+03,
    3.32224949799E+03));
#5036 = CARTESIAN_POINT('',(5.88E+03,1.425E+03,3.32224949799E+03));
#5037 = PCURVE('',#1769,#5038);
#5038 = DEFINITIONAL_REPRESENTATION('',(#5039),#5077);
#5039 = B_SPLINE_CURVE_WITH_KNOTS('',8,(#5040,#5041,#5042,#5043,#5044,
    #5045,#5046,#5047,#5048,#5049,#5050,#5051,#5052,#5053,#5054,#5055,
    #5056,#5057,#5058,#5059,#5060,#5061,#5062,#5063,#5064,#5065,#5066,
    #5067,#5068,#5069,#5070,#5071,#5072,#5073,#5074,#5075,#5076),
  .UNSPECIFIED.,.F.,.F.,(9,7,7,7,7,9),(0.,0.240196981183,0.347581623529,
    0.517905156353,0.682667099908,1.),.UNSPECIFIED.);
#5040 = CARTESIAN_POINT('',(-0.657264153246,0.));
#5041 = CARTESIAN_POINT('',(-0.657264153246,3.567975653916E-02));
#5042 = CARTESIAN_POINT('',(-0.65585020379,7.136659011166E-02));
#5043 = CARTESIAN_POINT('',(-0.653021375115,0.1069329609));
#5044 = CARTESIAN_POINT('',(-0.648776896306,0.14226304629));
#5045 = CARTESIAN_POINT('',(-0.643112604051,0.17724623318));
#5046 = CARTESIAN_POINT('',(-0.636020902353,0.211772231202));
#5047 = CARTESIAN_POINT('',(-0.627494068701,0.245727514518));
#5048 = CARTESIAN_POINT('',(-0.613076446958,0.293864680187));
#5049 = CARTESIAN_POINT('',(-0.608334533181,0.308600343722));
#5050 = CARTESIAN_POINT('',(-0.603304509679,0.323189945923));
#5051 = CARTESIAN_POINT('',(-0.597985894084,0.337623883591));
#5052 = CARTESIAN_POINT('',(-0.592378246039,0.351892717259));
#5053 = CARTESIAN_POINT('',(-0.586481217295,0.365987112887));
#5054 = CARTESIAN_POINT('',(-0.580294618653,0.379897802852));
#5055 = CARTESIAN_POINT('',(-0.563546692627,0.415373406739));
#5056 = CARTESIAN_POINT('',(-0.55254634347,0.436646289356));
#5057 = CARTESIAN_POINT('',(-0.54081762657,0.457397431142));
#5058 = CARTESIAN_POINT('',(-0.52836158514,0.477591571519));
#5059 = CARTESIAN_POINT('',(-0.51518074538,0.497194445347));
#5060 = CARTESIAN_POINT('',(-0.501279789226,0.5161725217));
#5061 = CARTESIAN_POINT('',(-0.486666289778,0.534493008347));
#5062 = CARTESIAN_POINT('',(-0.456536803944,0.569179525236));
#5063 = CARTESIAN_POINT('',(-0.441065714116,0.585590042905));
#5064 = CARTESIAN_POINT('',(-0.424947719926,0.601327538895));
#5065 = CARTESIAN_POINT('',(-0.408195403371,0.616364671835));
#5066 = CARTESIAN_POINT('',(-0.390824805513,0.630675100757));
#5067 = CARTESIAN_POINT('',(-0.372855783541,0.644233690823));
#5068 = CARTESIAN_POINT('',(-0.354312367825,0.65701671904));
#5069 = CARTESIAN_POINT('',(-0.298457063848,0.692085986768));
#5070 = CARTESIAN_POINT('',(-0.259679548492,0.712202514438));
#5071 = CARTESIAN_POINT('',(-0.219079754176,0.729207961284));
#5072 = CARTESIAN_POINT('',(-0.176915104024,0.742964968702));
#5073 = CARTESIAN_POINT('',(-0.133518374834,0.753357835699));
#5074 = CARTESIAN_POINT('',(-8.928981196904E-02,0.760309404752));
#5075 = CARTESIAN_POINT('',(-4.464963959882E-02,0.763786496398));
#5076 = CARTESIAN_POINT('',(0.,0.763786496398));
#5077 = ( GEOMETRIC_REPRESENTATION_CONTEXT(2) 
PARAMETRIC_REPRESENTATION_CONTEXT() REPRESENTATION_CONTEXT('2D SPACE',''
  ) );
#5078 = PCURVE('',#2321,#5079);
#5079 = DEFINITIONAL_REPRESENTATION('',(#5080),#5118);
#5080 = B_SPLINE_CURVE_WITH_KNOTS('',8,(#5081,#5082,#5083,#5084,#5085,
    #5086,#5087,#5088,#5089,#5090,#5091,#5092,#5093,#5094,#5095,#5096,
    #5097,#5098,#5099,#5100,#5101,#5102,#5103,#5104,#5105,#5106,#5107,
    #5108,#5109,#5110,#5111,#5112,#5113,#5114,#5115,#5116,#5117),
  .UNSPECIFIED.,.F.,.F.,(9,7,7,7,7,9),(0.,0.240196981183,0.347581623529,
    0.517905156353,0.682667099908,1.),.UNSPECIFIED.);
#5081 = CARTESIAN_POINT('',(3.22E+03,1.192831439149E+04));
#5082 = CARTESIAN_POINT('',(3.223211178089E+03,1.192831439149E+04));
#5083 = CARTESIAN_POINT('',(3.226422993298E+03,1.192810006723E+04));
#5084 = CARTESIAN_POINT('',(3.229617736604E+03,1.192767127331E+04));
#5085 = CARTESIAN_POINT('',(3.232778747356E+03,1.192703052488E+04));
#5086 = CARTESIAN_POINT('',(3.235890308842E+03,1.192618241675E+04));
#5087 = CARTESIAN_POINT('',(3.238937610337E+03,1.192513338955E+04));
#5088 = CARTESIAN_POINT('',(3.241906765628E+03,1.192389174859E+04));
#5089 = CARTESIAN_POINT('',(3.246071593041E+03,1.192183125652E+04));
#5090 = CARTESIAN_POINT('',(3.247340257751E+03,1.192115816956E+04));
#5091 = CARTESIAN_POINT('',(3.248589787576E+03,1.192044945386E+04));
#5092 = CARTESIAN_POINT('',(3.249819175785E+03,1.191970603112E+04));
#5093 = CARTESIAN_POINT('',(3.251027489498E+03,1.191892886486E+04));
#5094 = CARTESIAN_POINT('',(3.252213866429E+03,1.191811895511E+04));
#5095 = CARTESIAN_POINT('',(3.253377512363E+03,1.191727733425E+04));
#5096 = CARTESIAN_POINT('',(3.256326157923E+03,1.191502155047E+04));
#5097 = CARTESIAN_POINT('',(3.258075632732E+03,1.191356090585E+04));
#5098 = CARTESIAN_POINT('',(3.259763218942E+03,1.191202736155E+04));
#5099 = CARTESIAN_POINT('',(3.261386532253E+03,1.191042524949E+04));
#5100 = CARTESIAN_POINT('',(3.262943654316E+03,1.190875894683E+04));
#5101 = CARTESIAN_POINT('',(3.264433084928E+03,1.190703282812E+04));
#5102 = CARTESIAN_POINT('',(3.265853700997E+03,1.190525122509E+04));
#5103 = CARTESIAN_POINT('',(3.268511628588E+03,1.190164541041E+04));
#5104 = CARTESIAN_POINT('',(3.269753427989E+03,1.189982446581E+04));
#5105 = CARTESIAN_POINT('',(3.270929456483E+03,1.189795934751E+04));
#5106 = CARTESIAN_POINT('',(3.272039350095E+03,1.189605374213E+04));
#5107 = CARTESIAN_POINT('',(3.273083000537E+03,1.189411121086E+04));
#5108 = CARTESIAN_POINT('',(3.274060510854E+03,1.189213516472E+04));
#5109 = CARTESIAN_POINT('',(3.274972151062E+03,1.189012883985E+04));
#5110 = CARTESIAN_POINT('',(3.277448030397E+03,1.188417860543E+04));
#5111 = CARTESIAN_POINT('',(3.278834257645E+03,1.188016232256E+04));
#5112 = CARTESIAN_POINT('',(3.279980824744E+03,1.187606652468E+04));
#5113 = CARTESIAN_POINT('',(3.280891889785E+03,1.187190996721E+04));
#5114 = CARTESIAN_POINT('',(3.281571632896E+03,1.18677100191E+04));
#5115 = CARTESIAN_POINT('',(3.282023487466E+03,1.186348253179E+04));
#5116 = CARTESIAN_POINT('',(3.28224949799E+03,1.185924171576E+04));
#5117 = CARTESIAN_POINT('',(3.28224949799E+03,1.1855E+04));
#5118 = ( GEOMETRIC_REPRESENTATION_CONTEXT(2) 
PARAMETRIC_REPRESENTATION_CONTEXT() REPRESENTATION_CONTEXT('2D SPACE',''
  ) );
#5119 = ADVANCED_FACE('',(#5120),#1736,.T.);
#5120 = FACE_BOUND('',#5121,.T.);
#5121 = EDGE_LOOP('',(#5122,#5123,#5124,#5125));
#5122 = ORIENTED_EDGE('',*,*,#4697,.T.);
#5123 = ORIENTED_EDGE('',*,*,#1720,.T.);
#5124 = ORIENTED_EDGE('',*,*,#4396,.F.);
#5125 = ORIENTED_EDGE('',*,*,#2978,.F.);
#5126 = ADVANCED_FACE('',(#5127),#1981,.F.);
#5127 = FACE_BOUND('',#5128,.T.);
#5128 = EDGE_LOOP('',(#5129,#5130,#5158,#5179));
#5129 = ORIENTED_EDGE('',*,*,#3101,.F.);
#5130 = ORIENTED_EDGE('',*,*,#5131,.T.);
#5131 = EDGE_CURVE('',#3074,#5132,#5134,.T.);
#5132 = VERTEX_POINT('',#5133);
#5133 = CARTESIAN_POINT('',(-5.905E+03,1.425E+03,40.));
#5134 = SURFACE_CURVE('',#5135,(#5140,#5147),.PCURVE_S1.);
#5135 = CIRCLE('',#5136,70.);
#5136 = AXIS2_PLACEMENT_3D('',#5137,#5138,#5139);
#5137 = CARTESIAN_POINT('',(-5.905E+03,1.355E+03,40.));
#5138 = DIRECTION('',(-0.,-0.,-1.));
#5139 = DIRECTION('',(0.,-1.,0.));
#5140 = PCURVE('',#1981,#5141);
#5141 = DEFINITIONAL_REPRESENTATION('',(#5142),#5146);
#5142 = LINE('',#5143,#5144);
#5143 = CARTESIAN_POINT('',(1.570796326795,-0.));
#5144 = VECTOR('',#5145,1.);
#5145 = DIRECTION('',(-1.,0.));
#5146 = ( GEOMETRIC_REPRESENTATION_CONTEXT(2) 
PARAMETRIC_REPRESENTATION_CONTEXT() REPRESENTATION_CONTEXT('2D SPACE',''
  ) );
#5147 = PCURVE('',#3089,#5148);
#5148 = DEFINITIONAL_REPRESENTATION('',(#5149),#5157);
#5149 = ( BOUNDED_CURVE() B_SPLINE_CURVE(2,(#5150,#5151,#5152,#5153,
#5154,#5155,#5156),.UNSPECIFIED.,.T.,.F.) B_SPLINE_CURVE_WITH_KNOTS((1,2
    ,2,2,2,1),(-2.094395102393,0.,2.094395102393,4.188790204786,
6.28318530718,8.377580409573),.UNSPECIFIED.) CURVE() 
GEOMETRIC_REPRESENTATION_ITEM() RATIONAL_B_SPLINE_CURVE((1.,0.5,1.,0.5,
1.,0.5,1.)) REPRESENTATION_ITEM('') );
#5150 = CARTESIAN_POINT('',(70.,2.71E+03));
#5151 = CARTESIAN_POINT('',(-51.24355652982,2.71E+03));
#5152 = CARTESIAN_POINT('',(9.378221735089,2.815E+03));
#5153 = CARTESIAN_POINT('',(70.,2.92E+03));
#5154 = CARTESIAN_POINT('',(130.62177826491,2.815E+03));
#5155 = CARTESIAN_POINT('',(191.24355652982,2.71E+03));
#5156 = CARTESIAN_POINT('',(70.,2.71E+03));
#5157 = ( GEOMETRIC_REPRESENTATION_CONTEXT(2) 
PARAMETRIC_REPRESENTATION_CONTEXT() REPRESENTATION_CONTEXT('2D SPACE',''
  ) );
#5158 = ORIENTED_EDGE('',*,*,#5159,.T.);
#5159 = EDGE_CURVE('',#5132,#1882,#5160,.T.);
#5160 = SURFACE_CURVE('',#5161,(#5165,#5172),.PCURVE_S1.);
#5161 = LINE('',#5162,#5163);
#5162 = CARTESIAN_POINT('',(-5.905E+03,1.425E+03,40.));
#5163 = VECTOR('',#5164,1.);
#5164 = DIRECTION('',(0.,0.,1.));
#5165 = PCURVE('',#1981,#5166);
#5166 = DEFINITIONAL_REPRESENTATION('',(#5167),#5171);
#5167 = LINE('',#5168,#5169);
#5168 = CARTESIAN_POINT('',(-1.570796326795,0.));
#5169 = VECTOR('',#5170,1.);
#5170 = DIRECTION('',(-0.,1.));
#5171 = ( GEOMETRIC_REPRESENTATION_CONTEXT(2) 
PARAMETRIC_REPRESENTATION_CONTEXT() REPRESENTATION_CONTEXT('2D SPACE',''
  ) );
#5172 = PCURVE('',#2321,#5173);
#5173 = DEFINITIONAL_REPRESENTATION('',(#5174),#5178);
#5174 = LINE('',#5175,#5176);
#5175 = CARTESIAN_POINT('',(0.,70.));
#5176 = VECTOR('',#5177,1.);
#5177 = DIRECTION('',(1.,0.));
#5178 = ( GEOMETRIC_REPRESENTATION_CONTEXT(2) 
PARAMETRIC_REPRESENTATION_CONTEXT() REPRESENTATION_CONTEXT('2D SPACE',''
  ) );
#5179 = ORIENTED_EDGE('',*,*,#1881,.T.);
#5180 = ADVANCED_FACE('',(#5181,#5231,#5317,#5403,#5489),#2321,.F.);
#5181 = FACE_BOUND('',#5182,.F.);
#5182 = EDGE_LOOP('',(#5183,#5206,#5207,#5208,#5209,#5210));
#5183 = ORIENTED_EDGE('',*,*,#5184,.F.);
#5184 = EDGE_CURVE('',#5132,#5185,#5187,.T.);
#5185 = VERTEX_POINT('',#5186);
#5186 = CARTESIAN_POINT('',(5.905E+03,1.425E+03,40.));
#5187 = SURFACE_CURVE('',#5188,(#5192,#5199),.PCURVE_S1.);
#5188 = LINE('',#5189,#5190);
#5189 = CARTESIAN_POINT('',(-5.975E+03,1.425E+03,40.));
#5190 = VECTOR('',#5191,1.);
#5191 = DIRECTION('',(1.,0.,0.));
#5192 = PCURVE('',#2321,#5193);
#5193 = DEFINITIONAL_REPRESENTATION('',(#5194),#5198);
#5194 = LINE('',#5195,#5196);
#5195 = CARTESIAN_POINT('',(0.,0.));
#5196 = VECTOR('',#5197,1.);
#5197 = DIRECTION('',(0.,1.));
#5198 = ( GEOMETRIC_REPRESENTATION_CONTEXT(2) 
PARAMETRIC_REPRESENTATION_CONTEXT() REPRESENTATION_CONTEXT('2D SPACE',''
  ) );
#5199 = PCURVE('',#3089,#5200);
#5200 = DEFINITIONAL_REPRESENTATION('',(#5201),#5205);
#5201 = LINE('',#5202,#5203);
#5202 = CARTESIAN_POINT('',(0.,2.85E+03));
#5203 = VECTOR('',#5204,1.);
#5204 = DIRECTION('',(1.,0.));
#5205 = ( GEOMETRIC_REPRESENTATION_CONTEXT(2) 
PARAMETRIC_REPRESENTATION_CONTEXT() REPRESENTATION_CONTEXT('2D SPACE',''
  ) );
#5206 = ORIENTED_EDGE('',*,*,#5159,.T.);
#5207 = ORIENTED_EDGE('',*,*,#2239,.T.);
#5208 = ORIENTED_EDGE('',*,*,#3339,.T.);
#5209 = ORIENTED_EDGE('',*,*,#4997,.F.);
#5210 = ORIENTED_EDGE('',*,*,#5211,.F.);
#5211 = EDGE_CURVE('',#5185,#4847,#5212,.T.);
#5212 = SURFACE_CURVE('',#5213,(#5217,#5224),.PCURVE_S1.);
#5213 = LINE('',#5214,#5215);
#5214 = CARTESIAN_POINT('',(5.905E+03,1.425E+03,40.));
#5215 = VECTOR('',#5216,1.);
#5216 = DIRECTION('',(0.,0.,1.));
#5217 = PCURVE('',#2321,#5218);
#5218 = DEFINITIONAL_REPRESENTATION('',(#5219),#5223);
#5219 = LINE('',#5220,#5221);
#5220 = CARTESIAN_POINT('',(0.,1.188E+04));
#5221 = VECTOR('',#5222,1.);
#5222 = DIRECTION('',(1.,0.));
#5223 = ( GEOMETRIC_REPRESENTATION_CONTEXT(2) 
PARAMETRIC_REPRESENTATION_CONTEXT() REPRESENTATION_CONTEXT('2D SPACE',''
  ) );
#5224 = PCURVE('',#4944,#5225);
#5225 = DEFINITIONAL_REPRESENTATION('',(#5226),#5230);
#5226 = LINE('',#5227,#5228);
#5227 = CARTESIAN_POINT('',(1.570796326795,0.));
#5228 = VECTOR('',#5229,1.);
#5229 = DIRECTION('',(0.,1.));
#5230 = ( GEOMETRIC_REPRESENTATION_CONTEXT(2) 
PARAMETRIC_REPRESENTATION_CONTEXT() REPRESENTATION_CONTEXT('2D SPACE',''
  ) );
#5231 = FACE_BOUND('',#5232,.F.);
#5232 = EDGE_LOOP('',(#5233,#5256,#5277,#5298));
#5233 = ORIENTED_EDGE('',*,*,#5234,.F.);
#5234 = EDGE_CURVE('',#5235,#5237,#5239,.T.);
#5235 = VERTEX_POINT('',#5236);
#5236 = CARTESIAN_POINT('',(-2.99E+03,1.425E+03,590.));
#5237 = VERTEX_POINT('',#5238);
#5238 = CARTESIAN_POINT('',(-2.61E+03,1.425E+03,590.));
#5239 = SURFACE_CURVE('',#5240,(#5244,#5250),.PCURVE_S1.);
#5240 = LINE('',#5241,#5242);
#5241 = CARTESIAN_POINT('',(-4.4825E+03,1.425E+03,590.));
#5242 = VECTOR('',#5243,1.);
#5243 = DIRECTION('',(1.,0.,0.));
#5244 = PCURVE('',#2321,#5245);
#5245 = DEFINITIONAL_REPRESENTATION('',(#5246),#5249);
#5246 = B_SPLINE_CURVE_WITH_KNOTS('',1,(#5247,#5248),.UNSPECIFIED.,.F.,
  .F.,(2,2),(1.4925E+03,1.8725E+03),.PIECEWISE_BEZIER_KNOTS.);
#5247 = CARTESIAN_POINT('',(550.,2.985E+03));
#5248 = CARTESIAN_POINT('',(550.,3.365E+03));
#5249 = ( GEOMETRIC_REPRESENTATION_CONTEXT(2) 
PARAMETRIC_REPRESENTATION_CONTEXT() REPRESENTATION_CONTEXT('2D SPACE',''
  ) );
#5250 = PCURVE('',#2436,#5251);
#5251 = DEFINITIONAL_REPRESENTATION('',(#5252),#5255);
#5252 = B_SPLINE_CURVE_WITH_KNOTS('',1,(#5253,#5254),.UNSPECIFIED.,.F.,
  .F.,(2,2),(1.4925E+03,1.8725E+03),.PIECEWISE_BEZIER_KNOTS.);
#5253 = CARTESIAN_POINT('',(0.,45.));
#5254 = CARTESIAN_POINT('',(380.,45.));
#5255 = ( GEOMETRIC_REPRESENTATION_CONTEXT(2) 
PARAMETRIC_REPRESENTATION_CONTEXT() REPRESENTATION_CONTEXT('2D SPACE',''
  ) );
#5256 = ORIENTED_EDGE('',*,*,#5257,.T.);
#5257 = EDGE_CURVE('',#5235,#5258,#5260,.T.);
#5258 = VERTEX_POINT('',#5259);
#5259 = CARTESIAN_POINT('',(-2.99E+03,1.425E+03,450.));
#5260 = SURFACE_CURVE('',#5261,(#5265,#5271),.PCURVE_S1.);
#5261 = LINE('',#5262,#5263);
#5262 = CARTESIAN_POINT('',(-2.99E+03,1.425E+03,245.));
#5263 = VECTOR('',#5264,1.);
#5264 = DIRECTION('',(0.,0.,-1.));
#5265 = PCURVE('',#2321,#5266);
#5266 = DEFINITIONAL_REPRESENTATION('',(#5267),#5270);
#5267 = B_SPLINE_CURVE_WITH_KNOTS('',1,(#5268,#5269),.UNSPECIFIED.,.F.,
  .F.,(2,2),(-345.,-205.),.PIECEWISE_BEZIER_KNOTS.);
#5268 = CARTESIAN_POINT('',(550.,2.985E+03));
#5269 = CARTESIAN_POINT('',(410.,2.985E+03));
#5270 = ( GEOMETRIC_REPRESENTATION_CONTEXT(2) 
PARAMETRIC_REPRESENTATION_CONTEXT() REPRESENTATION_CONTEXT('2D SPACE',''
  ) );
#5271 = PCURVE('',#2464,#5272);
#5272 = DEFINITIONAL_REPRESENTATION('',(#5273),#5276);
#5273 = B_SPLINE_CURVE_WITH_KNOTS('',1,(#5274,#5275),.UNSPECIFIED.,.F.,
  .F.,(2,2),(-345.,-205.),.PIECEWISE_BEZIER_KNOTS.);
#5274 = CARTESIAN_POINT('',(140.,-45.));
#5275 = CARTESIAN_POINT('',(0.,-45.));
#5276 = ( GEOMETRIC_REPRESENTATION_CONTEXT(2) 
PARAMETRIC_REPRESENTATION_CONTEXT() REPRESENTATION_CONTEXT('2D SPACE',''
  ) );
#5277 = ORIENTED_EDGE('',*,*,#5278,.T.);
#5278 = EDGE_CURVE('',#5258,#5279,#5281,.T.);
#5279 = VERTEX_POINT('',#5280);
#5280 = CARTESIAN_POINT('',(-2.61E+03,1.425E+03,450.));
#5281 = SURFACE_CURVE('',#5282,(#5286,#5292),.PCURVE_S1.);
#5282 = LINE('',#5283,#5284);
#5283 = CARTESIAN_POINT('',(-4.4825E+03,1.425E+03,450.));
#5284 = VECTOR('',#5285,1.);
#5285 = DIRECTION('',(1.,0.,0.));
#5286 = PCURVE('',#2321,#5287);
#5287 = DEFINITIONAL_REPRESENTATION('',(#5288),#5291);
#5288 = B_SPLINE_CURVE_WITH_KNOTS('',1,(#5289,#5290),.UNSPECIFIED.,.F.,
  .F.,(2,2),(1.4925E+03,1.8725E+03),.PIECEWISE_BEZIER_KNOTS.);
#5289 = CARTESIAN_POINT('',(410.,2.985E+03));
#5290 = CARTESIAN_POINT('',(410.,3.365E+03));
#5291 = ( GEOMETRIC_REPRESENTATION_CONTEXT(2) 
PARAMETRIC_REPRESENTATION_CONTEXT() REPRESENTATION_CONTEXT('2D SPACE',''
  ) );
#5292 = PCURVE('',#2492,#5293);
#5293 = DEFINITIONAL_REPRESENTATION('',(#5294),#5297);
#5294 = B_SPLINE_CURVE_WITH_KNOTS('',1,(#5295,#5296),.UNSPECIFIED.,.F.,
  .F.,(2,2),(1.4925E+03,1.8725E+03),.PIECEWISE_BEZIER_KNOTS.);
#5295 = CARTESIAN_POINT('',(0.,45.));
#5296 = CARTESIAN_POINT('',(380.,45.));
#5297 = ( GEOMETRIC_REPRESENTATION_CONTEXT(2) 
PARAMETRIC_REPRESENTATION_CONTEXT() REPRESENTATION_CONTEXT('2D SPACE',''
  ) );
#5298 = ORIENTED_EDGE('',*,*,#5299,.F.);
#5299 = EDGE_CURVE('',#5237,#5279,#5300,.T.);
#5300 = SURFACE_CURVE('',#5301,(#5305,#5311),.PCURVE_S1.);
#5301 = LINE('',#5302,#5303);
#5302 = CARTESIAN_POINT('',(-2.61E+03,1.425E+03,245.));
#5303 = VECTOR('',#5304,1.);
#5304 = DIRECTION('',(0.,0.,-1.));
#5305 = PCURVE('',#2321,#5306);
#5306 = DEFINITIONAL_REPRESENTATION('',(#5307),#5310);
#5307 = B_SPLINE_CURVE_WITH_KNOTS('',1,(#5308,#5309),.UNSPECIFIED.,.F.,
  .F.,(2,2),(-345.,-205.),.PIECEWISE_BEZIER_KNOTS.);
#5308 = CARTESIAN_POINT('',(550.,3.365E+03));
#5309 = CARTESIAN_POINT('',(410.,3.365E+03));
#5310 = ( GEOMETRIC_REPRESENTATION_CONTEXT(2) 
PARAMETRIC_REPRESENTATION_CONTEXT() REPRESENTATION_CONTEXT('2D SPACE',''
  ) );
#5311 = PCURVE('',#2518,#5312);
#5312 = DEFINITIONAL_REPRESENTATION('',(#5313),#5316);
#5313 = B_SPLINE_CURVE_WITH_KNOTS('',1,(#5314,#5315),.UNSPECIFIED.,.F.,
  .F.,(2,2),(-345.,-205.),.PIECEWISE_BEZIER_KNOTS.);
#5314 = CARTESIAN_POINT('',(140.,-45.));
#5315 = CARTESIAN_POINT('',(0.,-45.));
#5316 = ( GEOMETRIC_REPRESENTATION_CONTEXT(2) 
PARAMETRIC_REPRESENTATION_CONTEXT() REPRESENTATION_CONTEXT('2D SPACE',''
  ) );
#5317 = FACE_BOUND('',#5318,.F.);
#5318 = EDGE_LOOP('',(#5319,#5342,#5363,#5384));
#5319 = ORIENTED_EDGE('',*,*,#5320,.F.);
#5320 = EDGE_CURVE('',#5321,#5323,#5325,.T.);
#5321 = VERTEX_POINT('',#5322);
#5322 = CARTESIAN_POINT('',(-1.89E+03,1.425E+03,590.));
#5323 = VERTEX_POINT('',#5324);
#5324 = CARTESIAN_POINT('',(-1.51E+03,1.425E+03,590.));
#5325 = SURFACE_CURVE('',#5326,(#5330,#5336),.PCURVE_S1.);
#5326 = LINE('',#5327,#5328);
#5327 = CARTESIAN_POINT('',(-3.9325E+03,1.425E+03,590.));
#5328 = VECTOR('',#5329,1.);
#5329 = DIRECTION('',(1.,0.,0.));
#5330 = PCURVE('',#2321,#5331);
#5331 = DEFINITIONAL_REPRESENTATION('',(#5332),#5335);
#5332 = B_SPLINE_CURVE_WITH_KNOTS('',1,(#5333,#5334),.UNSPECIFIED.,.F.,
  .F.,(2,2),(2.0425E+03,2.4225E+03),.PIECEWISE_BEZIER_KNOTS.);
#5333 = CARTESIAN_POINT('',(550.,4.085E+03));
#5334 = CARTESIAN_POINT('',(550.,4.465E+03));
#5335 = ( GEOMETRIC_REPRESENTATION_CONTEXT(2) 
PARAMETRIC_REPRESENTATION_CONTEXT() REPRESENTATION_CONTEXT('2D SPACE',''
  ) );
#5336 = PCURVE('',#2550,#5337);
#5337 = DEFINITIONAL_REPRESENTATION('',(#5338),#5341);
#5338 = B_SPLINE_CURVE_WITH_KNOTS('',1,(#5339,#5340),.UNSPECIFIED.,.F.,
  .F.,(2,2),(2.0425E+03,2.4225E+03),.PIECEWISE_BEZIER_KNOTS.);
#5339 = CARTESIAN_POINT('',(0.,45.));
#5340 = CARTESIAN_POINT('',(380.,45.));
#5341 = ( GEOMETRIC_REPRESENTATION_CONTEXT(2) 
PARAMETRIC_REPRESENTATION_CONTEXT() REPRESENTATION_CONTEXT('2D SPACE',''
  ) );
#5342 = ORIENTED_EDGE('',*,*,#5343,.T.);
#5343 = EDGE_CURVE('',#5321,#5344,#5346,.T.);
#5344 = VERTEX_POINT('',#5345);
#5345 = CARTESIAN_POINT('',(-1.89E+03,1.425E+03,450.));
#5346 = SURFACE_CURVE('',#5347,(#5351,#5357),.PCURVE_S1.);
#5347 = LINE('',#5348,#5349);
#5348 = CARTESIAN_POINT('',(-1.89E+03,1.425E+03,245.));
#5349 = VECTOR('',#5350,1.);
#5350 = DIRECTION('',(0.,0.,-1.));
#5351 = PCURVE('',#2321,#5352);
#5352 = DEFINITIONAL_REPRESENTATION('',(#5353),#5356);
#5353 = B_SPLINE_CURVE_WITH_KNOTS('',1,(#5354,#5355),.UNSPECIFIED.,.F.,
  .F.,(2,2),(-345.,-205.),.PIECEWISE_BEZIER_KNOTS.);
#5354 = CARTESIAN_POINT('',(550.,4.085E+03));
#5355 = CARTESIAN_POINT('',(410.,4.085E+03));
#5356 = ( GEOMETRIC_REPRESENTATION_CONTEXT(2) 
PARAMETRIC_REPRESENTATION_CONTEXT() REPRESENTATION_CONTEXT('2D SPACE',''
  ) );
#5357 = PCURVE('',#2578,#5358);
#5358 = DEFINITIONAL_REPRESENTATION('',(#5359),#5362);
#5359 = B_SPLINE_CURVE_WITH_KNOTS('',1,(#5360,#5361),.UNSPECIFIED.,.F.,
  .F.,(2,2),(-345.,-205.),.PIECEWISE_BEZIER_KNOTS.);
#5360 = CARTESIAN_POINT('',(140.,-45.));
#5361 = CARTESIAN_POINT('',(0.,-45.));
#5362 = ( GEOMETRIC_REPRESENTATION_CONTEXT(2) 
PARAMETRIC_REPRESENTATION_CONTEXT() REPRESENTATION_CONTEXT('2D SPACE',''
  ) );
#5363 = ORIENTED_EDGE('',*,*,#5364,.T.);
#5364 = EDGE_CURVE('',#5344,#5365,#5367,.T.);
#5365 = VERTEX_POINT('',#5366);
#5366 = CARTESIAN_POINT('',(-1.51E+03,1.425E+03,450.));
#5367 = SURFACE_CURVE('',#5368,(#5372,#5378),.PCURVE_S1.);
#5368 = LINE('',#5369,#5370);
#5369 = CARTESIAN_POINT('',(-3.9325E+03,1.425E+03,450.));
#5370 = VECTOR('',#5371,1.);
#5371 = DIRECTION('',(1.,0.,0.));
#5372 = PCURVE('',#2321,#5373);
#5373 = DEFINITIONAL_REPRESENTATION('',(#5374),#5377);
#5374 = B_SPLINE_CURVE_WITH_KNOTS('',1,(#5375,#5376),.UNSPECIFIED.,.F.,
  .F.,(2,2),(2.0425E+03,2.4225E+03),.PIECEWISE_BEZIER_KNOTS.);
#5375 = CARTESIAN_POINT('',(410.,4.085E+03));
#5376 = CARTESIAN_POINT('',(410.,4.465E+03));
#5377 = ( GEOMETRIC_REPRESENTATION_CONTEXT(2) 
PARAMETRIC_REPRESENTATION_CONTEXT() REPRESENTATION_CONTEXT('2D SPACE',''
  ) );
#5378 = PCURVE('',#2606,#5379);
#5379 = DEFINITIONAL_REPRESENTATION('',(#5380),#5383);
#5380 = B_SPLINE_CURVE_WITH_KNOTS('',1,(#5381,#5382),.UNSPECIFIED.,.F.,
  .F.,(2,2),(2.0425E+03,2.4225E+03),.PIECEWISE_BEZIER_KNOTS.);
#5381 = CARTESIAN_POINT('',(0.,45.));
#5382 = CARTESIAN_POINT('',(380.,45.));
#5383 = ( GEOMETRIC_REPRESENTATION_CONTEXT(2) 
PARAMETRIC_REPRESENTATION_CONTEXT() REPRESENTATION_CONTEXT('2D SPACE',''
  ) );
#5384 = ORIENTED_EDGE('',*,*,#5385,.F.);
#5385 = EDGE_CURVE('',#5323,#5365,#5386,.T.);
#5386 = SURFACE_CURVE('',#5387,(#5391,#5397),.PCURVE_S1.);
#5387 = LINE('',#5388,#5389);
#5388 = CARTESIAN_POINT('',(-1.51E+03,1.425E+03,245.));
#5389 = VECTOR('',#5390,1.);
#5390 = DIRECTION('',(0.,0.,-1.));
#5391 = PCURVE('',#2321,#5392);
#5392 = DEFINITIONAL_REPRESENTATION('',(#5393),#5396);
#5393 = B_SPLINE_CURVE_WITH_KNOTS('',1,(#5394,#5395),.UNSPECIFIED.,.F.,
  .F.,(2,2),(-345.,-205.),.PIECEWISE_BEZIER_KNOTS.);
#5394 = CARTESIAN_POINT('',(550.,4.465E+03));
#5395 = CARTESIAN_POINT('',(410.,4.465E+03));
#5396 = ( GEOMETRIC_REPRESENTATION_CONTEXT(2) 
PARAMETRIC_REPRESENTATION_CONTEXT() REPRESENTATION_CONTEXT('2D SPACE',''
  ) );
#5397 = PCURVE('',#2632,#5398);
#5398 = DEFINITIONAL_REPRESENTATION('',(#5399),#5402);
#5399 = B_SPLINE_CURVE_WITH_KNOTS('',1,(#5400,#5401),.UNSPECIFIED.,.F.,
  .F.,(2,2),(-345.,-205.),.PIECEWISE_BEZIER_KNOTS.);
#5400 = CARTESIAN_POINT('',(140.,-45.));
#5401 = CARTESIAN_POINT('',(0.,-45.));
#5402 = ( GEOMETRIC_REPRESENTATION_CONTEXT(2) 
PARAMETRIC_REPRESENTATION_CONTEXT() REPRESENTATION_CONTEXT('2D SPACE',''
  ) );
#5403 = FACE_BOUND('',#5404,.F.);
#5404 = EDGE_LOOP('',(#5405,#5428,#5449,#5470));
#5405 = ORIENTED_EDGE('',*,*,#5406,.F.);
#5406 = EDGE_CURVE('',#5407,#5409,#5411,.T.);
#5407 = VERTEX_POINT('',#5408);
#5408 = CARTESIAN_POINT('',(1.51E+03,1.425E+03,590.));
#5409 = VERTEX_POINT('',#5410);
#5410 = CARTESIAN_POINT('',(1.89E+03,1.425E+03,590.));
#5411 = SURFACE_CURVE('',#5412,(#5416,#5422),.PCURVE_S1.);
#5412 = LINE('',#5413,#5414);
#5413 = CARTESIAN_POINT('',(-2.2325E+03,1.425E+03,590.));
#5414 = VECTOR('',#5415,1.);
#5415 = DIRECTION('',(1.,0.,0.));
#5416 = PCURVE('',#2321,#5417);
#5417 = DEFINITIONAL_REPRESENTATION('',(#5418),#5421);
#5418 = B_SPLINE_CURVE_WITH_KNOTS('',1,(#5419,#5420),.UNSPECIFIED.,.F.,
  .F.,(2,2),(3.7425E+03,4.1225E+03),.PIECEWISE_BEZIER_KNOTS.);
#5419 = CARTESIAN_POINT('',(550.,7.485E+03));
#5420 = CARTESIAN_POINT('',(550.,7.865E+03));
#5421 = ( GEOMETRIC_REPRESENTATION_CONTEXT(2) 
PARAMETRIC_REPRESENTATION_CONTEXT() REPRESENTATION_CONTEXT('2D SPACE',''
  ) );
#5422 = PCURVE('',#2664,#5423);
#5423 = DEFINITIONAL_REPRESENTATION('',(#5424),#5427);
#5424 = B_SPLINE_CURVE_WITH_KNOTS('',1,(#5425,#5426),.UNSPECIFIED.,.F.,
  .F.,(2,2),(3.7425E+03,4.1225E+03),.PIECEWISE_BEZIER_KNOTS.);
#5425 = CARTESIAN_POINT('',(0.,45.));
#5426 = CARTESIAN_POINT('',(380.,45.));
#5427 = ( GEOMETRIC_REPRESENTATION_CONTEXT(2) 
PARAMETRIC_REPRESENTATION_CONTEXT() REPRESENTATION_CONTEXT('2D SPACE',''
  ) );
#5428 = ORIENTED_EDGE('',*,*,#5429,.T.);
#5429 = EDGE_CURVE('',#5407,#5430,#5432,.T.);
#5430 = VERTEX_POINT('',#5431);
#5431 = CARTESIAN_POINT('',(1.51E+03,1.425E+03,450.));
#5432 = SURFACE_CURVE('',#5433,(#5437,#5443),.PCURVE_S1.);
#5433 = LINE('',#5434,#5435);
#5434 = CARTESIAN_POINT('',(1.51E+03,1.425E+03,245.));
#5435 = VECTOR('',#5436,1.);
#5436 = DIRECTION('',(0.,0.,-1.));
#5437 = PCURVE('',#2321,#5438);
#5438 = DEFINITIONAL_REPRESENTATION('',(#5439),#5442);
#5439 = B_SPLINE_CURVE_WITH_KNOTS('',1,(#5440,#5441),.UNSPECIFIED.,.F.,
  .F.,(2,2),(-345.,-205.),.PIECEWISE_BEZIER_KNOTS.);
#5440 = CARTESIAN_POINT('',(550.,7.485E+03));
#5441 = CARTESIAN_POINT('',(410.,7.485E+03));
#5442 = ( GEOMETRIC_REPRESENTATION_CONTEXT(2) 
PARAMETRIC_REPRESENTATION_CONTEXT() REPRESENTATION_CONTEXT('2D SPACE',''
  ) );
#5443 = PCURVE('',#2692,#5444);
#5444 = DEFINITIONAL_REPRESENTATION('',(#5445),#5448);
#5445 = B_SPLINE_CURVE_WITH_KNOTS('',1,(#5446,#5447),.UNSPECIFIED.,.F.,
  .F.,(2,2),(-345.,-205.),.PIECEWISE_BEZIER_KNOTS.);
#5446 = CARTESIAN_POINT('',(140.,-45.));
#5447 = CARTESIAN_POINT('',(0.,-45.));
#5448 = ( GEOMETRIC_REPRESENTATION_CONTEXT(2) 
PARAMETRIC_REPRESENTATION_CONTEXT() REPRESENTATION_CONTEXT('2D SPACE',''
  ) );
#5449 = ORIENTED_EDGE('',*,*,#5450,.T.);
#5450 = EDGE_CURVE('',#5430,#5451,#5453,.T.);
#5451 = VERTEX_POINT('',#5452);
#5452 = CARTESIAN_POINT('',(1.89E+03,1.425E+03,450.));
#5453 = SURFACE_CURVE('',#5454,(#5458,#5464),.PCURVE_S1.);
#5454 = LINE('',#5455,#5456);
#5455 = CARTESIAN_POINT('',(-2.2325E+03,1.425E+03,450.));
#5456 = VECTOR('',#5457,1.);
#5457 = DIRECTION('',(1.,0.,0.));
#5458 = PCURVE('',#2321,#5459);
#5459 = DEFINITIONAL_REPRESENTATION('',(#5460),#5463);
#5460 = B_SPLINE_CURVE_WITH_KNOTS('',1,(#5461,#5462),.UNSPECIFIED.,.F.,
  .F.,(2,2),(3.7425E+03,4.1225E+03),.PIECEWISE_BEZIER_KNOTS.);
#5461 = CARTESIAN_POINT('',(410.,7.485E+03));
#5462 = CARTESIAN_POINT('',(410.,7.865E+03));
#5463 = ( GEOMETRIC_REPRESENTATION_CONTEXT(2) 
PARAMETRIC_REPRESENTATION_CONTEXT() REPRESENTATION_CONTEXT('2D SPACE',''
  ) );
#5464 = PCURVE('',#2720,#5465);
#5465 = DEFINITIONAL_REPRESENTATION('',(#5466),#5469);
#5466 = B_SPLINE_CURVE_WITH_KNOTS('',1,(#5467,#5468),.UNSPECIFIED.,.F.,
  .F.,(2,2),(3.7425E+03,4.1225E+03),.PIECEWISE_BEZIER_KNOTS.);
#5467 = CARTESIAN_POINT('',(0.,45.));
#5468 = CARTESIAN_POINT('',(380.,45.));
#5469 = ( GEOMETRIC_REPRESENTATION_CONTEXT(2) 
PARAMETRIC_REPRESENTATION_CONTEXT() REPRESENTATION_CONTEXT('2D SPACE',''
  ) );
#5470 = ORIENTED_EDGE('',*,*,#5471,.F.);
#5471 = EDGE_CURVE('',#5409,#5451,#5472,.T.);
#5472 = SURFACE_CURVE('',#5473,(#5477,#5483),.PCURVE_S1.);
#5473 = LINE('',#5474,#5475);
#5474 = CARTESIAN_POINT('',(1.89E+03,1.425E+03,245.));
#5475 = VECTOR('',#5476,1.);
#5476 = DIRECTION('',(0.,0.,-1.));
#5477 = PCURVE('',#2321,#5478);
#5478 = DEFINITIONAL_REPRESENTATION('',(#5479),#5482);
#5479 = B_SPLINE_CURVE_WITH_KNOTS('',1,(#5480,#5481),.UNSPECIFIED.,.F.,
  .F.,(2,2),(-345.,-205.),.PIECEWISE_BEZIER_KNOTS.);
#5480 = CARTESIAN_POINT('',(550.,7.865E+03));
#5481 = CARTESIAN_POINT('',(410.,7.865E+03));
#5482 = ( GEOMETRIC_REPRESENTATION_CONTEXT(2) 
PARAMETRIC_REPRESENTATION_CONTEXT() REPRESENTATION_CONTEXT('2D SPACE',''
  ) );
#5483 = PCURVE('',#2746,#5484);
#5484 = DEFINITIONAL_REPRESENTATION('',(#5485),#5488);
#5485 = B_SPLINE_CURVE_WITH_KNOTS('',1,(#5486,#5487),.UNSPECIFIED.,.F.,
  .F.,(2,2),(-345.,-205.),.PIECEWISE_BEZIER_KNOTS.);
#5486 = CARTESIAN_POINT('',(140.,-45.));
#5487 = CARTESIAN_POINT('',(0.,-45.));
#5488 = ( GEOMETRIC_REPRESENTATION_CONTEXT(2) 
PARAMETRIC_REPRESENTATION_CONTEXT() REPRESENTATION_CONTEXT('2D SPACE',''
  ) );
#5489 = FACE_BOUND('',#5490,.F.);
#5490 = EDGE_LOOP('',(#5491,#5514,#5535,#5556));
#5491 = ORIENTED_EDGE('',*,*,#5492,.F.);
#5492 = EDGE_CURVE('',#5493,#5495,#5497,.T.);
#5493 = VERTEX_POINT('',#5494);
#5494 = CARTESIAN_POINT('',(2.61E+03,1.425E+03,590.));
#5495 = VERTEX_POINT('',#5496);
#5496 = CARTESIAN_POINT('',(2.99E+03,1.425E+03,590.));
#5497 = SURFACE_CURVE('',#5498,(#5502,#5508),.PCURVE_S1.);
#5498 = LINE('',#5499,#5500);
#5499 = CARTESIAN_POINT('',(-1.6825E+03,1.425E+03,590.));
#5500 = VECTOR('',#5501,1.);
#5501 = DIRECTION('',(1.,0.,0.));
#5502 = PCURVE('',#2321,#5503);
#5503 = DEFINITIONAL_REPRESENTATION('',(#5504),#5507);
#5504 = B_SPLINE_CURVE_WITH_KNOTS('',1,(#5505,#5506),.UNSPECIFIED.,.F.,
  .F.,(2,2),(4.2925E+03,4.6725E+03),.PIECEWISE_BEZIER_KNOTS.);
#5505 = CARTESIAN_POINT('',(550.,8.585E+03));
#5506 = CARTESIAN_POINT('',(550.,8.965E+03));
#5507 = ( GEOMETRIC_REPRESENTATION_CONTEXT(2) 
PARAMETRIC_REPRESENTATION_CONTEXT() REPRESENTATION_CONTEXT('2D SPACE',''
  ) );
#5508 = PCURVE('',#2778,#5509);
#5509 = DEFINITIONAL_REPRESENTATION('',(#5510),#5513);
#5510 = B_SPLINE_CURVE_WITH_KNOTS('',1,(#5511,#5512),.UNSPECIFIED.,.F.,
  .F.,(2,2),(4.2925E+03,4.6725E+03),.PIECEWISE_BEZIER_KNOTS.);
#5511 = CARTESIAN_POINT('',(0.,45.));
#5512 = CARTESIAN_POINT('',(380.,45.));
#5513 = ( GEOMETRIC_REPRESENTATION_CONTEXT(2) 
PARAMETRIC_REPRESENTATION_CONTEXT() REPRESENTATION_CONTEXT('2D SPACE',''
  ) );
#5514 = ORIENTED_EDGE('',*,*,#5515,.T.);
#5515 = EDGE_CURVE('',#5493,#5516,#5518,.T.);
#5516 = VERTEX_POINT('',#5517);
#5517 = CARTESIAN_POINT('',(2.61E+03,1.425E+03,450.));
#5518 = SURFACE_CURVE('',#5519,(#5523,#5529),.PCURVE_S1.);
#5519 = LINE('',#5520,#5521);
#5520 = CARTESIAN_POINT('',(2.61E+03,1.425E+03,245.));
#5521 = VECTOR('',#5522,1.);
#5522 = DIRECTION('',(0.,0.,-1.));
#5523 = PCURVE('',#2321,#5524);
#5524 = DEFINITIONAL_REPRESENTATION('',(#5525),#5528);
#5525 = B_SPLINE_CURVE_WITH_KNOTS('',1,(#5526,#5527),.UNSPECIFIED.,.F.,
  .F.,(2,2),(-345.,-205.),.PIECEWISE_BEZIER_KNOTS.);
#5526 = CARTESIAN_POINT('',(550.,8.585E+03));
#5527 = CARTESIAN_POINT('',(410.,8.585E+03));
#5528 = ( GEOMETRIC_REPRESENTATION_CONTEXT(2) 
PARAMETRIC_REPRESENTATION_CONTEXT() REPRESENTATION_CONTEXT('2D SPACE',''
  ) );
#5529 = PCURVE('',#2806,#5530);
#5530 = DEFINITIONAL_REPRESENTATION('',(#5531),#5534);
#5531 = B_SPLINE_CURVE_WITH_KNOTS('',1,(#5532,#5533),.UNSPECIFIED.,.F.,
  .F.,(2,2),(-345.,-205.),.PIECEWISE_BEZIER_KNOTS.);
#5532 = CARTESIAN_POINT('',(140.,-45.));
#5533 = CARTESIAN_POINT('',(0.,-45.));
#5534 = ( GEOMETRIC_REPRESENTATION_CONTEXT(2) 
PARAMETRIC_REPRESENTATION_CONTEXT() REPRESENTATION_CONTEXT('2D SPACE',''
  ) );
#5535 = ORIENTED_EDGE('',*,*,#5536,.T.);
#5536 = EDGE_CURVE('',#5516,#5537,#5539,.T.);
#5537 = VERTEX_POINT('',#5538);
#5538 = CARTESIAN_POINT('',(2.99E+03,1.425E+03,450.));
#5539 = SURFACE_CURVE('',#5540,(#5544,#5550),.PCURVE_S1.);
#5540 = LINE('',#5541,#5542);
#5541 = CARTESIAN_POINT('',(-1.6825E+03,1.425E+03,450.));
#5542 = VECTOR('',#5543,1.);
#5543 = DIRECTION('',(1.,0.,0.));
#5544 = PCURVE('',#2321,#5545);
#5545 = DEFINITIONAL_REPRESENTATION('',(#5546),#5549);
#5546 = B_SPLINE_CURVE_WITH_KNOTS('',1,(#5547,#5548),.UNSPECIFIED.,.F.,
  .F.,(2,2),(4.2925E+03,4.6725E+03),.PIECEWISE_BEZIER_KNOTS.);
#5547 = CARTESIAN_POINT('',(410.,8.585E+03));
#5548 = CARTESIAN_POINT('',(410.,8.965E+03));
#5549 = ( GEOMETRIC_REPRESENTATION_CONTEXT(2) 
PARAMETRIC_REPRESENTATION_CONTEXT() REPRESENTATION_CONTEXT('2D SPACE',''
  ) );
#5550 = PCURVE('',#2834,#5551);
#5551 = DEFINITIONAL_REPRESENTATION('',(#5552),#5555);
#5552 = B_SPLINE_CURVE_WITH_KNOTS('',1,(#5553,#5554),.UNSPECIFIED.,.F.,
  .F.,(2,2),(4.2925E+03,4.6725E+03),.PIECEWISE_BEZIER_KNOTS.);
#5553 = CARTESIAN_POINT('',(0.,45.));
#5554 = CARTESIAN_POINT('',(380.,45.));
#5555 = ( GEOMETRIC_REPRESENTATION_CONTEXT(2) 
PARAMETRIC_REPRESENTATION_CONTEXT() REPRESENTATION_CONTEXT('2D SPACE',''
  ) );
#5556 = ORIENTED_EDGE('',*,*,#5557,.F.);
#5557 = EDGE_CURVE('',#5495,#5537,#5558,.T.);
#5558 = SURFACE_CURVE('',#5559,(#5563,#5569),.PCURVE_S1.);
#5559 = LINE('',#5560,#5561);
#5560 = CARTESIAN_POINT('',(2.99E+03,1.425E+03,245.));
#5561 = VECTOR('',#5562,1.);
#5562 = DIRECTION('',(0.,0.,-1.));
#5563 = PCURVE('',#2321,#5564);
#5564 = DEFINITIONAL_REPRESENTATION('',(#5565),#5568);
#5565 = B_SPLINE_CURVE_WITH_KNOTS('',1,(#5566,#5567),.UNSPECIFIED.,.F.,
  .F.,(2,2),(-345.,-205.),.PIECEWISE_BEZIER_KNOTS.);
#5566 = CARTESIAN_POINT('',(550.,8.965E+03));
#5567 = CARTESIAN_POINT('',(410.,8.965E+03));
#5568 = ( GEOMETRIC_REPRESENTATION_CONTEXT(2) 
PARAMETRIC_REPRESENTATION_CONTEXT() REPRESENTATION_CONTEXT('2D SPACE',''
  ) );
#5569 = PCURVE('',#2860,#5570);
#5570 = DEFINITIONAL_REPRESENTATION('',(#5571),#5574);
#5571 = B_SPLINE_CURVE_WITH_KNOTS('',1,(#5572,#5573),.UNSPECIFIED.,.F.,
  .F.,(2,2),(-345.,-205.),.PIECEWISE_BEZIER_KNOTS.);
#5572 = CARTESIAN_POINT('',(140.,-45.));
#5573 = CARTESIAN_POINT('',(0.,-45.));
#5574 = ( GEOMETRIC_REPRESENTATION_CONTEXT(2) 
PARAMETRIC_REPRESENTATION_CONTEXT() REPRESENTATION_CONTEXT('2D SPACE',''
  ) );
#5575 = ADVANCED_FACE('',(#5576),#2436,.F.);
#5576 = FACE_BOUND('',#5577,.F.);
#5577 = EDGE_LOOP('',(#5578,#5599,#5600,#5621));
#5578 = ORIENTED_EDGE('',*,*,#5579,.F.);
#5579 = EDGE_CURVE('',#5235,#2419,#5580,.T.);
#5580 = SURFACE_CURVE('',#5581,(#5585,#5592),.PCURVE_S1.);
#5581 = LINE('',#5582,#5583);
#5582 = CARTESIAN_POINT('',(-2.99E+03,1.38E+03,590.));
#5583 = VECTOR('',#5584,1.);
#5584 = DIRECTION('',(0.,1.,0.));
#5585 = PCURVE('',#2436,#5586);
#5586 = DEFINITIONAL_REPRESENTATION('',(#5587),#5591);
#5587 = LINE('',#5588,#5589);
#5588 = CARTESIAN_POINT('',(0.,0.));
#5589 = VECTOR('',#5590,1.);
#5590 = DIRECTION('',(0.,1.));
#5591 = ( GEOMETRIC_REPRESENTATION_CONTEXT(2) 
PARAMETRIC_REPRESENTATION_CONTEXT() REPRESENTATION_CONTEXT('2D SPACE',''
  ) );
#5592 = PCURVE('',#2464,#5593);
#5593 = DEFINITIONAL_REPRESENTATION('',(#5594),#5598);
#5594 = LINE('',#5595,#5596);
#5595 = CARTESIAN_POINT('',(140.,0.));
#5596 = VECTOR('',#5597,1.);
#5597 = DIRECTION('',(0.,-1.));
#5598 = ( GEOMETRIC_REPRESENTATION_CONTEXT(2) 
PARAMETRIC_REPRESENTATION_CONTEXT() REPRESENTATION_CONTEXT('2D SPACE',''
  ) );
#5599 = ORIENTED_EDGE('',*,*,#5234,.T.);
#5600 = ORIENTED_EDGE('',*,*,#5601,.T.);
#5601 = EDGE_CURVE('',#5237,#2421,#5602,.T.);
#5602 = SURFACE_CURVE('',#5603,(#5607,#5614),.PCURVE_S1.);
#5603 = LINE('',#5604,#5605);
#5604 = CARTESIAN_POINT('',(-2.61E+03,1.38E+03,590.));
#5605 = VECTOR('',#5606,1.);
#5606 = DIRECTION('',(0.,1.,0.));
#5607 = PCURVE('',#2436,#5608);
#5608 = DEFINITIONAL_REPRESENTATION('',(#5609),#5613);
#5609 = LINE('',#5610,#5611);
#5610 = CARTESIAN_POINT('',(380.,0.));
#5611 = VECTOR('',#5612,1.);
#5612 = DIRECTION('',(0.,1.));
#5613 = ( GEOMETRIC_REPRESENTATION_CONTEXT(2) 
PARAMETRIC_REPRESENTATION_CONTEXT() REPRESENTATION_CONTEXT('2D SPACE',''
  ) );
#5614 = PCURVE('',#2518,#5615);
#5615 = DEFINITIONAL_REPRESENTATION('',(#5616),#5620);
#5616 = LINE('',#5617,#5618);
#5617 = CARTESIAN_POINT('',(140.,0.));
#5618 = VECTOR('',#5619,1.);
#5619 = DIRECTION('',(0.,-1.));
#5620 = ( GEOMETRIC_REPRESENTATION_CONTEXT(2) 
PARAMETRIC_REPRESENTATION_CONTEXT() REPRESENTATION_CONTEXT('2D SPACE',''
  ) );
#5621 = ORIENTED_EDGE('',*,*,#2418,.F.);
#5622 = ADVANCED_FACE('',(#5623),#2518,.F.);
#5623 = FACE_BOUND('',#5624,.F.);
#5624 = EDGE_LOOP('',(#5625,#5626,#5627,#5648));
#5625 = ORIENTED_EDGE('',*,*,#5601,.F.);
#5626 = ORIENTED_EDGE('',*,*,#5299,.T.);
#5627 = ORIENTED_EDGE('',*,*,#5628,.T.);
#5628 = EDGE_CURVE('',#5279,#2477,#5629,.T.);
#5629 = SURFACE_CURVE('',#5630,(#5634,#5641),.PCURVE_S1.);
#5630 = LINE('',#5631,#5632);
#5631 = CARTESIAN_POINT('',(-2.61E+03,1.38E+03,450.));
#5632 = VECTOR('',#5633,1.);
#5633 = DIRECTION('',(0.,1.,0.));
#5634 = PCURVE('',#2518,#5635);
#5635 = DEFINITIONAL_REPRESENTATION('',(#5636),#5640);
#5636 = LINE('',#5637,#5638);
#5637 = CARTESIAN_POINT('',(0.,0.));
#5638 = VECTOR('',#5639,1.);
#5639 = DIRECTION('',(0.,-1.));
#5640 = ( GEOMETRIC_REPRESENTATION_CONTEXT(2) 
PARAMETRIC_REPRESENTATION_CONTEXT() REPRESENTATION_CONTEXT('2D SPACE',''
  ) );
#5641 = PCURVE('',#2492,#5642);
#5642 = DEFINITIONAL_REPRESENTATION('',(#5643),#5647);
#5643 = LINE('',#5644,#5645);
#5644 = CARTESIAN_POINT('',(380.,0.));
#5645 = VECTOR('',#5646,1.);
#5646 = DIRECTION('',(0.,1.));
#5647 = ( GEOMETRIC_REPRESENTATION_CONTEXT(2) 
PARAMETRIC_REPRESENTATION_CONTEXT() REPRESENTATION_CONTEXT('2D SPACE',''
  ) );
#5648 = ORIENTED_EDGE('',*,*,#2504,.T.);
#5649 = ADVANCED_FACE('',(#5650),#2464,.T.);
#5650 = FACE_BOUND('',#5651,.T.);
#5651 = EDGE_LOOP('',(#5652,#5653,#5654,#5675));
#5652 = ORIENTED_EDGE('',*,*,#5579,.F.);
#5653 = ORIENTED_EDGE('',*,*,#5257,.T.);
#5654 = ORIENTED_EDGE('',*,*,#5655,.T.);
#5655 = EDGE_CURVE('',#5258,#2449,#5656,.T.);
#5656 = SURFACE_CURVE('',#5657,(#5661,#5668),.PCURVE_S1.);
#5657 = LINE('',#5658,#5659);
#5658 = CARTESIAN_POINT('',(-2.99E+03,1.38E+03,450.));
#5659 = VECTOR('',#5660,1.);
#5660 = DIRECTION('',(0.,1.,0.));
#5661 = PCURVE('',#2464,#5662);
#5662 = DEFINITIONAL_REPRESENTATION('',(#5663),#5667);
#5663 = LINE('',#5664,#5665);
#5664 = CARTESIAN_POINT('',(0.,0.));
#5665 = VECTOR('',#5666,1.);
#5666 = DIRECTION('',(0.,-1.));
#5667 = ( GEOMETRIC_REPRESENTATION_CONTEXT(2) 
PARAMETRIC_REPRESENTATION_CONTEXT() REPRESENTATION_CONTEXT('2D SPACE',''
  ) );
#5668 = PCURVE('',#2492,#5669);
#5669 = DEFINITIONAL_REPRESENTATION('',(#5670),#5674);
#5670 = LINE('',#5671,#5672);
#5671 = CARTESIAN_POINT('',(0.,0.));
#5672 = VECTOR('',#5673,1.);
#5673 = DIRECTION('',(0.,1.));
#5674 = ( GEOMETRIC_REPRESENTATION_CONTEXT(2) 
PARAMETRIC_REPRESENTATION_CONTEXT() REPRESENTATION_CONTEXT('2D SPACE',''
  ) );
#5675 = ORIENTED_EDGE('',*,*,#2448,.T.);
#5676 = ADVANCED_FACE('',(#5677),#2492,.T.);
#5677 = FACE_BOUND('',#5678,.T.);
#5678 = EDGE_LOOP('',(#5679,#5680,#5681,#5682));
#5679 = ORIENTED_EDGE('',*,*,#5655,.F.);
#5680 = ORIENTED_EDGE('',*,*,#5278,.T.);
#5681 = ORIENTED_EDGE('',*,*,#5628,.T.);
#5682 = ORIENTED_EDGE('',*,*,#2476,.F.);
#5683 = ADVANCED_FACE('',(#5684),#2550,.F.);
#5684 = FACE_BOUND('',#5685,.F.);
#5685 = EDGE_LOOP('',(#5686,#5707,#5708,#5729));
#5686 = ORIENTED_EDGE('',*,*,#5687,.F.);
#5687 = EDGE_CURVE('',#5321,#2533,#5688,.T.);
#5688 = SURFACE_CURVE('',#5689,(#5693,#5700),.PCURVE_S1.);
#5689 = LINE('',#5690,#5691);
#5690 = CARTESIAN_POINT('',(-1.89E+03,1.38E+03,590.));
#5691 = VECTOR('',#5692,1.);
#5692 = DIRECTION('',(0.,1.,0.));
#5693 = PCURVE('',#2550,#5694);
#5694 = DEFINITIONAL_REPRESENTATION('',(#5695),#5699);
#5695 = LINE('',#5696,#5697);
#5696 = CARTESIAN_POINT('',(0.,0.));
#5697 = VECTOR('',#5698,1.);
#5698 = DIRECTION('',(0.,1.));
#5699 = ( GEOMETRIC_REPRESENTATION_CONTEXT(2) 
PARAMETRIC_REPRESENTATION_CONTEXT() REPRESENTATION_CONTEXT('2D SPACE',''
  ) );
#5700 = PCURVE('',#2578,#5701);
#5701 = DEFINITIONAL_REPRESENTATION('',(#5702),#5706);
#5702 = LINE('',#5703,#5704);
#5703 = CARTESIAN_POINT('',(140.,0.));
#5704 = VECTOR('',#5705,1.);
#5705 = DIRECTION('',(0.,-1.));
#5706 = ( GEOMETRIC_REPRESENTATION_CONTEXT(2) 
PARAMETRIC_REPRESENTATION_CONTEXT() REPRESENTATION_CONTEXT('2D SPACE',''
  ) );
#5707 = ORIENTED_EDGE('',*,*,#5320,.T.);
#5708 = ORIENTED_EDGE('',*,*,#5709,.T.);
#5709 = EDGE_CURVE('',#5323,#2535,#5710,.T.);
#5710 = SURFACE_CURVE('',#5711,(#5715,#5722),.PCURVE_S1.);
#5711 = LINE('',#5712,#5713);
#5712 = CARTESIAN_POINT('',(-1.51E+03,1.38E+03,590.));
#5713 = VECTOR('',#5714,1.);
#5714 = DIRECTION('',(0.,1.,0.));
#5715 = PCURVE('',#2550,#5716);
#5716 = DEFINITIONAL_REPRESENTATION('',(#5717),#5721);
#5717 = LINE('',#5718,#5719);
#5718 = CARTESIAN_POINT('',(380.,0.));
#5719 = VECTOR('',#5720,1.);
#5720 = DIRECTION('',(0.,1.));
#5721 = ( GEOMETRIC_REPRESENTATION_CONTEXT(2) 
PARAMETRIC_REPRESENTATION_CONTEXT() REPRESENTATION_CONTEXT('2D SPACE',''
  ) );
#5722 = PCURVE('',#2632,#5723);
#5723 = DEFINITIONAL_REPRESENTATION('',(#5724),#5728);
#5724 = LINE('',#5725,#5726);
#5725 = CARTESIAN_POINT('',(140.,0.));
#5726 = VECTOR('',#5727,1.);
#5727 = DIRECTION('',(0.,-1.));
#5728 = ( GEOMETRIC_REPRESENTATION_CONTEXT(2) 
PARAMETRIC_REPRESENTATION_CONTEXT() REPRESENTATION_CONTEXT('2D SPACE',''
  ) );
#5729 = ORIENTED_EDGE('',*,*,#2532,.F.);
#5730 = ADVANCED_FACE('',(#5731),#2632,.F.);
#5731 = FACE_BOUND('',#5732,.F.);
#5732 = EDGE_LOOP('',(#5733,#5734,#5735,#5756));
#5733 = ORIENTED_EDGE('',*,*,#5709,.F.);
#5734 = ORIENTED_EDGE('',*,*,#5385,.T.);
#5735 = ORIENTED_EDGE('',*,*,#5736,.T.);
#5736 = EDGE_CURVE('',#5365,#2591,#5737,.T.);
#5737 = SURFACE_CURVE('',#5738,(#5742,#5749),.PCURVE_S1.);
#5738 = LINE('',#5739,#5740);
#5739 = CARTESIAN_POINT('',(-1.51E+03,1.38E+03,450.));
#5740 = VECTOR('',#5741,1.);
#5741 = DIRECTION('',(0.,1.,0.));
#5742 = PCURVE('',#2632,#5743);
#5743 = DEFINITIONAL_REPRESENTATION('',(#5744),#5748);
#5744 = LINE('',#5745,#5746);
#5745 = CARTESIAN_POINT('',(0.,0.));
#5746 = VECTOR('',#5747,1.);
#5747 = DIRECTION('',(0.,-1.));
#5748 = ( GEOMETRIC_REPRESENTATION_CONTEXT(2) 
PARAMETRIC_REPRESENTATION_CONTEXT() REPRESENTATION_CONTEXT('2D SPACE',''
  ) );
#5749 = PCURVE('',#2606,#5750);
#5750 = DEFINITIONAL_REPRESENTATION('',(#5751),#5755);
#5751 = LINE('',#5752,#5753);
#5752 = CARTESIAN_POINT('',(380.,0.));
#5753 = VECTOR('',#5754,1.);
#5754 = DIRECTION('',(0.,1.));
#5755 = ( GEOMETRIC_REPRESENTATION_CONTEXT(2) 
PARAMETRIC_REPRESENTATION_CONTEXT() REPRESENTATION_CONTEXT('2D SPACE',''
  ) );
#5756 = ORIENTED_EDGE('',*,*,#2618,.T.);
#5757 = ADVANCED_FACE('',(#5758),#2578,.T.);
#5758 = FACE_BOUND('',#5759,.T.);
#5759 = EDGE_LOOP('',(#5760,#5761,#5762,#5783));
#5760 = ORIENTED_EDGE('',*,*,#5687,.F.);
#5761 = ORIENTED_EDGE('',*,*,#5343,.T.);
#5762 = ORIENTED_EDGE('',*,*,#5763,.T.);
#5763 = EDGE_CURVE('',#5344,#2563,#5764,.T.);
#5764 = SURFACE_CURVE('',#5765,(#5769,#5776),.PCURVE_S1.);
#5765 = LINE('',#5766,#5767);
#5766 = CARTESIAN_POINT('',(-1.89E+03,1.38E+03,450.));
#5767 = VECTOR('',#5768,1.);
#5768 = DIRECTION('',(0.,1.,0.));
#5769 = PCURVE('',#2578,#5770);
#5770 = DEFINITIONAL_REPRESENTATION('',(#5771),#5775);
#5771 = LINE('',#5772,#5773);
#5772 = CARTESIAN_POINT('',(0.,0.));
#5773 = VECTOR('',#5774,1.);
#5774 = DIRECTION('',(0.,-1.));
#5775 = ( GEOMETRIC_REPRESENTATION_CONTEXT(2) 
PARAMETRIC_REPRESENTATION_CONTEXT() REPRESENTATION_CONTEXT('2D SPACE',''
  ) );
#5776 = PCURVE('',#2606,#5777);
#5777 = DEFINITIONAL_REPRESENTATION('',(#5778),#5782);
#5778 = LINE('',#5779,#5780);
#5779 = CARTESIAN_POINT('',(0.,0.));
#5780 = VECTOR('',#5781,1.);
#5781 = DIRECTION('',(0.,1.));
#5782 = ( GEOMETRIC_REPRESENTATION_CONTEXT(2) 
PARAMETRIC_REPRESENTATION_CONTEXT() REPRESENTATION_CONTEXT('2D SPACE',''
  ) );
#5783 = ORIENTED_EDGE('',*,*,#2562,.T.);
#5784 = ADVANCED_FACE('',(#5785),#2606,.T.);
#5785 = FACE_BOUND('',#5786,.T.);
#5786 = EDGE_LOOP('',(#5787,#5788,#5789,#5790));
#5787 = ORIENTED_EDGE('',*,*,#5763,.F.);
#5788 = ORIENTED_EDGE('',*,*,#5364,.T.);
#5789 = ORIENTED_EDGE('',*,*,#5736,.T.);
#5790 = ORIENTED_EDGE('',*,*,#2590,.F.);
#5791 = ADVANCED_FACE('',(#5792),#2664,.F.);
#5792 = FACE_BOUND('',#5793,.F.);
#5793 = EDGE_LOOP('',(#5794,#5815,#5816,#5837));
#5794 = ORIENTED_EDGE('',*,*,#5795,.F.);
#5795 = EDGE_CURVE('',#5407,#2647,#5796,.T.);
#5796 = SURFACE_CURVE('',#5797,(#5801,#5808),.PCURVE_S1.);
#5797 = LINE('',#5798,#5799);
#5798 = CARTESIAN_POINT('',(1.51E+03,1.38E+03,590.));
#5799 = VECTOR('',#5800,1.);
#5800 = DIRECTION('',(0.,1.,0.));
#5801 = PCURVE('',#2664,#5802);
#5802 = DEFINITIONAL_REPRESENTATION('',(#5803),#5807);
#5803 = LINE('',#5804,#5805);
#5804 = CARTESIAN_POINT('',(0.,0.));
#5805 = VECTOR('',#5806,1.);
#5806 = DIRECTION('',(0.,1.));
#5807 = ( GEOMETRIC_REPRESENTATION_CONTEXT(2) 
PARAMETRIC_REPRESENTATION_CONTEXT() REPRESENTATION_CONTEXT('2D SPACE',''
  ) );
#5808 = PCURVE('',#2692,#5809);
#5809 = DEFINITIONAL_REPRESENTATION('',(#5810),#5814);
#5810 = LINE('',#5811,#5812);
#5811 = CARTESIAN_POINT('',(140.,0.));
#5812 = VECTOR('',#5813,1.);
#5813 = DIRECTION('',(0.,-1.));
#5814 = ( GEOMETRIC_REPRESENTATION_CONTEXT(2) 
PARAMETRIC_REPRESENTATION_CONTEXT() REPRESENTATION_CONTEXT('2D SPACE',''
  ) );
#5815 = ORIENTED_EDGE('',*,*,#5406,.T.);
#5816 = ORIENTED_EDGE('',*,*,#5817,.T.);
#5817 = EDGE_CURVE('',#5409,#2649,#5818,.T.);
#5818 = SURFACE_CURVE('',#5819,(#5823,#5830),.PCURVE_S1.);
#5819 = LINE('',#5820,#5821);
#5820 = CARTESIAN_POINT('',(1.89E+03,1.38E+03,590.));
#5821 = VECTOR('',#5822,1.);
#5822 = DIRECTION('',(0.,1.,0.));
#5823 = PCURVE('',#2664,#5824);
#5824 = DEFINITIONAL_REPRESENTATION('',(#5825),#5829);
#5825 = LINE('',#5826,#5827);
#5826 = CARTESIAN_POINT('',(380.,0.));
#5827 = VECTOR('',#5828,1.);
#5828 = DIRECTION('',(0.,1.));
#5829 = ( GEOMETRIC_REPRESENTATION_CONTEXT(2) 
PARAMETRIC_REPRESENTATION_CONTEXT() REPRESENTATION_CONTEXT('2D SPACE',''
  ) );
#5830 = PCURVE('',#2746,#5831);
#5831 = DEFINITIONAL_REPRESENTATION('',(#5832),#5836);
#5832 = LINE('',#5833,#5834);
#5833 = CARTESIAN_POINT('',(140.,0.));
#5834 = VECTOR('',#5835,1.);
#5835 = DIRECTION('',(0.,-1.));
#5836 = ( GEOMETRIC_REPRESENTATION_CONTEXT(2) 
PARAMETRIC_REPRESENTATION_CONTEXT() REPRESENTATION_CONTEXT('2D SPACE',''
  ) );
#5837 = ORIENTED_EDGE('',*,*,#2646,.F.);
#5838 = ADVANCED_FACE('',(#5839),#2746,.F.);
#5839 = FACE_BOUND('',#5840,.F.);
#5840 = EDGE_LOOP('',(#5841,#5842,#5843,#5864));
#5841 = ORIENTED_EDGE('',*,*,#5817,.F.);
#5842 = ORIENTED_EDGE('',*,*,#5471,.T.);
#5843 = ORIENTED_EDGE('',*,*,#5844,.T.);
#5844 = EDGE_CURVE('',#5451,#2705,#5845,.T.);
#5845 = SURFACE_CURVE('',#5846,(#5850,#5857),.PCURVE_S1.);
#5846 = LINE('',#5847,#5848);
#5847 = CARTESIAN_POINT('',(1.89E+03,1.38E+03,450.));
#5848 = VECTOR('',#5849,1.);
#5849 = DIRECTION('',(0.,1.,0.));
#5850 = PCURVE('',#2746,#5851);
#5851 = DEFINITIONAL_REPRESENTATION('',(#5852),#5856);
#5852 = LINE('',#5853,#5854);
#5853 = CARTESIAN_POINT('',(0.,0.));
#5854 = VECTOR('',#5855,1.);
#5855 = DIRECTION('',(0.,-1.));
#5856 = ( GEOMETRIC_REPRESENTATION_CONTEXT(2) 
PARAMETRIC_REPRESENTATION_CONTEXT() REPRESENTATION_CONTEXT('2D SPACE',''
  ) );
#5857 = PCURVE('',#2720,#5858);
#5858 = DEFINITIONAL_REPRESENTATION('',(#5859),#5863);
#5859 = LINE('',#5860,#5861);
#5860 = CARTESIAN_POINT('',(380.,0.));
#5861 = VECTOR('',#5862,1.);
#5862 = DIRECTION('',(0.,1.));
#5863 = ( GEOMETRIC_REPRESENTATION_CONTEXT(2) 
PARAMETRIC_REPRESENTATION_CONTEXT() REPRESENTATION_CONTEXT('2D SPACE',''
  ) );
#5864 = ORIENTED_EDGE('',*,*,#2732,.T.);
#5865 = ADVANCED_FACE('',(#5866),#2692,.T.);
#5866 = FACE_BOUND('',#5867,.T.);
#5867 = EDGE_LOOP('',(#5868,#5869,#5870,#5891));
#5868 = ORIENTED_EDGE('',*,*,#5795,.F.);
#5869 = ORIENTED_EDGE('',*,*,#5429,.T.);
#5870 = ORIENTED_EDGE('',*,*,#5871,.T.);
#5871 = EDGE_CURVE('',#5430,#2677,#5872,.T.);
#5872 = SURFACE_CURVE('',#5873,(#5877,#5884),.PCURVE_S1.);
#5873 = LINE('',#5874,#5875);
#5874 = CARTESIAN_POINT('',(1.51E+03,1.38E+03,450.));
#5875 = VECTOR('',#5876,1.);
#5876 = DIRECTION('',(0.,1.,0.));
#5877 = PCURVE('',#2692,#5878);
#5878 = DEFINITIONAL_REPRESENTATION('',(#5879),#5883);
#5879 = LINE('',#5880,#5881);
#5880 = CARTESIAN_POINT('',(0.,0.));
#5881 = VECTOR('',#5882,1.);
#5882 = DIRECTION('',(0.,-1.));
#5883 = ( GEOMETRIC_REPRESENTATION_CONTEXT(2) 
PARAMETRIC_REPRESENTATION_CONTEXT() REPRESENTATION_CONTEXT('2D SPACE',''
  ) );
#5884 = PCURVE('',#2720,#5885);
#5885 = DEFINITIONAL_REPRESENTATION('',(#5886),#5890);
#5886 = LINE('',#5887,#5888);
#5887 = CARTESIAN_POINT('',(0.,0.));
#5888 = VECTOR('',#5889,1.);
#5889 = DIRECTION('',(0.,1.));
#5890 = ( GEOMETRIC_REPRESENTATION_CONTEXT(2) 
PARAMETRIC_REPRESENTATION_CONTEXT() REPRESENTATION_CONTEXT('2D SPACE',''
  ) );
#5891 = ORIENTED_EDGE('',*,*,#2676,.T.);
#5892 = ADVANCED_FACE('',(#5893),#2720,.T.);
#5893 = FACE_BOUND('',#5894,.T.);
#5894 = EDGE_LOOP('',(#5895,#5896,#5897,#5898));
#5895 = ORIENTED_EDGE('',*,*,#5871,.F.);
#5896 = ORIENTED_EDGE('',*,*,#5450,.T.);
#5897 = ORIENTED_EDGE('',*,*,#5844,.T.);
#5898 = ORIENTED_EDGE('',*,*,#2704,.F.);
#5899 = ADVANCED_FACE('',(#5900),#2778,.F.);
#5900 = FACE_BOUND('',#5901,.F.);
#5901 = EDGE_LOOP('',(#5902,#5923,#5924,#5945));
#5902 = ORIENTED_EDGE('',*,*,#5903,.F.);
#5903 = EDGE_CURVE('',#5493,#2761,#5904,.T.);
#5904 = SURFACE_CURVE('',#5905,(#5909,#5916),.PCURVE_S1.);
#5905 = LINE('',#5906,#5907);
#5906 = CARTESIAN_POINT('',(2.61E+03,1.38E+03,590.));
#5907 = VECTOR('',#5908,1.);
#5908 = DIRECTION('',(0.,1.,0.));
#5909 = PCURVE('',#2778,#5910);
#5910 = DEFINITIONAL_REPRESENTATION('',(#5911),#5915);
#5911 = LINE('',#5912,#5913);
#5912 = CARTESIAN_POINT('',(0.,0.));
#5913 = VECTOR('',#5914,1.);
#5914 = DIRECTION('',(0.,1.));
#5915 = ( GEOMETRIC_REPRESENTATION_CONTEXT(2) 
PARAMETRIC_REPRESENTATION_CONTEXT() REPRESENTATION_CONTEXT('2D SPACE',''
  ) );
#5916 = PCURVE('',#2806,#5917);
#5917 = DEFINITIONAL_REPRESENTATION('',(#5918),#5922);
#5918 = LINE('',#5919,#5920);
#5919 = CARTESIAN_POINT('',(140.,0.));
#5920 = VECTOR('',#5921,1.);
#5921 = DIRECTION('',(0.,-1.));
#5922 = ( GEOMETRIC_REPRESENTATION_CONTEXT(2) 
PARAMETRIC_REPRESENTATION_CONTEXT() REPRESENTATION_CONTEXT('2D SPACE',''
  ) );
#5923 = ORIENTED_EDGE('',*,*,#5492,.T.);
#5924 = ORIENTED_EDGE('',*,*,#5925,.T.);
#5925 = EDGE_CURVE('',#5495,#2763,#5926,.T.);
#5926 = SURFACE_CURVE('',#5927,(#5931,#5938),.PCURVE_S1.);
#5927 = LINE('',#5928,#5929);
#5928 = CARTESIAN_POINT('',(2.99E+03,1.38E+03,590.));
#5929 = VECTOR('',#5930,1.);
#5930 = DIRECTION('',(0.,1.,0.));
#5931 = PCURVE('',#2778,#5932);
#5932 = DEFINITIONAL_REPRESENTATION('',(#5933),#5937);
#5933 = LINE('',#5934,#5935);
#5934 = CARTESIAN_POINT('',(380.,0.));
#5935 = VECTOR('',#5936,1.);
#5936 = DIRECTION('',(0.,1.));
#5937 = ( GEOMETRIC_REPRESENTATION_CONTEXT(2) 
PARAMETRIC_REPRESENTATION_CONTEXT() REPRESENTATION_CONTEXT('2D SPACE',''
  ) );
#5938 = PCURVE('',#2860,#5939);
#5939 = DEFINITIONAL_REPRESENTATION('',(#5940),#5944);
#5940 = LINE('',#5941,#5942);
#5941 = CARTESIAN_POINT('',(140.,0.));
#5942 = VECTOR('',#5943,1.);
#5943 = DIRECTION('',(0.,-1.));
#5944 = ( GEOMETRIC_REPRESENTATION_CONTEXT(2) 
PARAMETRIC_REPRESENTATION_CONTEXT() REPRESENTATION_CONTEXT('2D SPACE',''
  ) );
#5945 = ORIENTED_EDGE('',*,*,#2760,.F.);
#5946 = ADVANCED_FACE('',(#5947),#2860,.F.);
#5947 = FACE_BOUND('',#5948,.F.);
#5948 = EDGE_LOOP('',(#5949,#5950,#5951,#5972));
#5949 = ORIENTED_EDGE('',*,*,#5925,.F.);
#5950 = ORIENTED_EDGE('',*,*,#5557,.T.);
#5951 = ORIENTED_EDGE('',*,*,#5952,.T.);
#5952 = EDGE_CURVE('',#5537,#2819,#5953,.T.);
#5953 = SURFACE_CURVE('',#5954,(#5958,#5965),.PCURVE_S1.);
#5954 = LINE('',#5955,#5956);
#5955 = CARTESIAN_POINT('',(2.99E+03,1.38E+03,450.));
#5956 = VECTOR('',#5957,1.);
#5957 = DIRECTION('',(0.,1.,0.));
#5958 = PCURVE('',#2860,#5959);
#5959 = DEFINITIONAL_REPRESENTATION('',(#5960),#5964);
#5960 = LINE('',#5961,#5962);
#5961 = CARTESIAN_POINT('',(0.,0.));
#5962 = VECTOR('',#5963,1.);
#5963 = DIRECTION('',(0.,-1.));
#5964 = ( GEOMETRIC_REPRESENTATION_CONTEXT(2) 
PARAMETRIC_REPRESENTATION_CONTEXT() REPRESENTATION_CONTEXT('2D SPACE',''
  ) );
#5965 = PCURVE('',#2834,#5966);
#5966 = DEFINITIONAL_REPRESENTATION('',(#5967),#5971);
#5967 = LINE('',#5968,#5969);
#5968 = CARTESIAN_POINT('',(380.,0.));
#5969 = VECTOR('',#5970,1.);
#5970 = DIRECTION('',(0.,1.));
#5971 = ( GEOMETRIC_REPRESENTATION_CONTEXT(2) 
PARAMETRIC_REPRESENTATION_CONTEXT() REPRESENTATION_CONTEXT('2D SPACE',''
  ) );
#5972 = ORIENTED_EDGE('',*,*,#2846,.T.);
#5973 = ADVANCED_FACE('',(#5974),#2834,.T.);
#5974 = FACE_BOUND('',#5975,.T.);
#5975 = EDGE_LOOP('',(#5976,#5997,#5998,#5999));
#5976 = ORIENTED_EDGE('',*,*,#5977,.F.);
#5977 = EDGE_CURVE('',#5516,#2791,#5978,.T.);
#5978 = SURFACE_CURVE('',#5979,(#5983,#5990),.PCURVE_S1.);
#5979 = LINE('',#5980,#5981);
#5980 = CARTESIAN_POINT('',(2.61E+03,1.38E+03,450.));
#5981 = VECTOR('',#5982,1.);
#5982 = DIRECTION('',(0.,1.,0.));
#5983 = PCURVE('',#2834,#5984);
#5984 = DEFINITIONAL_REPRESENTATION('',(#5985),#5989);
#5985 = LINE('',#5986,#5987);
#5986 = CARTESIAN_POINT('',(0.,0.));
#5987 = VECTOR('',#5988,1.);
#5988 = DIRECTION('',(0.,1.));
#5989 = ( GEOMETRIC_REPRESENTATION_CONTEXT(2) 
PARAMETRIC_REPRESENTATION_CONTEXT() REPRESENTATION_CONTEXT('2D SPACE',''
  ) );
#5990 = PCURVE('',#2806,#5991);
#5991 = DEFINITIONAL_REPRESENTATION('',(#5992),#5996);
#5992 = LINE('',#5993,#5994);
#5993 = CARTESIAN_POINT('',(0.,0.));
#5994 = VECTOR('',#5995,1.);
#5995 = DIRECTION('',(0.,-1.));
#5996 = ( GEOMETRIC_REPRESENTATION_CONTEXT(2) 
PARAMETRIC_REPRESENTATION_CONTEXT() REPRESENTATION_CONTEXT('2D SPACE',''
  ) );
#5997 = ORIENTED_EDGE('',*,*,#5536,.T.);
#5998 = ORIENTED_EDGE('',*,*,#5952,.T.);
#5999 = ORIENTED_EDGE('',*,*,#2818,.F.);
#6000 = ADVANCED_FACE('',(#6001),#2806,.T.);
#6001 = FACE_BOUND('',#6002,.T.);
#6002 = EDGE_LOOP('',(#6003,#6004,#6005,#6006));
#6003 = ORIENTED_EDGE('',*,*,#5903,.F.);
#6004 = ORIENTED_EDGE('',*,*,#5515,.T.);
#6005 = ORIENTED_EDGE('',*,*,#5977,.T.);
#6006 = ORIENTED_EDGE('',*,*,#2790,.T.);
#6007 = ADVANCED_FACE('',(#6008),#3089,.T.);
#6008 = FACE_BOUND('',#6009,.T.);
#6009 = EDGE_LOOP('',(#6010,#6011,#6012,#6013,#6041,#6064,#6086,#6087));
#6010 = ORIENTED_EDGE('',*,*,#3073,.F.);
#6011 = ORIENTED_EDGE('',*,*,#3911,.T.);
#6012 = ORIENTED_EDGE('',*,*,#3364,.T.);
#6013 = ORIENTED_EDGE('',*,*,#6014,.F.);
#6014 = EDGE_CURVE('',#6015,#3367,#6017,.T.);
#6015 = VERTEX_POINT('',#6016);
#6016 = CARTESIAN_POINT('',(5.975E+03,-1.355E+03,40.));
#6017 = SURFACE_CURVE('',#6018,(#6023,#6034),.PCURVE_S1.);
#6018 = CIRCLE('',#6019,70.);
#6019 = AXIS2_PLACEMENT_3D('',#6020,#6021,#6022);
#6020 = CARTESIAN_POINT('',(5.905E+03,-1.355E+03,40.));
#6021 = DIRECTION('',(-0.,-0.,-1.));
#6022 = DIRECTION('',(0.,-1.,0.));
#6023 = PCURVE('',#3089,#6024);
#6024 = DEFINITIONAL_REPRESENTATION('',(#6025),#6033);
#6025 = ( BOUNDED_CURVE() B_SPLINE_CURVE(2,(#6026,#6027,#6028,#6029,
#6030,#6031,#6032),.UNSPECIFIED.,.T.,.F.) B_SPLINE_CURVE_WITH_KNOTS((1,2
    ,2,2,2,1),(-2.094395102393,0.,2.094395102393,4.188790204786,
6.28318530718,8.377580409573),.UNSPECIFIED.) CURVE() 
GEOMETRIC_REPRESENTATION_ITEM() RATIONAL_B_SPLINE_CURVE((1.,0.5,1.,0.5,
1.,0.5,1.)) REPRESENTATION_ITEM('') );
#6026 = CARTESIAN_POINT('',(1.188E+04,0.));
#6027 = CARTESIAN_POINT('',(1.175875644347E+04,0.));
#6028 = CARTESIAN_POINT('',(1.181937822174E+04,105.));
#6029 = CARTESIAN_POINT('',(1.188E+04,210.));
#6030 = CARTESIAN_POINT('',(1.194062177826E+04,105.));
#6031 = CARTESIAN_POINT('',(1.200124355653E+04,1.136868377216E-13));
#6032 = CARTESIAN_POINT('',(1.188E+04,0.));
#6033 = ( GEOMETRIC_REPRESENTATION_CONTEXT(2) 
PARAMETRIC_REPRESENTATION_CONTEXT() REPRESENTATION_CONTEXT('2D SPACE',''
  ) );
#6034 = PCURVE('',#3551,#6035);
#6035 = DEFINITIONAL_REPRESENTATION('',(#6036),#6040);
#6036 = LINE('',#6037,#6038);
#6037 = CARTESIAN_POINT('',(4.712388980385,-0.));
#6038 = VECTOR('',#6039,1.);
#6039 = DIRECTION('',(-1.,0.));
#6040 = ( GEOMETRIC_REPRESENTATION_CONTEXT(2) 
PARAMETRIC_REPRESENTATION_CONTEXT() REPRESENTATION_CONTEXT('2D SPACE',''
  ) );
#6041 = ORIENTED_EDGE('',*,*,#6042,.T.);
#6042 = EDGE_CURVE('',#6015,#6043,#6045,.T.);
#6043 = VERTEX_POINT('',#6044);
#6044 = CARTESIAN_POINT('',(5.975E+03,1.355E+03,40.));
#6045 = SURFACE_CURVE('',#6046,(#6050,#6057),.PCURVE_S1.);
#6046 = LINE('',#6047,#6048);
#6047 = CARTESIAN_POINT('',(5.975E+03,-1.425E+03,40.));
#6048 = VECTOR('',#6049,1.);
#6049 = DIRECTION('',(0.,1.,0.));
#6050 = PCURVE('',#3089,#6051);
#6051 = DEFINITIONAL_REPRESENTATION('',(#6052),#6056);
#6052 = LINE('',#6053,#6054);
#6053 = CARTESIAN_POINT('',(1.195E+04,0.));
#6054 = VECTOR('',#6055,1.);
#6055 = DIRECTION('',(0.,1.));
#6056 = ( GEOMETRIC_REPRESENTATION_CONTEXT(2) 
PARAMETRIC_REPRESENTATION_CONTEXT() REPRESENTATION_CONTEXT('2D SPACE',''
  ) );
#6057 = PCURVE('',#3247,#6058);
#6058 = DEFINITIONAL_REPRESENTATION('',(#6059),#6063);
#6059 = LINE('',#6060,#6061);
#6060 = CARTESIAN_POINT('',(0.,0.));
#6061 = VECTOR('',#6062,1.);
#6062 = DIRECTION('',(0.,-1.));
#6063 = ( GEOMETRIC_REPRESENTATION_CONTEXT(2) 
PARAMETRIC_REPRESENTATION_CONTEXT() REPRESENTATION_CONTEXT('2D SPACE',''
  ) );
#6064 = ORIENTED_EDGE('',*,*,#6065,.T.);
#6065 = EDGE_CURVE('',#6043,#5185,#6066,.T.);
#6066 = SURFACE_CURVE('',#6067,(#6072,#6079),.PCURVE_S1.);
#6067 = CIRCLE('',#6068,70.);
#6068 = AXIS2_PLACEMENT_3D('',#6069,#6070,#6071);
#6069 = CARTESIAN_POINT('',(5.905E+03,1.355E+03,40.));
#6070 = DIRECTION('',(0.,0.,1.));
#6071 = DIRECTION('',(0.,-1.,0.));
#6072 = PCURVE('',#3089,#6073);
#6073 = DEFINITIONAL_REPRESENTATION('',(#6074),#6078);
#6074 = CIRCLE('',#6075,70.);
#6075 = AXIS2_PLACEMENT_2D('',#6076,#6077);
#6076 = CARTESIAN_POINT('',(1.188E+04,2.78E+03));
#6077 = DIRECTION('',(0.,-1.));
#6078 = ( GEOMETRIC_REPRESENTATION_CONTEXT(2) 
PARAMETRIC_REPRESENTATION_CONTEXT() REPRESENTATION_CONTEXT('2D SPACE',''
  ) );
#6079 = PCURVE('',#4944,#6080);
#6080 = DEFINITIONAL_REPRESENTATION('',(#6081),#6085);
#6081 = LINE('',#6082,#6083);
#6082 = CARTESIAN_POINT('',(-1.570796326795,0.));
#6083 = VECTOR('',#6084,1.);
#6084 = DIRECTION('',(1.,0.));
#6085 = ( GEOMETRIC_REPRESENTATION_CONTEXT(2) 
PARAMETRIC_REPRESENTATION_CONTEXT() REPRESENTATION_CONTEXT('2D SPACE',''
  ) );
#6086 = ORIENTED_EDGE('',*,*,#5184,.F.);
#6087 = ORIENTED_EDGE('',*,*,#5131,.F.);
#6088 = ADVANCED_FACE('',(#6089),#3247,.F.);
#6089 = FACE_BOUND('',#6090,.F.);
#6090 = EDGE_LOOP('',(#6091,#6092,#6093,#6114,#6115,#6136));
#6091 = ORIENTED_EDGE('',*,*,#3231,.F.);
#6092 = ORIENTED_EDGE('',*,*,#4569,.F.);
#6093 = ORIENTED_EDGE('',*,*,#6094,.F.);
#6094 = EDGE_CURVE('',#6015,#4424,#6095,.T.);
#6095 = SURFACE_CURVE('',#6096,(#6100,#6107),.PCURVE_S1.);
#6096 = LINE('',#6097,#6098);
#6097 = CARTESIAN_POINT('',(5.975E+03,-1.355E+03,40.));
#6098 = VECTOR('',#6099,1.);
#6099 = DIRECTION('',(0.,0.,1.));
#6100 = PCURVE('',#3247,#6101);
#6101 = DEFINITIONAL_REPRESENTATION('',(#6102),#6106);
#6102 = LINE('',#6103,#6104);
#6103 = CARTESIAN_POINT('',(0.,-70.));
#6104 = VECTOR('',#6105,1.);
#6105 = DIRECTION('',(1.,0.));
#6106 = ( GEOMETRIC_REPRESENTATION_CONTEXT(2) 
PARAMETRIC_REPRESENTATION_CONTEXT() REPRESENTATION_CONTEXT('2D SPACE',''
  ) );
#6107 = PCURVE('',#3551,#6108);
#6108 = DEFINITIONAL_REPRESENTATION('',(#6109),#6113);
#6109 = LINE('',#6110,#6111);
#6110 = CARTESIAN_POINT('',(-0.,0.));
#6111 = VECTOR('',#6112,1.);
#6112 = DIRECTION('',(-0.,1.));
#6113 = ( GEOMETRIC_REPRESENTATION_CONTEXT(2) 
PARAMETRIC_REPRESENTATION_CONTEXT() REPRESENTATION_CONTEXT('2D SPACE',''
  ) );
#6114 = ORIENTED_EDGE('',*,*,#6042,.T.);
#6115 = ORIENTED_EDGE('',*,*,#6116,.T.);
#6116 = EDGE_CURVE('',#6043,#4722,#6117,.T.);
#6117 = SURFACE_CURVE('',#6118,(#6122,#6129),.PCURVE_S1.);
#6118 = LINE('',#6119,#6120);
#6119 = CARTESIAN_POINT('',(5.975E+03,1.355E+03,40.));
#6120 = VECTOR('',#6121,1.);
#6121 = DIRECTION('',(0.,0.,1.));
#6122 = PCURVE('',#3247,#6123);
#6123 = DEFINITIONAL_REPRESENTATION('',(#6124),#6128);
#6124 = LINE('',#6125,#6126);
#6125 = CARTESIAN_POINT('',(0.,-2.78E+03));
#6126 = VECTOR('',#6127,1.);
#6127 = DIRECTION('',(1.,0.));
#6128 = ( GEOMETRIC_REPRESENTATION_CONTEXT(2) 
PARAMETRIC_REPRESENTATION_CONTEXT() REPRESENTATION_CONTEXT('2D SPACE',''
  ) );
#6129 = PCURVE('',#4944,#6130);
#6130 = DEFINITIONAL_REPRESENTATION('',(#6131),#6135);
#6131 = LINE('',#6132,#6133);
#6132 = CARTESIAN_POINT('',(0.,0.));
#6133 = VECTOR('',#6134,1.);
#6134 = DIRECTION('',(0.,1.));
#6135 = ( GEOMETRIC_REPRESENTATION_CONTEXT(2) 
PARAMETRIC_REPRESENTATION_CONTEXT() REPRESENTATION_CONTEXT('2D SPACE',''
  ) );
#6136 = ORIENTED_EDGE('',*,*,#4721,.T.);
#6137 = ADVANCED_FACE('',(#6138),#3551,.F.);
#6138 = FACE_BOUND('',#6139,.T.);
#6139 = EDGE_LOOP('',(#6140,#6141,#6142,#6143));
#6140 = ORIENTED_EDGE('',*,*,#6094,.F.);
#6141 = ORIENTED_EDGE('',*,*,#6014,.T.);
#6142 = ORIENTED_EDGE('',*,*,#3537,.T.);
#6143 = ORIENTED_EDGE('',*,*,#4423,.T.);
#6144 = ADVANCED_FACE('',(#6145),#4944,.F.);
#6145 = FACE_BOUND('',#6146,.F.);
#6146 = EDGE_LOOP('',(#6147,#6148,#6149,#6150));
#6147 = ORIENTED_EDGE('',*,*,#6116,.F.);
#6148 = ORIENTED_EDGE('',*,*,#6065,.T.);
#6149 = ORIENTED_EDGE('',*,*,#5211,.T.);
#6150 = ORIENTED_EDGE('',*,*,#4846,.F.);
#6151 = ( GEOMETRIC_REPRESENTATION_CONTEXT(3) 
GLOBAL_UNCERTAINTY_ASSIGNED_CONTEXT((#6155)) 
GLOBAL_UNIT_ASSIGNED_CONTEXT((#6152,#6153,#6154)) REPRESENTATION_CONTEXT
('Context #1','3D Context with UNIT and UNCERTAINTY') );
#6152 = ( LENGTH_UNIT() NAMED_UNIT(*) SI_UNIT(.MILLI.,.METRE.) );
#6153 = ( NAMED_UNIT(*) PLANE_ANGLE_UNIT() SI_UNIT($,.RADIAN.) );
#6154 = ( NAMED_UNIT(*) SI_UNIT($,.STERADIAN.) SOLID_ANGLE_UNIT() );
#6155 = UNCERTAINTY_MEASURE_WITH_UNIT(LENGTH_MEASURE(2.E-07),#6152,
  'distance_accuracy_value','confusion accuracy');
#6156 = CONTEXT_DEPENDENT_SHAPE_REPRESENTATION(#6157,#6159);
#6157 = ( REPRESENTATION_RELATIONSHIP('','',#36,#10) 
REPRESENTATION_RELATIONSHIP_WITH_TRANSFORMATION(#6158) 
SHAPE_REPRESENTATION_RELATIONSHIP() );
#6158 = ITEM_DEFINED_TRANSFORMATION('','',#11,#15);
#6159 = PRODUCT_DEFINITION_SHAPE('Placement','Placement of an item',
  #6160);
#6160 = NEXT_ASSEMBLY_USAGE_OCCURRENCE('3','outer_shell','',#5,#31,$);
#6161 = PRODUCT_RELATED_PRODUCT_CATEGORY('part',$,(#33));
#6162 = SHAPE_DEFINITION_REPRESENTATION(#6163,#6169);
#6163 = PRODUCT_DEFINITION_SHAPE('','',#6164);
#6164 = PRODUCT_DEFINITION('design','',#6165,#6168);
#6165 = PRODUCT_DEFINITION_FORMATION('','',#6166);
#6166 = PRODUCT('frame_skeleton','frame_skeleton','',(#6167));
#6167 = PRODUCT_CONTEXT('',#2,'mechanical');
#6168 = PRODUCT_DEFINITION_CONTEXT('part definition',#2,'design');
#6169 = SHAPE_REPRESENTATION('',(#11,#6170,#11282),#14188);
#6170 = MANIFOLD_SOLID_BREP('',#6171);
#6171 = CLOSED_SHELL('',(#6172,#6292,#7110,#7159,#7208,#7235,#7242,#7316
    ,#7363,#7410,#7435,#7504,#7551,#7598,#7623,#7692,#7845,#7983,#8008,
    #8077,#8336,#8565,#8590,#8659,#8812,#8950,#8975,#9044,#9091,#9138,
    #9163,#9232,#9279,#9326,#9351,#9562,#9696,#9745,#9860,#9867,#9894,
    #10014,#10061,#10172,#10197,#10312,#10359,#10470,#10477,#10502,
    #10527,#10651,#10700,#10815,#10822,#10849,#10925,#10974,#11023,
    #11050,#11125,#11152,#11253,#11268,#11275));
#6172 = ADVANCED_FACE('',(#6173),#6187,.F.);
#6173 = FACE_BOUND('',#6174,.F.);
#6174 = EDGE_LOOP('',(#6175,#6210,#6238,#6266));
#6175 = ORIENTED_EDGE('',*,*,#6176,.F.);
#6176 = EDGE_CURVE('',#6177,#6179,#6181,.T.);
#6177 = VERTEX_POINT('',#6178);
#6178 = CARTESIAN_POINT('',(-5.5E+03,1.22E+03,850.));
#6179 = VERTEX_POINT('',#6180);
#6180 = CARTESIAN_POINT('',(-5.5E+03,1.22E+03,1.01E+03));
#6181 = SURFACE_CURVE('',#6182,(#6186,#6198),.PCURVE_S1.);
#6182 = LINE('',#6183,#6184);
#6183 = CARTESIAN_POINT('',(-5.5E+03,1.22E+03,850.));
#6184 = VECTOR('',#6185,1.);
#6185 = DIRECTION('',(0.,0.,1.));
#6186 = PCURVE('',#6187,#6192);
#6187 = PLANE('',#6188);
#6188 = AXIS2_PLACEMENT_3D('',#6189,#6190,#6191);
#6189 = CARTESIAN_POINT('',(-5.5E+03,1.22E+03,850.));
#6190 = DIRECTION('',(1.,0.,0.));
#6191 = DIRECTION('',(0.,0.,1.));
#6192 = DEFINITIONAL_REPRESENTATION('',(#6193),#6197);
#6193 = LINE('',#6194,#6195);
#6194 = CARTESIAN_POINT('',(0.,0.));
#6195 = VECTOR('',#6196,1.);
#6196 = DIRECTION('',(1.,0.));
#6197 = ( GEOMETRIC_REPRESENTATION_CONTEXT(2) 
PARAMETRIC_REPRESENTATION_CONTEXT() REPRESENTATION_CONTEXT('2D SPACE',''
  ) );
#6198 = PCURVE('',#6199,#6204);
#6199 = PLANE('',#6200);
#6200 = AXIS2_PLACEMENT_3D('',#6201,#6202,#6203);
#6201 = CARTESIAN_POINT('',(-5.5E+03,1.22E+03,850.));
#6202 = DIRECTION('',(0.,1.,0.));
#6203 = DIRECTION('',(0.,0.,1.));
#6204 = DEFINITIONAL_REPRESENTATION('',(#6205),#6209);
#6205 = LINE('',#6206,#6207);
#6206 = CARTESIAN_POINT('',(0.,0.));
#6207 = VECTOR('',#6208,1.);
#6208 = DIRECTION('',(1.,0.));
#6209 = ( GEOMETRIC_REPRESENTATION_CONTEXT(2) 
PARAMETRIC_REPRESENTATION_CONTEXT() REPRESENTATION_CONTEXT('2D SPACE',''
  ) );
#6210 = ORIENTED_EDGE('',*,*,#6211,.T.);
#6211 = EDGE_CURVE('',#6177,#6212,#6214,.T.);
#6212 = VERTEX_POINT('',#6213);
#6213 = CARTESIAN_POINT('',(-5.5E+03,1.3E+03,850.));
#6214 = SURFACE_CURVE('',#6215,(#6219,#6226),.PCURVE_S1.);
#6215 = LINE('',#6216,#6217);
#6216 = CARTESIAN_POINT('',(-5.5E+03,1.22E+03,850.));
#6217 = VECTOR('',#6218,1.);
#6218 = DIRECTION('',(0.,1.,0.));
#6219 = PCURVE('',#6187,#6220);
#6220 = DEFINITIONAL_REPRESENTATION('',(#6221),#6225);
#6221 = LINE('',#6222,#6223);
#6222 = CARTESIAN_POINT('',(0.,0.));
#6223 = VECTOR('',#6224,1.);
#6224 = DIRECTION('',(0.,-1.));
#6225 = ( GEOMETRIC_REPRESENTATION_CONTEXT(2) 
PARAMETRIC_REPRESENTATION_CONTEXT() REPRESENTATION_CONTEXT('2D SPACE',''
  ) );
#6226 = PCURVE('',#6227,#6232);
#6227 = PLANE('',#6228);
#6228 = AXIS2_PLACEMENT_3D('',#6229,#6230,#6231);
#6229 = CARTESIAN_POINT('',(-5.5E+03,1.22E+03,850.));
#6230 = DIRECTION('',(0.,0.,1.));
#6231 = DIRECTION('',(1.,0.,0.));
#6232 = DEFINITIONAL_REPRESENTATION('',(#6233),#6237);
#6233 = LINE('',#6234,#6235);
#6234 = CARTESIAN_POINT('',(0.,0.));
#6235 = VECTOR('',#6236,1.);
#6236 = DIRECTION('',(0.,1.));
#6237 = ( GEOMETRIC_REPRESENTATION_CONTEXT(2) 
PARAMETRIC_REPRESENTATION_CONTEXT() REPRESENTATION_CONTEXT('2D SPACE',''
  ) );
#6238 = ORIENTED_EDGE('',*,*,#6239,.T.);
#6239 = EDGE_CURVE('',#6212,#6240,#6242,.T.);
#6240 = VERTEX_POINT('',#6241);
#6241 = CARTESIAN_POINT('',(-5.5E+03,1.3E+03,1.01E+03));
#6242 = SURFACE_CURVE('',#6243,(#6247,#6254),.PCURVE_S1.);
#6243 = LINE('',#6244,#6245);
#6244 = CARTESIAN_POINT('',(-5.5E+03,1.3E+03,850.));
#6245 = VECTOR('',#6246,1.);
#6246 = DIRECTION('',(0.,0.,1.));
#6247 = PCURVE('',#6187,#6248);
#6248 = DEFINITIONAL_REPRESENTATION('',(#6249),#6253);
#6249 = LINE('',#6250,#6251);
#6250 = CARTESIAN_POINT('',(0.,-80.));
#6251 = VECTOR('',#6252,1.);
#6252 = DIRECTION('',(1.,0.));
#6253 = ( GEOMETRIC_REPRESENTATION_CONTEXT(2) 
PARAMETRIC_REPRESENTATION_CONTEXT() REPRESENTATION_CONTEXT('2D SPACE',''
  ) );
#6254 = PCURVE('',#6255,#6260);
#6255 = PLANE('',#6256);
#6256 = AXIS2_PLACEMENT_3D('',#6257,#6258,#6259);
#6257 = CARTESIAN_POINT('',(-5.5E+03,1.3E+03,850.));
#6258 = DIRECTION('',(0.,1.,0.));
#6259 = DIRECTION('',(0.,0.,1.));
#6260 = DEFINITIONAL_REPRESENTATION('',(#6261),#6265);
#6261 = LINE('',#6262,#6263);
#6262 = CARTESIAN_POINT('',(0.,0.));
#6263 = VECTOR('',#6264,1.);
#6264 = DIRECTION('',(1.,0.));
#6265 = ( GEOMETRIC_REPRESENTATION_CONTEXT(2) 
PARAMETRIC_REPRESENTATION_CONTEXT() REPRESENTATION_CONTEXT('2D SPACE',''
  ) );
#6266 = ORIENTED_EDGE('',*,*,#6267,.F.);
#6267 = EDGE_CURVE('',#6179,#6240,#6268,.T.);
#6268 = SURFACE_CURVE('',#6269,(#6273,#6280),.PCURVE_S1.);
#6269 = LINE('',#6270,#6271);
#6270 = CARTESIAN_POINT('',(-5.5E+03,1.22E+03,1.01E+03));
#6271 = VECTOR('',#6272,1.);
#6272 = DIRECTION('',(0.,1.,0.));
#6273 = PCURVE('',#6187,#6274);
#6274 = DEFINITIONAL_REPRESENTATION('',(#6275),#6279);
#6275 = LINE('',#6276,#6277);
#6276 = CARTESIAN_POINT('',(160.,0.));
#6277 = VECTOR('',#6278,1.);
#6278 = DIRECTION('',(0.,-1.));
#6279 = ( GEOMETRIC_REPRESENTATION_CONTEXT(2) 
PARAMETRIC_REPRESENTATION_CONTEXT() REPRESENTATION_CONTEXT('2D SPACE',''
  ) );
#6280 = PCURVE('',#6281,#6286);
#6281 = PLANE('',#6282);
#6282 = AXIS2_PLACEMENT_3D('',#6283,#6284,#6285);
#6283 = CARTESIAN_POINT('',(-5.5E+03,1.22E+03,1.01E+03));
#6284 = DIRECTION('',(0.,0.,1.));
#6285 = DIRECTION('',(1.,0.,0.));
#6286 = DEFINITIONAL_REPRESENTATION('',(#6287),#6291);
#6287 = LINE('',#6288,#6289);
#6288 = CARTESIAN_POINT('',(0.,0.));
#6289 = VECTOR('',#6290,1.);
#6290 = DIRECTION('',(0.,1.));
#6291 = ( GEOMETRIC_REPRESENTATION_CONTEXT(2) 
PARAMETRIC_REPRESENTATION_CONTEXT() REPRESENTATION_CONTEXT('2D SPACE',''
  ) );
#6292 = ADVANCED_FACE('',(#6293,#6368,#6474,#6580,#6686,#6792,#6898,
    #7004),#6199,.F.);
#6293 = FACE_BOUND('',#6294,.F.);
#6294 = EDGE_LOOP('',(#6295,#6318,#6319,#6342));
#6295 = ORIENTED_EDGE('',*,*,#6296,.F.);
#6296 = EDGE_CURVE('',#6177,#6297,#6299,.T.);
#6297 = VERTEX_POINT('',#6298);
#6298 = CARTESIAN_POINT('',(5.5E+03,1.22E+03,850.));
#6299 = SURFACE_CURVE('',#6300,(#6304,#6311),.PCURVE_S1.);
#6300 = LINE('',#6301,#6302);
#6301 = CARTESIAN_POINT('',(-5.5E+03,1.22E+03,850.));
#6302 = VECTOR('',#6303,1.);
#6303 = DIRECTION('',(1.,0.,0.));
#6304 = PCURVE('',#6199,#6305);
#6305 = DEFINITIONAL_REPRESENTATION('',(#6306),#6310);
#6306 = LINE('',#6307,#6308);
#6307 = CARTESIAN_POINT('',(0.,0.));
#6308 = VECTOR('',#6309,1.);
#6309 = DIRECTION('',(0.,1.));
#6310 = ( GEOMETRIC_REPRESENTATION_CONTEXT(2) 
PARAMETRIC_REPRESENTATION_CONTEXT() REPRESENTATION_CONTEXT('2D SPACE',''
  ) );
#6311 = PCURVE('',#6227,#6312);
#6312 = DEFINITIONAL_REPRESENTATION('',(#6313),#6317);
#6313 = LINE('',#6314,#6315);
#6314 = CARTESIAN_POINT('',(0.,0.));
#6315 = VECTOR('',#6316,1.);
#6316 = DIRECTION('',(1.,0.));
#6317 = ( GEOMETRIC_REPRESENTATION_CONTEXT(2) 
PARAMETRIC_REPRESENTATION_CONTEXT() REPRESENTATION_CONTEXT('2D SPACE',''
  ) );
#6318 = ORIENTED_EDGE('',*,*,#6176,.T.);
#6319 = ORIENTED_EDGE('',*,*,#6320,.T.);
#6320 = EDGE_CURVE('',#6179,#6321,#6323,.T.);
#6321 = VERTEX_POINT('',#6322);
#6322 = CARTESIAN_POINT('',(5.5E+03,1.22E+03,1.01E+03));
#6323 = SURFACE_CURVE('',#6324,(#6328,#6335),.PCURVE_S1.);
#6324 = LINE('',#6325,#6326);
#6325 = CARTESIAN_POINT('',(-5.5E+03,1.22E+03,1.01E+03));
#6326 = VECTOR('',#6327,1.);
#6327 = DIRECTION('',(1.,0.,0.));
#6328 = PCURVE('',#6199,#6329);
#6329 = DEFINITIONAL_REPRESENTATION('',(#6330),#6334);
#6330 = LINE('',#6331,#6332);
#6331 = CARTESIAN_POINT('',(160.,0.));
#6332 = VECTOR('',#6333,1.);
#6333 = DIRECTION('',(0.,1.));
#6334 = ( GEOMETRIC_REPRESENTATION_CONTEXT(2) 
PARAMETRIC_REPRESENTATION_CONTEXT() REPRESENTATION_CONTEXT('2D SPACE',''
  ) );
#6335 = PCURVE('',#6281,#6336);
#6336 = DEFINITIONAL_REPRESENTATION('',(#6337),#6341);
#6337 = LINE('',#6338,#6339);
#6338 = CARTESIAN_POINT('',(0.,0.));
#6339 = VECTOR('',#6340,1.);
#6340 = DIRECTION('',(1.,0.));
#6341 = ( GEOMETRIC_REPRESENTATION_CONTEXT(2) 
PARAMETRIC_REPRESENTATION_CONTEXT() REPRESENTATION_CONTEXT('2D SPACE',''
  ) );
#6342 = ORIENTED_EDGE('',*,*,#6343,.F.);
#6343 = EDGE_CURVE('',#6297,#6321,#6344,.T.);
#6344 = SURFACE_CURVE('',#6345,(#6349,#6356),.PCURVE_S1.);
#6345 = LINE('',#6346,#6347);
#6346 = CARTESIAN_POINT('',(5.5E+03,1.22E+03,850.));
#6347 = VECTOR('',#6348,1.);
#6348 = DIRECTION('',(0.,0.,1.));
#6349 = PCURVE('',#6199,#6350);
#6350 = DEFINITIONAL_REPRESENTATION('',(#6351),#6355);
#6351 = LINE('',#6352,#6353);
#6352 = CARTESIAN_POINT('',(0.,1.1E+04));
#6353 = VECTOR('',#6354,1.);
#6354 = DIRECTION('',(1.,0.));
#6355 = ( GEOMETRIC_REPRESENTATION_CONTEXT(2) 
PARAMETRIC_REPRESENTATION_CONTEXT() REPRESENTATION_CONTEXT('2D SPACE',''
  ) );
#6356 = PCURVE('',#6357,#6362);
#6357 = PLANE('',#6358);
#6358 = AXIS2_PLACEMENT_3D('',#6359,#6360,#6361);
#6359 = CARTESIAN_POINT('',(5.5E+03,1.22E+03,850.));
#6360 = DIRECTION('',(1.,0.,0.));
#6361 = DIRECTION('',(0.,0.,1.));
#6362 = DEFINITIONAL_REPRESENTATION('',(#6363),#6367);
#6363 = LINE('',#6364,#6365);
#6364 = CARTESIAN_POINT('',(0.,0.));
#6365 = VECTOR('',#6366,1.);
#6366 = DIRECTION('',(1.,0.));
#6367 = ( GEOMETRIC_REPRESENTATION_CONTEXT(2) 
PARAMETRIC_REPRESENTATION_CONTEXT() REPRESENTATION_CONTEXT('2D SPACE',''
  ) );
#6368 = FACE_BOUND('',#6369,.F.);
#6369 = EDGE_LOOP('',(#6370,#6398,#6424,#6450));
#6370 = ORIENTED_EDGE('',*,*,#6371,.F.);
#6371 = EDGE_CURVE('',#6372,#6374,#6376,.T.);
#6372 = VERTEX_POINT('',#6373);
#6373 = CARTESIAN_POINT('',(-4.74E+03,1.22E+03,990.));
#6374 = VERTEX_POINT('',#6375);
#6375 = CARTESIAN_POINT('',(-4.66E+03,1.22E+03,990.));
#6376 = SURFACE_CURVE('',#6377,(#6381,#6387),.PCURVE_S1.);
#6377 = LINE('',#6378,#6379);
#6378 = CARTESIAN_POINT('',(-5.12E+03,1.22E+03,990.));
#6379 = VECTOR('',#6380,1.);
#6380 = DIRECTION('',(1.,0.,0.));
#6381 = PCURVE('',#6199,#6382);
#6382 = DEFINITIONAL_REPRESENTATION('',(#6383),#6386);
#6383 = B_SPLINE_CURVE_WITH_KNOTS('',1,(#6384,#6385),.UNSPECIFIED.,.F.,
  .F.,(2,2),(380.,460.),.PIECEWISE_BEZIER_KNOTS.);
#6384 = CARTESIAN_POINT('',(140.,760.));
#6385 = CARTESIAN_POINT('',(140.,840.));
#6386 = ( GEOMETRIC_REPRESENTATION_CONTEXT(2) 
PARAMETRIC_REPRESENTATION_CONTEXT() REPRESENTATION_CONTEXT('2D SPACE',''
  ) );
#6387 = PCURVE('',#6388,#6393);
#6388 = PLANE('',#6389);
#6389 = AXIS2_PLACEMENT_3D('',#6390,#6391,#6392);
#6390 = CARTESIAN_POINT('',(-4.74E+03,-1.26E+03,990.));
#6391 = DIRECTION('',(0.,0.,1.));
#6392 = DIRECTION('',(1.,0.,0.));
#6393 = DEFINITIONAL_REPRESENTATION('',(#6394),#6397);
#6394 = B_SPLINE_CURVE_WITH_KNOTS('',1,(#6395,#6396),.UNSPECIFIED.,.F.,
  .F.,(2,2),(380.,460.),.PIECEWISE_BEZIER_KNOTS.);
#6395 = CARTESIAN_POINT('',(0.,2.48E+03));
#6396 = CARTESIAN_POINT('',(80.,2.48E+03));
#6397 = ( GEOMETRIC_REPRESENTATION_CONTEXT(2) 
PARAMETRIC_REPRESENTATION_CONTEXT() REPRESENTATION_CONTEXT('2D SPACE',''
  ) );
#6398 = ORIENTED_EDGE('',*,*,#6399,.T.);
#6399 = EDGE_CURVE('',#6372,#6400,#6402,.T.);
#6400 = VERTEX_POINT('',#6401);
#6401 = CARTESIAN_POINT('',(-4.74E+03,1.22E+03,870.));
#6402 = SURFACE_CURVE('',#6403,(#6407,#6413),.PCURVE_S1.);
#6403 = LINE('',#6404,#6405);
#6404 = CARTESIAN_POINT('',(-4.74E+03,1.22E+03,860.));
#6405 = VECTOR('',#6406,1.);
#6406 = DIRECTION('',(0.,0.,-1.));
#6407 = PCURVE('',#6199,#6408);
#6408 = DEFINITIONAL_REPRESENTATION('',(#6409),#6412);
#6409 = B_SPLINE_CURVE_WITH_KNOTS('',1,(#6410,#6411),.UNSPECIFIED.,.F.,
  .F.,(2,2),(-130.,-10.),.PIECEWISE_BEZIER_KNOTS.);
#6410 = CARTESIAN_POINT('',(140.,760.));
#6411 = CARTESIAN_POINT('',(20.,760.));
#6412 = ( GEOMETRIC_REPRESENTATION_CONTEXT(2) 
PARAMETRIC_REPRESENTATION_CONTEXT() REPRESENTATION_CONTEXT('2D SPACE',''
  ) );
#6413 = PCURVE('',#6414,#6419);
#6414 = PLANE('',#6415);
#6415 = AXIS2_PLACEMENT_3D('',#6416,#6417,#6418);
#6416 = CARTESIAN_POINT('',(-4.74E+03,-1.26E+03,870.));
#6417 = DIRECTION('',(1.,0.,0.));
#6418 = DIRECTION('',(0.,0.,1.));
#6419 = DEFINITIONAL_REPRESENTATION('',(#6420),#6423);
#6420 = B_SPLINE_CURVE_WITH_KNOTS('',1,(#6421,#6422),.UNSPECIFIED.,.F.,
  .F.,(2,2),(-130.,-10.),.PIECEWISE_BEZIER_KNOTS.);
#6421 = CARTESIAN_POINT('',(120.,-2.48E+03));
#6422 = CARTESIAN_POINT('',(0.,-2.48E+03));
#6423 = ( GEOMETRIC_REPRESENTATION_CONTEXT(2) 
PARAMETRIC_REPRESENTATION_CONTEXT() REPRESENTATION_CONTEXT('2D SPACE',''
  ) );
#6424 = ORIENTED_EDGE('',*,*,#6425,.T.);
#6425 = EDGE_CURVE('',#6400,#6426,#6428,.T.);
#6426 = VERTEX_POINT('',#6427);
#6427 = CARTESIAN_POINT('',(-4.66E+03,1.22E+03,870.));
#6428 = SURFACE_CURVE('',#6429,(#6433,#6439),.PCURVE_S1.);
#6429 = LINE('',#6430,#6431);
#6430 = CARTESIAN_POINT('',(-5.12E+03,1.22E+03,870.));
#6431 = VECTOR('',#6432,1.);
#6432 = DIRECTION('',(1.,0.,0.));
#6433 = PCURVE('',#6199,#6434);
#6434 = DEFINITIONAL_REPRESENTATION('',(#6435),#6438);
#6435 = B_SPLINE_CURVE_WITH_KNOTS('',1,(#6436,#6437),.UNSPECIFIED.,.F.,
  .F.,(2,2),(380.,460.),.PIECEWISE_BEZIER_KNOTS.);
#6436 = CARTESIAN_POINT('',(20.,760.));
#6437 = CARTESIAN_POINT('',(20.,840.));
#6438 = ( GEOMETRIC_REPRESENTATION_CONTEXT(2) 
PARAMETRIC_REPRESENTATION_CONTEXT() REPRESENTATION_CONTEXT('2D SPACE',''
  ) );
#6439 = PCURVE('',#6440,#6445);
#6440 = PLANE('',#6441);
#6441 = AXIS2_PLACEMENT_3D('',#6442,#6443,#6444);
#6442 = CARTESIAN_POINT('',(-4.74E+03,-1.26E+03,870.));
#6443 = DIRECTION('',(0.,0.,1.));
#6444 = DIRECTION('',(1.,0.,0.));
#6445 = DEFINITIONAL_REPRESENTATION('',(#6446),#6449);
#6446 = B_SPLINE_CURVE_WITH_KNOTS('',1,(#6447,#6448),.UNSPECIFIED.,.F.,
  .F.,(2,2),(380.,460.),.PIECEWISE_BEZIER_KNOTS.);
#6447 = CARTESIAN_POINT('',(0.,2.48E+03));
#6448 = CARTESIAN_POINT('',(80.,2.48E+03));
#6449 = ( GEOMETRIC_REPRESENTATION_CONTEXT(2) 
PARAMETRIC_REPRESENTATION_CONTEXT() REPRESENTATION_CONTEXT('2D SPACE',''
  ) );
#6450 = ORIENTED_EDGE('',*,*,#6451,.F.);
#6451 = EDGE_CURVE('',#6374,#6426,#6452,.T.);
#6452 = SURFACE_CURVE('',#6453,(#6457,#6463),.PCURVE_S1.);
#6453 = LINE('',#6454,#6455);
#6454 = CARTESIAN_POINT('',(-4.66E+03,1.22E+03,860.));
#6455 = VECTOR('',#6456,1.);
#6456 = DIRECTION('',(0.,0.,-1.));
#6457 = PCURVE('',#6199,#6458);
#6458 = DEFINITIONAL_REPRESENTATION('',(#6459),#6462);
#6459 = B_SPLINE_CURVE_WITH_KNOTS('',1,(#6460,#6461),.UNSPECIFIED.,.F.,
  .F.,(2,2),(-130.,-10.),.PIECEWISE_BEZIER_KNOTS.);
#6460 = CARTESIAN_POINT('',(140.,840.));
#6461 = CARTESIAN_POINT('',(20.,840.));
#6462 = ( GEOMETRIC_REPRESENTATION_CONTEXT(2) 
PARAMETRIC_REPRESENTATION_CONTEXT() REPRESENTATION_CONTEXT('2D SPACE',''
  ) );
#6463 = PCURVE('',#6464,#6469);
#6464 = PLANE('',#6465);
#6465 = AXIS2_PLACEMENT_3D('',#6466,#6467,#6468);
#6466 = CARTESIAN_POINT('',(-4.66E+03,-1.26E+03,870.));
#6467 = DIRECTION('',(1.,0.,0.));
#6468 = DIRECTION('',(0.,0.,1.));
#6469 = DEFINITIONAL_REPRESENTATION('',(#6470),#6473);
#6470 = B_SPLINE_CURVE_WITH_KNOTS('',1,(#6471,#6472),.UNSPECIFIED.,.F.,
  .F.,(2,2),(-130.,-10.),.PIECEWISE_BEZIER_KNOTS.);
#6471 = CARTESIAN_POINT('',(120.,-2.48E+03));
#6472 = CARTESIAN_POINT('',(0.,-2.48E+03));
#6473 = ( GEOMETRIC_REPRESENTATION_CONTEXT(2) 
PARAMETRIC_REPRESENTATION_CONTEXT() REPRESENTATION_CONTEXT('2D SPACE',''
  ) );
#6474 = FACE_BOUND('',#6475,.F.);
#6475 = EDGE_LOOP('',(#6476,#6504,#6530,#6556));
#6476 = ORIENTED_EDGE('',*,*,#6477,.F.);
#6477 = EDGE_CURVE('',#6478,#6480,#6482,.T.);
#6478 = VERTEX_POINT('',#6479);
#6479 = CARTESIAN_POINT('',(-3.24E+03,1.22E+03,990.));
#6480 = VERTEX_POINT('',#6481);
#6481 = CARTESIAN_POINT('',(-3.16E+03,1.22E+03,990.));
#6482 = SURFACE_CURVE('',#6483,(#6487,#6493),.PCURVE_S1.);
#6483 = LINE('',#6484,#6485);
#6484 = CARTESIAN_POINT('',(-4.37E+03,1.22E+03,990.));
#6485 = VECTOR('',#6486,1.);
#6486 = DIRECTION('',(1.,0.,0.));
#6487 = PCURVE('',#6199,#6488);
#6488 = DEFINITIONAL_REPRESENTATION('',(#6489),#6492);
#6489 = B_SPLINE_CURVE_WITH_KNOTS('',1,(#6490,#6491),.UNSPECIFIED.,.F.,
  .F.,(2,2),(1.13E+03,1.21E+03),.PIECEWISE_BEZIER_KNOTS.);
#6490 = CARTESIAN_POINT('',(140.,2.26E+03));
#6491 = CARTESIAN_POINT('',(140.,2.34E+03));
#6492 = ( GEOMETRIC_REPRESENTATION_CONTEXT(2) 
PARAMETRIC_REPRESENTATION_CONTEXT() REPRESENTATION_CONTEXT('2D SPACE',''
  ) );
#6493 = PCURVE('',#6494,#6499);
#6494 = PLANE('',#6495);
#6495 = AXIS2_PLACEMENT_3D('',#6496,#6497,#6498);
#6496 = CARTESIAN_POINT('',(-3.24E+03,-1.26E+03,990.));
#6497 = DIRECTION('',(0.,0.,1.));
#6498 = DIRECTION('',(1.,0.,0.));
#6499 = DEFINITIONAL_REPRESENTATION('',(#6500),#6503);
#6500 = B_SPLINE_CURVE_WITH_KNOTS('',1,(#6501,#6502),.UNSPECIFIED.,.F.,
  .F.,(2,2),(1.13E+03,1.21E+03),.PIECEWISE_BEZIER_KNOTS.);
#6501 = CARTESIAN_POINT('',(0.,2.48E+03));
#6502 = CARTESIAN_POINT('',(80.,2.48E+03));
#6503 = ( GEOMETRIC_REPRESENTATION_CONTEXT(2) 
PARAMETRIC_REPRESENTATION_CONTEXT() REPRESENTATION_CONTEXT('2D SPACE',''
  ) );
#6504 = ORIENTED_EDGE('',*,*,#6505,.T.);
#6505 = EDGE_CURVE('',#6478,#6506,#6508,.T.);
#6506 = VERTEX_POINT('',#6507);
#6507 = CARTESIAN_POINT('',(-3.24E+03,1.22E+03,870.));
#6508 = SURFACE_CURVE('',#6509,(#6513,#6519),.PCURVE_S1.);
#6509 = LINE('',#6510,#6511);
#6510 = CARTESIAN_POINT('',(-3.24E+03,1.22E+03,860.));
#6511 = VECTOR('',#6512,1.);
#6512 = DIRECTION('',(0.,0.,-1.));
#6513 = PCURVE('',#6199,#6514);
#6514 = DEFINITIONAL_REPRESENTATION('',(#6515),#6518);
#6515 = B_SPLINE_CURVE_WITH_KNOTS('',1,(#6516,#6517),.UNSPECIFIED.,.F.,
  .F.,(2,2),(-130.,-10.),.PIECEWISE_BEZIER_KNOTS.);
#6516 = CARTESIAN_POINT('',(140.,2.26E+03));
#6517 = CARTESIAN_POINT('',(20.,2.26E+03));
#6518 = ( GEOMETRIC_REPRESENTATION_CONTEXT(2) 
PARAMETRIC_REPRESENTATION_CONTEXT() REPRESENTATION_CONTEXT('2D SPACE',''
  ) );
#6519 = PCURVE('',#6520,#6525);
#6520 = PLANE('',#6521);
#6521 = AXIS2_PLACEMENT_3D('',#6522,#6523,#6524);
#6522 = CARTESIAN_POINT('',(-3.24E+03,-1.26E+03,870.));
#6523 = DIRECTION('',(1.,0.,0.));
#6524 = DIRECTION('',(0.,0.,1.));
#6525 = DEFINITIONAL_REPRESENTATION('',(#6526),#6529);
#6526 = B_SPLINE_CURVE_WITH_KNOTS('',1,(#6527,#6528),.UNSPECIFIED.,.F.,
  .F.,(2,2),(-130.,-10.),.PIECEWISE_BEZIER_KNOTS.);
#6527 = CARTESIAN_POINT('',(120.,-2.48E+03));
#6528 = CARTESIAN_POINT('',(0.,-2.48E+03));
#6529 = ( GEOMETRIC_REPRESENTATION_CONTEXT(2) 
PARAMETRIC_REPRESENTATION_CONTEXT() REPRESENTATION_CONTEXT('2D SPACE',''
  ) );
#6530 = ORIENTED_EDGE('',*,*,#6531,.T.);
#6531 = EDGE_CURVE('',#6506,#6532,#6534,.T.);
#6532 = VERTEX_POINT('',#6533);
#6533 = CARTESIAN_POINT('',(-3.16E+03,1.22E+03,870.));
#6534 = SURFACE_CURVE('',#6535,(#6539,#6545),.PCURVE_S1.);
#6535 = LINE('',#6536,#6537);
#6536 = CARTESIAN_POINT('',(-4.37E+03,1.22E+03,870.));
#6537 = VECTOR('',#6538,1.);
#6538 = DIRECTION('',(1.,0.,0.));
#6539 = PCURVE('',#6199,#6540);
#6540 = DEFINITIONAL_REPRESENTATION('',(#6541),#6544);
#6541 = B_SPLINE_CURVE_WITH_KNOTS('',1,(#6542,#6543),.UNSPECIFIED.,.F.,
  .F.,(2,2),(1.13E+03,1.21E+03),.PIECEWISE_BEZIER_KNOTS.);
#6542 = CARTESIAN_POINT('',(20.,2.26E+03));
#6543 = CARTESIAN_POINT('',(20.,2.34E+03));
#6544 = ( GEOMETRIC_REPRESENTATION_CONTEXT(2) 
PARAMETRIC_REPRESENTATION_CONTEXT() REPRESENTATION_CONTEXT('2D SPACE',''
  ) );
#6545 = PCURVE('',#6546,#6551);
#6546 = PLANE('',#6547);
#6547 = AXIS2_PLACEMENT_3D('',#6548,#6549,#6550);
#6548 = CARTESIAN_POINT('',(-3.24E+03,-1.26E+03,870.));
#6549 = DIRECTION('',(0.,0.,1.));
#6550 = DIRECTION('',(1.,0.,0.));
#6551 = DEFINITIONAL_REPRESENTATION('',(#6552),#6555);
#6552 = B_SPLINE_CURVE_WITH_KNOTS('',1,(#6553,#6554),.UNSPECIFIED.,.F.,
  .F.,(2,2),(1.13E+03,1.21E+03),.PIECEWISE_BEZIER_KNOTS.);
#6553 = CARTESIAN_POINT('',(0.,2.48E+03));
#6554 = CARTESIAN_POINT('',(80.,2.48E+03));
#6555 = ( GEOMETRIC_REPRESENTATION_CONTEXT(2) 
PARAMETRIC_REPRESENTATION_CONTEXT() REPRESENTATION_CONTEXT('2D SPACE',''
  ) );
#6556 = ORIENTED_EDGE('',*,*,#6557,.F.);
#6557 = EDGE_CURVE('',#6480,#6532,#6558,.T.);
#6558 = SURFACE_CURVE('',#6559,(#6563,#6569),.PCURVE_S1.);
#6559 = LINE('',#6560,#6561);
#6560 = CARTESIAN_POINT('',(-3.16E+03,1.22E+03,860.));
#6561 = VECTOR('',#6562,1.);
#6562 = DIRECTION('',(0.,0.,-1.));
#6563 = PCURVE('',#6199,#6564);
#6564 = DEFINITIONAL_REPRESENTATION('',(#6565),#6568);
#6565 = B_SPLINE_CURVE_WITH_KNOTS('',1,(#6566,#6567),.UNSPECIFIED.,.F.,
  .F.,(2,2),(-130.,-10.),.PIECEWISE_BEZIER_KNOTS.);
#6566 = CARTESIAN_POINT('',(140.,2.34E+03));
#6567 = CARTESIAN_POINT('',(20.,2.34E+03));
#6568 = ( GEOMETRIC_REPRESENTATION_CONTEXT(2) 
PARAMETRIC_REPRESENTATION_CONTEXT() REPRESENTATION_CONTEXT('2D SPACE',''
  ) );
#6569 = PCURVE('',#6570,#6575);
#6570 = PLANE('',#6571);
#6571 = AXIS2_PLACEMENT_3D('',#6572,#6573,#6574);
#6572 = CARTESIAN_POINT('',(-3.16E+03,-1.26E+03,870.));
#6573 = DIRECTION('',(1.,0.,0.));
#6574 = DIRECTION('',(0.,0.,1.));
#6575 = DEFINITIONAL_REPRESENTATION('',(#6576),#6579);
#6576 = B_SPLINE_CURVE_WITH_KNOTS('',1,(#6577,#6578),.UNSPECIFIED.,.F.,
  .F.,(2,2),(-130.,-10.),.PIECEWISE_BEZIER_KNOTS.);
#6577 = CARTESIAN_POINT('',(120.,-2.48E+03));
#6578 = CARTESIAN_POINT('',(0.,-2.48E+03));
#6579 = ( GEOMETRIC_REPRESENTATION_CONTEXT(2) 
PARAMETRIC_REPRESENTATION_CONTEXT() REPRESENTATION_CONTEXT('2D SPACE',''
  ) );
#6580 = FACE_BOUND('',#6581,.F.);
#6581 = EDGE_LOOP('',(#6582,#6610,#6636,#6662));
#6582 = ORIENTED_EDGE('',*,*,#6583,.F.);
#6583 = EDGE_CURVE('',#6584,#6586,#6588,.T.);
#6584 = VERTEX_POINT('',#6585);
#6585 = CARTESIAN_POINT('',(-1.64E+03,1.22E+03,990.));
#6586 = VERTEX_POINT('',#6587);
#6587 = CARTESIAN_POINT('',(-1.56E+03,1.22E+03,990.));
#6588 = SURFACE_CURVE('',#6589,(#6593,#6599),.PCURVE_S1.);
#6589 = LINE('',#6590,#6591);
#6590 = CARTESIAN_POINT('',(-3.57E+03,1.22E+03,990.));
#6591 = VECTOR('',#6592,1.);
#6592 = DIRECTION('',(1.,0.,0.));
#6593 = PCURVE('',#6199,#6594);
#6594 = DEFINITIONAL_REPRESENTATION('',(#6595),#6598);
#6595 = B_SPLINE_CURVE_WITH_KNOTS('',1,(#6596,#6597),.UNSPECIFIED.,.F.,
  .F.,(2,2),(1.93E+03,2.01E+03),.PIECEWISE_BEZIER_KNOTS.);
#6596 = CARTESIAN_POINT('',(140.,3.86E+03));
#6597 = CARTESIAN_POINT('',(140.,3.94E+03));
#6598 = ( GEOMETRIC_REPRESENTATION_CONTEXT(2) 
PARAMETRIC_REPRESENTATION_CONTEXT() REPRESENTATION_CONTEXT('2D SPACE',''
  ) );
#6599 = PCURVE('',#6600,#6605);
#6600 = PLANE('',#6601);
#6601 = AXIS2_PLACEMENT_3D('',#6602,#6603,#6604);
#6602 = CARTESIAN_POINT('',(-1.64E+03,-1.26E+03,990.));
#6603 = DIRECTION('',(0.,0.,1.));
#6604 = DIRECTION('',(1.,0.,0.));
#6605 = DEFINITIONAL_REPRESENTATION('',(#6606),#6609);
#6606 = B_SPLINE_CURVE_WITH_KNOTS('',1,(#6607,#6608),.UNSPECIFIED.,.F.,
  .F.,(2,2),(1.93E+03,2.01E+03),.PIECEWISE_BEZIER_KNOTS.);
#6607 = CARTESIAN_POINT('',(0.,2.48E+03));
#6608 = CARTESIAN_POINT('',(80.,2.48E+03));
#6609 = ( GEOMETRIC_REPRESENTATION_CONTEXT(2) 
PARAMETRIC_REPRESENTATION_CONTEXT() REPRESENTATION_CONTEXT('2D SPACE',''
  ) );
#6610 = ORIENTED_EDGE('',*,*,#6611,.T.);
#6611 = EDGE_CURVE('',#6584,#6612,#6614,.T.);
#6612 = VERTEX_POINT('',#6613);
#6613 = CARTESIAN_POINT('',(-1.64E+03,1.22E+03,870.));
#6614 = SURFACE_CURVE('',#6615,(#6619,#6625),.PCURVE_S1.);
#6615 = LINE('',#6616,#6617);
#6616 = CARTESIAN_POINT('',(-1.64E+03,1.22E+03,860.));
#6617 = VECTOR('',#6618,1.);
#6618 = DIRECTION('',(0.,0.,-1.));
#6619 = PCURVE('',#6199,#6620);
#6620 = DEFINITIONAL_REPRESENTATION('',(#6621),#6624);
#6621 = B_SPLINE_CURVE_WITH_KNOTS('',1,(#6622,#6623),.UNSPECIFIED.,.F.,
  .F.,(2,2),(-130.,-10.),.PIECEWISE_BEZIER_KNOTS.);
#6622 = CARTESIAN_POINT('',(140.,3.86E+03));
#6623 = CARTESIAN_POINT('',(20.,3.86E+03));
#6624 = ( GEOMETRIC_REPRESENTATION_CONTEXT(2) 
PARAMETRIC_REPRESENTATION_CONTEXT() REPRESENTATION_CONTEXT('2D SPACE',''
  ) );
#6625 = PCURVE('',#6626,#6631);
#6626 = PLANE('',#6627);
#6627 = AXIS2_PLACEMENT_3D('',#6628,#6629,#6630);
#6628 = CARTESIAN_POINT('',(-1.64E+03,-1.26E+03,870.));
#6629 = DIRECTION('',(1.,0.,0.));
#6630 = DIRECTION('',(0.,0.,1.));
#6631 = DEFINITIONAL_REPRESENTATION('',(#6632),#6635);
#6632 = B_SPLINE_CURVE_WITH_KNOTS('',1,(#6633,#6634),.UNSPECIFIED.,.F.,
  .F.,(2,2),(-130.,-10.),.PIECEWISE_BEZIER_KNOTS.);
#6633 = CARTESIAN_POINT('',(120.,-2.48E+03));
#6634 = CARTESIAN_POINT('',(0.,-2.48E+03));
#6635 = ( GEOMETRIC_REPRESENTATION_CONTEXT(2) 
PARAMETRIC_REPRESENTATION_CONTEXT() REPRESENTATION_CONTEXT('2D SPACE',''
  ) );
#6636 = ORIENTED_EDGE('',*,*,#6637,.T.);
#6637 = EDGE_CURVE('',#6612,#6638,#6640,.T.);
#6638 = VERTEX_POINT('',#6639);
#6639 = CARTESIAN_POINT('',(-1.56E+03,1.22E+03,870.));
#6640 = SURFACE_CURVE('',#6641,(#6645,#6651),.PCURVE_S1.);
#6641 = LINE('',#6642,#6643);
#6642 = CARTESIAN_POINT('',(-3.57E+03,1.22E+03,870.));
#6643 = VECTOR('',#6644,1.);
#6644 = DIRECTION('',(1.,0.,0.));
#6645 = PCURVE('',#6199,#6646);
#6646 = DEFINITIONAL_REPRESENTATION('',(#6647),#6650);
#6647 = B_SPLINE_CURVE_WITH_KNOTS('',1,(#6648,#6649),.UNSPECIFIED.,.F.,
  .F.,(2,2),(1.93E+03,2.01E+03),.PIECEWISE_BEZIER_KNOTS.);
#6648 = CARTESIAN_POINT('',(20.,3.86E+03));
#6649 = CARTESIAN_POINT('',(20.,3.94E+03));
#6650 = ( GEOMETRIC_REPRESENTATION_CONTEXT(2) 
PARAMETRIC_REPRESENTATION_CONTEXT() REPRESENTATION_CONTEXT('2D SPACE',''
  ) );
#6651 = PCURVE('',#6652,#6657);
#6652 = PLANE('',#6653);
#6653 = AXIS2_PLACEMENT_3D('',#6654,#6655,#6656);
#6654 = CARTESIAN_POINT('',(-1.64E+03,-1.26E+03,870.));
#6655 = DIRECTION('',(0.,0.,1.));
#6656 = DIRECTION('',(1.,0.,0.));
#6657 = DEFINITIONAL_REPRESENTATION('',(#6658),#6661);
#6658 = B_SPLINE_CURVE_WITH_KNOTS('',1,(#6659,#6660),.UNSPECIFIED.,.F.,
  .F.,(2,2),(1.93E+03,2.01E+03),.PIECEWISE_BEZIER_KNOTS.);
#6659 = CARTESIAN_POINT('',(0.,2.48E+03));
#6660 = CARTESIAN_POINT('',(80.,2.48E+03));
#6661 = ( GEOMETRIC_REPRESENTATION_CONTEXT(2) 
PARAMETRIC_REPRESENTATION_CONTEXT() REPRESENTATION_CONTEXT('2D SPACE',''
  ) );
#6662 = ORIENTED_EDGE('',*,*,#6663,.F.);
#6663 = EDGE_CURVE('',#6586,#6638,#6664,.T.);
#6664 = SURFACE_CURVE('',#6665,(#6669,#6675),.PCURVE_S1.);
#6665 = LINE('',#6666,#6667);
#6666 = CARTESIAN_POINT('',(-1.56E+03,1.22E+03,860.));
#6667 = VECTOR('',#6668,1.);
#6668 = DIRECTION('',(0.,0.,-1.));
#6669 = PCURVE('',#6199,#6670);
#6670 = DEFINITIONAL_REPRESENTATION('',(#6671),#6674);
#6671 = B_SPLINE_CURVE_WITH_KNOTS('',1,(#6672,#6673),.UNSPECIFIED.,.F.,
  .F.,(2,2),(-130.,-10.),.PIECEWISE_BEZIER_KNOTS.);
#6672 = CARTESIAN_POINT('',(140.,3.94E+03));
#6673 = CARTESIAN_POINT('',(20.,3.94E+03));
#6674 = ( GEOMETRIC_REPRESENTATION_CONTEXT(2) 
PARAMETRIC_REPRESENTATION_CONTEXT() REPRESENTATION_CONTEXT('2D SPACE',''
  ) );
#6675 = PCURVE('',#6676,#6681);
#6676 = PLANE('',#6677);
#6677 = AXIS2_PLACEMENT_3D('',#6678,#6679,#6680);
#6678 = CARTESIAN_POINT('',(-1.56E+03,-1.26E+03,870.));
#6679 = DIRECTION('',(1.,0.,0.));
#6680 = DIRECTION('',(0.,0.,1.));
#6681 = DEFINITIONAL_REPRESENTATION('',(#6682),#6685);
#6682 = B_SPLINE_CURVE_WITH_KNOTS('',1,(#6683,#6684),.UNSPECIFIED.,.F.,
  .F.,(2,2),(-130.,-10.),.PIECEWISE_BEZIER_KNOTS.);
#6683 = CARTESIAN_POINT('',(120.,-2.48E+03));
#6684 = CARTESIAN_POINT('',(0.,-2.48E+03));
#6685 = ( GEOMETRIC_REPRESENTATION_CONTEXT(2) 
PARAMETRIC_REPRESENTATION_CONTEXT() REPRESENTATION_CONTEXT('2D SPACE',''
  ) );
#6686 = FACE_BOUND('',#6687,.F.);
#6687 = EDGE_LOOP('',(#6688,#6716,#6742,#6768));
#6688 = ORIENTED_EDGE('',*,*,#6689,.F.);
#6689 = EDGE_CURVE('',#6690,#6692,#6694,.T.);
#6690 = VERTEX_POINT('',#6691);
#6691 = CARTESIAN_POINT('',(-40.,1.22E+03,990.));
#6692 = VERTEX_POINT('',#6693);
#6693 = CARTESIAN_POINT('',(40.,1.22E+03,990.));
#6694 = SURFACE_CURVE('',#6695,(#6699,#6705),.PCURVE_S1.);
#6695 = LINE('',#6696,#6697);
#6696 = CARTESIAN_POINT('',(-2.77E+03,1.22E+03,990.));
#6697 = VECTOR('',#6698,1.);
#6698 = DIRECTION('',(1.,0.,0.));
#6699 = PCURVE('',#6199,#6700);
#6700 = DEFINITIONAL_REPRESENTATION('',(#6701),#6704);
#6701 = B_SPLINE_CURVE_WITH_KNOTS('',1,(#6702,#6703),.UNSPECIFIED.,.F.,
  .F.,(2,2),(2.73E+03,2.81E+03),.PIECEWISE_BEZIER_KNOTS.);
#6702 = CARTESIAN_POINT('',(140.,5.46E+03));
#6703 = CARTESIAN_POINT('',(140.,5.54E+03));
#6704 = ( GEOMETRIC_REPRESENTATION_CONTEXT(2) 
PARAMETRIC_REPRESENTATION_CONTEXT() REPRESENTATION_CONTEXT('2D SPACE',''
  ) );
#6705 = PCURVE('',#6706,#6711);
#6706 = PLANE('',#6707);
#6707 = AXIS2_PLACEMENT_3D('',#6708,#6709,#6710);
#6708 = CARTESIAN_POINT('',(-40.,-1.26E+03,990.));
#6709 = DIRECTION('',(0.,0.,1.));
#6710 = DIRECTION('',(1.,0.,0.));
#6711 = DEFINITIONAL_REPRESENTATION('',(#6712),#6715);
#6712 = B_SPLINE_CURVE_WITH_KNOTS('',1,(#6713,#6714),.UNSPECIFIED.,.F.,
  .F.,(2,2),(2.73E+03,2.81E+03),.PIECEWISE_BEZIER_KNOTS.);
#6713 = CARTESIAN_POINT('',(0.,2.48E+03));
#6714 = CARTESIAN_POINT('',(80.,2.48E+03));
#6715 = ( GEOMETRIC_REPRESENTATION_CONTEXT(2) 
PARAMETRIC_REPRESENTATION_CONTEXT() REPRESENTATION_CONTEXT('2D SPACE',''
  ) );
#6716 = ORIENTED_EDGE('',*,*,#6717,.T.);
#6717 = EDGE_CURVE('',#6690,#6718,#6720,.T.);
#6718 = VERTEX_POINT('',#6719);
#6719 = CARTESIAN_POINT('',(-40.,1.22E+03,870.));
#6720 = SURFACE_CURVE('',#6721,(#6725,#6731),.PCURVE_S1.);
#6721 = LINE('',#6722,#6723);
#6722 = CARTESIAN_POINT('',(-40.,1.22E+03,860.));
#6723 = VECTOR('',#6724,1.);
#6724 = DIRECTION('',(0.,0.,-1.));
#6725 = PCURVE('',#6199,#6726);
#6726 = DEFINITIONAL_REPRESENTATION('',(#6727),#6730);
#6727 = B_SPLINE_CURVE_WITH_KNOTS('',1,(#6728,#6729),.UNSPECIFIED.,.F.,
  .F.,(2,2),(-130.,-10.),.PIECEWISE_BEZIER_KNOTS.);
#6728 = CARTESIAN_POINT('',(140.,5.46E+03));
#6729 = CARTESIAN_POINT('',(20.,5.46E+03));
#6730 = ( GEOMETRIC_REPRESENTATION_CONTEXT(2) 
PARAMETRIC_REPRESENTATION_CONTEXT() REPRESENTATION_CONTEXT('2D SPACE',''
  ) );
#6731 = PCURVE('',#6732,#6737);
#6732 = PLANE('',#6733);
#6733 = AXIS2_PLACEMENT_3D('',#6734,#6735,#6736);
#6734 = CARTESIAN_POINT('',(-40.,-1.26E+03,870.));
#6735 = DIRECTION('',(1.,0.,0.));
#6736 = DIRECTION('',(0.,0.,1.));
#6737 = DEFINITIONAL_REPRESENTATION('',(#6738),#6741);
#6738 = B_SPLINE_CURVE_WITH_KNOTS('',1,(#6739,#6740),.UNSPECIFIED.,.F.,
  .F.,(2,2),(-130.,-10.),.PIECEWISE_BEZIER_KNOTS.);
#6739 = CARTESIAN_POINT('',(120.,-2.48E+03));
#6740 = CARTESIAN_POINT('',(0.,-2.48E+03));
#6741 = ( GEOMETRIC_REPRESENTATION_CONTEXT(2) 
PARAMETRIC_REPRESENTATION_CONTEXT() REPRESENTATION_CONTEXT('2D SPACE',''
  ) );
#6742 = ORIENTED_EDGE('',*,*,#6743,.T.);
#6743 = EDGE_CURVE('',#6718,#6744,#6746,.T.);
#6744 = VERTEX_POINT('',#6745);
#6745 = CARTESIAN_POINT('',(40.,1.22E+03,870.));
#6746 = SURFACE_CURVE('',#6747,(#6751,#6757),.PCURVE_S1.);
#6747 = LINE('',#6748,#6749);
#6748 = CARTESIAN_POINT('',(-2.77E+03,1.22E+03,870.));
#6749 = VECTOR('',#6750,1.);
#6750 = DIRECTION('',(1.,0.,0.));
#6751 = PCURVE('',#6199,#6752);
#6752 = DEFINITIONAL_REPRESENTATION('',(#6753),#6756);
#6753 = B_SPLINE_CURVE_WITH_KNOTS('',1,(#6754,#6755),.UNSPECIFIED.,.F.,
  .F.,(2,2),(2.73E+03,2.81E+03),.PIECEWISE_BEZIER_KNOTS.);
#6754 = CARTESIAN_POINT('',(20.,5.46E+03));
#6755 = CARTESIAN_POINT('',(20.,5.54E+03));
#6756 = ( GEOMETRIC_REPRESENTATION_CONTEXT(2) 
PARAMETRIC_REPRESENTATION_CONTEXT() REPRESENTATION_CONTEXT('2D SPACE',''
  ) );
#6757 = PCURVE('',#6758,#6763);
#6758 = PLANE('',#6759);
#6759 = AXIS2_PLACEMENT_3D('',#6760,#6761,#6762);
#6760 = CARTESIAN_POINT('',(-40.,-1.26E+03,870.));
#6761 = DIRECTION('',(0.,0.,1.));
#6762 = DIRECTION('',(1.,0.,0.));
#6763 = DEFINITIONAL_REPRESENTATION('',(#6764),#6767);
#6764 = B_SPLINE_CURVE_WITH_KNOTS('',1,(#6765,#6766),.UNSPECIFIED.,.F.,
  .F.,(2,2),(2.73E+03,2.81E+03),.PIECEWISE_BEZIER_KNOTS.);
#6765 = CARTESIAN_POINT('',(0.,2.48E+03));
#6766 = CARTESIAN_POINT('',(80.,2.48E+03));
#6767 = ( GEOMETRIC_REPRESENTATION_CONTEXT(2) 
PARAMETRIC_REPRESENTATION_CONTEXT() REPRESENTATION_CONTEXT('2D SPACE',''
  ) );
#6768 = ORIENTED_EDGE('',*,*,#6769,.F.);
#6769 = EDGE_CURVE('',#6692,#6744,#6770,.T.);
#6770 = SURFACE_CURVE('',#6771,(#6775,#6781),.PCURVE_S1.);
#6771 = LINE('',#6772,#6773);
#6772 = CARTESIAN_POINT('',(40.,1.22E+03,860.));
#6773 = VECTOR('',#6774,1.);
#6774 = DIRECTION('',(0.,0.,-1.));
#6775 = PCURVE('',#6199,#6776);
#6776 = DEFINITIONAL_REPRESENTATION('',(#6777),#6780);
#6777 = B_SPLINE_CURVE_WITH_KNOTS('',1,(#6778,#6779),.UNSPECIFIED.,.F.,
  .F.,(2,2),(-130.,-10.),.PIECEWISE_BEZIER_KNOTS.);
#6778 = CARTESIAN_POINT('',(140.,5.54E+03));
#6779 = CARTESIAN_POINT('',(20.,5.54E+03));
#6780 = ( GEOMETRIC_REPRESENTATION_CONTEXT(2) 
PARAMETRIC_REPRESENTATION_CONTEXT() REPRESENTATION_CONTEXT('2D SPACE',''
  ) );
#6781 = PCURVE('',#6782,#6787);
#6782 = PLANE('',#6783);
#6783 = AXIS2_PLACEMENT_3D('',#6784,#6785,#6786);
#6784 = CARTESIAN_POINT('',(40.,-1.26E+03,870.));
#6785 = DIRECTION('',(1.,0.,0.));
#6786 = DIRECTION('',(0.,0.,1.));
#6787 = DEFINITIONAL_REPRESENTATION('',(#6788),#6791);
#6788 = B_SPLINE_CURVE_WITH_KNOTS('',1,(#6789,#6790),.UNSPECIFIED.,.F.,
  .F.,(2,2),(-130.,-10.),.PIECEWISE_BEZIER_KNOTS.);
#6789 = CARTESIAN_POINT('',(120.,-2.48E+03));
#6790 = CARTESIAN_POINT('',(0.,-2.48E+03));
#6791 = ( GEOMETRIC_REPRESENTATION_CONTEXT(2) 
PARAMETRIC_REPRESENTATION_CONTEXT() REPRESENTATION_CONTEXT('2D SPACE',''
  ) );
#6792 = FACE_BOUND('',#6793,.F.);
#6793 = EDGE_LOOP('',(#6794,#6822,#6848,#6874));
#6794 = ORIENTED_EDGE('',*,*,#6795,.F.);
#6795 = EDGE_CURVE('',#6796,#6798,#6800,.T.);
#6796 = VERTEX_POINT('',#6797);
#6797 = CARTESIAN_POINT('',(1.56E+03,1.22E+03,990.));
#6798 = VERTEX_POINT('',#6799);
#6799 = CARTESIAN_POINT('',(1.64E+03,1.22E+03,990.));
#6800 = SURFACE_CURVE('',#6801,(#6805,#6811),.PCURVE_S1.);
#6801 = LINE('',#6802,#6803);
#6802 = CARTESIAN_POINT('',(-1.97E+03,1.22E+03,990.));
#6803 = VECTOR('',#6804,1.);
#6804 = DIRECTION('',(1.,0.,0.));
#6805 = PCURVE('',#6199,#6806);
#6806 = DEFINITIONAL_REPRESENTATION('',(#6807),#6810);
#6807 = B_SPLINE_CURVE_WITH_KNOTS('',1,(#6808,#6809),.UNSPECIFIED.,.F.,
  .F.,(2,2),(3.53E+03,3.61E+03),.PIECEWISE_BEZIER_KNOTS.);
#6808 = CARTESIAN_POINT('',(140.,7.06E+03));
#6809 = CARTESIAN_POINT('',(140.,7.14E+03));
#6810 = ( GEOMETRIC_REPRESENTATION_CONTEXT(2) 
PARAMETRIC_REPRESENTATION_CONTEXT() REPRESENTATION_CONTEXT('2D SPACE',''
  ) );
#6811 = PCURVE('',#6812,#6817);
#6812 = PLANE('',#6813);
#6813 = AXIS2_PLACEMENT_3D('',#6814,#6815,#6816);
#6814 = CARTESIAN_POINT('',(1.56E+03,-1.26E+03,990.));
#6815 = DIRECTION('',(0.,0.,1.));
#6816 = DIRECTION('',(1.,0.,0.));
#6817 = DEFINITIONAL_REPRESENTATION('',(#6818),#6821);
#6818 = B_SPLINE_CURVE_WITH_KNOTS('',1,(#6819,#6820),.UNSPECIFIED.,.F.,
  .F.,(2,2),(3.53E+03,3.61E+03),.PIECEWISE_BEZIER_KNOTS.);
#6819 = CARTESIAN_POINT('',(0.,2.48E+03));
#6820 = CARTESIAN_POINT('',(80.,2.48E+03));
#6821 = ( GEOMETRIC_REPRESENTATION_CONTEXT(2) 
PARAMETRIC_REPRESENTATION_CONTEXT() REPRESENTATION_CONTEXT('2D SPACE',''
  ) );
#6822 = ORIENTED_EDGE('',*,*,#6823,.T.);
#6823 = EDGE_CURVE('',#6796,#6824,#6826,.T.);
#6824 = VERTEX_POINT('',#6825);
#6825 = CARTESIAN_POINT('',(1.56E+03,1.22E+03,870.));
#6826 = SURFACE_CURVE('',#6827,(#6831,#6837),.PCURVE_S1.);
#6827 = LINE('',#6828,#6829);
#6828 = CARTESIAN_POINT('',(1.56E+03,1.22E+03,860.));
#6829 = VECTOR('',#6830,1.);
#6830 = DIRECTION('',(0.,0.,-1.));
#6831 = PCURVE('',#6199,#6832);
#6832 = DEFINITIONAL_REPRESENTATION('',(#6833),#6836);
#6833 = B_SPLINE_CURVE_WITH_KNOTS('',1,(#6834,#6835),.UNSPECIFIED.,.F.,
  .F.,(2,2),(-130.,-10.),.PIECEWISE_BEZIER_KNOTS.);
#6834 = CARTESIAN_POINT('',(140.,7.06E+03));
#6835 = CARTESIAN_POINT('',(20.,7.06E+03));
#6836 = ( GEOMETRIC_REPRESENTATION_CONTEXT(2) 
PARAMETRIC_REPRESENTATION_CONTEXT() REPRESENTATION_CONTEXT('2D SPACE',''
  ) );
#6837 = PCURVE('',#6838,#6843);
#6838 = PLANE('',#6839);
#6839 = AXIS2_PLACEMENT_3D('',#6840,#6841,#6842);
#6840 = CARTESIAN_POINT('',(1.56E+03,-1.26E+03,870.));
#6841 = DIRECTION('',(1.,0.,0.));
#6842 = DIRECTION('',(0.,0.,1.));
#6843 = DEFINITIONAL_REPRESENTATION('',(#6844),#6847);
#6844 = B_SPLINE_CURVE_WITH_KNOTS('',1,(#6845,#6846),.UNSPECIFIED.,.F.,
  .F.,(2,2),(-130.,-10.),.PIECEWISE_BEZIER_KNOTS.);
#6845 = CARTESIAN_POINT('',(120.,-2.48E+03));
#6846 = CARTESIAN_POINT('',(0.,-2.48E+03));
#6847 = ( GEOMETRIC_REPRESENTATION_CONTEXT(2) 
PARAMETRIC_REPRESENTATION_CONTEXT() REPRESENTATION_CONTEXT('2D SPACE',''
  ) );
#6848 = ORIENTED_EDGE('',*,*,#6849,.T.);
#6849 = EDGE_CURVE('',#6824,#6850,#6852,.T.);
#6850 = VERTEX_POINT('',#6851);
#6851 = CARTESIAN_POINT('',(1.64E+03,1.22E+03,870.));
#6852 = SURFACE_CURVE('',#6853,(#6857,#6863),.PCURVE_S1.);
#6853 = LINE('',#6854,#6855);
#6854 = CARTESIAN_POINT('',(-1.97E+03,1.22E+03,870.));
#6855 = VECTOR('',#6856,1.);
#6856 = DIRECTION('',(1.,0.,0.));
#6857 = PCURVE('',#6199,#6858);
#6858 = DEFINITIONAL_REPRESENTATION('',(#6859),#6862);
#6859 = B_SPLINE_CURVE_WITH_KNOTS('',1,(#6860,#6861),.UNSPECIFIED.,.F.,
  .F.,(2,2),(3.53E+03,3.61E+03),.PIECEWISE_BEZIER_KNOTS.);
#6860 = CARTESIAN_POINT('',(20.,7.06E+03));
#6861 = CARTESIAN_POINT('',(20.,7.14E+03));
#6862 = ( GEOMETRIC_REPRESENTATION_CONTEXT(2) 
PARAMETRIC_REPRESENTATION_CONTEXT() REPRESENTATION_CONTEXT('2D SPACE',''
  ) );
#6863 = PCURVE('',#6864,#6869);
#6864 = PLANE('',#6865);
#6865 = AXIS2_PLACEMENT_3D('',#6866,#6867,#6868);
#6866 = CARTESIAN_POINT('',(1.56E+03,-1.26E+03,870.));
#6867 = DIRECTION('',(0.,0.,1.));
#6868 = DIRECTION('',(1.,0.,0.));
#6869 = DEFINITIONAL_REPRESENTATION('',(#6870),#6873);
#6870 = B_SPLINE_CURVE_WITH_KNOTS('',1,(#6871,#6872),.UNSPECIFIED.,.F.,
  .F.,(2,2),(3.53E+03,3.61E+03),.PIECEWISE_BEZIER_KNOTS.);
#6871 = CARTESIAN_POINT('',(0.,2.48E+03));
#6872 = CARTESIAN_POINT('',(80.,2.48E+03));
#6873 = ( GEOMETRIC_REPRESENTATION_CONTEXT(2) 
PARAMETRIC_REPRESENTATION_CONTEXT() REPRESENTATION_CONTEXT('2D SPACE',''
  ) );
#6874 = ORIENTED_EDGE('',*,*,#6875,.F.);
#6875 = EDGE_CURVE('',#6798,#6850,#6876,.T.);
#6876 = SURFACE_CURVE('',#6877,(#6881,#6887),.PCURVE_S1.);
#6877 = LINE('',#6878,#6879);
#6878 = CARTESIAN_POINT('',(1.64E+03,1.22E+03,860.));
#6879 = VECTOR('',#6880,1.);
#6880 = DIRECTION('',(0.,0.,-1.));
#6881 = PCURVE('',#6199,#6882);
#6882 = DEFINITIONAL_REPRESENTATION('',(#6883),#6886);
#6883 = B_SPLINE_CURVE_WITH_KNOTS('',1,(#6884,#6885),.UNSPECIFIED.,.F.,
  .F.,(2,2),(-130.,-10.),.PIECEWISE_BEZIER_KNOTS.);
#6884 = CARTESIAN_POINT('',(140.,7.14E+03));
#6885 = CARTESIAN_POINT('',(20.,7.14E+03));
#6886 = ( GEOMETRIC_REPRESENTATION_CONTEXT(2) 
PARAMETRIC_REPRESENTATION_CONTEXT() REPRESENTATION_CONTEXT('2D SPACE',''
  ) );
#6887 = PCURVE('',#6888,#6893);
#6888 = PLANE('',#6889);
#6889 = AXIS2_PLACEMENT_3D('',#6890,#6891,#6892);
#6890 = CARTESIAN_POINT('',(1.64E+03,-1.26E+03,870.));
#6891 = DIRECTION('',(1.,0.,0.));
#6892 = DIRECTION('',(0.,0.,1.));
#6893 = DEFINITIONAL_REPRESENTATION('',(#6894),#6897);
#6894 = B_SPLINE_CURVE_WITH_KNOTS('',1,(#6895,#6896),.UNSPECIFIED.,.F.,
  .F.,(2,2),(-130.,-10.),.PIECEWISE_BEZIER_KNOTS.);
#6895 = CARTESIAN_POINT('',(120.,-2.48E+03));
#6896 = CARTESIAN_POINT('',(0.,-2.48E+03));
#6897 = ( GEOMETRIC_REPRESENTATION_CONTEXT(2) 
PARAMETRIC_REPRESENTATION_CONTEXT() REPRESENTATION_CONTEXT('2D SPACE',''
  ) );
#6898 = FACE_BOUND('',#6899,.F.);
#6899 = EDGE_LOOP('',(#6900,#6928,#6954,#6980));
#6900 = ORIENTED_EDGE('',*,*,#6901,.F.);
#6901 = EDGE_CURVE('',#6902,#6904,#6906,.T.);
#6902 = VERTEX_POINT('',#6903);
#6903 = CARTESIAN_POINT('',(3.16E+03,1.22E+03,990.));
#6904 = VERTEX_POINT('',#6905);
#6905 = CARTESIAN_POINT('',(3.24E+03,1.22E+03,990.));
#6906 = SURFACE_CURVE('',#6907,(#6911,#6917),.PCURVE_S1.);
#6907 = LINE('',#6908,#6909);
#6908 = CARTESIAN_POINT('',(-1.17E+03,1.22E+03,990.));
#6909 = VECTOR('',#6910,1.);
#6910 = DIRECTION('',(1.,0.,0.));
#6911 = PCURVE('',#6199,#6912);
#6912 = DEFINITIONAL_REPRESENTATION('',(#6913),#6916);
#6913 = B_SPLINE_CURVE_WITH_KNOTS('',1,(#6914,#6915),.UNSPECIFIED.,.F.,
  .F.,(2,2),(4.33E+03,4.41E+03),.PIECEWISE_BEZIER_KNOTS.);
#6914 = CARTESIAN_POINT('',(140.,8.66E+03));
#6915 = CARTESIAN_POINT('',(140.,8.74E+03));
#6916 = ( GEOMETRIC_REPRESENTATION_CONTEXT(2) 
PARAMETRIC_REPRESENTATION_CONTEXT() REPRESENTATION_CONTEXT('2D SPACE',''
  ) );
#6917 = PCURVE('',#6918,#6923);
#6918 = PLANE('',#6919);
#6919 = AXIS2_PLACEMENT_3D('',#6920,#6921,#6922);
#6920 = CARTESIAN_POINT('',(3.16E+03,-1.26E+03,990.));
#6921 = DIRECTION('',(0.,0.,1.));
#6922 = DIRECTION('',(1.,0.,0.));
#6923 = DEFINITIONAL_REPRESENTATION('',(#6924),#6927);
#6924 = B_SPLINE_CURVE_WITH_KNOTS('',1,(#6925,#6926),.UNSPECIFIED.,.F.,
  .F.,(2,2),(4.33E+03,4.41E+03),.PIECEWISE_BEZIER_KNOTS.);
#6925 = CARTESIAN_POINT('',(0.,2.48E+03));
#6926 = CARTESIAN_POINT('',(80.,2.48E+03));
#6927 = ( GEOMETRIC_REPRESENTATION_CONTEXT(2) 
PARAMETRIC_REPRESENTATION_CONTEXT() REPRESENTATION_CONTEXT('2D SPACE',''
  ) );
#6928 = ORIENTED_EDGE('',*,*,#6929,.T.);
#6929 = EDGE_CURVE('',#6902,#6930,#6932,.T.);
#6930 = VERTEX_POINT('',#6931);
#6931 = CARTESIAN_POINT('',(3.16E+03,1.22E+03,870.));
#6932 = SURFACE_CURVE('',#6933,(#6937,#6943),.PCURVE_S1.);
#6933 = LINE('',#6934,#6935);
#6934 = CARTESIAN_POINT('',(3.16E+03,1.22E+03,860.));
#6935 = VECTOR('',#6936,1.);
#6936 = DIRECTION('',(0.,0.,-1.));
#6937 = PCURVE('',#6199,#6938);
#6938 = DEFINITIONAL_REPRESENTATION('',(#6939),#6942);
#6939 = B_SPLINE_CURVE_WITH_KNOTS('',1,(#6940,#6941),.UNSPECIFIED.,.F.,
  .F.,(2,2),(-130.,-10.),.PIECEWISE_BEZIER_KNOTS.);
#6940 = CARTESIAN_POINT('',(140.,8.66E+03));
#6941 = CARTESIAN_POINT('',(20.,8.66E+03));
#6942 = ( GEOMETRIC_REPRESENTATION_CONTEXT(2) 
PARAMETRIC_REPRESENTATION_CONTEXT() REPRESENTATION_CONTEXT('2D SPACE',''
  ) );
#6943 = PCURVE('',#6944,#6949);
#6944 = PLANE('',#6945);
#6945 = AXIS2_PLACEMENT_3D('',#6946,#6947,#6948);
#6946 = CARTESIAN_POINT('',(3.16E+03,-1.26E+03,870.));
#6947 = DIRECTION('',(1.,0.,0.));
#6948 = DIRECTION('',(0.,0.,1.));
#6949 = DEFINITIONAL_REPRESENTATION('',(#6950),#6953);
#6950 = B_SPLINE_CURVE_WITH_KNOTS('',1,(#6951,#6952),.UNSPECIFIED.,.F.,
  .F.,(2,2),(-130.,-10.),.PIECEWISE_BEZIER_KNOTS.);
#6951 = CARTESIAN_POINT('',(120.,-2.48E+03));
#6952 = CARTESIAN_POINT('',(0.,-2.48E+03));
#6953 = ( GEOMETRIC_REPRESENTATION_CONTEXT(2) 
PARAMETRIC_REPRESENTATION_CONTEXT() REPRESENTATION_CONTEXT('2D SPACE',''
  ) );
#6954 = ORIENTED_EDGE('',*,*,#6955,.T.);
#6955 = EDGE_CURVE('',#6930,#6956,#6958,.T.);
#6956 = VERTEX_POINT('',#6957);
#6957 = CARTESIAN_POINT('',(3.24E+03,1.22E+03,870.));
#6958 = SURFACE_CURVE('',#6959,(#6963,#6969),.PCURVE_S1.);
#6959 = LINE('',#6960,#6961);
#6960 = CARTESIAN_POINT('',(-1.17E+03,1.22E+03,870.));
#6961 = VECTOR('',#6962,1.);
#6962 = DIRECTION('',(1.,0.,0.));
#6963 = PCURVE('',#6199,#6964);
#6964 = DEFINITIONAL_REPRESENTATION('',(#6965),#6968);
#6965 = B_SPLINE_CURVE_WITH_KNOTS('',1,(#6966,#6967),.UNSPECIFIED.,.F.,
  .F.,(2,2),(4.33E+03,4.41E+03),.PIECEWISE_BEZIER_KNOTS.);
#6966 = CARTESIAN_POINT('',(20.,8.66E+03));
#6967 = CARTESIAN_POINT('',(20.,8.74E+03));
#6968 = ( GEOMETRIC_REPRESENTATION_CONTEXT(2) 
PARAMETRIC_REPRESENTATION_CONTEXT() REPRESENTATION_CONTEXT('2D SPACE',''
  ) );
#6969 = PCURVE('',#6970,#6975);
#6970 = PLANE('',#6971);
#6971 = AXIS2_PLACEMENT_3D('',#6972,#6973,#6974);
#6972 = CARTESIAN_POINT('',(3.16E+03,-1.26E+03,870.));
#6973 = DIRECTION('',(0.,0.,1.));
#6974 = DIRECTION('',(1.,0.,0.));
#6975 = DEFINITIONAL_REPRESENTATION('',(#6976),#6979);
#6976 = B_SPLINE_CURVE_WITH_KNOTS('',1,(#6977,#6978),.UNSPECIFIED.,.F.,
  .F.,(2,2),(4.33E+03,4.41E+03),.PIECEWISE_BEZIER_KNOTS.);
#6977 = CARTESIAN_POINT('',(0.,2.48E+03));
#6978 = CARTESIAN_POINT('',(80.,2.48E+03));
#6979 = ( GEOMETRIC_REPRESENTATION_CONTEXT(2) 
PARAMETRIC_REPRESENTATION_CONTEXT() REPRESENTATION_CONTEXT('2D SPACE',''
  ) );
#6980 = ORIENTED_EDGE('',*,*,#6981,.F.);
#6981 = EDGE_CURVE('',#6904,#6956,#6982,.T.);
#6982 = SURFACE_CURVE('',#6983,(#6987,#6993),.PCURVE_S1.);
#6983 = LINE('',#6984,#6985);
#6984 = CARTESIAN_POINT('',(3.24E+03,1.22E+03,860.));
#6985 = VECTOR('',#6986,1.);
#6986 = DIRECTION('',(0.,0.,-1.));
#6987 = PCURVE('',#6199,#6988);
#6988 = DEFINITIONAL_REPRESENTATION('',(#6989),#6992);
#6989 = B_SPLINE_CURVE_WITH_KNOTS('',1,(#6990,#6991),.UNSPECIFIED.,.F.,
  .F.,(2,2),(-130.,-10.),.PIECEWISE_BEZIER_KNOTS.);
#6990 = CARTESIAN_POINT('',(140.,8.74E+03));
#6991 = CARTESIAN_POINT('',(20.,8.74E+03));
#6992 = ( GEOMETRIC_REPRESENTATION_CONTEXT(2) 
PARAMETRIC_REPRESENTATION_CONTEXT() REPRESENTATION_CONTEXT('2D SPACE',''
  ) );
#6993 = PCURVE('',#6994,#6999);
#6994 = PLANE('',#6995);
#6995 = AXIS2_PLACEMENT_3D('',#6996,#6997,#6998);
#6996 = CARTESIAN_POINT('',(3.24E+03,-1.26E+03,870.));
#6997 = DIRECTION('',(1.,0.,0.));
#6998 = DIRECTION('',(0.,0.,1.));
#6999 = DEFINITIONAL_REPRESENTATION('',(#7000),#7003);
#7000 = B_SPLINE_CURVE_WITH_KNOTS('',1,(#7001,#7002),.UNSPECIFIED.,.F.,
  .F.,(2,2),(-130.,-10.),.PIECEWISE_BEZIER_KNOTS.);
#7001 = CARTESIAN_POINT('',(120.,-2.48E+03));
#7002 = CARTESIAN_POINT('',(0.,-2.48E+03));
#7003 = ( GEOMETRIC_REPRESENTATION_CONTEXT(2) 
PARAMETRIC_REPRESENTATION_CONTEXT() REPRESENTATION_CONTEXT('2D SPACE',''
  ) );
#7004 = FACE_BOUND('',#7005,.F.);
#7005 = EDGE_LOOP('',(#7006,#7034,#7060,#7086));
#7006 = ORIENTED_EDGE('',*,*,#7007,.F.);
#7007 = EDGE_CURVE('',#7008,#7010,#7012,.T.);
#7008 = VERTEX_POINT('',#7009);
#7009 = CARTESIAN_POINT('',(4.66E+03,1.22E+03,990.));
#7010 = VERTEX_POINT('',#7011);
#7011 = CARTESIAN_POINT('',(4.74E+03,1.22E+03,990.));
#7012 = SURFACE_CURVE('',#7013,(#7017,#7023),.PCURVE_S1.);
#7013 = LINE('',#7014,#7015);
#7014 = CARTESIAN_POINT('',(-420.,1.22E+03,990.));
#7015 = VECTOR('',#7016,1.);
#7016 = DIRECTION('',(1.,0.,0.));
#7017 = PCURVE('',#6199,#7018);
#7018 = DEFINITIONAL_REPRESENTATION('',(#7019),#7022);
#7019 = B_SPLINE_CURVE_WITH_KNOTS('',1,(#7020,#7021),.UNSPECIFIED.,.F.,
  .F.,(2,2),(5.08E+03,5.16E+03),.PIECEWISE_BEZIER_KNOTS.);
#7020 = CARTESIAN_POINT('',(140.,1.016E+04));
#7021 = CARTESIAN_POINT('',(140.,1.024E+04));
#7022 = ( GEOMETRIC_REPRESENTATION_CONTEXT(2) 
PARAMETRIC_REPRESENTATION_CONTEXT() REPRESENTATION_CONTEXT('2D SPACE',''
  ) );
#7023 = PCURVE('',#7024,#7029);
#7024 = PLANE('',#7025);
#7025 = AXIS2_PLACEMENT_3D('',#7026,#7027,#7028);
#7026 = CARTESIAN_POINT('',(4.66E+03,-1.26E+03,990.));
#7027 = DIRECTION('',(0.,0.,1.));
#7028 = DIRECTION('',(1.,0.,0.));
#7029 = DEFINITIONAL_REPRESENTATION('',(#7030),#7033);
#7030 = B_SPLINE_CURVE_WITH_KNOTS('',1,(#7031,#7032),.UNSPECIFIED.,.F.,
  .F.,(2,2),(5.08E+03,5.16E+03),.PIECEWISE_BEZIER_KNOTS.);
#7031 = CARTESIAN_POINT('',(0.,2.48E+03));
#7032 = CARTESIAN_POINT('',(80.,2.48E+03));
#7033 = ( GEOMETRIC_REPRESENTATION_CONTEXT(2) 
PARAMETRIC_REPRESENTATION_CONTEXT() REPRESENTATION_CONTEXT('2D SPACE',''
  ) );
#7034 = ORIENTED_EDGE('',*,*,#7035,.T.);
#7035 = EDGE_CURVE('',#7008,#7036,#7038,.T.);
#7036 = VERTEX_POINT('',#7037);
#7037 = CARTESIAN_POINT('',(4.66E+03,1.22E+03,870.));
#7038 = SURFACE_CURVE('',#7039,(#7043,#7049),.PCURVE_S1.);
#7039 = LINE('',#7040,#7041);
#7040 = CARTESIAN_POINT('',(4.66E+03,1.22E+03,860.));
#7041 = VECTOR('',#7042,1.);
#7042 = DIRECTION('',(0.,0.,-1.));
#7043 = PCURVE('',#6199,#7044);
#7044 = DEFINITIONAL_REPRESENTATION('',(#7045),#7048);
#7045 = B_SPLINE_CURVE_WITH_KNOTS('',1,(#7046,#7047),.UNSPECIFIED.,.F.,
  .F.,(2,2),(-130.,-10.),.PIECEWISE_BEZIER_KNOTS.);
#7046 = CARTESIAN_POINT('',(140.,1.016E+04));
#7047 = CARTESIAN_POINT('',(20.,1.016E+04));
#7048 = ( GEOMETRIC_REPRESENTATION_CONTEXT(2) 
PARAMETRIC_REPRESENTATION_CONTEXT() REPRESENTATION_CONTEXT('2D SPACE',''
  ) );
#7049 = PCURVE('',#7050,#7055);
#7050 = PLANE('',#7051);
#7051 = AXIS2_PLACEMENT_3D('',#7052,#7053,#7054);
#7052 = CARTESIAN_POINT('',(4.66E+03,-1.26E+03,870.));
#7053 = DIRECTION('',(1.,0.,0.));
#7054 = DIRECTION('',(0.,0.,1.));
#7055 = DEFINITIONAL_REPRESENTATION('',(#7056),#7059);
#7056 = B_SPLINE_CURVE_WITH_KNOTS('',1,(#7057,#7058),.UNSPECIFIED.,.F.,
  .F.,(2,2),(-130.,-10.),.PIECEWISE_BEZIER_KNOTS.);
#7057 = CARTESIAN_POINT('',(120.,-2.48E+03));
#7058 = CARTESIAN_POINT('',(0.,-2.48E+03));
#7059 = ( GEOMETRIC_REPRESENTATION_CONTEXT(2) 
PARAMETRIC_REPRESENTATION_CONTEXT() REPRESENTATION_CONTEXT('2D SPACE',''
  ) );
#7060 = ORIENTED_EDGE('',*,*,#7061,.T.);
#7061 = EDGE_CURVE('',#7036,#7062,#7064,.T.);
#7062 = VERTEX_POINT('',#7063);
#7063 = CARTESIAN_POINT('',(4.74E+03,1.22E+03,870.));
#7064 = SURFACE_CURVE('',#7065,(#7069,#7075),.PCURVE_S1.);
#7065 = LINE('',#7066,#7067);
#7066 = CARTESIAN_POINT('',(-420.,1.22E+03,870.));
#7067 = VECTOR('',#7068,1.);
#7068 = DIRECTION('',(1.,0.,0.));
#7069 = PCURVE('',#6199,#7070);
#7070 = DEFINITIONAL_REPRESENTATION('',(#7071),#7074);
#7071 = B_SPLINE_CURVE_WITH_KNOTS('',1,(#7072,#7073),.UNSPECIFIED.,.F.,
  .F.,(2,2),(5.08E+03,5.16E+03),.PIECEWISE_BEZIER_KNOTS.);
#7072 = CARTESIAN_POINT('',(20.,1.016E+04));
#7073 = CARTESIAN_POINT('',(20.,1.024E+04));
#7074 = ( GEOMETRIC_REPRESENTATION_CONTEXT(2) 
PARAMETRIC_REPRESENTATION_CONTEXT() REPRESENTATION_CONTEXT('2D SPACE',''
  ) );
#7075 = PCURVE('',#7076,#7081);
#7076 = PLANE('',#7077);
#7077 = AXIS2_PLACEMENT_3D('',#7078,#7079,#7080);
#7078 = CARTESIAN_POINT('',(4.66E+03,-1.26E+03,870.));
#7079 = DIRECTION('',(0.,0.,1.));
#7080 = DIRECTION('',(1.,0.,0.));
#7081 = DEFINITIONAL_REPRESENTATION('',(#7082),#7085);
#7082 = B_SPLINE_CURVE_WITH_KNOTS('',1,(#7083,#7084),.UNSPECIFIED.,.F.,
  .F.,(2,2),(5.08E+03,5.16E+03),.PIECEWISE_BEZIER_KNOTS.);
#7083 = CARTESIAN_POINT('',(0.,2.48E+03));
#7084 = CARTESIAN_POINT('',(80.,2.48E+03));
#7085 = ( GEOMETRIC_REPRESENTATION_CONTEXT(2) 
PARAMETRIC_REPRESENTATION_CONTEXT() REPRESENTATION_CONTEXT('2D SPACE',''
  ) );
#7086 = ORIENTED_EDGE('',*,*,#7087,.F.);
#7087 = EDGE_CURVE('',#7010,#7062,#7088,.T.);
#7088 = SURFACE_CURVE('',#7089,(#7093,#7099),.PCURVE_S1.);
#7089 = LINE('',#7090,#7091);
#7090 = CARTESIAN_POINT('',(4.74E+03,1.22E+03,860.));
#7091 = VECTOR('',#7092,1.);
#7092 = DIRECTION('',(0.,0.,-1.));
#7093 = PCURVE('',#6199,#7094);
#7094 = DEFINITIONAL_REPRESENTATION('',(#7095),#7098);
#7095 = B_SPLINE_CURVE_WITH_KNOTS('',1,(#7096,#7097),.UNSPECIFIED.,.F.,
  .F.,(2,2),(-130.,-10.),.PIECEWISE_BEZIER_KNOTS.);
#7096 = CARTESIAN_POINT('',(140.,1.024E+04));
#7097 = CARTESIAN_POINT('',(20.,1.024E+04));
#7098 = ( GEOMETRIC_REPRESENTATION_CONTEXT(2) 
PARAMETRIC_REPRESENTATION_CONTEXT() REPRESENTATION_CONTEXT('2D SPACE',''
  ) );
#7099 = PCURVE('',#7100,#7105);
#7100 = PLANE('',#7101);
#7101 = AXIS2_PLACEMENT_3D('',#7102,#7103,#7104);
#7102 = CARTESIAN_POINT('',(4.74E+03,-1.26E+03,870.));
#7103 = DIRECTION('',(1.,0.,0.));
#7104 = DIRECTION('',(0.,0.,1.));
#7105 = DEFINITIONAL_REPRESENTATION('',(#7106),#7109);
#7106 = B_SPLINE_CURVE_WITH_KNOTS('',1,(#7107,#7108),.UNSPECIFIED.,.F.,
  .F.,(2,2),(-130.,-10.),.PIECEWISE_BEZIER_KNOTS.);
#7107 = CARTESIAN_POINT('',(120.,-2.48E+03));
#7108 = CARTESIAN_POINT('',(0.,-2.48E+03));
#7109 = ( GEOMETRIC_REPRESENTATION_CONTEXT(2) 
PARAMETRIC_REPRESENTATION_CONTEXT() REPRESENTATION_CONTEXT('2D SPACE',''
  ) );
#7110 = ADVANCED_FACE('',(#7111),#6281,.T.);
#7111 = FACE_BOUND('',#7112,.T.);
#7112 = EDGE_LOOP('',(#7113,#7114,#7115,#7138));
#7113 = ORIENTED_EDGE('',*,*,#6267,.F.);
#7114 = ORIENTED_EDGE('',*,*,#6320,.T.);
#7115 = ORIENTED_EDGE('',*,*,#7116,.T.);
#7116 = EDGE_CURVE('',#6321,#7117,#7119,.T.);
#7117 = VERTEX_POINT('',#7118);
#7118 = CARTESIAN_POINT('',(5.5E+03,1.3E+03,1.01E+03));
#7119 = SURFACE_CURVE('',#7120,(#7124,#7131),.PCURVE_S1.);
#7120 = LINE('',#7121,#7122);
#7121 = CARTESIAN_POINT('',(5.5E+03,1.22E+03,1.01E+03));
#7122 = VECTOR('',#7123,1.);
#7123 = DIRECTION('',(0.,1.,0.));
#7124 = PCURVE('',#6281,#7125);
#7125 = DEFINITIONAL_REPRESENTATION('',(#7126),#7130);
#7126 = LINE('',#7127,#7128);
#7127 = CARTESIAN_POINT('',(1.1E+04,0.));
#7128 = VECTOR('',#7129,1.);
#7129 = DIRECTION('',(0.,1.));
#7130 = ( GEOMETRIC_REPRESENTATION_CONTEXT(2) 
PARAMETRIC_REPRESENTATION_CONTEXT() REPRESENTATION_CONTEXT('2D SPACE',''
  ) );
#7131 = PCURVE('',#6357,#7132);
#7132 = DEFINITIONAL_REPRESENTATION('',(#7133),#7137);
#7133 = LINE('',#7134,#7135);
#7134 = CARTESIAN_POINT('',(160.,0.));
#7135 = VECTOR('',#7136,1.);
#7136 = DIRECTION('',(0.,-1.));
#7137 = ( GEOMETRIC_REPRESENTATION_CONTEXT(2) 
PARAMETRIC_REPRESENTATION_CONTEXT() REPRESENTATION_CONTEXT('2D SPACE',''
  ) );
#7138 = ORIENTED_EDGE('',*,*,#7139,.F.);
#7139 = EDGE_CURVE('',#6240,#7117,#7140,.T.);
#7140 = SURFACE_CURVE('',#7141,(#7145,#7152),.PCURVE_S1.);
#7141 = LINE('',#7142,#7143);
#7142 = CARTESIAN_POINT('',(-5.5E+03,1.3E+03,1.01E+03));
#7143 = VECTOR('',#7144,1.);
#7144 = DIRECTION('',(1.,0.,0.));
#7145 = PCURVE('',#6281,#7146);
#7146 = DEFINITIONAL_REPRESENTATION('',(#7147),#7151);
#7147 = LINE('',#7148,#7149);
#7148 = CARTESIAN_POINT('',(0.,80.));
#7149 = VECTOR('',#7150,1.);
#7150 = DIRECTION('',(1.,0.));
#7151 = ( GEOMETRIC_REPRESENTATION_CONTEXT(2) 
PARAMETRIC_REPRESENTATION_CONTEXT() REPRESENTATION_CONTEXT('2D SPACE',''
  ) );
#7152 = PCURVE('',#6255,#7153);
#7153 = DEFINITIONAL_REPRESENTATION('',(#7154),#7158);
#7154 = LINE('',#7155,#7156);
#7155 = CARTESIAN_POINT('',(160.,0.));
#7156 = VECTOR('',#7157,1.);
#7157 = DIRECTION('',(0.,1.));
#7158 = ( GEOMETRIC_REPRESENTATION_CONTEXT(2) 
PARAMETRIC_REPRESENTATION_CONTEXT() REPRESENTATION_CONTEXT('2D SPACE',''
  ) );
#7159 = ADVANCED_FACE('',(#7160),#6255,.T.);
#7160 = FACE_BOUND('',#7161,.T.);
#7161 = EDGE_LOOP('',(#7162,#7185,#7186,#7187));
#7162 = ORIENTED_EDGE('',*,*,#7163,.F.);
#7163 = EDGE_CURVE('',#6212,#7164,#7166,.T.);
#7164 = VERTEX_POINT('',#7165);
#7165 = CARTESIAN_POINT('',(5.5E+03,1.3E+03,850.));
#7166 = SURFACE_CURVE('',#7167,(#7171,#7178),.PCURVE_S1.);
#7167 = LINE('',#7168,#7169);
#7168 = CARTESIAN_POINT('',(-5.5E+03,1.3E+03,850.));
#7169 = VECTOR('',#7170,1.);
#7170 = DIRECTION('',(1.,0.,0.));
#7171 = PCURVE('',#6255,#7172);
#7172 = DEFINITIONAL_REPRESENTATION('',(#7173),#7177);
#7173 = LINE('',#7174,#7175);
#7174 = CARTESIAN_POINT('',(0.,0.));
#7175 = VECTOR('',#7176,1.);
#7176 = DIRECTION('',(0.,1.));
#7177 = ( GEOMETRIC_REPRESENTATION_CONTEXT(2) 
PARAMETRIC_REPRESENTATION_CONTEXT() REPRESENTATION_CONTEXT('2D SPACE',''
  ) );
#7178 = PCURVE('',#6227,#7179);
#7179 = DEFINITIONAL_REPRESENTATION('',(#7180),#7184);
#7180 = LINE('',#7181,#7182);
#7181 = CARTESIAN_POINT('',(0.,80.));
#7182 = VECTOR('',#7183,1.);
#7183 = DIRECTION('',(1.,0.));
#7184 = ( GEOMETRIC_REPRESENTATION_CONTEXT(2) 
PARAMETRIC_REPRESENTATION_CONTEXT() REPRESENTATION_CONTEXT('2D SPACE',''
  ) );
#7185 = ORIENTED_EDGE('',*,*,#6239,.T.);
#7186 = ORIENTED_EDGE('',*,*,#7139,.T.);
#7187 = ORIENTED_EDGE('',*,*,#7188,.F.);
#7188 = EDGE_CURVE('',#7164,#7117,#7189,.T.);
#7189 = SURFACE_CURVE('',#7190,(#7194,#7201),.PCURVE_S1.);
#7190 = LINE('',#7191,#7192);
#7191 = CARTESIAN_POINT('',(5.5E+03,1.3E+03,850.));
#7192 = VECTOR('',#7193,1.);
#7193 = DIRECTION('',(0.,0.,1.));
#7194 = PCURVE('',#6255,#7195);
#7195 = DEFINITIONAL_REPRESENTATION('',(#7196),#7200);
#7196 = LINE('',#7197,#7198);
#7197 = CARTESIAN_POINT('',(0.,1.1E+04));
#7198 = VECTOR('',#7199,1.);
#7199 = DIRECTION('',(1.,0.));
#7200 = ( GEOMETRIC_REPRESENTATION_CONTEXT(2) 
PARAMETRIC_REPRESENTATION_CONTEXT() REPRESENTATION_CONTEXT('2D SPACE',''
  ) );
#7201 = PCURVE('',#6357,#7202);
#7202 = DEFINITIONAL_REPRESENTATION('',(#7203),#7207);
#7203 = LINE('',#7204,#7205);
#7204 = CARTESIAN_POINT('',(0.,-80.));
#7205 = VECTOR('',#7206,1.);
#7206 = DIRECTION('',(1.,0.));
#7207 = ( GEOMETRIC_REPRESENTATION_CONTEXT(2) 
PARAMETRIC_REPRESENTATION_CONTEXT() REPRESENTATION_CONTEXT('2D SPACE',''
  ) );
#7208 = ADVANCED_FACE('',(#7209),#6227,.F.);
#7209 = FACE_BOUND('',#7210,.F.);
#7210 = EDGE_LOOP('',(#7211,#7212,#7213,#7234));
#7211 = ORIENTED_EDGE('',*,*,#6211,.F.);
#7212 = ORIENTED_EDGE('',*,*,#6296,.T.);
#7213 = ORIENTED_EDGE('',*,*,#7214,.T.);
#7214 = EDGE_CURVE('',#6297,#7164,#7215,.T.);
#7215 = SURFACE_CURVE('',#7216,(#7220,#7227),.PCURVE_S1.);
#7216 = LINE('',#7217,#7218);
#7217 = CARTESIAN_POINT('',(5.5E+03,1.22E+03,850.));
#7218 = VECTOR('',#7219,1.);
#7219 = DIRECTION('',(0.,1.,0.));
#7220 = PCURVE('',#6227,#7221);
#7221 = DEFINITIONAL_REPRESENTATION('',(#7222),#7226);
#7222 = LINE('',#7223,#7224);
#7223 = CARTESIAN_POINT('',(1.1E+04,0.));
#7224 = VECTOR('',#7225,1.);
#7225 = DIRECTION('',(0.,1.));
#7226 = ( GEOMETRIC_REPRESENTATION_CONTEXT(2) 
PARAMETRIC_REPRESENTATION_CONTEXT() REPRESENTATION_CONTEXT('2D SPACE',''
  ) );
#7227 = PCURVE('',#6357,#7228);
#7228 = DEFINITIONAL_REPRESENTATION('',(#7229),#7233);
#7229 = LINE('',#7230,#7231);
#7230 = CARTESIAN_POINT('',(0.,0.));
#7231 = VECTOR('',#7232,1.);
#7232 = DIRECTION('',(0.,-1.));
#7233 = ( GEOMETRIC_REPRESENTATION_CONTEXT(2) 
PARAMETRIC_REPRESENTATION_CONTEXT() REPRESENTATION_CONTEXT('2D SPACE',''
  ) );
#7234 = ORIENTED_EDGE('',*,*,#7163,.F.);
#7235 = ADVANCED_FACE('',(#7236),#6357,.T.);
#7236 = FACE_BOUND('',#7237,.T.);
#7237 = EDGE_LOOP('',(#7238,#7239,#7240,#7241));
#7238 = ORIENTED_EDGE('',*,*,#6343,.F.);
#7239 = ORIENTED_EDGE('',*,*,#7214,.T.);
#7240 = ORIENTED_EDGE('',*,*,#7188,.T.);
#7241 = ORIENTED_EDGE('',*,*,#7116,.F.);
#7242 = ADVANCED_FACE('',(#7243),#6388,.T.);
#7243 = FACE_BOUND('',#7244,.T.);
#7244 = EDGE_LOOP('',(#7245,#7268,#7294,#7315));
#7245 = ORIENTED_EDGE('',*,*,#7246,.F.);
#7246 = EDGE_CURVE('',#7247,#6372,#7249,.T.);
#7247 = VERTEX_POINT('',#7248);
#7248 = CARTESIAN_POINT('',(-4.74E+03,-1.22E+03,990.));
#7249 = SURFACE_CURVE('',#7250,(#7254,#7261),.PCURVE_S1.);
#7250 = LINE('',#7251,#7252);
#7251 = CARTESIAN_POINT('',(-4.74E+03,-1.26E+03,990.));
#7252 = VECTOR('',#7253,1.);
#7253 = DIRECTION('',(0.,1.,0.));
#7254 = PCURVE('',#6388,#7255);
#7255 = DEFINITIONAL_REPRESENTATION('',(#7256),#7260);
#7256 = LINE('',#7257,#7258);
#7257 = CARTESIAN_POINT('',(0.,0.));
#7258 = VECTOR('',#7259,1.);
#7259 = DIRECTION('',(0.,1.));
#7260 = ( GEOMETRIC_REPRESENTATION_CONTEXT(2) 
PARAMETRIC_REPRESENTATION_CONTEXT() REPRESENTATION_CONTEXT('2D SPACE',''
  ) );
#7261 = PCURVE('',#6414,#7262);
#7262 = DEFINITIONAL_REPRESENTATION('',(#7263),#7267);
#7263 = LINE('',#7264,#7265);
#7264 = CARTESIAN_POINT('',(120.,0.));
#7265 = VECTOR('',#7266,1.);
#7266 = DIRECTION('',(0.,-1.));
#7267 = ( GEOMETRIC_REPRESENTATION_CONTEXT(2) 
PARAMETRIC_REPRESENTATION_CONTEXT() REPRESENTATION_CONTEXT('2D SPACE',''
  ) );
#7268 = ORIENTED_EDGE('',*,*,#7269,.T.);
#7269 = EDGE_CURVE('',#7247,#7270,#7272,.T.);
#7270 = VERTEX_POINT('',#7271);
#7271 = CARTESIAN_POINT('',(-4.66E+03,-1.22E+03,990.));
#7272 = SURFACE_CURVE('',#7273,(#7277,#7283),.PCURVE_S1.);
#7273 = LINE('',#7274,#7275);
#7274 = CARTESIAN_POINT('',(-5.12E+03,-1.22E+03,990.));
#7275 = VECTOR('',#7276,1.);
#7276 = DIRECTION('',(1.,0.,0.));
#7277 = PCURVE('',#6388,#7278);
#7278 = DEFINITIONAL_REPRESENTATION('',(#7279),#7282);
#7279 = B_SPLINE_CURVE_WITH_KNOTS('',1,(#7280,#7281),.UNSPECIFIED.,.F.,
  .F.,(2,2),(380.,460.),.PIECEWISE_BEZIER_KNOTS.);
#7280 = CARTESIAN_POINT('',(0.,40.));
#7281 = CARTESIAN_POINT('',(80.,40.));
#7282 = ( GEOMETRIC_REPRESENTATION_CONTEXT(2) 
PARAMETRIC_REPRESENTATION_CONTEXT() REPRESENTATION_CONTEXT('2D SPACE',''
  ) );
#7283 = PCURVE('',#7284,#7289);
#7284 = PLANE('',#7285);
#7285 = AXIS2_PLACEMENT_3D('',#7286,#7287,#7288);
#7286 = CARTESIAN_POINT('',(-5.5E+03,-1.22E+03,850.));
#7287 = DIRECTION('',(0.,1.,0.));
#7288 = DIRECTION('',(0.,0.,1.));
#7289 = DEFINITIONAL_REPRESENTATION('',(#7290),#7293);
#7290 = B_SPLINE_CURVE_WITH_KNOTS('',1,(#7291,#7292),.UNSPECIFIED.,.F.,
  .F.,(2,2),(380.,460.),.PIECEWISE_BEZIER_KNOTS.);
#7291 = CARTESIAN_POINT('',(140.,760.));
#7292 = CARTESIAN_POINT('',(140.,840.));
#7293 = ( GEOMETRIC_REPRESENTATION_CONTEXT(2) 
PARAMETRIC_REPRESENTATION_CONTEXT() REPRESENTATION_CONTEXT('2D SPACE',''
  ) );
#7294 = ORIENTED_EDGE('',*,*,#7295,.T.);
#7295 = EDGE_CURVE('',#7270,#6374,#7296,.T.);
#7296 = SURFACE_CURVE('',#7297,(#7301,#7308),.PCURVE_S1.);
#7297 = LINE('',#7298,#7299);
#7298 = CARTESIAN_POINT('',(-4.66E+03,-1.26E+03,990.));
#7299 = VECTOR('',#7300,1.);
#7300 = DIRECTION('',(0.,1.,0.));
#7301 = PCURVE('',#6388,#7302);
#7302 = DEFINITIONAL_REPRESENTATION('',(#7303),#7307);
#7303 = LINE('',#7304,#7305);
#7304 = CARTESIAN_POINT('',(80.,0.));
#7305 = VECTOR('',#7306,1.);
#7306 = DIRECTION('',(0.,1.));
#7307 = ( GEOMETRIC_REPRESENTATION_CONTEXT(2) 
PARAMETRIC_REPRESENTATION_CONTEXT() REPRESENTATION_CONTEXT('2D SPACE',''
  ) );
#7308 = PCURVE('',#6464,#7309);
#7309 = DEFINITIONAL_REPRESENTATION('',(#7310),#7314);
#7310 = LINE('',#7311,#7312);
#7311 = CARTESIAN_POINT('',(120.,0.));
#7312 = VECTOR('',#7313,1.);
#7313 = DIRECTION('',(0.,-1.));
#7314 = ( GEOMETRIC_REPRESENTATION_CONTEXT(2) 
PARAMETRIC_REPRESENTATION_CONTEXT() REPRESENTATION_CONTEXT('2D SPACE',''
  ) );
#7315 = ORIENTED_EDGE('',*,*,#6371,.F.);
#7316 = ADVANCED_FACE('',(#7317),#6414,.F.);
#7317 = FACE_BOUND('',#7318,.F.);
#7318 = EDGE_LOOP('',(#7319,#7320,#7341,#7362));
#7319 = ORIENTED_EDGE('',*,*,#7246,.F.);
#7320 = ORIENTED_EDGE('',*,*,#7321,.T.);
#7321 = EDGE_CURVE('',#7247,#7322,#7324,.T.);
#7322 = VERTEX_POINT('',#7323);
#7323 = CARTESIAN_POINT('',(-4.74E+03,-1.22E+03,870.));
#7324 = SURFACE_CURVE('',#7325,(#7329,#7335),.PCURVE_S1.);
#7325 = LINE('',#7326,#7327);
#7326 = CARTESIAN_POINT('',(-4.74E+03,-1.22E+03,860.));
#7327 = VECTOR('',#7328,1.);
#7328 = DIRECTION('',(0.,0.,-1.));
#7329 = PCURVE('',#6414,#7330);
#7330 = DEFINITIONAL_REPRESENTATION('',(#7331),#7334);
#7331 = B_SPLINE_CURVE_WITH_KNOTS('',1,(#7332,#7333),.UNSPECIFIED.,.F.,
  .F.,(2,2),(-130.,-10.),.PIECEWISE_BEZIER_KNOTS.);
#7332 = CARTESIAN_POINT('',(120.,-40.));
#7333 = CARTESIAN_POINT('',(0.,-40.));
#7334 = ( GEOMETRIC_REPRESENTATION_CONTEXT(2) 
PARAMETRIC_REPRESENTATION_CONTEXT() REPRESENTATION_CONTEXT('2D SPACE',''
  ) );
#7335 = PCURVE('',#7284,#7336);
#7336 = DEFINITIONAL_REPRESENTATION('',(#7337),#7340);
#7337 = B_SPLINE_CURVE_WITH_KNOTS('',1,(#7338,#7339),.UNSPECIFIED.,.F.,
  .F.,(2,2),(-130.,-10.),.PIECEWISE_BEZIER_KNOTS.);
#7338 = CARTESIAN_POINT('',(140.,760.));
#7339 = CARTESIAN_POINT('',(20.,760.));
#7340 = ( GEOMETRIC_REPRESENTATION_CONTEXT(2) 
PARAMETRIC_REPRESENTATION_CONTEXT() REPRESENTATION_CONTEXT('2D SPACE',''
  ) );
#7341 = ORIENTED_EDGE('',*,*,#7342,.T.);
#7342 = EDGE_CURVE('',#7322,#6400,#7343,.T.);
#7343 = SURFACE_CURVE('',#7344,(#7348,#7355),.PCURVE_S1.);
#7344 = LINE('',#7345,#7346);
#7345 = CARTESIAN_POINT('',(-4.74E+03,-1.26E+03,870.));
#7346 = VECTOR('',#7347,1.);
#7347 = DIRECTION('',(0.,1.,0.));
#7348 = PCURVE('',#6414,#7349);
#7349 = DEFINITIONAL_REPRESENTATION('',(#7350),#7354);
#7350 = LINE('',#7351,#7352);
#7351 = CARTESIAN_POINT('',(0.,0.));
#7352 = VECTOR('',#7353,1.);
#7353 = DIRECTION('',(0.,-1.));
#7354 = ( GEOMETRIC_REPRESENTATION_CONTEXT(2) 
PARAMETRIC_REPRESENTATION_CONTEXT() REPRESENTATION_CONTEXT('2D SPACE',''
  ) );
#7355 = PCURVE('',#6440,#7356);
#7356 = DEFINITIONAL_REPRESENTATION('',(#7357),#7361);
#7357 = LINE('',#7358,#7359);
#7358 = CARTESIAN_POINT('',(0.,0.));
#7359 = VECTOR('',#7360,1.);
#7360 = DIRECTION('',(0.,1.));
#7361 = ( GEOMETRIC_REPRESENTATION_CONTEXT(2) 
PARAMETRIC_REPRESENTATION_CONTEXT() REPRESENTATION_CONTEXT('2D SPACE',''
  ) );
#7362 = ORIENTED_EDGE('',*,*,#6399,.F.);
#7363 = ADVANCED_FACE('',(#7364),#6464,.T.);
#7364 = FACE_BOUND('',#7365,.T.);
#7365 = EDGE_LOOP('',(#7366,#7367,#7388,#7409));
#7366 = ORIENTED_EDGE('',*,*,#7295,.F.);
#7367 = ORIENTED_EDGE('',*,*,#7368,.T.);
#7368 = EDGE_CURVE('',#7270,#7369,#7371,.T.);
#7369 = VERTEX_POINT('',#7370);
#7370 = CARTESIAN_POINT('',(-4.66E+03,-1.22E+03,870.));
#7371 = SURFACE_CURVE('',#7372,(#7376,#7382),.PCURVE_S1.);
#7372 = LINE('',#7373,#7374);
#7373 = CARTESIAN_POINT('',(-4.66E+03,-1.22E+03,860.));
#7374 = VECTOR('',#7375,1.);
#7375 = DIRECTION('',(0.,0.,-1.));
#7376 = PCURVE('',#6464,#7377);
#7377 = DEFINITIONAL_REPRESENTATION('',(#7378),#7381);
#7378 = B_SPLINE_CURVE_WITH_KNOTS('',1,(#7379,#7380),.UNSPECIFIED.,.F.,
  .F.,(2,2),(-130.,-10.),.PIECEWISE_BEZIER_KNOTS.);
#7379 = CARTESIAN_POINT('',(120.,-40.));
#7380 = CARTESIAN_POINT('',(0.,-40.));
#7381 = ( GEOMETRIC_REPRESENTATION_CONTEXT(2) 
PARAMETRIC_REPRESENTATION_CONTEXT() REPRESENTATION_CONTEXT('2D SPACE',''
  ) );
#7382 = PCURVE('',#7284,#7383);
#7383 = DEFINITIONAL_REPRESENTATION('',(#7384),#7387);
#7384 = B_SPLINE_CURVE_WITH_KNOTS('',1,(#7385,#7386),.UNSPECIFIED.,.F.,
  .F.,(2,2),(-130.,-10.),.PIECEWISE_BEZIER_KNOTS.);
#7385 = CARTESIAN_POINT('',(140.,840.));
#7386 = CARTESIAN_POINT('',(20.,840.));
#7387 = ( GEOMETRIC_REPRESENTATION_CONTEXT(2) 
PARAMETRIC_REPRESENTATION_CONTEXT() REPRESENTATION_CONTEXT('2D SPACE',''
  ) );
#7388 = ORIENTED_EDGE('',*,*,#7389,.T.);
#7389 = EDGE_CURVE('',#7369,#6426,#7390,.T.);
#7390 = SURFACE_CURVE('',#7391,(#7395,#7402),.PCURVE_S1.);
#7391 = LINE('',#7392,#7393);
#7392 = CARTESIAN_POINT('',(-4.66E+03,-1.26E+03,870.));
#7393 = VECTOR('',#7394,1.);
#7394 = DIRECTION('',(0.,1.,0.));
#7395 = PCURVE('',#6464,#7396);
#7396 = DEFINITIONAL_REPRESENTATION('',(#7397),#7401);
#7397 = LINE('',#7398,#7399);
#7398 = CARTESIAN_POINT('',(0.,0.));
#7399 = VECTOR('',#7400,1.);
#7400 = DIRECTION('',(0.,-1.));
#7401 = ( GEOMETRIC_REPRESENTATION_CONTEXT(2) 
PARAMETRIC_REPRESENTATION_CONTEXT() REPRESENTATION_CONTEXT('2D SPACE',''
  ) );
#7402 = PCURVE('',#6440,#7403);
#7403 = DEFINITIONAL_REPRESENTATION('',(#7404),#7408);
#7404 = LINE('',#7405,#7406);
#7405 = CARTESIAN_POINT('',(80.,0.));
#7406 = VECTOR('',#7407,1.);
#7407 = DIRECTION('',(0.,1.));
#7408 = ( GEOMETRIC_REPRESENTATION_CONTEXT(2) 
PARAMETRIC_REPRESENTATION_CONTEXT() REPRESENTATION_CONTEXT('2D SPACE',''
  ) );
#7409 = ORIENTED_EDGE('',*,*,#6451,.F.);
#7410 = ADVANCED_FACE('',(#7411),#6440,.F.);
#7411 = FACE_BOUND('',#7412,.F.);
#7412 = EDGE_LOOP('',(#7413,#7414,#7433,#7434));
#7413 = ORIENTED_EDGE('',*,*,#7342,.F.);
#7414 = ORIENTED_EDGE('',*,*,#7415,.T.);
#7415 = EDGE_CURVE('',#7322,#7369,#7416,.T.);
#7416 = SURFACE_CURVE('',#7417,(#7421,#7427),.PCURVE_S1.);
#7417 = LINE('',#7418,#7419);
#7418 = CARTESIAN_POINT('',(-5.12E+03,-1.22E+03,870.));
#7419 = VECTOR('',#7420,1.);
#7420 = DIRECTION('',(1.,0.,0.));
#7421 = PCURVE('',#6440,#7422);
#7422 = DEFINITIONAL_REPRESENTATION('',(#7423),#7426);
#7423 = B_SPLINE_CURVE_WITH_KNOTS('',1,(#7424,#7425),.UNSPECIFIED.,.F.,
  .F.,(2,2),(380.,460.),.PIECEWISE_BEZIER_KNOTS.);
#7424 = CARTESIAN_POINT('',(0.,40.));
#7425 = CARTESIAN_POINT('',(80.,40.));
#7426 = ( GEOMETRIC_REPRESENTATION_CONTEXT(2) 
PARAMETRIC_REPRESENTATION_CONTEXT() REPRESENTATION_CONTEXT('2D SPACE',''
  ) );
#7427 = PCURVE('',#7284,#7428);
#7428 = DEFINITIONAL_REPRESENTATION('',(#7429),#7432);
#7429 = B_SPLINE_CURVE_WITH_KNOTS('',1,(#7430,#7431),.UNSPECIFIED.,.F.,
  .F.,(2,2),(380.,460.),.PIECEWISE_BEZIER_KNOTS.);
#7430 = CARTESIAN_POINT('',(20.,760.));
#7431 = CARTESIAN_POINT('',(20.,840.));
#7432 = ( GEOMETRIC_REPRESENTATION_CONTEXT(2) 
PARAMETRIC_REPRESENTATION_CONTEXT() REPRESENTATION_CONTEXT('2D SPACE',''
  ) );
#7433 = ORIENTED_EDGE('',*,*,#7389,.T.);
#7434 = ORIENTED_EDGE('',*,*,#6425,.F.);
#7435 = ADVANCED_FACE('',(#7436),#6494,.T.);
#7436 = FACE_BOUND('',#7437,.T.);
#7437 = EDGE_LOOP('',(#7438,#7461,#7482,#7503));
#7438 = ORIENTED_EDGE('',*,*,#7439,.F.);
#7439 = EDGE_CURVE('',#7440,#6478,#7442,.T.);
#7440 = VERTEX_POINT('',#7441);
#7441 = CARTESIAN_POINT('',(-3.24E+03,-1.22E+03,990.));
#7442 = SURFACE_CURVE('',#7443,(#7447,#7454),.PCURVE_S1.);
#7443 = LINE('',#7444,#7445);
#7444 = CARTESIAN_POINT('',(-3.24E+03,-1.26E+03,990.));
#7445 = VECTOR('',#7446,1.);
#7446 = DIRECTION('',(0.,1.,0.));
#7447 = PCURVE('',#6494,#7448);
#7448 = DEFINITIONAL_REPRESENTATION('',(#7449),#7453);
#7449 = LINE('',#7450,#7451);
#7450 = CARTESIAN_POINT('',(0.,0.));
#7451 = VECTOR('',#7452,1.);
#7452 = DIRECTION('',(0.,1.));
#7453 = ( GEOMETRIC_REPRESENTATION_CONTEXT(2) 
PARAMETRIC_REPRESENTATION_CONTEXT() REPRESENTATION_CONTEXT('2D SPACE',''
  ) );
#7454 = PCURVE('',#6520,#7455);
#7455 = DEFINITIONAL_REPRESENTATION('',(#7456),#7460);
#7456 = LINE('',#7457,#7458);
#7457 = CARTESIAN_POINT('',(120.,0.));
#7458 = VECTOR('',#7459,1.);
#7459 = DIRECTION('',(0.,-1.));
#7460 = ( GEOMETRIC_REPRESENTATION_CONTEXT(2) 
PARAMETRIC_REPRESENTATION_CONTEXT() REPRESENTATION_CONTEXT('2D SPACE',''
  ) );
#7461 = ORIENTED_EDGE('',*,*,#7462,.T.);
#7462 = EDGE_CURVE('',#7440,#7463,#7465,.T.);
#7463 = VERTEX_POINT('',#7464);
#7464 = CARTESIAN_POINT('',(-3.16E+03,-1.22E+03,990.));
#7465 = SURFACE_CURVE('',#7466,(#7470,#7476),.PCURVE_S1.);
#7466 = LINE('',#7467,#7468);
#7467 = CARTESIAN_POINT('',(-4.37E+03,-1.22E+03,990.));
#7468 = VECTOR('',#7469,1.);
#7469 = DIRECTION('',(1.,0.,0.));
#7470 = PCURVE('',#6494,#7471);
#7471 = DEFINITIONAL_REPRESENTATION('',(#7472),#7475);
#7472 = B_SPLINE_CURVE_WITH_KNOTS('',1,(#7473,#7474),.UNSPECIFIED.,.F.,
  .F.,(2,2),(1.13E+03,1.21E+03),.PIECEWISE_BEZIER_KNOTS.);
#7473 = CARTESIAN_POINT('',(0.,40.));
#7474 = CARTESIAN_POINT('',(80.,40.));
#7475 = ( GEOMETRIC_REPRESENTATION_CONTEXT(2) 
PARAMETRIC_REPRESENTATION_CONTEXT() REPRESENTATION_CONTEXT('2D SPACE',''
  ) );
#7476 = PCURVE('',#7284,#7477);
#7477 = DEFINITIONAL_REPRESENTATION('',(#7478),#7481);
#7478 = B_SPLINE_CURVE_WITH_KNOTS('',1,(#7479,#7480),.UNSPECIFIED.,.F.,
  .F.,(2,2),(1.13E+03,1.21E+03),.PIECEWISE_BEZIER_KNOTS.);
#7479 = CARTESIAN_POINT('',(140.,2.26E+03));
#7480 = CARTESIAN_POINT('',(140.,2.34E+03));
#7481 = ( GEOMETRIC_REPRESENTATION_CONTEXT(2) 
PARAMETRIC_REPRESENTATION_CONTEXT() REPRESENTATION_CONTEXT('2D SPACE',''
  ) );
#7482 = ORIENTED_EDGE('',*,*,#7483,.T.);
#7483 = EDGE_CURVE('',#7463,#6480,#7484,.T.);
#7484 = SURFACE_CURVE('',#7485,(#7489,#7496),.PCURVE_S1.);
#7485 = LINE('',#7486,#7487);
#7486 = CARTESIAN_POINT('',(-3.16E+03,-1.26E+03,990.));
#7487 = VECTOR('',#7488,1.);
#7488 = DIRECTION('',(0.,1.,0.));
#7489 = PCURVE('',#6494,#7490);
#7490 = DEFINITIONAL_REPRESENTATION('',(#7491),#7495);
#7491 = LINE('',#7492,#7493);
#7492 = CARTESIAN_POINT('',(80.,0.));
#7493 = VECTOR('',#7494,1.);
#7494 = DIRECTION('',(0.,1.));
#7495 = ( GEOMETRIC_REPRESENTATION_CONTEXT(2) 
PARAMETRIC_REPRESENTATION_CONTEXT() REPRESENTATION_CONTEXT('2D SPACE',''
  ) );
#7496 = PCURVE('',#6570,#7497);
#7497 = DEFINITIONAL_REPRESENTATION('',(#7498),#7502);
#7498 = LINE('',#7499,#7500);
#7499 = CARTESIAN_POINT('',(120.,0.));
#7500 = VECTOR('',#7501,1.);
#7501 = DIRECTION('',(0.,-1.));
#7502 = ( GEOMETRIC_REPRESENTATION_CONTEXT(2) 
PARAMETRIC_REPRESENTATION_CONTEXT() REPRESENTATION_CONTEXT('2D SPACE',''
  ) );
#7503 = ORIENTED_EDGE('',*,*,#6477,.F.);
#7504 = ADVANCED_FACE('',(#7505),#6520,.F.);
#7505 = FACE_BOUND('',#7506,.F.);
#7506 = EDGE_LOOP('',(#7507,#7508,#7529,#7550));
#7507 = ORIENTED_EDGE('',*,*,#7439,.F.);
#7508 = ORIENTED_EDGE('',*,*,#7509,.T.);
#7509 = EDGE_CURVE('',#7440,#7510,#7512,.T.);
#7510 = VERTEX_POINT('',#7511);
#7511 = CARTESIAN_POINT('',(-3.24E+03,-1.22E+03,870.));
#7512 = SURFACE_CURVE('',#7513,(#7517,#7523),.PCURVE_S1.);
#7513 = LINE('',#7514,#7515);
#7514 = CARTESIAN_POINT('',(-3.24E+03,-1.22E+03,860.));
#7515 = VECTOR('',#7516,1.);
#7516 = DIRECTION('',(0.,0.,-1.));
#7517 = PCURVE('',#6520,#7518);
#7518 = DEFINITIONAL_REPRESENTATION('',(#7519),#7522);
#7519 = B_SPLINE_CURVE_WITH_KNOTS('',1,(#7520,#7521),.UNSPECIFIED.,.F.,
  .F.,(2,2),(-130.,-10.),.PIECEWISE_BEZIER_KNOTS.);
#7520 = CARTESIAN_POINT('',(120.,-40.));
#7521 = CARTESIAN_POINT('',(0.,-40.));
#7522 = ( GEOMETRIC_REPRESENTATION_CONTEXT(2) 
PARAMETRIC_REPRESENTATION_CONTEXT() REPRESENTATION_CONTEXT('2D SPACE',''
  ) );
#7523 = PCURVE('',#7284,#7524);
#7524 = DEFINITIONAL_REPRESENTATION('',(#7525),#7528);
#7525 = B_SPLINE_CURVE_WITH_KNOTS('',1,(#7526,#7527),.UNSPECIFIED.,.F.,
  .F.,(2,2),(-130.,-10.),.PIECEWISE_BEZIER_KNOTS.);
#7526 = CARTESIAN_POINT('',(140.,2.26E+03));
#7527 = CARTESIAN_POINT('',(20.,2.26E+03));
#7528 = ( GEOMETRIC_REPRESENTATION_CONTEXT(2) 
PARAMETRIC_REPRESENTATION_CONTEXT() REPRESENTATION_CONTEXT('2D SPACE',''
  ) );
#7529 = ORIENTED_EDGE('',*,*,#7530,.T.);
#7530 = EDGE_CURVE('',#7510,#6506,#7531,.T.);
#7531 = SURFACE_CURVE('',#7532,(#7536,#7543),.PCURVE_S1.);
#7532 = LINE('',#7533,#7534);
#7533 = CARTESIAN_POINT('',(-3.24E+03,-1.26E+03,870.));
#7534 = VECTOR('',#7535,1.);
#7535 = DIRECTION('',(0.,1.,0.));
#7536 = PCURVE('',#6520,#7537);
#7537 = DEFINITIONAL_REPRESENTATION('',(#7538),#7542);
#7538 = LINE('',#7539,#7540);
#7539 = CARTESIAN_POINT('',(0.,0.));
#7540 = VECTOR('',#7541,1.);
#7541 = DIRECTION('',(0.,-1.));
#7542 = ( GEOMETRIC_REPRESENTATION_CONTEXT(2) 
PARAMETRIC_REPRESENTATION_CONTEXT() REPRESENTATION_CONTEXT('2D SPACE',''
  ) );
#7543 = PCURVE('',#6546,#7544);
#7544 = DEFINITIONAL_REPRESENTATION('',(#7545),#7549);
#7545 = LINE('',#7546,#7547);
#7546 = CARTESIAN_POINT('',(0.,0.));
#7547 = VECTOR('',#7548,1.);
#7548 = DIRECTION('',(0.,1.));
#7549 = ( GEOMETRIC_REPRESENTATION_CONTEXT(2) 
PARAMETRIC_REPRESENTATION_CONTEXT() REPRESENTATION_CONTEXT('2D SPACE',''
  ) );
#7550 = ORIENTED_EDGE('',*,*,#6505,.F.);
#7551 = ADVANCED_FACE('',(#7552),#6570,.T.);
#7552 = FACE_BOUND('',#7553,.T.);
#7553 = EDGE_LOOP('',(#7554,#7555,#7576,#7597));
#7554 = ORIENTED_EDGE('',*,*,#7483,.F.);
#7555 = ORIENTED_EDGE('',*,*,#7556,.T.);
#7556 = EDGE_CURVE('',#7463,#7557,#7559,.T.);
#7557 = VERTEX_POINT('',#7558);
#7558 = CARTESIAN_POINT('',(-3.16E+03,-1.22E+03,870.));
#7559 = SURFACE_CURVE('',#7560,(#7564,#7570),.PCURVE_S1.);
#7560 = LINE('',#7561,#7562);
#7561 = CARTESIAN_POINT('',(-3.16E+03,-1.22E+03,860.));
#7562 = VECTOR('',#7563,1.);
#7563 = DIRECTION('',(0.,0.,-1.));
#7564 = PCURVE('',#6570,#7565);
#7565 = DEFINITIONAL_REPRESENTATION('',(#7566),#7569);
#7566 = B_SPLINE_CURVE_WITH_KNOTS('',1,(#7567,#7568),.UNSPECIFIED.,.F.,
  .F.,(2,2),(-130.,-10.),.PIECEWISE_BEZIER_KNOTS.);
#7567 = CARTESIAN_POINT('',(120.,-40.));
#7568 = CARTESIAN_POINT('',(0.,-40.));
#7569 = ( GEOMETRIC_REPRESENTATION_CONTEXT(2) 
PARAMETRIC_REPRESENTATION_CONTEXT() REPRESENTATION_CONTEXT('2D SPACE',''
  ) );
#7570 = PCURVE('',#7284,#7571);
#7571 = DEFINITIONAL_REPRESENTATION('',(#7572),#7575);
#7572 = B_SPLINE_CURVE_WITH_KNOTS('',1,(#7573,#7574),.UNSPECIFIED.,.F.,
  .F.,(2,2),(-130.,-10.),.PIECEWISE_BEZIER_KNOTS.);
#7573 = CARTESIAN_POINT('',(140.,2.34E+03));
#7574 = CARTESIAN_POINT('',(20.,2.34E+03));
#7575 = ( GEOMETRIC_REPRESENTATION_CONTEXT(2) 
PARAMETRIC_REPRESENTATION_CONTEXT() REPRESENTATION_CONTEXT('2D SPACE',''
  ) );
#7576 = ORIENTED_EDGE('',*,*,#7577,.T.);
#7577 = EDGE_CURVE('',#7557,#6532,#7578,.T.);
#7578 = SURFACE_CURVE('',#7579,(#7583,#7590),.PCURVE_S1.);
#7579 = LINE('',#7580,#7581);
#7580 = CARTESIAN_POINT('',(-3.16E+03,-1.26E+03,870.));
#7581 = VECTOR('',#7582,1.);
#7582 = DIRECTION('',(0.,1.,0.));
#7583 = PCURVE('',#6570,#7584);
#7584 = DEFINITIONAL_REPRESENTATION('',(#7585),#7589);
#7585 = LINE('',#7586,#7587);
#7586 = CARTESIAN_POINT('',(0.,0.));
#7587 = VECTOR('',#7588,1.);
#7588 = DIRECTION('',(0.,-1.));
#7589 = ( GEOMETRIC_REPRESENTATION_CONTEXT(2) 
PARAMETRIC_REPRESENTATION_CONTEXT() REPRESENTATION_CONTEXT('2D SPACE',''
  ) );
#7590 = PCURVE('',#6546,#7591);
#7591 = DEFINITIONAL_REPRESENTATION('',(#7592),#7596);
#7592 = LINE('',#7593,#7594);
#7593 = CARTESIAN_POINT('',(80.,0.));
#7594 = VECTOR('',#7595,1.);
#7595 = DIRECTION('',(0.,1.));
#7596 = ( GEOMETRIC_REPRESENTATION_CONTEXT(2) 
PARAMETRIC_REPRESENTATION_CONTEXT() REPRESENTATION_CONTEXT('2D SPACE',''
  ) );
#7597 = ORIENTED_EDGE('',*,*,#6557,.F.);
#7598 = ADVANCED_FACE('',(#7599),#6546,.F.);
#7599 = FACE_BOUND('',#7600,.F.);
#7600 = EDGE_LOOP('',(#7601,#7602,#7621,#7622));
#7601 = ORIENTED_EDGE('',*,*,#7530,.F.);
#7602 = ORIENTED_EDGE('',*,*,#7603,.T.);
#7603 = EDGE_CURVE('',#7510,#7557,#7604,.T.);
#7604 = SURFACE_CURVE('',#7605,(#7609,#7615),.PCURVE_S1.);
#7605 = LINE('',#7606,#7607);
#7606 = CARTESIAN_POINT('',(-4.37E+03,-1.22E+03,870.));
#7607 = VECTOR('',#7608,1.);
#7608 = DIRECTION('',(1.,0.,0.));
#7609 = PCURVE('',#6546,#7610);
#7610 = DEFINITIONAL_REPRESENTATION('',(#7611),#7614);
#7611 = B_SPLINE_CURVE_WITH_KNOTS('',1,(#7612,#7613),.UNSPECIFIED.,.F.,
  .F.,(2,2),(1.13E+03,1.21E+03),.PIECEWISE_BEZIER_KNOTS.);
#7612 = CARTESIAN_POINT('',(0.,40.));
#7613 = CARTESIAN_POINT('',(80.,40.));
#7614 = ( GEOMETRIC_REPRESENTATION_CONTEXT(2) 
PARAMETRIC_REPRESENTATION_CONTEXT() REPRESENTATION_CONTEXT('2D SPACE',''
  ) );
#7615 = PCURVE('',#7284,#7616);
#7616 = DEFINITIONAL_REPRESENTATION('',(#7617),#7620);
#7617 = B_SPLINE_CURVE_WITH_KNOTS('',1,(#7618,#7619),.UNSPECIFIED.,.F.,
  .F.,(2,2),(1.13E+03,1.21E+03),.PIECEWISE_BEZIER_KNOTS.);
#7618 = CARTESIAN_POINT('',(20.,2.26E+03));
#7619 = CARTESIAN_POINT('',(20.,2.34E+03));
#7620 = ( GEOMETRIC_REPRESENTATION_CONTEXT(2) 
PARAMETRIC_REPRESENTATION_CONTEXT() REPRESENTATION_CONTEXT('2D SPACE',''
  ) );
#7621 = ORIENTED_EDGE('',*,*,#7577,.T.);
#7622 = ORIENTED_EDGE('',*,*,#6531,.F.);
#7623 = ADVANCED_FACE('',(#7624),#6600,.T.);
#7624 = FACE_BOUND('',#7625,.T.);
#7625 = EDGE_LOOP('',(#7626,#7649,#7670,#7691));
#7626 = ORIENTED_EDGE('',*,*,#7627,.F.);
#7627 = EDGE_CURVE('',#7628,#6584,#7630,.T.);
#7628 = VERTEX_POINT('',#7629);
#7629 = CARTESIAN_POINT('',(-1.64E+03,-1.22E+03,990.));
#7630 = SURFACE_CURVE('',#7631,(#7635,#7642),.PCURVE_S1.);
#7631 = LINE('',#7632,#7633);
#7632 = CARTESIAN_POINT('',(-1.64E+03,-1.26E+03,990.));
#7633 = VECTOR('',#7634,1.);
#7634 = DIRECTION('',(0.,1.,0.));
#7635 = PCURVE('',#6600,#7636);
#7636 = DEFINITIONAL_REPRESENTATION('',(#7637),#7641);
#7637 = LINE('',#7638,#7639);
#7638 = CARTESIAN_POINT('',(0.,0.));
#7639 = VECTOR('',#7640,1.);
#7640 = DIRECTION('',(0.,1.));
#7641 = ( GEOMETRIC_REPRESENTATION_CONTEXT(2) 
PARAMETRIC_REPRESENTATION_CONTEXT() REPRESENTATION_CONTEXT('2D SPACE',''
  ) );
#7642 = PCURVE('',#6626,#7643);
#7643 = DEFINITIONAL_REPRESENTATION('',(#7644),#7648);
#7644 = LINE('',#7645,#7646);
#7645 = CARTESIAN_POINT('',(120.,0.));
#7646 = VECTOR('',#7647,1.);
#7647 = DIRECTION('',(0.,-1.));
#7648 = ( GEOMETRIC_REPRESENTATION_CONTEXT(2) 
PARAMETRIC_REPRESENTATION_CONTEXT() REPRESENTATION_CONTEXT('2D SPACE',''
  ) );
#7649 = ORIENTED_EDGE('',*,*,#7650,.T.);
#7650 = EDGE_CURVE('',#7628,#7651,#7653,.T.);
#7651 = VERTEX_POINT('',#7652);
#7652 = CARTESIAN_POINT('',(-1.56E+03,-1.22E+03,990.));
#7653 = SURFACE_CURVE('',#7654,(#7658,#7664),.PCURVE_S1.);
#7654 = LINE('',#7655,#7656);
#7655 = CARTESIAN_POINT('',(-3.57E+03,-1.22E+03,990.));
#7656 = VECTOR('',#7657,1.);
#7657 = DIRECTION('',(1.,0.,0.));
#7658 = PCURVE('',#6600,#7659);
#7659 = DEFINITIONAL_REPRESENTATION('',(#7660),#7663);
#7660 = B_SPLINE_CURVE_WITH_KNOTS('',1,(#7661,#7662),.UNSPECIFIED.,.F.,
  .F.,(2,2),(1.93E+03,2.01E+03),.PIECEWISE_BEZIER_KNOTS.);
#7661 = CARTESIAN_POINT('',(0.,40.));
#7662 = CARTESIAN_POINT('',(80.,40.));
#7663 = ( GEOMETRIC_REPRESENTATION_CONTEXT(2) 
PARAMETRIC_REPRESENTATION_CONTEXT() REPRESENTATION_CONTEXT('2D SPACE',''
  ) );
#7664 = PCURVE('',#7284,#7665);
#7665 = DEFINITIONAL_REPRESENTATION('',(#7666),#7669);
#7666 = B_SPLINE_CURVE_WITH_KNOTS('',1,(#7667,#7668),.UNSPECIFIED.,.F.,
  .F.,(2,2),(1.93E+03,2.01E+03),.PIECEWISE_BEZIER_KNOTS.);
#7667 = CARTESIAN_POINT('',(140.,3.86E+03));
#7668 = CARTESIAN_POINT('',(140.,3.94E+03));
#7669 = ( GEOMETRIC_REPRESENTATION_CONTEXT(2) 
PARAMETRIC_REPRESENTATION_CONTEXT() REPRESENTATION_CONTEXT('2D SPACE',''
  ) );
#7670 = ORIENTED_EDGE('',*,*,#7671,.T.);
#7671 = EDGE_CURVE('',#7651,#6586,#7672,.T.);
#7672 = SURFACE_CURVE('',#7673,(#7677,#7684),.PCURVE_S1.);
#7673 = LINE('',#7674,#7675);
#7674 = CARTESIAN_POINT('',(-1.56E+03,-1.26E+03,990.));
#7675 = VECTOR('',#7676,1.);
#7676 = DIRECTION('',(0.,1.,0.));
#7677 = PCURVE('',#6600,#7678);
#7678 = DEFINITIONAL_REPRESENTATION('',(#7679),#7683);
#7679 = LINE('',#7680,#7681);
#7680 = CARTESIAN_POINT('',(80.,0.));
#7681 = VECTOR('',#7682,1.);
#7682 = DIRECTION('',(0.,1.));
#7683 = ( GEOMETRIC_REPRESENTATION_CONTEXT(2) 
PARAMETRIC_REPRESENTATION_CONTEXT() REPRESENTATION_CONTEXT('2D SPACE',''
  ) );
#7684 = PCURVE('',#6676,#7685);
#7685 = DEFINITIONAL_REPRESENTATION('',(#7686),#7690);
#7686 = LINE('',#7687,#7688);
#7687 = CARTESIAN_POINT('',(120.,0.));
#7688 = VECTOR('',#7689,1.);
#7689 = DIRECTION('',(0.,-1.));
#7690 = ( GEOMETRIC_REPRESENTATION_CONTEXT(2) 
PARAMETRIC_REPRESENTATION_CONTEXT() REPRESENTATION_CONTEXT('2D SPACE',''
  ) );
#7691 = ORIENTED_EDGE('',*,*,#6583,.F.);
#7692 = ADVANCED_FACE('',(#7693),#6626,.F.);
#7693 = FACE_BOUND('',#7694,.F.);
#7694 = EDGE_LOOP('',(#7695,#7696,#7717,#7745,#7771,#7797,#7823,#7844));
#7695 = ORIENTED_EDGE('',*,*,#7627,.F.);
#7696 = ORIENTED_EDGE('',*,*,#7697,.T.);
#7697 = EDGE_CURVE('',#7628,#7698,#7700,.T.);
#7698 = VERTEX_POINT('',#7699);
#7699 = CARTESIAN_POINT('',(-1.64E+03,-1.22E+03,870.));
#7700 = SURFACE_CURVE('',#7701,(#7705,#7711),.PCURVE_S1.);
#7701 = LINE('',#7702,#7703);
#7702 = CARTESIAN_POINT('',(-1.64E+03,-1.22E+03,860.));
#7703 = VECTOR('',#7704,1.);
#7704 = DIRECTION('',(0.,0.,-1.));
#7705 = PCURVE('',#6626,#7706);
#7706 = DEFINITIONAL_REPRESENTATION('',(#7707),#7710);
#7707 = B_SPLINE_CURVE_WITH_KNOTS('',1,(#7708,#7709),.UNSPECIFIED.,.F.,
  .F.,(2,2),(-130.,-10.),.PIECEWISE_BEZIER_KNOTS.);
#7708 = CARTESIAN_POINT('',(120.,-40.));
#7709 = CARTESIAN_POINT('',(0.,-40.));
#7710 = ( GEOMETRIC_REPRESENTATION_CONTEXT(2) 
PARAMETRIC_REPRESENTATION_CONTEXT() REPRESENTATION_CONTEXT('2D SPACE',''
  ) );
#7711 = PCURVE('',#7284,#7712);
#7712 = DEFINITIONAL_REPRESENTATION('',(#7713),#7716);
#7713 = B_SPLINE_CURVE_WITH_KNOTS('',1,(#7714,#7715),.UNSPECIFIED.,.F.,
  .F.,(2,2),(-130.,-10.),.PIECEWISE_BEZIER_KNOTS.);
#7714 = CARTESIAN_POINT('',(140.,3.86E+03));
#7715 = CARTESIAN_POINT('',(20.,3.86E+03));
#7716 = ( GEOMETRIC_REPRESENTATION_CONTEXT(2) 
PARAMETRIC_REPRESENTATION_CONTEXT() REPRESENTATION_CONTEXT('2D SPACE',''
  ) );
#7717 = ORIENTED_EDGE('',*,*,#7718,.T.);
#7718 = EDGE_CURVE('',#7698,#7719,#7721,.T.);
#7719 = VERTEX_POINT('',#7720);
#7720 = CARTESIAN_POINT('',(-1.64E+03,-850.,870.));
#7721 = SURFACE_CURVE('',#7722,(#7726,#7733),.PCURVE_S1.);
#7722 = LINE('',#7723,#7724);
#7723 = CARTESIAN_POINT('',(-1.64E+03,-1.26E+03,870.));
#7724 = VECTOR('',#7725,1.);
#7725 = DIRECTION('',(0.,1.,0.));
#7726 = PCURVE('',#6626,#7727);
#7727 = DEFINITIONAL_REPRESENTATION('',(#7728),#7732);
#7728 = LINE('',#7729,#7730);
#7729 = CARTESIAN_POINT('',(0.,0.));
#7730 = VECTOR('',#7731,1.);
#7731 = DIRECTION('',(0.,-1.));
#7732 = ( GEOMETRIC_REPRESENTATION_CONTEXT(2) 
PARAMETRIC_REPRESENTATION_CONTEXT() REPRESENTATION_CONTEXT('2D SPACE',''
  ) );
#7733 = PCURVE('',#7734,#7739);
#7734 = PLANE('',#7735);
#7735 = AXIS2_PLACEMENT_3D('',#7736,#7737,#7738);
#7736 = CARTESIAN_POINT('',(-1.64E+03,-1.26E+03,870.));
#7737 = DIRECTION('',(0.,0.,1.));
#7738 = DIRECTION('',(1.,0.,0.));
#7739 = DEFINITIONAL_REPRESENTATION('',(#7740),#7744);
#7740 = LINE('',#7741,#7742);
#7741 = CARTESIAN_POINT('',(0.,0.));
#7742 = VECTOR('',#7743,1.);
#7743 = DIRECTION('',(0.,1.));
#7744 = ( GEOMETRIC_REPRESENTATION_CONTEXT(2) 
PARAMETRIC_REPRESENTATION_CONTEXT() REPRESENTATION_CONTEXT('2D SPACE',''
  ) );
#7745 = ORIENTED_EDGE('',*,*,#7746,.T.);
#7746 = EDGE_CURVE('',#7719,#7747,#7749,.T.);
#7747 = VERTEX_POINT('',#7748);
#7748 = CARTESIAN_POINT('',(-1.64E+03,-850.,960.));
#7749 = SURFACE_CURVE('',#7750,(#7754,#7760),.PCURVE_S1.);
#7750 = LINE('',#7751,#7752);
#7751 = CARTESIAN_POINT('',(-1.64E+03,-850.,815.));
#7752 = VECTOR('',#7753,1.);
#7753 = DIRECTION('',(0.,0.,1.));
#7754 = PCURVE('',#6626,#7755);
#7755 = DEFINITIONAL_REPRESENTATION('',(#7756),#7759);
#7756 = B_SPLINE_CURVE_WITH_KNOTS('',1,(#7757,#7758),.UNSPECIFIED.,.F.,
  .F.,(2,2),(55.,145.),.PIECEWISE_BEZIER_KNOTS.);
#7757 = CARTESIAN_POINT('',(0.,-410.));
#7758 = CARTESIAN_POINT('',(90.,-410.));
#7759 = ( GEOMETRIC_REPRESENTATION_CONTEXT(2) 
PARAMETRIC_REPRESENTATION_CONTEXT() REPRESENTATION_CONTEXT('2D SPACE',''
  ) );
#7760 = PCURVE('',#7761,#7766);
#7761 = PLANE('',#7762);
#7762 = AXIS2_PLACEMENT_3D('',#7763,#7764,#7765);
#7763 = CARTESIAN_POINT('',(-1.645E+03,-850.,760.));
#7764 = DIRECTION('',(0.,1.,0.));
#7765 = DIRECTION('',(0.,0.,1.));
#7766 = DEFINITIONAL_REPRESENTATION('',(#7767),#7770);
#7767 = B_SPLINE_CURVE_WITH_KNOTS('',1,(#7768,#7769),.UNSPECIFIED.,.F.,
  .F.,(2,2),(55.,145.),.PIECEWISE_BEZIER_KNOTS.);
#7768 = CARTESIAN_POINT('',(110.,5.));
#7769 = CARTESIAN_POINT('',(200.,5.));
#7770 = ( GEOMETRIC_REPRESENTATION_CONTEXT(2) 
PARAMETRIC_REPRESENTATION_CONTEXT() REPRESENTATION_CONTEXT('2D SPACE',''
  ) );
#7771 = ORIENTED_EDGE('',*,*,#7772,.F.);
#7772 = EDGE_CURVE('',#7773,#7747,#7775,.T.);
#7773 = VERTEX_POINT('',#7774);
#7774 = CARTESIAN_POINT('',(-1.64E+03,850.,960.));
#7775 = SURFACE_CURVE('',#7776,(#7780,#7786),.PCURVE_S1.);
#7776 = LINE('',#7777,#7778);
#7777 = CARTESIAN_POINT('',(-1.64E+03,-1.055E+03,960.));
#7778 = VECTOR('',#7779,1.);
#7779 = DIRECTION('',(0.,-1.,0.));
#7780 = PCURVE('',#6626,#7781);
#7781 = DEFINITIONAL_REPRESENTATION('',(#7782),#7785);
#7782 = B_SPLINE_CURVE_WITH_KNOTS('',1,(#7783,#7784),.UNSPECIFIED.,.F.,
  .F.,(2,2),(-1.905E+03,-205.),.PIECEWISE_BEZIER_KNOTS.);
#7783 = CARTESIAN_POINT('',(90.,-2.11E+03));
#7784 = CARTESIAN_POINT('',(90.,-410.));
#7785 = ( GEOMETRIC_REPRESENTATION_CONTEXT(2) 
PARAMETRIC_REPRESENTATION_CONTEXT() REPRESENTATION_CONTEXT('2D SPACE',''
  ) );
#7786 = PCURVE('',#7787,#7792);
#7787 = PLANE('',#7788);
#7788 = AXIS2_PLACEMENT_3D('',#7789,#7790,#7791);
#7789 = CARTESIAN_POINT('',(-1.645E+03,-850.,960.));
#7790 = DIRECTION('',(0.,0.,1.));
#7791 = DIRECTION('',(1.,0.,0.));
#7792 = DEFINITIONAL_REPRESENTATION('',(#7793),#7796);
#7793 = B_SPLINE_CURVE_WITH_KNOTS('',1,(#7794,#7795),.UNSPECIFIED.,.F.,
  .F.,(2,2),(-1.905E+03,-205.),.PIECEWISE_BEZIER_KNOTS.);
#7794 = CARTESIAN_POINT('',(5.,1.7E+03));
#7795 = CARTESIAN_POINT('',(5.,0.));
#7796 = ( GEOMETRIC_REPRESENTATION_CONTEXT(2) 
PARAMETRIC_REPRESENTATION_CONTEXT() REPRESENTATION_CONTEXT('2D SPACE',''
  ) );
#7797 = ORIENTED_EDGE('',*,*,#7798,.F.);
#7798 = EDGE_CURVE('',#7799,#7773,#7801,.T.);
#7799 = VERTEX_POINT('',#7800);
#7800 = CARTESIAN_POINT('',(-1.64E+03,850.,870.));
#7801 = SURFACE_CURVE('',#7802,(#7806,#7812),.PCURVE_S1.);
#7802 = LINE('',#7803,#7804);
#7803 = CARTESIAN_POINT('',(-1.64E+03,850.,815.));
#7804 = VECTOR('',#7805,1.);
#7805 = DIRECTION('',(0.,0.,1.));
#7806 = PCURVE('',#6626,#7807);
#7807 = DEFINITIONAL_REPRESENTATION('',(#7808),#7811);
#7808 = B_SPLINE_CURVE_WITH_KNOTS('',1,(#7809,#7810),.UNSPECIFIED.,.F.,
  .F.,(2,2),(55.,145.),.PIECEWISE_BEZIER_KNOTS.);
#7809 = CARTESIAN_POINT('',(0.,-2.11E+03));
#7810 = CARTESIAN_POINT('',(90.,-2.11E+03));
#7811 = ( GEOMETRIC_REPRESENTATION_CONTEXT(2) 
PARAMETRIC_REPRESENTATION_CONTEXT() REPRESENTATION_CONTEXT('2D SPACE',''
  ) );
#7812 = PCURVE('',#7813,#7818);
#7813 = PLANE('',#7814);
#7814 = AXIS2_PLACEMENT_3D('',#7815,#7816,#7817);
#7815 = CARTESIAN_POINT('',(-1.645E+03,850.,760.));
#7816 = DIRECTION('',(0.,1.,0.));
#7817 = DIRECTION('',(0.,0.,1.));
#7818 = DEFINITIONAL_REPRESENTATION('',(#7819),#7822);
#7819 = B_SPLINE_CURVE_WITH_KNOTS('',1,(#7820,#7821),.UNSPECIFIED.,.F.,
  .F.,(2,2),(55.,145.),.PIECEWISE_BEZIER_KNOTS.);
#7820 = CARTESIAN_POINT('',(110.,5.));
#7821 = CARTESIAN_POINT('',(200.,5.));
#7822 = ( GEOMETRIC_REPRESENTATION_CONTEXT(2) 
PARAMETRIC_REPRESENTATION_CONTEXT() REPRESENTATION_CONTEXT('2D SPACE',''
  ) );
#7823 = ORIENTED_EDGE('',*,*,#7824,.T.);
#7824 = EDGE_CURVE('',#7799,#6612,#7825,.T.);
#7825 = SURFACE_CURVE('',#7826,(#7830,#7837),.PCURVE_S1.);
#7826 = LINE('',#7827,#7828);
#7827 = CARTESIAN_POINT('',(-1.64E+03,-1.26E+03,870.));
#7828 = VECTOR('',#7829,1.);
#7829 = DIRECTION('',(0.,1.,0.));
#7830 = PCURVE('',#6626,#7831);
#7831 = DEFINITIONAL_REPRESENTATION('',(#7832),#7836);
#7832 = LINE('',#7833,#7834);
#7833 = CARTESIAN_POINT('',(0.,0.));
#7834 = VECTOR('',#7835,1.);
#7835 = DIRECTION('',(0.,-1.));
#7836 = ( GEOMETRIC_REPRESENTATION_CONTEXT(2) 
PARAMETRIC_REPRESENTATION_CONTEXT() REPRESENTATION_CONTEXT('2D SPACE',''
  ) );
#7837 = PCURVE('',#6652,#7838);
#7838 = DEFINITIONAL_REPRESENTATION('',(#7839),#7843);
#7839 = LINE('',#7840,#7841);
#7840 = CARTESIAN_POINT('',(0.,0.));
#7841 = VECTOR('',#7842,1.);
#7842 = DIRECTION('',(0.,1.));
#7843 = ( GEOMETRIC_REPRESENTATION_CONTEXT(2) 
PARAMETRIC_REPRESENTATION_CONTEXT() REPRESENTATION_CONTEXT('2D SPACE',''
  ) );
#7844 = ORIENTED_EDGE('',*,*,#6611,.F.);
#7845 = ADVANCED_FACE('',(#7846),#6676,.T.);
#7846 = FACE_BOUND('',#7847,.T.);
#7847 = EDGE_LOOP('',(#7848,#7849,#7870,#7893,#7914,#7940,#7961,#7982));
#7848 = ORIENTED_EDGE('',*,*,#7671,.F.);
#7849 = ORIENTED_EDGE('',*,*,#7850,.T.);
#7850 = EDGE_CURVE('',#7651,#7851,#7853,.T.);
#7851 = VERTEX_POINT('',#7852);
#7852 = CARTESIAN_POINT('',(-1.56E+03,-1.22E+03,870.));
#7853 = SURFACE_CURVE('',#7854,(#7858,#7864),.PCURVE_S1.);
#7854 = LINE('',#7855,#7856);
#7855 = CARTESIAN_POINT('',(-1.56E+03,-1.22E+03,860.));
#7856 = VECTOR('',#7857,1.);
#7857 = DIRECTION('',(0.,0.,-1.));
#7858 = PCURVE('',#6676,#7859);
#7859 = DEFINITIONAL_REPRESENTATION('',(#7860),#7863);
#7860 = B_SPLINE_CURVE_WITH_KNOTS('',1,(#7861,#7862),.UNSPECIFIED.,.F.,
  .F.,(2,2),(-130.,-10.),.PIECEWISE_BEZIER_KNOTS.);
#7861 = CARTESIAN_POINT('',(120.,-40.));
#7862 = CARTESIAN_POINT('',(0.,-40.));
#7863 = ( GEOMETRIC_REPRESENTATION_CONTEXT(2) 
PARAMETRIC_REPRESENTATION_CONTEXT() REPRESENTATION_CONTEXT('2D SPACE',''
  ) );
#7864 = PCURVE('',#7284,#7865);
#7865 = DEFINITIONAL_REPRESENTATION('',(#7866),#7869);
#7866 = B_SPLINE_CURVE_WITH_KNOTS('',1,(#7867,#7868),.UNSPECIFIED.,.F.,
  .F.,(2,2),(-130.,-10.),.PIECEWISE_BEZIER_KNOTS.);
#7867 = CARTESIAN_POINT('',(140.,3.94E+03));
#7868 = CARTESIAN_POINT('',(20.,3.94E+03));
#7869 = ( GEOMETRIC_REPRESENTATION_CONTEXT(2) 
PARAMETRIC_REPRESENTATION_CONTEXT() REPRESENTATION_CONTEXT('2D SPACE',''
  ) );
#7870 = ORIENTED_EDGE('',*,*,#7871,.T.);
#7871 = EDGE_CURVE('',#7851,#7872,#7874,.T.);
#7872 = VERTEX_POINT('',#7873);
#7873 = CARTESIAN_POINT('',(-1.56E+03,-850.,870.));
#7874 = SURFACE_CURVE('',#7875,(#7879,#7886),.PCURVE_S1.);
#7875 = LINE('',#7876,#7877);
#7876 = CARTESIAN_POINT('',(-1.56E+03,-1.26E+03,870.));
#7877 = VECTOR('',#7878,1.);
#7878 = DIRECTION('',(0.,1.,0.));
#7879 = PCURVE('',#6676,#7880);
#7880 = DEFINITIONAL_REPRESENTATION('',(#7881),#7885);
#7881 = LINE('',#7882,#7883);
#7882 = CARTESIAN_POINT('',(0.,0.));
#7883 = VECTOR('',#7884,1.);
#7884 = DIRECTION('',(0.,-1.));
#7885 = ( GEOMETRIC_REPRESENTATION_CONTEXT(2) 
PARAMETRIC_REPRESENTATION_CONTEXT() REPRESENTATION_CONTEXT('2D SPACE',''
  ) );
#7886 = PCURVE('',#7734,#7887);
#7887 = DEFINITIONAL_REPRESENTATION('',(#7888),#7892);
#7888 = LINE('',#7889,#7890);
#7889 = CARTESIAN_POINT('',(80.,0.));
#7890 = VECTOR('',#7891,1.);
#7891 = DIRECTION('',(0.,1.));
#7892 = ( GEOMETRIC_REPRESENTATION_CONTEXT(2) 
PARAMETRIC_REPRESENTATION_CONTEXT() REPRESENTATION_CONTEXT('2D SPACE',''
  ) );
#7893 = ORIENTED_EDGE('',*,*,#7894,.T.);
#7894 = EDGE_CURVE('',#7872,#7895,#7897,.T.);
#7895 = VERTEX_POINT('',#7896);
#7896 = CARTESIAN_POINT('',(-1.56E+03,-850.,960.));
#7897 = SURFACE_CURVE('',#7898,(#7902,#7908),.PCURVE_S1.);
#7898 = LINE('',#7899,#7900);
#7899 = CARTESIAN_POINT('',(-1.56E+03,-850.,815.));
#7900 = VECTOR('',#7901,1.);
#7901 = DIRECTION('',(0.,0.,1.));
#7902 = PCURVE('',#6676,#7903);
#7903 = DEFINITIONAL_REPRESENTATION('',(#7904),#7907);
#7904 = B_SPLINE_CURVE_WITH_KNOTS('',1,(#7905,#7906),.UNSPECIFIED.,.F.,
  .F.,(2,2),(55.,145.),.PIECEWISE_BEZIER_KNOTS.);
#7905 = CARTESIAN_POINT('',(0.,-410.));
#7906 = CARTESIAN_POINT('',(90.,-410.));
#7907 = ( GEOMETRIC_REPRESENTATION_CONTEXT(2) 
PARAMETRIC_REPRESENTATION_CONTEXT() REPRESENTATION_CONTEXT('2D SPACE',''
  ) );
#7908 = PCURVE('',#7761,#7909);
#7909 = DEFINITIONAL_REPRESENTATION('',(#7910),#7913);
#7910 = B_SPLINE_CURVE_WITH_KNOTS('',1,(#7911,#7912),.UNSPECIFIED.,.F.,
  .F.,(2,2),(55.,145.),.PIECEWISE_BEZIER_KNOTS.);
#7911 = CARTESIAN_POINT('',(110.,85.));
#7912 = CARTESIAN_POINT('',(200.,85.));
#7913 = ( GEOMETRIC_REPRESENTATION_CONTEXT(2) 
PARAMETRIC_REPRESENTATION_CONTEXT() REPRESENTATION_CONTEXT('2D SPACE',''
  ) );
#7914 = ORIENTED_EDGE('',*,*,#7915,.F.);
#7915 = EDGE_CURVE('',#7916,#7895,#7918,.T.);
#7916 = VERTEX_POINT('',#7917);
#7917 = CARTESIAN_POINT('',(-1.56E+03,850.,960.));
#7918 = SURFACE_CURVE('',#7919,(#7923,#7929),.PCURVE_S1.);
#7919 = LINE('',#7920,#7921);
#7920 = CARTESIAN_POINT('',(-1.56E+03,-1.055E+03,960.));
#7921 = VECTOR('',#7922,1.);
#7922 = DIRECTION('',(0.,-1.,0.));
#7923 = PCURVE('',#6676,#7924);
#7924 = DEFINITIONAL_REPRESENTATION('',(#7925),#7928);
#7925 = B_SPLINE_CURVE_WITH_KNOTS('',1,(#7926,#7927),.UNSPECIFIED.,.F.,
  .F.,(2,2),(-1.905E+03,-205.),.PIECEWISE_BEZIER_KNOTS.);
#7926 = CARTESIAN_POINT('',(90.,-2.11E+03));
#7927 = CARTESIAN_POINT('',(90.,-410.));
#7928 = ( GEOMETRIC_REPRESENTATION_CONTEXT(2) 
PARAMETRIC_REPRESENTATION_CONTEXT() REPRESENTATION_CONTEXT('2D SPACE',''
  ) );
#7929 = PCURVE('',#7930,#7935);
#7930 = PLANE('',#7931);
#7931 = AXIS2_PLACEMENT_3D('',#7932,#7933,#7934);
#7932 = CARTESIAN_POINT('',(-1.645E+03,-850.,960.));
#7933 = DIRECTION('',(0.,0.,1.));
#7934 = DIRECTION('',(1.,0.,0.));
#7935 = DEFINITIONAL_REPRESENTATION('',(#7936),#7939);
#7936 = B_SPLINE_CURVE_WITH_KNOTS('',1,(#7937,#7938),.UNSPECIFIED.,.F.,
  .F.,(2,2),(-1.905E+03,-205.),.PIECEWISE_BEZIER_KNOTS.);
#7937 = CARTESIAN_POINT('',(85.,1.7E+03));
#7938 = CARTESIAN_POINT('',(85.,0.));
#7939 = ( GEOMETRIC_REPRESENTATION_CONTEXT(2) 
PARAMETRIC_REPRESENTATION_CONTEXT() REPRESENTATION_CONTEXT('2D SPACE',''
  ) );
#7940 = ORIENTED_EDGE('',*,*,#7941,.F.);
#7941 = EDGE_CURVE('',#7942,#7916,#7944,.T.);
#7942 = VERTEX_POINT('',#7943);
#7943 = CARTESIAN_POINT('',(-1.56E+03,850.,870.));
#7944 = SURFACE_CURVE('',#7945,(#7949,#7955),.PCURVE_S1.);
#7945 = LINE('',#7946,#7947);
#7946 = CARTESIAN_POINT('',(-1.56E+03,850.,815.));
#7947 = VECTOR('',#7948,1.);
#7948 = DIRECTION('',(0.,0.,1.));
#7949 = PCURVE('',#6676,#7950);
#7950 = DEFINITIONAL_REPRESENTATION('',(#7951),#7954);
#7951 = B_SPLINE_CURVE_WITH_KNOTS('',1,(#7952,#7953),.UNSPECIFIED.,.F.,
  .F.,(2,2),(55.,145.),.PIECEWISE_BEZIER_KNOTS.);
#7952 = CARTESIAN_POINT('',(0.,-2.11E+03));
#7953 = CARTESIAN_POINT('',(90.,-2.11E+03));
#7954 = ( GEOMETRIC_REPRESENTATION_CONTEXT(2) 
PARAMETRIC_REPRESENTATION_CONTEXT() REPRESENTATION_CONTEXT('2D SPACE',''
  ) );
#7955 = PCURVE('',#7813,#7956);
#7956 = DEFINITIONAL_REPRESENTATION('',(#7957),#7960);
#7957 = B_SPLINE_CURVE_WITH_KNOTS('',1,(#7958,#7959),.UNSPECIFIED.,.F.,
  .F.,(2,2),(55.,145.),.PIECEWISE_BEZIER_KNOTS.);
#7958 = CARTESIAN_POINT('',(110.,85.));
#7959 = CARTESIAN_POINT('',(200.,85.));
#7960 = ( GEOMETRIC_REPRESENTATION_CONTEXT(2) 
PARAMETRIC_REPRESENTATION_CONTEXT() REPRESENTATION_CONTEXT('2D SPACE',''
  ) );
#7961 = ORIENTED_EDGE('',*,*,#7962,.T.);
#7962 = EDGE_CURVE('',#7942,#6638,#7963,.T.);
#7963 = SURFACE_CURVE('',#7964,(#7968,#7975),.PCURVE_S1.);
#7964 = LINE('',#7965,#7966);
#7965 = CARTESIAN_POINT('',(-1.56E+03,-1.26E+03,870.));
#7966 = VECTOR('',#7967,1.);
#7967 = DIRECTION('',(0.,1.,0.));
#7968 = PCURVE('',#6676,#7969);
#7969 = DEFINITIONAL_REPRESENTATION('',(#7970),#7974);
#7970 = LINE('',#7971,#7972);
#7971 = CARTESIAN_POINT('',(0.,0.));
#7972 = VECTOR('',#7973,1.);
#7973 = DIRECTION('',(0.,-1.));
#7974 = ( GEOMETRIC_REPRESENTATION_CONTEXT(2) 
PARAMETRIC_REPRESENTATION_CONTEXT() REPRESENTATION_CONTEXT('2D SPACE',''
  ) );
#7975 = PCURVE('',#6652,#7976);
#7976 = DEFINITIONAL_REPRESENTATION('',(#7977),#7981);
#7977 = LINE('',#7978,#7979);
#7978 = CARTESIAN_POINT('',(80.,0.));
#7979 = VECTOR('',#7980,1.);
#7980 = DIRECTION('',(0.,1.));
#7981 = ( GEOMETRIC_REPRESENTATION_CONTEXT(2) 
PARAMETRIC_REPRESENTATION_CONTEXT() REPRESENTATION_CONTEXT('2D SPACE',''
  ) );
#7982 = ORIENTED_EDGE('',*,*,#6663,.F.);
#7983 = ADVANCED_FACE('',(#7984),#6652,.F.);
#7984 = FACE_BOUND('',#7985,.F.);
#7985 = EDGE_LOOP('',(#7986,#7987,#8006,#8007));
#7986 = ORIENTED_EDGE('',*,*,#7824,.F.);
#7987 = ORIENTED_EDGE('',*,*,#7988,.F.);
#7988 = EDGE_CURVE('',#7942,#7799,#7989,.T.);
#7989 = SURFACE_CURVE('',#7990,(#7994,#8000),.PCURVE_S1.);
#7990 = LINE('',#7991,#7992);
#7991 = CARTESIAN_POINT('',(-1.6425E+03,850.,870.));
#7992 = VECTOR('',#7993,1.);
#7993 = DIRECTION('',(-1.,0.,0.));
#7994 = PCURVE('',#6652,#7995);
#7995 = DEFINITIONAL_REPRESENTATION('',(#7996),#7999);
#7996 = B_SPLINE_CURVE_WITH_KNOTS('',1,(#7997,#7998),.UNSPECIFIED.,.F.,
  .F.,(2,2),(-82.5,-2.5),.PIECEWISE_BEZIER_KNOTS.);
#7997 = CARTESIAN_POINT('',(80.,2.11E+03));
#7998 = CARTESIAN_POINT('',(0.,2.11E+03));
#7999 = ( GEOMETRIC_REPRESENTATION_CONTEXT(2) 
PARAMETRIC_REPRESENTATION_CONTEXT() REPRESENTATION_CONTEXT('2D SPACE',''
  ) );
#8000 = PCURVE('',#7813,#8001);
#8001 = DEFINITIONAL_REPRESENTATION('',(#8002),#8005);
#8002 = B_SPLINE_CURVE_WITH_KNOTS('',1,(#8003,#8004),.UNSPECIFIED.,.F.,
  .F.,(2,2),(-82.5,-2.5),.PIECEWISE_BEZIER_KNOTS.);
#8003 = CARTESIAN_POINT('',(110.,85.));
#8004 = CARTESIAN_POINT('',(110.,5.));
#8005 = ( GEOMETRIC_REPRESENTATION_CONTEXT(2) 
PARAMETRIC_REPRESENTATION_CONTEXT() REPRESENTATION_CONTEXT('2D SPACE',''
  ) );
#8006 = ORIENTED_EDGE('',*,*,#7962,.T.);
#8007 = ORIENTED_EDGE('',*,*,#6637,.F.);
#8008 = ADVANCED_FACE('',(#8009),#6706,.T.);
#8009 = FACE_BOUND('',#8010,.T.);
#8010 = EDGE_LOOP('',(#8011,#8034,#8055,#8076));
#8011 = ORIENTED_EDGE('',*,*,#8012,.F.);
#8012 = EDGE_CURVE('',#8013,#6690,#8015,.T.);
#8013 = VERTEX_POINT('',#8014);
#8014 = CARTESIAN_POINT('',(-40.,-1.22E+03,990.));
#8015 = SURFACE_CURVE('',#8016,(#8020,#8027),.PCURVE_S1.);
#8016 = LINE('',#8017,#8018);
#8017 = CARTESIAN_POINT('',(-40.,-1.26E+03,990.));
#8018 = VECTOR('',#8019,1.);
#8019 = DIRECTION('',(0.,1.,0.));
#8020 = PCURVE('',#6706,#8021);
#8021 = DEFINITIONAL_REPRESENTATION('',(#8022),#8026);
#8022 = LINE('',#8023,#8024);
#8023 = CARTESIAN_POINT('',(0.,0.));
#8024 = VECTOR('',#8025,1.);
#8025 = DIRECTION('',(0.,1.));
#8026 = ( GEOMETRIC_REPRESENTATION_CONTEXT(2) 
PARAMETRIC_REPRESENTATION_CONTEXT() REPRESENTATION_CONTEXT('2D SPACE',''
  ) );
#8027 = PCURVE('',#6732,#8028);
#8028 = DEFINITIONAL_REPRESENTATION('',(#8029),#8033);
#8029 = LINE('',#8030,#8031);
#8030 = CARTESIAN_POINT('',(120.,0.));
#8031 = VECTOR('',#8032,1.);
#8032 = DIRECTION('',(0.,-1.));
#8033 = ( GEOMETRIC_REPRESENTATION_CONTEXT(2) 
PARAMETRIC_REPRESENTATION_CONTEXT() REPRESENTATION_CONTEXT('2D SPACE',''
  ) );
#8034 = ORIENTED_EDGE('',*,*,#8035,.T.);
#8035 = EDGE_CURVE('',#8013,#8036,#8038,.T.);
#8036 = VERTEX_POINT('',#8037);
#8037 = CARTESIAN_POINT('',(40.,-1.22E+03,990.));
#8038 = SURFACE_CURVE('',#8039,(#8043,#8049),.PCURVE_S1.);
#8039 = LINE('',#8040,#8041);
#8040 = CARTESIAN_POINT('',(-2.77E+03,-1.22E+03,990.));
#8041 = VECTOR('',#8042,1.);
#8042 = DIRECTION('',(1.,0.,0.));
#8043 = PCURVE('',#6706,#8044);
#8044 = DEFINITIONAL_REPRESENTATION('',(#8045),#8048);
#8045 = B_SPLINE_CURVE_WITH_KNOTS('',1,(#8046,#8047),.UNSPECIFIED.,.F.,
  .F.,(2,2),(2.73E+03,2.81E+03),.PIECEWISE_BEZIER_KNOTS.);
#8046 = CARTESIAN_POINT('',(0.,40.));
#8047 = CARTESIAN_POINT('',(80.,40.));
#8048 = ( GEOMETRIC_REPRESENTATION_CONTEXT(2) 
PARAMETRIC_REPRESENTATION_CONTEXT() REPRESENTATION_CONTEXT('2D SPACE',''
  ) );
#8049 = PCURVE('',#7284,#8050);
#8050 = DEFINITIONAL_REPRESENTATION('',(#8051),#8054);
#8051 = B_SPLINE_CURVE_WITH_KNOTS('',1,(#8052,#8053),.UNSPECIFIED.,.F.,
  .F.,(2,2),(2.73E+03,2.81E+03),.PIECEWISE_BEZIER_KNOTS.);
#8052 = CARTESIAN_POINT('',(140.,5.46E+03));
#8053 = CARTESIAN_POINT('',(140.,5.54E+03));
#8054 = ( GEOMETRIC_REPRESENTATION_CONTEXT(2) 
PARAMETRIC_REPRESENTATION_CONTEXT() REPRESENTATION_CONTEXT('2D SPACE',''
  ) );
#8055 = ORIENTED_EDGE('',*,*,#8056,.T.);
#8056 = EDGE_CURVE('',#8036,#6692,#8057,.T.);
#8057 = SURFACE_CURVE('',#8058,(#8062,#8069),.PCURVE_S1.);
#8058 = LINE('',#8059,#8060);
#8059 = CARTESIAN_POINT('',(40.,-1.26E+03,990.));
#8060 = VECTOR('',#8061,1.);
#8061 = DIRECTION('',(0.,1.,0.));
#8062 = PCURVE('',#6706,#8063);
#8063 = DEFINITIONAL_REPRESENTATION('',(#8064),#8068);
#8064 = LINE('',#8065,#8066);
#8065 = CARTESIAN_POINT('',(80.,0.));
#8066 = VECTOR('',#8067,1.);
#8067 = DIRECTION('',(0.,1.));
#8068 = ( GEOMETRIC_REPRESENTATION_CONTEXT(2) 
PARAMETRIC_REPRESENTATION_CONTEXT() REPRESENTATION_CONTEXT('2D SPACE',''
  ) );
#8069 = PCURVE('',#6782,#8070);
#8070 = DEFINITIONAL_REPRESENTATION('',(#8071),#8075);
#8071 = LINE('',#8072,#8073);
#8072 = CARTESIAN_POINT('',(120.,0.));
#8073 = VECTOR('',#8074,1.);
#8074 = DIRECTION('',(0.,-1.));
#8075 = ( GEOMETRIC_REPRESENTATION_CONTEXT(2) 
PARAMETRIC_REPRESENTATION_CONTEXT() REPRESENTATION_CONTEXT('2D SPACE',''
  ) );
#8076 = ORIENTED_EDGE('',*,*,#6689,.F.);
#8077 = ADVANCED_FACE('',(#8078),#6732,.F.);
#8078 = FACE_BOUND('',#8079,.F.);
#8079 = EDGE_LOOP('',(#8080,#8081,#8102,#8130,#8156,#8182,#8208,#8236,
    #8262,#8288,#8314,#8335));
#8080 = ORIENTED_EDGE('',*,*,#8012,.F.);
#8081 = ORIENTED_EDGE('',*,*,#8082,.T.);
#8082 = EDGE_CURVE('',#8013,#8083,#8085,.T.);
#8083 = VERTEX_POINT('',#8084);
#8084 = CARTESIAN_POINT('',(-40.,-1.22E+03,870.));
#8085 = SURFACE_CURVE('',#8086,(#8090,#8096),.PCURVE_S1.);
#8086 = LINE('',#8087,#8088);
#8087 = CARTESIAN_POINT('',(-40.,-1.22E+03,860.));
#8088 = VECTOR('',#8089,1.);
#8089 = DIRECTION('',(0.,0.,-1.));
#8090 = PCURVE('',#6732,#8091);
#8091 = DEFINITIONAL_REPRESENTATION('',(#8092),#8095);
#8092 = B_SPLINE_CURVE_WITH_KNOTS('',1,(#8093,#8094),.UNSPECIFIED.,.F.,
  .F.,(2,2),(-130.,-10.),.PIECEWISE_BEZIER_KNOTS.);
#8093 = CARTESIAN_POINT('',(120.,-40.));
#8094 = CARTESIAN_POINT('',(0.,-40.));
#8095 = ( GEOMETRIC_REPRESENTATION_CONTEXT(2) 
PARAMETRIC_REPRESENTATION_CONTEXT() REPRESENTATION_CONTEXT('2D SPACE',''
  ) );
#8096 = PCURVE('',#7284,#8097);
#8097 = DEFINITIONAL_REPRESENTATION('',(#8098),#8101);
#8098 = B_SPLINE_CURVE_WITH_KNOTS('',1,(#8099,#8100),.UNSPECIFIED.,.F.,
  .F.,(2,2),(-130.,-10.),.PIECEWISE_BEZIER_KNOTS.);
#8099 = CARTESIAN_POINT('',(140.,5.46E+03));
#8100 = CARTESIAN_POINT('',(20.,5.46E+03));
#8101 = ( GEOMETRIC_REPRESENTATION_CONTEXT(2) 
PARAMETRIC_REPRESENTATION_CONTEXT() REPRESENTATION_CONTEXT('2D SPACE',''
  ) );
#8102 = ORIENTED_EDGE('',*,*,#8103,.T.);
#8103 = EDGE_CURVE('',#8083,#8104,#8106,.T.);
#8104 = VERTEX_POINT('',#8105);
#8105 = CARTESIAN_POINT('',(-40.,-565.,870.));
#8106 = SURFACE_CURVE('',#8107,(#8111,#8118),.PCURVE_S1.);
#8107 = LINE('',#8108,#8109);
#8108 = CARTESIAN_POINT('',(-40.,-1.26E+03,870.));
#8109 = VECTOR('',#8110,1.);
#8110 = DIRECTION('',(0.,1.,0.));
#8111 = PCURVE('',#6732,#8112);
#8112 = DEFINITIONAL_REPRESENTATION('',(#8113),#8117);
#8113 = LINE('',#8114,#8115);
#8114 = CARTESIAN_POINT('',(0.,0.));
#8115 = VECTOR('',#8116,1.);
#8116 = DIRECTION('',(0.,-1.));
#8117 = ( GEOMETRIC_REPRESENTATION_CONTEXT(2) 
PARAMETRIC_REPRESENTATION_CONTEXT() REPRESENTATION_CONTEXT('2D SPACE',''
  ) );
#8118 = PCURVE('',#8119,#8124);
#8119 = PLANE('',#8120);
#8120 = AXIS2_PLACEMENT_3D('',#8121,#8122,#8123);
#8121 = CARTESIAN_POINT('',(-40.,-1.26E+03,870.));
#8122 = DIRECTION('',(0.,0.,1.));
#8123 = DIRECTION('',(1.,0.,0.));
#8124 = DEFINITIONAL_REPRESENTATION('',(#8125),#8129);
#8125 = LINE('',#8126,#8127);
#8126 = CARTESIAN_POINT('',(0.,0.));
#8127 = VECTOR('',#8128,1.);
#8128 = DIRECTION('',(0.,1.));
#8129 = ( GEOMETRIC_REPRESENTATION_CONTEXT(2) 
PARAMETRIC_REPRESENTATION_CONTEXT() REPRESENTATION_CONTEXT('2D SPACE',''
  ) );
#8130 = ORIENTED_EDGE('',*,*,#8131,.T.);
#8131 = EDGE_CURVE('',#8104,#8132,#8134,.T.);
#8132 = VERTEX_POINT('',#8133);
#8133 = CARTESIAN_POINT('',(-40.,-565.,900.));
#8134 = SURFACE_CURVE('',#8135,(#8139,#8145),.PCURVE_S1.);
#8135 = LINE('',#8136,#8137);
#8136 = CARTESIAN_POINT('',(-40.,-565.,815.));
#8137 = VECTOR('',#8138,1.);
#8138 = DIRECTION('',(0.,0.,1.));
#8139 = PCURVE('',#6732,#8140);
#8140 = DEFINITIONAL_REPRESENTATION('',(#8141),#8144);
#8141 = B_SPLINE_CURVE_WITH_KNOTS('',1,(#8142,#8143),.UNSPECIFIED.,.F.,
  .F.,(2,2),(55.,85.),.PIECEWISE_BEZIER_KNOTS.);
#8142 = CARTESIAN_POINT('',(0.,-695.));
#8143 = CARTESIAN_POINT('',(30.,-695.));
#8144 = ( GEOMETRIC_REPRESENTATION_CONTEXT(2) 
PARAMETRIC_REPRESENTATION_CONTEXT() REPRESENTATION_CONTEXT('2D SPACE',''
  ) );
#8145 = PCURVE('',#8146,#8151);
#8146 = PLANE('',#8147);
#8147 = AXIS2_PLACEMENT_3D('',#8148,#8149,#8150);
#8148 = CARTESIAN_POINT('',(-1.6E+03,-565.,760.));
#8149 = DIRECTION('',(0.,1.,0.));
#8150 = DIRECTION('',(0.,0.,1.));
#8151 = DEFINITIONAL_REPRESENTATION('',(#8152),#8155);
#8152 = B_SPLINE_CURVE_WITH_KNOTS('',1,(#8153,#8154),.UNSPECIFIED.,.F.,
  .F.,(2,2),(55.,85.),.PIECEWISE_BEZIER_KNOTS.);
#8153 = CARTESIAN_POINT('',(110.,1.56E+03));
#8154 = CARTESIAN_POINT('',(140.,1.56E+03));
#8155 = ( GEOMETRIC_REPRESENTATION_CONTEXT(2) 
PARAMETRIC_REPRESENTATION_CONTEXT() REPRESENTATION_CONTEXT('2D SPACE',''
  ) );
#8156 = ORIENTED_EDGE('',*,*,#8157,.F.);
#8157 = EDGE_CURVE('',#8158,#8132,#8160,.T.);
#8158 = VERTEX_POINT('',#8159);
#8159 = CARTESIAN_POINT('',(-40.,-475.,900.));
#8160 = SURFACE_CURVE('',#8161,(#8165,#8171),.PCURVE_S1.);
#8161 = LINE('',#8162,#8163);
#8162 = CARTESIAN_POINT('',(-40.,-912.5,900.));
#8163 = VECTOR('',#8164,1.);
#8164 = DIRECTION('',(0.,-1.,0.));
#8165 = PCURVE('',#6732,#8166);
#8166 = DEFINITIONAL_REPRESENTATION('',(#8167),#8170);
#8167 = B_SPLINE_CURVE_WITH_KNOTS('',1,(#8168,#8169),.UNSPECIFIED.,.F.,
  .F.,(2,2),(-437.5,-347.5),.PIECEWISE_BEZIER_KNOTS.);
#8168 = CARTESIAN_POINT('',(30.,-785.));
#8169 = CARTESIAN_POINT('',(30.,-695.));
#8170 = ( GEOMETRIC_REPRESENTATION_CONTEXT(2) 
PARAMETRIC_REPRESENTATION_CONTEXT() REPRESENTATION_CONTEXT('2D SPACE',''
  ) );
#8171 = PCURVE('',#8172,#8177);
#8172 = PLANE('',#8173);
#8173 = AXIS2_PLACEMENT_3D('',#8174,#8175,#8176);
#8174 = CARTESIAN_POINT('',(-1.6E+03,-565.,900.));
#8175 = DIRECTION('',(0.,0.,1.));
#8176 = DIRECTION('',(1.,0.,0.));
#8177 = DEFINITIONAL_REPRESENTATION('',(#8178),#8181);
#8178 = B_SPLINE_CURVE_WITH_KNOTS('',1,(#8179,#8180),.UNSPECIFIED.,.F.,
  .F.,(2,2),(-437.5,-347.5),.PIECEWISE_BEZIER_KNOTS.);
#8179 = CARTESIAN_POINT('',(1.56E+03,90.));
#8180 = CARTESIAN_POINT('',(1.56E+03,0.));
#8181 = ( GEOMETRIC_REPRESENTATION_CONTEXT(2) 
PARAMETRIC_REPRESENTATION_CONTEXT() REPRESENTATION_CONTEXT('2D SPACE',''
  ) );
#8182 = ORIENTED_EDGE('',*,*,#8183,.F.);
#8183 = EDGE_CURVE('',#8184,#8158,#8186,.T.);
#8184 = VERTEX_POINT('',#8185);
#8185 = CARTESIAN_POINT('',(-40.,-475.,870.));
#8186 = SURFACE_CURVE('',#8187,(#8191,#8197),.PCURVE_S1.);
#8187 = LINE('',#8188,#8189);
#8188 = CARTESIAN_POINT('',(-40.,-475.,815.));
#8189 = VECTOR('',#8190,1.);
#8190 = DIRECTION('',(0.,0.,1.));
#8191 = PCURVE('',#6732,#8192);
#8192 = DEFINITIONAL_REPRESENTATION('',(#8193),#8196);
#8193 = B_SPLINE_CURVE_WITH_KNOTS('',1,(#8194,#8195),.UNSPECIFIED.,.F.,
  .F.,(2,2),(55.,85.),.PIECEWISE_BEZIER_KNOTS.);
#8194 = CARTESIAN_POINT('',(0.,-785.));
#8195 = CARTESIAN_POINT('',(30.,-785.));
#8196 = ( GEOMETRIC_REPRESENTATION_CONTEXT(2) 
PARAMETRIC_REPRESENTATION_CONTEXT() REPRESENTATION_CONTEXT('2D SPACE',''
  ) );
#8197 = PCURVE('',#8198,#8203);
#8198 = PLANE('',#8199);
#8199 = AXIS2_PLACEMENT_3D('',#8200,#8201,#8202);
#8200 = CARTESIAN_POINT('',(-1.6E+03,-475.,760.));
#8201 = DIRECTION('',(0.,1.,0.));
#8202 = DIRECTION('',(0.,0.,1.));
#8203 = DEFINITIONAL_REPRESENTATION('',(#8204),#8207);
#8204 = B_SPLINE_CURVE_WITH_KNOTS('',1,(#8205,#8206),.UNSPECIFIED.,.F.,
  .F.,(2,2),(55.,85.),.PIECEWISE_BEZIER_KNOTS.);
#8205 = CARTESIAN_POINT('',(110.,1.56E+03));
#8206 = CARTESIAN_POINT('',(140.,1.56E+03));
#8207 = ( GEOMETRIC_REPRESENTATION_CONTEXT(2) 
PARAMETRIC_REPRESENTATION_CONTEXT() REPRESENTATION_CONTEXT('2D SPACE',''
  ) );
#8208 = ORIENTED_EDGE('',*,*,#8209,.T.);
#8209 = EDGE_CURVE('',#8184,#8210,#8212,.T.);
#8210 = VERTEX_POINT('',#8211);
#8211 = CARTESIAN_POINT('',(-40.,475.,870.));
#8212 = SURFACE_CURVE('',#8213,(#8217,#8224),.PCURVE_S1.);
#8213 = LINE('',#8214,#8215);
#8214 = CARTESIAN_POINT('',(-40.,-1.26E+03,870.));
#8215 = VECTOR('',#8216,1.);
#8216 = DIRECTION('',(0.,1.,0.));
#8217 = PCURVE('',#6732,#8218);
#8218 = DEFINITIONAL_REPRESENTATION('',(#8219),#8223);
#8219 = LINE('',#8220,#8221);
#8220 = CARTESIAN_POINT('',(0.,0.));
#8221 = VECTOR('',#8222,1.);
#8222 = DIRECTION('',(0.,-1.));
#8223 = ( GEOMETRIC_REPRESENTATION_CONTEXT(2) 
PARAMETRIC_REPRESENTATION_CONTEXT() REPRESENTATION_CONTEXT('2D SPACE',''
  ) );
#8224 = PCURVE('',#8225,#8230);
#8225 = PLANE('',#8226);
#8226 = AXIS2_PLACEMENT_3D('',#8227,#8228,#8229);
#8227 = CARTESIAN_POINT('',(-40.,-1.26E+03,870.));
#8228 = DIRECTION('',(0.,0.,1.));
#8229 = DIRECTION('',(1.,0.,0.));
#8230 = DEFINITIONAL_REPRESENTATION('',(#8231),#8235);
#8231 = LINE('',#8232,#8233);
#8232 = CARTESIAN_POINT('',(0.,0.));
#8233 = VECTOR('',#8234,1.);
#8234 = DIRECTION('',(0.,1.));
#8235 = ( GEOMETRIC_REPRESENTATION_CONTEXT(2) 
PARAMETRIC_REPRESENTATION_CONTEXT() REPRESENTATION_CONTEXT('2D SPACE',''
  ) );
#8236 = ORIENTED_EDGE('',*,*,#8237,.T.);
#8237 = EDGE_CURVE('',#8210,#8238,#8240,.T.);
#8238 = VERTEX_POINT('',#8239);
#8239 = CARTESIAN_POINT('',(-40.,475.,900.));
#8240 = SURFACE_CURVE('',#8241,(#8245,#8251),.PCURVE_S1.);
#8241 = LINE('',#8242,#8243);
#8242 = CARTESIAN_POINT('',(-40.,475.,815.));
#8243 = VECTOR('',#8244,1.);
#8244 = DIRECTION('',(0.,0.,1.));
#8245 = PCURVE('',#6732,#8246);
#8246 = DEFINITIONAL_REPRESENTATION('',(#8247),#8250);
#8247 = B_SPLINE_CURVE_WITH_KNOTS('',1,(#8248,#8249),.UNSPECIFIED.,.F.,
  .F.,(2,2),(55.,85.),.PIECEWISE_BEZIER_KNOTS.);
#8248 = CARTESIAN_POINT('',(0.,-1.735E+03));
#8249 = CARTESIAN_POINT('',(30.,-1.735E+03));
#8250 = ( GEOMETRIC_REPRESENTATION_CONTEXT(2) 
PARAMETRIC_REPRESENTATION_CONTEXT() REPRESENTATION_CONTEXT('2D SPACE',''
  ) );
#8251 = PCURVE('',#8252,#8257);
#8252 = PLANE('',#8253);
#8253 = AXIS2_PLACEMENT_3D('',#8254,#8255,#8256);
#8254 = CARTESIAN_POINT('',(-1.6E+03,475.,760.));
#8255 = DIRECTION('',(0.,1.,0.));
#8256 = DIRECTION('',(0.,0.,1.));
#8257 = DEFINITIONAL_REPRESENTATION('',(#8258),#8261);
#8258 = B_SPLINE_CURVE_WITH_KNOTS('',1,(#8259,#8260),.UNSPECIFIED.,.F.,
  .F.,(2,2),(55.,85.),.PIECEWISE_BEZIER_KNOTS.);
#8259 = CARTESIAN_POINT('',(110.,1.56E+03));
#8260 = CARTESIAN_POINT('',(140.,1.56E+03));
#8261 = ( GEOMETRIC_REPRESENTATION_CONTEXT(2) 
PARAMETRIC_REPRESENTATION_CONTEXT() REPRESENTATION_CONTEXT('2D SPACE',''
  ) );
#8262 = ORIENTED_EDGE('',*,*,#8263,.F.);
#8263 = EDGE_CURVE('',#8264,#8238,#8266,.T.);
#8264 = VERTEX_POINT('',#8265);
#8265 = CARTESIAN_POINT('',(-40.,565.,900.));
#8266 = SURFACE_CURVE('',#8267,(#8271,#8277),.PCURVE_S1.);
#8267 = LINE('',#8268,#8269);
#8268 = CARTESIAN_POINT('',(-40.,-392.5,900.));
#8269 = VECTOR('',#8270,1.);
#8270 = DIRECTION('',(0.,-1.,0.));
#8271 = PCURVE('',#6732,#8272);
#8272 = DEFINITIONAL_REPRESENTATION('',(#8273),#8276);
#8273 = B_SPLINE_CURVE_WITH_KNOTS('',1,(#8274,#8275),.UNSPECIFIED.,.F.,
  .F.,(2,2),(-957.5,-867.5),.PIECEWISE_BEZIER_KNOTS.);
#8274 = CARTESIAN_POINT('',(30.,-1.825E+03));
#8275 = CARTESIAN_POINT('',(30.,-1.735E+03));
#8276 = ( GEOMETRIC_REPRESENTATION_CONTEXT(2) 
PARAMETRIC_REPRESENTATION_CONTEXT() REPRESENTATION_CONTEXT('2D SPACE',''
  ) );
#8277 = PCURVE('',#8278,#8283);
#8278 = PLANE('',#8279);
#8279 = AXIS2_PLACEMENT_3D('',#8280,#8281,#8282);
#8280 = CARTESIAN_POINT('',(-1.6E+03,475.,900.));
#8281 = DIRECTION('',(0.,0.,1.));
#8282 = DIRECTION('',(1.,0.,0.));
#8283 = DEFINITIONAL_REPRESENTATION('',(#8284),#8287);
#8284 = B_SPLINE_CURVE_WITH_KNOTS('',1,(#8285,#8286),.UNSPECIFIED.,.F.,
  .F.,(2,2),(-957.5,-867.5),.PIECEWISE_BEZIER_KNOTS.);
#8285 = CARTESIAN_POINT('',(1.56E+03,90.));
#8286 = CARTESIAN_POINT('',(1.56E+03,0.));
#8287 = ( GEOMETRIC_REPRESENTATION_CONTEXT(2) 
PARAMETRIC_REPRESENTATION_CONTEXT() REPRESENTATION_CONTEXT('2D SPACE',''
  ) );
#8288 = ORIENTED_EDGE('',*,*,#8289,.F.);
#8289 = EDGE_CURVE('',#8290,#8264,#8292,.T.);
#8290 = VERTEX_POINT('',#8291);
#8291 = CARTESIAN_POINT('',(-40.,565.,870.));
#8292 = SURFACE_CURVE('',#8293,(#8297,#8303),.PCURVE_S1.);
#8293 = LINE('',#8294,#8295);
#8294 = CARTESIAN_POINT('',(-40.,565.,815.));
#8295 = VECTOR('',#8296,1.);
#8296 = DIRECTION('',(0.,0.,1.));
#8297 = PCURVE('',#6732,#8298);
#8298 = DEFINITIONAL_REPRESENTATION('',(#8299),#8302);
#8299 = B_SPLINE_CURVE_WITH_KNOTS('',1,(#8300,#8301),.UNSPECIFIED.,.F.,
  .F.,(2,2),(55.,85.),.PIECEWISE_BEZIER_KNOTS.);
#8300 = CARTESIAN_POINT('',(0.,-1.825E+03));
#8301 = CARTESIAN_POINT('',(30.,-1.825E+03));
#8302 = ( GEOMETRIC_REPRESENTATION_CONTEXT(2) 
PARAMETRIC_REPRESENTATION_CONTEXT() REPRESENTATION_CONTEXT('2D SPACE',''
  ) );
#8303 = PCURVE('',#8304,#8309);
#8304 = PLANE('',#8305);
#8305 = AXIS2_PLACEMENT_3D('',#8306,#8307,#8308);
#8306 = CARTESIAN_POINT('',(-1.6E+03,565.,760.));
#8307 = DIRECTION('',(0.,1.,0.));
#8308 = DIRECTION('',(0.,0.,1.));
#8309 = DEFINITIONAL_REPRESENTATION('',(#8310),#8313);
#8310 = B_SPLINE_CURVE_WITH_KNOTS('',1,(#8311,#8312),.UNSPECIFIED.,.F.,
  .F.,(2,2),(55.,85.),.PIECEWISE_BEZIER_KNOTS.);
#8311 = CARTESIAN_POINT('',(110.,1.56E+03));
#8312 = CARTESIAN_POINT('',(140.,1.56E+03));
#8313 = ( GEOMETRIC_REPRESENTATION_CONTEXT(2) 
PARAMETRIC_REPRESENTATION_CONTEXT() REPRESENTATION_CONTEXT('2D SPACE',''
  ) );
#8314 = ORIENTED_EDGE('',*,*,#8315,.T.);
#8315 = EDGE_CURVE('',#8290,#6718,#8316,.T.);
#8316 = SURFACE_CURVE('',#8317,(#8321,#8328),.PCURVE_S1.);
#8317 = LINE('',#8318,#8319);
#8318 = CARTESIAN_POINT('',(-40.,-1.26E+03,870.));
#8319 = VECTOR('',#8320,1.);
#8320 = DIRECTION('',(0.,1.,0.));
#8321 = PCURVE('',#6732,#8322);
#8322 = DEFINITIONAL_REPRESENTATION('',(#8323),#8327);
#8323 = LINE('',#8324,#8325);
#8324 = CARTESIAN_POINT('',(0.,0.));
#8325 = VECTOR('',#8326,1.);
#8326 = DIRECTION('',(0.,-1.));
#8327 = ( GEOMETRIC_REPRESENTATION_CONTEXT(2) 
PARAMETRIC_REPRESENTATION_CONTEXT() REPRESENTATION_CONTEXT('2D SPACE',''
  ) );
#8328 = PCURVE('',#6758,#8329);
#8329 = DEFINITIONAL_REPRESENTATION('',(#8330),#8334);
#8330 = LINE('',#8331,#8332);
#8331 = CARTESIAN_POINT('',(0.,0.));
#8332 = VECTOR('',#8333,1.);
#8333 = DIRECTION('',(0.,1.));
#8334 = ( GEOMETRIC_REPRESENTATION_CONTEXT(2) 
PARAMETRIC_REPRESENTATION_CONTEXT() REPRESENTATION_CONTEXT('2D SPACE',''
  ) );
#8335 = ORIENTED_EDGE('',*,*,#6717,.F.);
#8336 = ADVANCED_FACE('',(#8337),#6782,.T.);
#8337 = FACE_BOUND('',#8338,.T.);
#8338 = EDGE_LOOP('',(#8339,#8340,#8361,#8384,#8405,#8431,#8452,#8475,
    #8496,#8522,#8543,#8564));
#8339 = ORIENTED_EDGE('',*,*,#8056,.F.);
#8340 = ORIENTED_EDGE('',*,*,#8341,.T.);
#8341 = EDGE_CURVE('',#8036,#8342,#8344,.T.);
#8342 = VERTEX_POINT('',#8343);
#8343 = CARTESIAN_POINT('',(40.,-1.22E+03,870.));
#8344 = SURFACE_CURVE('',#8345,(#8349,#8355),.PCURVE_S1.);
#8345 = LINE('',#8346,#8347);
#8346 = CARTESIAN_POINT('',(40.,-1.22E+03,860.));
#8347 = VECTOR('',#8348,1.);
#8348 = DIRECTION('',(0.,0.,-1.));
#8349 = PCURVE('',#6782,#8350);
#8350 = DEFINITIONAL_REPRESENTATION('',(#8351),#8354);
#8351 = B_SPLINE_CURVE_WITH_KNOTS('',1,(#8352,#8353),.UNSPECIFIED.,.F.,
  .F.,(2,2),(-130.,-10.),.PIECEWISE_BEZIER_KNOTS.);
#8352 = CARTESIAN_POINT('',(120.,-40.));
#8353 = CARTESIAN_POINT('',(0.,-40.));
#8354 = ( GEOMETRIC_REPRESENTATION_CONTEXT(2) 
PARAMETRIC_REPRESENTATION_CONTEXT() REPRESENTATION_CONTEXT('2D SPACE',''
  ) );
#8355 = PCURVE('',#7284,#8356);
#8356 = DEFINITIONAL_REPRESENTATION('',(#8357),#8360);
#8357 = B_SPLINE_CURVE_WITH_KNOTS('',1,(#8358,#8359),.UNSPECIFIED.,.F.,
  .F.,(2,2),(-130.,-10.),.PIECEWISE_BEZIER_KNOTS.);
#8358 = CARTESIAN_POINT('',(140.,5.54E+03));
#8359 = CARTESIAN_POINT('',(20.,5.54E+03));
#8360 = ( GEOMETRIC_REPRESENTATION_CONTEXT(2) 
PARAMETRIC_REPRESENTATION_CONTEXT() REPRESENTATION_CONTEXT('2D SPACE',''
  ) );
#8361 = ORIENTED_EDGE('',*,*,#8362,.T.);
#8362 = EDGE_CURVE('',#8342,#8363,#8365,.T.);
#8363 = VERTEX_POINT('',#8364);
#8364 = CARTESIAN_POINT('',(40.,-565.,870.));
#8365 = SURFACE_CURVE('',#8366,(#8370,#8377),.PCURVE_S1.);
#8366 = LINE('',#8367,#8368);
#8367 = CARTESIAN_POINT('',(40.,-1.26E+03,870.));
#8368 = VECTOR('',#8369,1.);
#8369 = DIRECTION('',(0.,1.,0.));
#8370 = PCURVE('',#6782,#8371);
#8371 = DEFINITIONAL_REPRESENTATION('',(#8372),#8376);
#8372 = LINE('',#8373,#8374);
#8373 = CARTESIAN_POINT('',(0.,0.));
#8374 = VECTOR('',#8375,1.);
#8375 = DIRECTION('',(0.,-1.));
#8376 = ( GEOMETRIC_REPRESENTATION_CONTEXT(2) 
PARAMETRIC_REPRESENTATION_CONTEXT() REPRESENTATION_CONTEXT('2D SPACE',''
  ) );
#8377 = PCURVE('',#8119,#8378);
#8378 = DEFINITIONAL_REPRESENTATION('',(#8379),#8383);
#8379 = LINE('',#8380,#8381);
#8380 = CARTESIAN_POINT('',(80.,0.));
#8381 = VECTOR('',#8382,1.);
#8382 = DIRECTION('',(0.,1.));
#8383 = ( GEOMETRIC_REPRESENTATION_CONTEXT(2) 
PARAMETRIC_REPRESENTATION_CONTEXT() REPRESENTATION_CONTEXT('2D SPACE',''
  ) );
#8384 = ORIENTED_EDGE('',*,*,#8385,.T.);
#8385 = EDGE_CURVE('',#8363,#8386,#8388,.T.);
#8386 = VERTEX_POINT('',#8387);
#8387 = CARTESIAN_POINT('',(40.,-565.,900.));
#8388 = SURFACE_CURVE('',#8389,(#8393,#8399),.PCURVE_S1.);
#8389 = LINE('',#8390,#8391);
#8390 = CARTESIAN_POINT('',(40.,-565.,815.));
#8391 = VECTOR('',#8392,1.);
#8392 = DIRECTION('',(0.,0.,1.));
#8393 = PCURVE('',#6782,#8394);
#8394 = DEFINITIONAL_REPRESENTATION('',(#8395),#8398);
#8395 = B_SPLINE_CURVE_WITH_KNOTS('',1,(#8396,#8397),.UNSPECIFIED.,.F.,
  .F.,(2,2),(55.,85.),.PIECEWISE_BEZIER_KNOTS.);
#8396 = CARTESIAN_POINT('',(0.,-695.));
#8397 = CARTESIAN_POINT('',(30.,-695.));
#8398 = ( GEOMETRIC_REPRESENTATION_CONTEXT(2) 
PARAMETRIC_REPRESENTATION_CONTEXT() REPRESENTATION_CONTEXT('2D SPACE',''
  ) );
#8399 = PCURVE('',#8146,#8400);
#8400 = DEFINITIONAL_REPRESENTATION('',(#8401),#8404);
#8401 = B_SPLINE_CURVE_WITH_KNOTS('',1,(#8402,#8403),.UNSPECIFIED.,.F.,
  .F.,(2,2),(55.,85.),.PIECEWISE_BEZIER_KNOTS.);
#8402 = CARTESIAN_POINT('',(110.,1.64E+03));
#8403 = CARTESIAN_POINT('',(140.,1.64E+03));
#8404 = ( GEOMETRIC_REPRESENTATION_CONTEXT(2) 
PARAMETRIC_REPRESENTATION_CONTEXT() REPRESENTATION_CONTEXT('2D SPACE',''
  ) );
#8405 = ORIENTED_EDGE('',*,*,#8406,.F.);
#8406 = EDGE_CURVE('',#8407,#8386,#8409,.T.);
#8407 = VERTEX_POINT('',#8408);
#8408 = CARTESIAN_POINT('',(40.,-475.,900.));
#8409 = SURFACE_CURVE('',#8410,(#8414,#8420),.PCURVE_S1.);
#8410 = LINE('',#8411,#8412);
#8411 = CARTESIAN_POINT('',(40.,-912.5,900.));
#8412 = VECTOR('',#8413,1.);
#8413 = DIRECTION('',(0.,-1.,0.));
#8414 = PCURVE('',#6782,#8415);
#8415 = DEFINITIONAL_REPRESENTATION('',(#8416),#8419);
#8416 = B_SPLINE_CURVE_WITH_KNOTS('',1,(#8417,#8418),.UNSPECIFIED.,.F.,
  .F.,(2,2),(-437.5,-347.5),.PIECEWISE_BEZIER_KNOTS.);
#8417 = CARTESIAN_POINT('',(30.,-785.));
#8418 = CARTESIAN_POINT('',(30.,-695.));
#8419 = ( GEOMETRIC_REPRESENTATION_CONTEXT(2) 
PARAMETRIC_REPRESENTATION_CONTEXT() REPRESENTATION_CONTEXT('2D SPACE',''
  ) );
#8420 = PCURVE('',#8421,#8426);
#8421 = PLANE('',#8422);
#8422 = AXIS2_PLACEMENT_3D('',#8423,#8424,#8425);
#8423 = CARTESIAN_POINT('',(-1.6E+03,-565.,900.));
#8424 = DIRECTION('',(0.,0.,1.));
#8425 = DIRECTION('',(1.,0.,0.));
#8426 = DEFINITIONAL_REPRESENTATION('',(#8427),#8430);
#8427 = B_SPLINE_CURVE_WITH_KNOTS('',1,(#8428,#8429),.UNSPECIFIED.,.F.,
  .F.,(2,2),(-437.5,-347.5),.PIECEWISE_BEZIER_KNOTS.);
#8428 = CARTESIAN_POINT('',(1.64E+03,90.));
#8429 = CARTESIAN_POINT('',(1.64E+03,0.));
#8430 = ( GEOMETRIC_REPRESENTATION_CONTEXT(2) 
PARAMETRIC_REPRESENTATION_CONTEXT() REPRESENTATION_CONTEXT('2D SPACE',''
  ) );
#8431 = ORIENTED_EDGE('',*,*,#8432,.F.);
#8432 = EDGE_CURVE('',#8433,#8407,#8435,.T.);
#8433 = VERTEX_POINT('',#8434);
#8434 = CARTESIAN_POINT('',(40.,-475.,870.));
#8435 = SURFACE_CURVE('',#8436,(#8440,#8446),.PCURVE_S1.);
#8436 = LINE('',#8437,#8438);
#8437 = CARTESIAN_POINT('',(40.,-475.,815.));
#8438 = VECTOR('',#8439,1.);
#8439 = DIRECTION('',(0.,0.,1.));
#8440 = PCURVE('',#6782,#8441);
#8441 = DEFINITIONAL_REPRESENTATION('',(#8442),#8445);
#8442 = B_SPLINE_CURVE_WITH_KNOTS('',1,(#8443,#8444),.UNSPECIFIED.,.F.,
  .F.,(2,2),(55.,85.),.PIECEWISE_BEZIER_KNOTS.);
#8443 = CARTESIAN_POINT('',(0.,-785.));
#8444 = CARTESIAN_POINT('',(30.,-785.));
#8445 = ( GEOMETRIC_REPRESENTATION_CONTEXT(2) 
PARAMETRIC_REPRESENTATION_CONTEXT() REPRESENTATION_CONTEXT('2D SPACE',''
  ) );
#8446 = PCURVE('',#8198,#8447);
#8447 = DEFINITIONAL_REPRESENTATION('',(#8448),#8451);
#8448 = B_SPLINE_CURVE_WITH_KNOTS('',1,(#8449,#8450),.UNSPECIFIED.,.F.,
  .F.,(2,2),(55.,85.),.PIECEWISE_BEZIER_KNOTS.);
#8449 = CARTESIAN_POINT('',(110.,1.64E+03));
#8450 = CARTESIAN_POINT('',(140.,1.64E+03));
#8451 = ( GEOMETRIC_REPRESENTATION_CONTEXT(2) 
PARAMETRIC_REPRESENTATION_CONTEXT() REPRESENTATION_CONTEXT('2D SPACE',''
  ) );
#8452 = ORIENTED_EDGE('',*,*,#8453,.T.);
#8453 = EDGE_CURVE('',#8433,#8454,#8456,.T.);
#8454 = VERTEX_POINT('',#8455);
#8455 = CARTESIAN_POINT('',(40.,475.,870.));
#8456 = SURFACE_CURVE('',#8457,(#8461,#8468),.PCURVE_S1.);
#8457 = LINE('',#8458,#8459);
#8458 = CARTESIAN_POINT('',(40.,-1.26E+03,870.));
#8459 = VECTOR('',#8460,1.);
#8460 = DIRECTION('',(0.,1.,0.));
#8461 = PCURVE('',#6782,#8462);
#8462 = DEFINITIONAL_REPRESENTATION('',(#8463),#8467);
#8463 = LINE('',#8464,#8465);
#8464 = CARTESIAN_POINT('',(0.,0.));
#8465 = VECTOR('',#8466,1.);
#8466 = DIRECTION('',(0.,-1.));
#8467 = ( GEOMETRIC_REPRESENTATION_CONTEXT(2) 
PARAMETRIC_REPRESENTATION_CONTEXT() REPRESENTATION_CONTEXT('2D SPACE',''
  ) );
#8468 = PCURVE('',#8225,#8469);
#8469 = DEFINITIONAL_REPRESENTATION('',(#8470),#8474);
#8470 = LINE('',#8471,#8472);
#8471 = CARTESIAN_POINT('',(80.,0.));
#8472 = VECTOR('',#8473,1.);
#8473 = DIRECTION('',(0.,1.));
#8474 = ( GEOMETRIC_REPRESENTATION_CONTEXT(2) 
PARAMETRIC_REPRESENTATION_CONTEXT() REPRESENTATION_CONTEXT('2D SPACE',''
  ) );
#8475 = ORIENTED_EDGE('',*,*,#8476,.T.);
#8476 = EDGE_CURVE('',#8454,#8477,#8479,.T.);
#8477 = VERTEX_POINT('',#8478);
#8478 = CARTESIAN_POINT('',(40.,475.,900.));
#8479 = SURFACE_CURVE('',#8480,(#8484,#8490),.PCURVE_S1.);
#8480 = LINE('',#8481,#8482);
#8481 = CARTESIAN_POINT('',(40.,475.,815.));
#8482 = VECTOR('',#8483,1.);
#8483 = DIRECTION('',(0.,0.,1.));
#8484 = PCURVE('',#6782,#8485);
#8485 = DEFINITIONAL_REPRESENTATION('',(#8486),#8489);
#8486 = B_SPLINE_CURVE_WITH_KNOTS('',1,(#8487,#8488),.UNSPECIFIED.,.F.,
  .F.,(2,2),(55.,85.),.PIECEWISE_BEZIER_KNOTS.);
#8487 = CARTESIAN_POINT('',(0.,-1.735E+03));
#8488 = CARTESIAN_POINT('',(30.,-1.735E+03));
#8489 = ( GEOMETRIC_REPRESENTATION_CONTEXT(2) 
PARAMETRIC_REPRESENTATION_CONTEXT() REPRESENTATION_CONTEXT('2D SPACE',''
  ) );
#8490 = PCURVE('',#8252,#8491);
#8491 = DEFINITIONAL_REPRESENTATION('',(#8492),#8495);
#8492 = B_SPLINE_CURVE_WITH_KNOTS('',1,(#8493,#8494),.UNSPECIFIED.,.F.,
  .F.,(2,2),(55.,85.),.PIECEWISE_BEZIER_KNOTS.);
#8493 = CARTESIAN_POINT('',(110.,1.64E+03));
#8494 = CARTESIAN_POINT('',(140.,1.64E+03));
#8495 = ( GEOMETRIC_REPRESENTATION_CONTEXT(2) 
PARAMETRIC_REPRESENTATION_CONTEXT() REPRESENTATION_CONTEXT('2D SPACE',''
  ) );
#8496 = ORIENTED_EDGE('',*,*,#8497,.F.);
#8497 = EDGE_CURVE('',#8498,#8477,#8500,.T.);
#8498 = VERTEX_POINT('',#8499);
#8499 = CARTESIAN_POINT('',(40.,565.,900.));
#8500 = SURFACE_CURVE('',#8501,(#8505,#8511),.PCURVE_S1.);
#8501 = LINE('',#8502,#8503);
#8502 = CARTESIAN_POINT('',(40.,-392.5,900.));
#8503 = VECTOR('',#8504,1.);
#8504 = DIRECTION('',(0.,-1.,0.));
#8505 = PCURVE('',#6782,#8506);
#8506 = DEFINITIONAL_REPRESENTATION('',(#8507),#8510);
#8507 = B_SPLINE_CURVE_WITH_KNOTS('',1,(#8508,#8509),.UNSPECIFIED.,.F.,
  .F.,(2,2),(-957.5,-867.5),.PIECEWISE_BEZIER_KNOTS.);
#8508 = CARTESIAN_POINT('',(30.,-1.825E+03));
#8509 = CARTESIAN_POINT('',(30.,-1.735E+03));
#8510 = ( GEOMETRIC_REPRESENTATION_CONTEXT(2) 
PARAMETRIC_REPRESENTATION_CONTEXT() REPRESENTATION_CONTEXT('2D SPACE',''
  ) );
#8511 = PCURVE('',#8512,#8517);
#8512 = PLANE('',#8513);
#8513 = AXIS2_PLACEMENT_3D('',#8514,#8515,#8516);
#8514 = CARTESIAN_POINT('',(-1.6E+03,475.,900.));
#8515 = DIRECTION('',(0.,0.,1.));
#8516 = DIRECTION('',(1.,0.,0.));
#8517 = DEFINITIONAL_REPRESENTATION('',(#8518),#8521);
#8518 = B_SPLINE_CURVE_WITH_KNOTS('',1,(#8519,#8520),.UNSPECIFIED.,.F.,
  .F.,(2,2),(-957.5,-867.5),.PIECEWISE_BEZIER_KNOTS.);
#8519 = CARTESIAN_POINT('',(1.64E+03,90.));
#8520 = CARTESIAN_POINT('',(1.64E+03,0.));
#8521 = ( GEOMETRIC_REPRESENTATION_CONTEXT(2) 
PARAMETRIC_REPRESENTATION_CONTEXT() REPRESENTATION_CONTEXT('2D SPACE',''
  ) );
#8522 = ORIENTED_EDGE('',*,*,#8523,.F.);
#8523 = EDGE_CURVE('',#8524,#8498,#8526,.T.);
#8524 = VERTEX_POINT('',#8525);
#8525 = CARTESIAN_POINT('',(40.,565.,870.));
#8526 = SURFACE_CURVE('',#8527,(#8531,#8537),.PCURVE_S1.);
#8527 = LINE('',#8528,#8529);
#8528 = CARTESIAN_POINT('',(40.,565.,815.));
#8529 = VECTOR('',#8530,1.);
#8530 = DIRECTION('',(0.,0.,1.));
#8531 = PCURVE('',#6782,#8532);
#8532 = DEFINITIONAL_REPRESENTATION('',(#8533),#8536);
#8533 = B_SPLINE_CURVE_WITH_KNOTS('',1,(#8534,#8535),.UNSPECIFIED.,.F.,
  .F.,(2,2),(55.,85.),.PIECEWISE_BEZIER_KNOTS.);
#8534 = CARTESIAN_POINT('',(0.,-1.825E+03));
#8535 = CARTESIAN_POINT('',(30.,-1.825E+03));
#8536 = ( GEOMETRIC_REPRESENTATION_CONTEXT(2) 
PARAMETRIC_REPRESENTATION_CONTEXT() REPRESENTATION_CONTEXT('2D SPACE',''
  ) );
#8537 = PCURVE('',#8304,#8538);
#8538 = DEFINITIONAL_REPRESENTATION('',(#8539),#8542);
#8539 = B_SPLINE_CURVE_WITH_KNOTS('',1,(#8540,#8541),.UNSPECIFIED.,.F.,
  .F.,(2,2),(55.,85.),.PIECEWISE_BEZIER_KNOTS.);
#8540 = CARTESIAN_POINT('',(110.,1.64E+03));
#8541 = CARTESIAN_POINT('',(140.,1.64E+03));
#8542 = ( GEOMETRIC_REPRESENTATION_CONTEXT(2) 
PARAMETRIC_REPRESENTATION_CONTEXT() REPRESENTATION_CONTEXT('2D SPACE',''
  ) );
#8543 = ORIENTED_EDGE('',*,*,#8544,.T.);
#8544 = EDGE_CURVE('',#8524,#6744,#8545,.T.);
#8545 = SURFACE_CURVE('',#8546,(#8550,#8557),.PCURVE_S1.);
#8546 = LINE('',#8547,#8548);
#8547 = CARTESIAN_POINT('',(40.,-1.26E+03,870.));
#8548 = VECTOR('',#8549,1.);
#8549 = DIRECTION('',(0.,1.,0.));
#8550 = PCURVE('',#6782,#8551);
#8551 = DEFINITIONAL_REPRESENTATION('',(#8552),#8556);
#8552 = LINE('',#8553,#8554);
#8553 = CARTESIAN_POINT('',(0.,0.));
#8554 = VECTOR('',#8555,1.);
#8555 = DIRECTION('',(0.,-1.));
#8556 = ( GEOMETRIC_REPRESENTATION_CONTEXT(2) 
PARAMETRIC_REPRESENTATION_CONTEXT() REPRESENTATION_CONTEXT('2D SPACE',''
  ) );
#8557 = PCURVE('',#6758,#8558);
#8558 = DEFINITIONAL_REPRESENTATION('',(#8559),#8563);
#8559 = LINE('',#8560,#8561);
#8560 = CARTESIAN_POINT('',(80.,0.));
#8561 = VECTOR('',#8562,1.);
#8562 = DIRECTION('',(0.,1.));
#8563 = ( GEOMETRIC_REPRESENTATION_CONTEXT(2) 
PARAMETRIC_REPRESENTATION_CONTEXT() REPRESENTATION_CONTEXT('2D SPACE',''
  ) );
#8564 = ORIENTED_EDGE('',*,*,#6769,.F.);
#8565 = ADVANCED_FACE('',(#8566),#6758,.F.);
#8566 = FACE_BOUND('',#8567,.F.);
#8567 = EDGE_LOOP('',(#8568,#8569,#8588,#8589));
#8568 = ORIENTED_EDGE('',*,*,#8315,.F.);
#8569 = ORIENTED_EDGE('',*,*,#8570,.F.);
#8570 = EDGE_CURVE('',#8524,#8290,#8571,.T.);
#8571 = SURFACE_CURVE('',#8572,(#8576,#8582),.PCURVE_S1.);
#8572 = LINE('',#8573,#8574);
#8573 = CARTESIAN_POINT('',(-820.,565.,870.));
#8574 = VECTOR('',#8575,1.);
#8575 = DIRECTION('',(-1.,0.,0.));
#8576 = PCURVE('',#6758,#8577);
#8577 = DEFINITIONAL_REPRESENTATION('',(#8578),#8581);
#8578 = B_SPLINE_CURVE_WITH_KNOTS('',1,(#8579,#8580),.UNSPECIFIED.,.F.,
  .F.,(2,2),(-860.,-780.),.PIECEWISE_BEZIER_KNOTS.);
#8579 = CARTESIAN_POINT('',(80.,1.825E+03));
#8580 = CARTESIAN_POINT('',(0.,1.825E+03));
#8581 = ( GEOMETRIC_REPRESENTATION_CONTEXT(2) 
PARAMETRIC_REPRESENTATION_CONTEXT() REPRESENTATION_CONTEXT('2D SPACE',''
  ) );
#8582 = PCURVE('',#8304,#8583);
#8583 = DEFINITIONAL_REPRESENTATION('',(#8584),#8587);
#8584 = B_SPLINE_CURVE_WITH_KNOTS('',1,(#8585,#8586),.UNSPECIFIED.,.F.,
  .F.,(2,2),(-860.,-780.),.PIECEWISE_BEZIER_KNOTS.);
#8585 = CARTESIAN_POINT('',(110.,1.64E+03));
#8586 = CARTESIAN_POINT('',(110.,1.56E+03));
#8587 = ( GEOMETRIC_REPRESENTATION_CONTEXT(2) 
PARAMETRIC_REPRESENTATION_CONTEXT() REPRESENTATION_CONTEXT('2D SPACE',''
  ) );
#8588 = ORIENTED_EDGE('',*,*,#8544,.T.);
#8589 = ORIENTED_EDGE('',*,*,#6743,.F.);
#8590 = ADVANCED_FACE('',(#8591),#6812,.T.);
#8591 = FACE_BOUND('',#8592,.T.);
#8592 = EDGE_LOOP('',(#8593,#8616,#8637,#8658));
#8593 = ORIENTED_EDGE('',*,*,#8594,.F.);
#8594 = EDGE_CURVE('',#8595,#6796,#8597,.T.);
#8595 = VERTEX_POINT('',#8596);
#8596 = CARTESIAN_POINT('',(1.56E+03,-1.22E+03,990.));
#8597 = SURFACE_CURVE('',#8598,(#8602,#8609),.PCURVE_S1.);
#8598 = LINE('',#8599,#8600);
#8599 = CARTESIAN_POINT('',(1.56E+03,-1.26E+03,990.));
#8600 = VECTOR('',#8601,1.);
#8601 = DIRECTION('',(0.,1.,0.));
#8602 = PCURVE('',#6812,#8603);
#8603 = DEFINITIONAL_REPRESENTATION('',(#8604),#8608);
#8604 = LINE('',#8605,#8606);
#8605 = CARTESIAN_POINT('',(0.,0.));
#8606 = VECTOR('',#8607,1.);
#8607 = DIRECTION('',(0.,1.));
#8608 = ( GEOMETRIC_REPRESENTATION_CONTEXT(2) 
PARAMETRIC_REPRESENTATION_CONTEXT() REPRESENTATION_CONTEXT('2D SPACE',''
  ) );
#8609 = PCURVE('',#6838,#8610);
#8610 = DEFINITIONAL_REPRESENTATION('',(#8611),#8615);
#8611 = LINE('',#8612,#8613);
#8612 = CARTESIAN_POINT('',(120.,0.));
#8613 = VECTOR('',#8614,1.);
#8614 = DIRECTION('',(0.,-1.));
#8615 = ( GEOMETRIC_REPRESENTATION_CONTEXT(2) 
PARAMETRIC_REPRESENTATION_CONTEXT() REPRESENTATION_CONTEXT('2D SPACE',''
  ) );
#8616 = ORIENTED_EDGE('',*,*,#8617,.T.);
#8617 = EDGE_CURVE('',#8595,#8618,#8620,.T.);
#8618 = VERTEX_POINT('',#8619);
#8619 = CARTESIAN_POINT('',(1.64E+03,-1.22E+03,990.));
#8620 = SURFACE_CURVE('',#8621,(#8625,#8631),.PCURVE_S1.);
#8621 = LINE('',#8622,#8623);
#8622 = CARTESIAN_POINT('',(-1.97E+03,-1.22E+03,990.));
#8623 = VECTOR('',#8624,1.);
#8624 = DIRECTION('',(1.,0.,0.));
#8625 = PCURVE('',#6812,#8626);
#8626 = DEFINITIONAL_REPRESENTATION('',(#8627),#8630);
#8627 = B_SPLINE_CURVE_WITH_KNOTS('',1,(#8628,#8629),.UNSPECIFIED.,.F.,
  .F.,(2,2),(3.53E+03,3.61E+03),.PIECEWISE_BEZIER_KNOTS.);
#8628 = CARTESIAN_POINT('',(0.,40.));
#8629 = CARTESIAN_POINT('',(80.,40.));
#8630 = ( GEOMETRIC_REPRESENTATION_CONTEXT(2) 
PARAMETRIC_REPRESENTATION_CONTEXT() REPRESENTATION_CONTEXT('2D SPACE',''
  ) );
#8631 = PCURVE('',#7284,#8632);
#8632 = DEFINITIONAL_REPRESENTATION('',(#8633),#8636);
#8633 = B_SPLINE_CURVE_WITH_KNOTS('',1,(#8634,#8635),.UNSPECIFIED.,.F.,
  .F.,(2,2),(3.53E+03,3.61E+03),.PIECEWISE_BEZIER_KNOTS.);
#8634 = CARTESIAN_POINT('',(140.,7.06E+03));
#8635 = CARTESIAN_POINT('',(140.,7.14E+03));
#8636 = ( GEOMETRIC_REPRESENTATION_CONTEXT(2) 
PARAMETRIC_REPRESENTATION_CONTEXT() REPRESENTATION_CONTEXT('2D SPACE',''
  ) );
#8637 = ORIENTED_EDGE('',*,*,#8638,.T.);
#8638 = EDGE_CURVE('',#8618,#6798,#8639,.T.);
#8639 = SURFACE_CURVE('',#8640,(#8644,#8651),.PCURVE_S1.);
#8640 = LINE('',#8641,#8642);
#8641 = CARTESIAN_POINT('',(1.64E+03,-1.26E+03,990.));
#8642 = VECTOR('',#8643,1.);
#8643 = DIRECTION('',(0.,1.,0.));
#8644 = PCURVE('',#6812,#8645);
#8645 = DEFINITIONAL_REPRESENTATION('',(#8646),#8650);
#8646 = LINE('',#8647,#8648);
#8647 = CARTESIAN_POINT('',(80.,0.));
#8648 = VECTOR('',#8649,1.);
#8649 = DIRECTION('',(0.,1.));
#8650 = ( GEOMETRIC_REPRESENTATION_CONTEXT(2) 
PARAMETRIC_REPRESENTATION_CONTEXT() REPRESENTATION_CONTEXT('2D SPACE',''
  ) );
#8651 = PCURVE('',#6888,#8652);
#8652 = DEFINITIONAL_REPRESENTATION('',(#8653),#8657);
#8653 = LINE('',#8654,#8655);
#8654 = CARTESIAN_POINT('',(120.,0.));
#8655 = VECTOR('',#8656,1.);
#8656 = DIRECTION('',(0.,-1.));
#8657 = ( GEOMETRIC_REPRESENTATION_CONTEXT(2) 
PARAMETRIC_REPRESENTATION_CONTEXT() REPRESENTATION_CONTEXT('2D SPACE',''
  ) );
#8658 = ORIENTED_EDGE('',*,*,#6795,.F.);
#8659 = ADVANCED_FACE('',(#8660),#6838,.F.);
#8660 = FACE_BOUND('',#8661,.F.);
#8661 = EDGE_LOOP('',(#8662,#8663,#8684,#8712,#8738,#8764,#8790,#8811));
#8662 = ORIENTED_EDGE('',*,*,#8594,.F.);
#8663 = ORIENTED_EDGE('',*,*,#8664,.T.);
#8664 = EDGE_CURVE('',#8595,#8665,#8667,.T.);
#8665 = VERTEX_POINT('',#8666);
#8666 = CARTESIAN_POINT('',(1.56E+03,-1.22E+03,870.));
#8667 = SURFACE_CURVE('',#8668,(#8672,#8678),.PCURVE_S1.);
#8668 = LINE('',#8669,#8670);
#8669 = CARTESIAN_POINT('',(1.56E+03,-1.22E+03,860.));
#8670 = VECTOR('',#8671,1.);
#8671 = DIRECTION('',(0.,0.,-1.));
#8672 = PCURVE('',#6838,#8673);
#8673 = DEFINITIONAL_REPRESENTATION('',(#8674),#8677);
#8674 = B_SPLINE_CURVE_WITH_KNOTS('',1,(#8675,#8676),.UNSPECIFIED.,.F.,
  .F.,(2,2),(-130.,-10.),.PIECEWISE_BEZIER_KNOTS.);
#8675 = CARTESIAN_POINT('',(120.,-40.));
#8676 = CARTESIAN_POINT('',(0.,-40.));
#8677 = ( GEOMETRIC_REPRESENTATION_CONTEXT(2) 
PARAMETRIC_REPRESENTATION_CONTEXT() REPRESENTATION_CONTEXT('2D SPACE',''
  ) );
#8678 = PCURVE('',#7284,#8679);
#8679 = DEFINITIONAL_REPRESENTATION('',(#8680),#8683);
#8680 = B_SPLINE_CURVE_WITH_KNOTS('',1,(#8681,#8682),.UNSPECIFIED.,.F.,
  .F.,(2,2),(-130.,-10.),.PIECEWISE_BEZIER_KNOTS.);
#8681 = CARTESIAN_POINT('',(140.,7.06E+03));
#8682 = CARTESIAN_POINT('',(20.,7.06E+03));
#8683 = ( GEOMETRIC_REPRESENTATION_CONTEXT(2) 
PARAMETRIC_REPRESENTATION_CONTEXT() REPRESENTATION_CONTEXT('2D SPACE',''
  ) );
#8684 = ORIENTED_EDGE('',*,*,#8685,.T.);
#8685 = EDGE_CURVE('',#8665,#8686,#8688,.T.);
#8686 = VERTEX_POINT('',#8687);
#8687 = CARTESIAN_POINT('',(1.56E+03,-850.,870.));
#8688 = SURFACE_CURVE('',#8689,(#8693,#8700),.PCURVE_S1.);
#8689 = LINE('',#8690,#8691);
#8690 = CARTESIAN_POINT('',(1.56E+03,-1.26E+03,870.));
#8691 = VECTOR('',#8692,1.);
#8692 = DIRECTION('',(0.,1.,0.));
#8693 = PCURVE('',#6838,#8694);
#8694 = DEFINITIONAL_REPRESENTATION('',(#8695),#8699);
#8695 = LINE('',#8696,#8697);
#8696 = CARTESIAN_POINT('',(0.,0.));
#8697 = VECTOR('',#8698,1.);
#8698 = DIRECTION('',(0.,-1.));
#8699 = ( GEOMETRIC_REPRESENTATION_CONTEXT(2) 
PARAMETRIC_REPRESENTATION_CONTEXT() REPRESENTATION_CONTEXT('2D SPACE',''
  ) );
#8700 = PCURVE('',#8701,#8706);
#8701 = PLANE('',#8702);
#8702 = AXIS2_PLACEMENT_3D('',#8703,#8704,#8705);
#8703 = CARTESIAN_POINT('',(1.56E+03,-1.26E+03,870.));
#8704 = DIRECTION('',(0.,0.,1.));
#8705 = DIRECTION('',(1.,0.,0.));
#8706 = DEFINITIONAL_REPRESENTATION('',(#8707),#8711);
#8707 = LINE('',#8708,#8709);
#8708 = CARTESIAN_POINT('',(0.,0.));
#8709 = VECTOR('',#8710,1.);
#8710 = DIRECTION('',(0.,1.));
#8711 = ( GEOMETRIC_REPRESENTATION_CONTEXT(2) 
PARAMETRIC_REPRESENTATION_CONTEXT() REPRESENTATION_CONTEXT('2D SPACE',''
  ) );
#8712 = ORIENTED_EDGE('',*,*,#8713,.T.);
#8713 = EDGE_CURVE('',#8686,#8714,#8716,.T.);
#8714 = VERTEX_POINT('',#8715);
#8715 = CARTESIAN_POINT('',(1.56E+03,-850.,960.));
#8716 = SURFACE_CURVE('',#8717,(#8721,#8727),.PCURVE_S1.);
#8717 = LINE('',#8718,#8719);
#8718 = CARTESIAN_POINT('',(1.56E+03,-850.,815.));
#8719 = VECTOR('',#8720,1.);
#8720 = DIRECTION('',(0.,0.,1.));
#8721 = PCURVE('',#6838,#8722);
#8722 = DEFINITIONAL_REPRESENTATION('',(#8723),#8726);
#8723 = B_SPLINE_CURVE_WITH_KNOTS('',1,(#8724,#8725),.UNSPECIFIED.,.F.,
  .F.,(2,2),(55.,145.),.PIECEWISE_BEZIER_KNOTS.);
#8724 = CARTESIAN_POINT('',(0.,-410.));
#8725 = CARTESIAN_POINT('',(90.,-410.));
#8726 = ( GEOMETRIC_REPRESENTATION_CONTEXT(2) 
PARAMETRIC_REPRESENTATION_CONTEXT() REPRESENTATION_CONTEXT('2D SPACE',''
  ) );
#8727 = PCURVE('',#8728,#8733);
#8728 = PLANE('',#8729);
#8729 = AXIS2_PLACEMENT_3D('',#8730,#8731,#8732);
#8730 = CARTESIAN_POINT('',(1.555E+03,-850.,760.));
#8731 = DIRECTION('',(0.,1.,0.));
#8732 = DIRECTION('',(0.,0.,1.));
#8733 = DEFINITIONAL_REPRESENTATION('',(#8734),#8737);
#8734 = B_SPLINE_CURVE_WITH_KNOTS('',1,(#8735,#8736),.UNSPECIFIED.,.F.,
  .F.,(2,2),(55.,145.),.PIECEWISE_BEZIER_KNOTS.);
#8735 = CARTESIAN_POINT('',(110.,5.));
#8736 = CARTESIAN_POINT('',(200.,5.));
#8737 = ( GEOMETRIC_REPRESENTATION_CONTEXT(2) 
PARAMETRIC_REPRESENTATION_CONTEXT() REPRESENTATION_CONTEXT('2D SPACE',''
  ) );
#8738 = ORIENTED_EDGE('',*,*,#8739,.F.);
#8739 = EDGE_CURVE('',#8740,#8714,#8742,.T.);
#8740 = VERTEX_POINT('',#8741);
#8741 = CARTESIAN_POINT('',(1.56E+03,850.,960.));
#8742 = SURFACE_CURVE('',#8743,(#8747,#8753),.PCURVE_S1.);
#8743 = LINE('',#8744,#8745);
#8744 = CARTESIAN_POINT('',(1.56E+03,-1.055E+03,960.));
#8745 = VECTOR('',#8746,1.);
#8746 = DIRECTION('',(0.,-1.,0.));
#8747 = PCURVE('',#6838,#8748);
#8748 = DEFINITIONAL_REPRESENTATION('',(#8749),#8752);
#8749 = B_SPLINE_CURVE_WITH_KNOTS('',1,(#8750,#8751),.UNSPECIFIED.,.F.,
  .F.,(2,2),(-1.905E+03,-205.),.PIECEWISE_BEZIER_KNOTS.);
#8750 = CARTESIAN_POINT('',(90.,-2.11E+03));
#8751 = CARTESIAN_POINT('',(90.,-410.));
#8752 = ( GEOMETRIC_REPRESENTATION_CONTEXT(2) 
PARAMETRIC_REPRESENTATION_CONTEXT() REPRESENTATION_CONTEXT('2D SPACE',''
  ) );
#8753 = PCURVE('',#8754,#8759);
#8754 = PLANE('',#8755);
#8755 = AXIS2_PLACEMENT_3D('',#8756,#8757,#8758);
#8756 = CARTESIAN_POINT('',(1.555E+03,-850.,960.));
#8757 = DIRECTION('',(0.,0.,1.));
#8758 = DIRECTION('',(1.,0.,0.));
#8759 = DEFINITIONAL_REPRESENTATION('',(#8760),#8763);
#8760 = B_SPLINE_CURVE_WITH_KNOTS('',1,(#8761,#8762),.UNSPECIFIED.,.F.,
  .F.,(2,2),(-1.905E+03,-205.),.PIECEWISE_BEZIER_KNOTS.);
#8761 = CARTESIAN_POINT('',(5.,1.7E+03));
#8762 = CARTESIAN_POINT('',(5.,0.));
#8763 = ( GEOMETRIC_REPRESENTATION_CONTEXT(2) 
PARAMETRIC_REPRESENTATION_CONTEXT() REPRESENTATION_CONTEXT('2D SPACE',''
  ) );
#8764 = ORIENTED_EDGE('',*,*,#8765,.F.);
#8765 = EDGE_CURVE('',#8766,#8740,#8768,.T.);
#8766 = VERTEX_POINT('',#8767);
#8767 = CARTESIAN_POINT('',(1.56E+03,850.,870.));
#8768 = SURFACE_CURVE('',#8769,(#8773,#8779),.PCURVE_S1.);
#8769 = LINE('',#8770,#8771);
#8770 = CARTESIAN_POINT('',(1.56E+03,850.,815.));
#8771 = VECTOR('',#8772,1.);
#8772 = DIRECTION('',(0.,0.,1.));
#8773 = PCURVE('',#6838,#8774);
#8774 = DEFINITIONAL_REPRESENTATION('',(#8775),#8778);
#8775 = B_SPLINE_CURVE_WITH_KNOTS('',1,(#8776,#8777),.UNSPECIFIED.,.F.,
  .F.,(2,2),(55.,145.),.PIECEWISE_BEZIER_KNOTS.);
#8776 = CARTESIAN_POINT('',(0.,-2.11E+03));
#8777 = CARTESIAN_POINT('',(90.,-2.11E+03));
#8778 = ( GEOMETRIC_REPRESENTATION_CONTEXT(2) 
PARAMETRIC_REPRESENTATION_CONTEXT() REPRESENTATION_CONTEXT('2D SPACE',''
  ) );
#8779 = PCURVE('',#8780,#8785);
#8780 = PLANE('',#8781);
#8781 = AXIS2_PLACEMENT_3D('',#8782,#8783,#8784);
#8782 = CARTESIAN_POINT('',(1.555E+03,850.,760.));
#8783 = DIRECTION('',(0.,1.,0.));
#8784 = DIRECTION('',(0.,0.,1.));
#8785 = DEFINITIONAL_REPRESENTATION('',(#8786),#8789);
#8786 = B_SPLINE_CURVE_WITH_KNOTS('',1,(#8787,#8788),.UNSPECIFIED.,.F.,
  .F.,(2,2),(55.,145.),.PIECEWISE_BEZIER_KNOTS.);
#8787 = CARTESIAN_POINT('',(110.,5.));
#8788 = CARTESIAN_POINT('',(200.,5.));
#8789 = ( GEOMETRIC_REPRESENTATION_CONTEXT(2) 
PARAMETRIC_REPRESENTATION_CONTEXT() REPRESENTATION_CONTEXT('2D SPACE',''
  ) );
#8790 = ORIENTED_EDGE('',*,*,#8791,.T.);
#8791 = EDGE_CURVE('',#8766,#6824,#8792,.T.);
#8792 = SURFACE_CURVE('',#8793,(#8797,#8804),.PCURVE_S1.);
#8793 = LINE('',#8794,#8795);
#8794 = CARTESIAN_POINT('',(1.56E+03,-1.26E+03,870.));
#8795 = VECTOR('',#8796,1.);
#8796 = DIRECTION('',(0.,1.,0.));
#8797 = PCURVE('',#6838,#8798);
#8798 = DEFINITIONAL_REPRESENTATION('',(#8799),#8803);
#8799 = LINE('',#8800,#8801);
#8800 = CARTESIAN_POINT('',(0.,0.));
#8801 = VECTOR('',#8802,1.);
#8802 = DIRECTION('',(0.,-1.));
#8803 = ( GEOMETRIC_REPRESENTATION_CONTEXT(2) 
PARAMETRIC_REPRESENTATION_CONTEXT() REPRESENTATION_CONTEXT('2D SPACE',''
  ) );
#8804 = PCURVE('',#6864,#8805);
#8805 = DEFINITIONAL_REPRESENTATION('',(#8806),#8810);
#8806 = LINE('',#8807,#8808);
#8807 = CARTESIAN_POINT('',(0.,0.));
#8808 = VECTOR('',#8809,1.);
#8809 = DIRECTION('',(0.,1.));
#8810 = ( GEOMETRIC_REPRESENTATION_CONTEXT(2) 
PARAMETRIC_REPRESENTATION_CONTEXT() REPRESENTATION_CONTEXT('2D SPACE',''
  ) );
#8811 = ORIENTED_EDGE('',*,*,#6823,.F.);
#8812 = ADVANCED_FACE('',(#8813),#6888,.T.);
#8813 = FACE_BOUND('',#8814,.T.);
#8814 = EDGE_LOOP('',(#8815,#8816,#8837,#8860,#8881,#8907,#8928,#8949));
#8815 = ORIENTED_EDGE('',*,*,#8638,.F.);
#8816 = ORIENTED_EDGE('',*,*,#8817,.T.);
#8817 = EDGE_CURVE('',#8618,#8818,#8820,.T.);
#8818 = VERTEX_POINT('',#8819);
#8819 = CARTESIAN_POINT('',(1.64E+03,-1.22E+03,870.));
#8820 = SURFACE_CURVE('',#8821,(#8825,#8831),.PCURVE_S1.);
#8821 = LINE('',#8822,#8823);
#8822 = CARTESIAN_POINT('',(1.64E+03,-1.22E+03,860.));
#8823 = VECTOR('',#8824,1.);
#8824 = DIRECTION('',(0.,0.,-1.));
#8825 = PCURVE('',#6888,#8826);
#8826 = DEFINITIONAL_REPRESENTATION('',(#8827),#8830);
#8827 = B_SPLINE_CURVE_WITH_KNOTS('',1,(#8828,#8829),.UNSPECIFIED.,.F.,
  .F.,(2,2),(-130.,-10.),.PIECEWISE_BEZIER_KNOTS.);
#8828 = CARTESIAN_POINT('',(120.,-40.));
#8829 = CARTESIAN_POINT('',(0.,-40.));
#8830 = ( GEOMETRIC_REPRESENTATION_CONTEXT(2) 
PARAMETRIC_REPRESENTATION_CONTEXT() REPRESENTATION_CONTEXT('2D SPACE',''
  ) );
#8831 = PCURVE('',#7284,#8832);
#8832 = DEFINITIONAL_REPRESENTATION('',(#8833),#8836);
#8833 = B_SPLINE_CURVE_WITH_KNOTS('',1,(#8834,#8835),.UNSPECIFIED.,.F.,
  .F.,(2,2),(-130.,-10.),.PIECEWISE_BEZIER_KNOTS.);
#8834 = CARTESIAN_POINT('',(140.,7.14E+03));
#8835 = CARTESIAN_POINT('',(20.,7.14E+03));
#8836 = ( GEOMETRIC_REPRESENTATION_CONTEXT(2) 
PARAMETRIC_REPRESENTATION_CONTEXT() REPRESENTATION_CONTEXT('2D SPACE',''
  ) );
#8837 = ORIENTED_EDGE('',*,*,#8838,.T.);
#8838 = EDGE_CURVE('',#8818,#8839,#8841,.T.);
#8839 = VERTEX_POINT('',#8840);
#8840 = CARTESIAN_POINT('',(1.64E+03,-850.,870.));
#8841 = SURFACE_CURVE('',#8842,(#8846,#8853),.PCURVE_S1.);
#8842 = LINE('',#8843,#8844);
#8843 = CARTESIAN_POINT('',(1.64E+03,-1.26E+03,870.));
#8844 = VECTOR('',#8845,1.);
#8845 = DIRECTION('',(0.,1.,0.));
#8846 = PCURVE('',#6888,#8847);
#8847 = DEFINITIONAL_REPRESENTATION('',(#8848),#8852);
#8848 = LINE('',#8849,#8850);
#8849 = CARTESIAN_POINT('',(0.,0.));
#8850 = VECTOR('',#8851,1.);
#8851 = DIRECTION('',(0.,-1.));
#8852 = ( GEOMETRIC_REPRESENTATION_CONTEXT(2) 
PARAMETRIC_REPRESENTATION_CONTEXT() REPRESENTATION_CONTEXT('2D SPACE',''
  ) );
#8853 = PCURVE('',#8701,#8854);
#8854 = DEFINITIONAL_REPRESENTATION('',(#8855),#8859);
#8855 = LINE('',#8856,#8857);
#8856 = CARTESIAN_POINT('',(80.,0.));
#8857 = VECTOR('',#8858,1.);
#8858 = DIRECTION('',(0.,1.));
#8859 = ( GEOMETRIC_REPRESENTATION_CONTEXT(2) 
PARAMETRIC_REPRESENTATION_CONTEXT() REPRESENTATION_CONTEXT('2D SPACE',''
  ) );
#8860 = ORIENTED_EDGE('',*,*,#8861,.T.);
#8861 = EDGE_CURVE('',#8839,#8862,#8864,.T.);
#8862 = VERTEX_POINT('',#8863);
#8863 = CARTESIAN_POINT('',(1.64E+03,-850.,960.));
#8864 = SURFACE_CURVE('',#8865,(#8869,#8875),.PCURVE_S1.);
#8865 = LINE('',#8866,#8867);
#8866 = CARTESIAN_POINT('',(1.64E+03,-850.,815.));
#8867 = VECTOR('',#8868,1.);
#8868 = DIRECTION('',(0.,0.,1.));
#8869 = PCURVE('',#6888,#8870);
#8870 = DEFINITIONAL_REPRESENTATION('',(#8871),#8874);
#8871 = B_SPLINE_CURVE_WITH_KNOTS('',1,(#8872,#8873),.UNSPECIFIED.,.F.,
  .F.,(2,2),(55.,145.),.PIECEWISE_BEZIER_KNOTS.);
#8872 = CARTESIAN_POINT('',(0.,-410.));
#8873 = CARTESIAN_POINT('',(90.,-410.));
#8874 = ( GEOMETRIC_REPRESENTATION_CONTEXT(2) 
PARAMETRIC_REPRESENTATION_CONTEXT() REPRESENTATION_CONTEXT('2D SPACE',''
  ) );
#8875 = PCURVE('',#8728,#8876);
#8876 = DEFINITIONAL_REPRESENTATION('',(#8877),#8880);
#8877 = B_SPLINE_CURVE_WITH_KNOTS('',1,(#8878,#8879),.UNSPECIFIED.,.F.,
  .F.,(2,2),(55.,145.),.PIECEWISE_BEZIER_KNOTS.);
#8878 = CARTESIAN_POINT('',(110.,85.));
#8879 = CARTESIAN_POINT('',(200.,85.));
#8880 = ( GEOMETRIC_REPRESENTATION_CONTEXT(2) 
PARAMETRIC_REPRESENTATION_CONTEXT() REPRESENTATION_CONTEXT('2D SPACE',''
  ) );
#8881 = ORIENTED_EDGE('',*,*,#8882,.F.);
#8882 = EDGE_CURVE('',#8883,#8862,#8885,.T.);
#8883 = VERTEX_POINT('',#8884);
#8884 = CARTESIAN_POINT('',(1.64E+03,850.,960.));
#8885 = SURFACE_CURVE('',#8886,(#8890,#8896),.PCURVE_S1.);
#8886 = LINE('',#8887,#8888);
#8887 = CARTESIAN_POINT('',(1.64E+03,-1.055E+03,960.));
#8888 = VECTOR('',#8889,1.);
#8889 = DIRECTION('',(0.,-1.,0.));
#8890 = PCURVE('',#6888,#8891);
#8891 = DEFINITIONAL_REPRESENTATION('',(#8892),#8895);
#8892 = B_SPLINE_CURVE_WITH_KNOTS('',1,(#8893,#8894),.UNSPECIFIED.,.F.,
  .F.,(2,2),(-1.905E+03,-205.),.PIECEWISE_BEZIER_KNOTS.);
#8893 = CARTESIAN_POINT('',(90.,-2.11E+03));
#8894 = CARTESIAN_POINT('',(90.,-410.));
#8895 = ( GEOMETRIC_REPRESENTATION_CONTEXT(2) 
PARAMETRIC_REPRESENTATION_CONTEXT() REPRESENTATION_CONTEXT('2D SPACE',''
  ) );
#8896 = PCURVE('',#8897,#8902);
#8897 = PLANE('',#8898);
#8898 = AXIS2_PLACEMENT_3D('',#8899,#8900,#8901);
#8899 = CARTESIAN_POINT('',(1.555E+03,-850.,960.));
#8900 = DIRECTION('',(0.,0.,1.));
#8901 = DIRECTION('',(1.,0.,0.));
#8902 = DEFINITIONAL_REPRESENTATION('',(#8903),#8906);
#8903 = B_SPLINE_CURVE_WITH_KNOTS('',1,(#8904,#8905),.UNSPECIFIED.,.F.,
  .F.,(2,2),(-1.905E+03,-205.),.PIECEWISE_BEZIER_KNOTS.);
#8904 = CARTESIAN_POINT('',(85.,1.7E+03));
#8905 = CARTESIAN_POINT('',(85.,0.));
#8906 = ( GEOMETRIC_REPRESENTATION_CONTEXT(2) 
PARAMETRIC_REPRESENTATION_CONTEXT() REPRESENTATION_CONTEXT('2D SPACE',''
  ) );
#8907 = ORIENTED_EDGE('',*,*,#8908,.F.);
#8908 = EDGE_CURVE('',#8909,#8883,#8911,.T.);
#8909 = VERTEX_POINT('',#8910);
#8910 = CARTESIAN_POINT('',(1.64E+03,850.,870.));
#8911 = SURFACE_CURVE('',#8912,(#8916,#8922),.PCURVE_S1.);
#8912 = LINE('',#8913,#8914);
#8913 = CARTESIAN_POINT('',(1.64E+03,850.,815.));
#8914 = VECTOR('',#8915,1.);
#8915 = DIRECTION('',(0.,0.,1.));
#8916 = PCURVE('',#6888,#8917);
#8917 = DEFINITIONAL_REPRESENTATION('',(#8918),#8921);
#8918 = B_SPLINE_CURVE_WITH_KNOTS('',1,(#8919,#8920),.UNSPECIFIED.,.F.,
  .F.,(2,2),(55.,145.),.PIECEWISE_BEZIER_KNOTS.);
#8919 = CARTESIAN_POINT('',(0.,-2.11E+03));
#8920 = CARTESIAN_POINT('',(90.,-2.11E+03));
#8921 = ( GEOMETRIC_REPRESENTATION_CONTEXT(2) 
PARAMETRIC_REPRESENTATION_CONTEXT() REPRESENTATION_CONTEXT('2D SPACE',''
  ) );
#8922 = PCURVE('',#8780,#8923);
#8923 = DEFINITIONAL_REPRESENTATION('',(#8924),#8927);
#8924 = B_SPLINE_CURVE_WITH_KNOTS('',1,(#8925,#8926),.UNSPECIFIED.,.F.,
  .F.,(2,2),(55.,145.),.PIECEWISE_BEZIER_KNOTS.);
#8925 = CARTESIAN_POINT('',(110.,85.));
#8926 = CARTESIAN_POINT('',(200.,85.));
#8927 = ( GEOMETRIC_REPRESENTATION_CONTEXT(2) 
PARAMETRIC_REPRESENTATION_CONTEXT() REPRESENTATION_CONTEXT('2D SPACE',''
  ) );
#8928 = ORIENTED_EDGE('',*,*,#8929,.T.);
#8929 = EDGE_CURVE('',#8909,#6850,#8930,.T.);
#8930 = SURFACE_CURVE('',#8931,(#8935,#8942),.PCURVE_S1.);
#8931 = LINE('',#8932,#8933);
#8932 = CARTESIAN_POINT('',(1.64E+03,-1.26E+03,870.));
#8933 = VECTOR('',#8934,1.);
#8934 = DIRECTION('',(0.,1.,0.));
#8935 = PCURVE('',#6888,#8936);
#8936 = DEFINITIONAL_REPRESENTATION('',(#8937),#8941);
#8937 = LINE('',#8938,#8939);
#8938 = CARTESIAN_POINT('',(0.,0.));
#8939 = VECTOR('',#8940,1.);
#8940 = DIRECTION('',(0.,-1.));
#8941 = ( GEOMETRIC_REPRESENTATION_CONTEXT(2) 
PARAMETRIC_REPRESENTATION_CONTEXT() REPRESENTATION_CONTEXT('2D SPACE',''
  ) );
#8942 = PCURVE('',#6864,#8943);
#8943 = DEFINITIONAL_REPRESENTATION('',(#8944),#8948);
#8944 = LINE('',#8945,#8946);
#8945 = CARTESIAN_POINT('',(80.,0.));
#8946 = VECTOR('',#8947,1.);
#8947 = DIRECTION('',(0.,1.));
#8948 = ( GEOMETRIC_REPRESENTATION_CONTEXT(2) 
PARAMETRIC_REPRESENTATION_CONTEXT() REPRESENTATION_CONTEXT('2D SPACE',''
  ) );
#8949 = ORIENTED_EDGE('',*,*,#6875,.F.);
#8950 = ADVANCED_FACE('',(#8951),#6864,.F.);
#8951 = FACE_BOUND('',#8952,.F.);
#8952 = EDGE_LOOP('',(#8953,#8972,#8973,#8974));
#8953 = ORIENTED_EDGE('',*,*,#8954,.F.);
#8954 = EDGE_CURVE('',#8909,#8766,#8955,.T.);
#8955 = SURFACE_CURVE('',#8956,(#8960,#8966),.PCURVE_S1.);
#8956 = LINE('',#8957,#8958);
#8957 = CARTESIAN_POINT('',(1.5575E+03,850.,870.));
#8958 = VECTOR('',#8959,1.);
#8959 = DIRECTION('',(-1.,0.,0.));
#8960 = PCURVE('',#6864,#8961);
#8961 = DEFINITIONAL_REPRESENTATION('',(#8962),#8965);
#8962 = B_SPLINE_CURVE_WITH_KNOTS('',1,(#8963,#8964),.UNSPECIFIED.,.F.,
  .F.,(2,2),(-82.5,-2.5),.PIECEWISE_BEZIER_KNOTS.);
#8963 = CARTESIAN_POINT('',(80.,2.11E+03));
#8964 = CARTESIAN_POINT('',(0.,2.11E+03));
#8965 = ( GEOMETRIC_REPRESENTATION_CONTEXT(2) 
PARAMETRIC_REPRESENTATION_CONTEXT() REPRESENTATION_CONTEXT('2D SPACE',''
  ) );
#8966 = PCURVE('',#8780,#8967);
#8967 = DEFINITIONAL_REPRESENTATION('',(#8968),#8971);
#8968 = B_SPLINE_CURVE_WITH_KNOTS('',1,(#8969,#8970),.UNSPECIFIED.,.F.,
  .F.,(2,2),(-82.5,-2.5),.PIECEWISE_BEZIER_KNOTS.);
#8969 = CARTESIAN_POINT('',(110.,85.));
#8970 = CARTESIAN_POINT('',(110.,5.));
#8971 = ( GEOMETRIC_REPRESENTATION_CONTEXT(2) 
PARAMETRIC_REPRESENTATION_CONTEXT() REPRESENTATION_CONTEXT('2D SPACE',''
  ) );
#8972 = ORIENTED_EDGE('',*,*,#8929,.T.);
#8973 = ORIENTED_EDGE('',*,*,#6849,.F.);
#8974 = ORIENTED_EDGE('',*,*,#8791,.F.);
#8975 = ADVANCED_FACE('',(#8976),#6918,.T.);
#8976 = FACE_BOUND('',#8977,.T.);
#8977 = EDGE_LOOP('',(#8978,#9001,#9022,#9043));
#8978 = ORIENTED_EDGE('',*,*,#8979,.F.);
#8979 = EDGE_CURVE('',#8980,#6902,#8982,.T.);
#8980 = VERTEX_POINT('',#8981);
#8981 = CARTESIAN_POINT('',(3.16E+03,-1.22E+03,990.));
#8982 = SURFACE_CURVE('',#8983,(#8987,#8994),.PCURVE_S1.);
#8983 = LINE('',#8984,#8985);
#8984 = CARTESIAN_POINT('',(3.16E+03,-1.26E+03,990.));
#8985 = VECTOR('',#8986,1.);
#8986 = DIRECTION('',(0.,1.,0.));
#8987 = PCURVE('',#6918,#8988);
#8988 = DEFINITIONAL_REPRESENTATION('',(#8989),#8993);
#8989 = LINE('',#8990,#8991);
#8990 = CARTESIAN_POINT('',(0.,0.));
#8991 = VECTOR('',#8992,1.);
#8992 = DIRECTION('',(0.,1.));
#8993 = ( GEOMETRIC_REPRESENTATION_CONTEXT(2) 
PARAMETRIC_REPRESENTATION_CONTEXT() REPRESENTATION_CONTEXT('2D SPACE',''
  ) );
#8994 = PCURVE('',#6944,#8995);
#8995 = DEFINITIONAL_REPRESENTATION('',(#8996),#9000);
#8996 = LINE('',#8997,#8998);
#8997 = CARTESIAN_POINT('',(120.,0.));
#8998 = VECTOR('',#8999,1.);
#8999 = DIRECTION('',(0.,-1.));
#9000 = ( GEOMETRIC_REPRESENTATION_CONTEXT(2) 
PARAMETRIC_REPRESENTATION_CONTEXT() REPRESENTATION_CONTEXT('2D SPACE',''
  ) );
#9001 = ORIENTED_EDGE('',*,*,#9002,.T.);
#9002 = EDGE_CURVE('',#8980,#9003,#9005,.T.);
#9003 = VERTEX_POINT('',#9004);
#9004 = CARTESIAN_POINT('',(3.24E+03,-1.22E+03,990.));
#9005 = SURFACE_CURVE('',#9006,(#9010,#9016),.PCURVE_S1.);
#9006 = LINE('',#9007,#9008);
#9007 = CARTESIAN_POINT('',(-1.17E+03,-1.22E+03,990.));
#9008 = VECTOR('',#9009,1.);
#9009 = DIRECTION('',(1.,0.,0.));
#9010 = PCURVE('',#6918,#9011);
#9011 = DEFINITIONAL_REPRESENTATION('',(#9012),#9015);
#9012 = B_SPLINE_CURVE_WITH_KNOTS('',1,(#9013,#9014),.UNSPECIFIED.,.F.,
  .F.,(2,2),(4.33E+03,4.41E+03),.PIECEWISE_BEZIER_KNOTS.);
#9013 = CARTESIAN_POINT('',(0.,40.));
#9014 = CARTESIAN_POINT('',(80.,40.));
#9015 = ( GEOMETRIC_REPRESENTATION_CONTEXT(2) 
PARAMETRIC_REPRESENTATION_CONTEXT() REPRESENTATION_CONTEXT('2D SPACE',''
  ) );
#9016 = PCURVE('',#7284,#9017);
#9017 = DEFINITIONAL_REPRESENTATION('',(#9018),#9021);
#9018 = B_SPLINE_CURVE_WITH_KNOTS('',1,(#9019,#9020),.UNSPECIFIED.,.F.,
  .F.,(2,2),(4.33E+03,4.41E+03),.PIECEWISE_BEZIER_KNOTS.);
#9019 = CARTESIAN_POINT('',(140.,8.66E+03));
#9020 = CARTESIAN_POINT('',(140.,8.74E+03));
#9021 = ( GEOMETRIC_REPRESENTATION_CONTEXT(2) 
PARAMETRIC_REPRESENTATION_CONTEXT() REPRESENTATION_CONTEXT('2D SPACE',''
  ) );
#9022 = ORIENTED_EDGE('',*,*,#9023,.T.);
#9023 = EDGE_CURVE('',#9003,#6904,#9024,.T.);
#9024 = SURFACE_CURVE('',#9025,(#9029,#9036),.PCURVE_S1.);
#9025 = LINE('',#9026,#9027);
#9026 = CARTESIAN_POINT('',(3.24E+03,-1.26E+03,990.));
#9027 = VECTOR('',#9028,1.);
#9028 = DIRECTION('',(0.,1.,0.));
#9029 = PCURVE('',#6918,#9030);
#9030 = DEFINITIONAL_REPRESENTATION('',(#9031),#9035);
#9031 = LINE('',#9032,#9033);
#9032 = CARTESIAN_POINT('',(80.,0.));
#9033 = VECTOR('',#9034,1.);
#9034 = DIRECTION('',(0.,1.));
#9035 = ( GEOMETRIC_REPRESENTATION_CONTEXT(2) 
PARAMETRIC_REPRESENTATION_CONTEXT() REPRESENTATION_CONTEXT('2D SPACE',''
  ) );
#9036 = PCURVE('',#6994,#9037);
#9037 = DEFINITIONAL_REPRESENTATION('',(#9038),#9042);
#9038 = LINE('',#9039,#9040);
#9039 = CARTESIAN_POINT('',(120.,0.));
#9040 = VECTOR('',#9041,1.);
#9041 = DIRECTION('',(0.,-1.));
#9042 = ( GEOMETRIC_REPRESENTATION_CONTEXT(2) 
PARAMETRIC_REPRESENTATION_CONTEXT() REPRESENTATION_CONTEXT('2D SPACE',''
  ) );
#9043 = ORIENTED_EDGE('',*,*,#6901,.F.);
#9044 = ADVANCED_FACE('',(#9045),#6944,.F.);
#9045 = FACE_BOUND('',#9046,.F.);
#9046 = EDGE_LOOP('',(#9047,#9048,#9069,#9090));
#9047 = ORIENTED_EDGE('',*,*,#8979,.F.);
#9048 = ORIENTED_EDGE('',*,*,#9049,.T.);
#9049 = EDGE_CURVE('',#8980,#9050,#9052,.T.);
#9050 = VERTEX_POINT('',#9051);
#9051 = CARTESIAN_POINT('',(3.16E+03,-1.22E+03,870.));
#9052 = SURFACE_CURVE('',#9053,(#9057,#9063),.PCURVE_S1.);
#9053 = LINE('',#9054,#9055);
#9054 = CARTESIAN_POINT('',(3.16E+03,-1.22E+03,860.));
#9055 = VECTOR('',#9056,1.);
#9056 = DIRECTION('',(0.,0.,-1.));
#9057 = PCURVE('',#6944,#9058);
#9058 = DEFINITIONAL_REPRESENTATION('',(#9059),#9062);
#9059 = B_SPLINE_CURVE_WITH_KNOTS('',1,(#9060,#9061),.UNSPECIFIED.,.F.,
  .F.,(2,2),(-130.,-10.),.PIECEWISE_BEZIER_KNOTS.);
#9060 = CARTESIAN_POINT('',(120.,-40.));
#9061 = CARTESIAN_POINT('',(0.,-40.));
#9062 = ( GEOMETRIC_REPRESENTATION_CONTEXT(2) 
PARAMETRIC_REPRESENTATION_CONTEXT() REPRESENTATION_CONTEXT('2D SPACE',''
  ) );
#9063 = PCURVE('',#7284,#9064);
#9064 = DEFINITIONAL_REPRESENTATION('',(#9065),#9068);
#9065 = B_SPLINE_CURVE_WITH_KNOTS('',1,(#9066,#9067),.UNSPECIFIED.,.F.,
  .F.,(2,2),(-130.,-10.),.PIECEWISE_BEZIER_KNOTS.);
#9066 = CARTESIAN_POINT('',(140.,8.66E+03));
#9067 = CARTESIAN_POINT('',(20.,8.66E+03));
#9068 = ( GEOMETRIC_REPRESENTATION_CONTEXT(2) 
PARAMETRIC_REPRESENTATION_CONTEXT() REPRESENTATION_CONTEXT('2D SPACE',''
  ) );
#9069 = ORIENTED_EDGE('',*,*,#9070,.T.);
#9070 = EDGE_CURVE('',#9050,#6930,#9071,.T.);
#9071 = SURFACE_CURVE('',#9072,(#9076,#9083),.PCURVE_S1.);
#9072 = LINE('',#9073,#9074);
#9073 = CARTESIAN_POINT('',(3.16E+03,-1.26E+03,870.));
#9074 = VECTOR('',#9075,1.);
#9075 = DIRECTION('',(0.,1.,0.));
#9076 = PCURVE('',#6944,#9077);
#9077 = DEFINITIONAL_REPRESENTATION('',(#9078),#9082);
#9078 = LINE('',#9079,#9080);
#9079 = CARTESIAN_POINT('',(0.,0.));
#9080 = VECTOR('',#9081,1.);
#9081 = DIRECTION('',(0.,-1.));
#9082 = ( GEOMETRIC_REPRESENTATION_CONTEXT(2) 
PARAMETRIC_REPRESENTATION_CONTEXT() REPRESENTATION_CONTEXT('2D SPACE',''
  ) );
#9083 = PCURVE('',#6970,#9084);
#9084 = DEFINITIONAL_REPRESENTATION('',(#9085),#9089);
#9085 = LINE('',#9086,#9087);
#9086 = CARTESIAN_POINT('',(0.,0.));
#9087 = VECTOR('',#9088,1.);
#9088 = DIRECTION('',(0.,1.));
#9089 = ( GEOMETRIC_REPRESENTATION_CONTEXT(2) 
PARAMETRIC_REPRESENTATION_CONTEXT() REPRESENTATION_CONTEXT('2D SPACE',''
  ) );
#9090 = ORIENTED_EDGE('',*,*,#6929,.F.);
#9091 = ADVANCED_FACE('',(#9092),#6994,.T.);
#9092 = FACE_BOUND('',#9093,.T.);
#9093 = EDGE_LOOP('',(#9094,#9095,#9116,#9137));
#9094 = ORIENTED_EDGE('',*,*,#9023,.F.);
#9095 = ORIENTED_EDGE('',*,*,#9096,.T.);
#9096 = EDGE_CURVE('',#9003,#9097,#9099,.T.);
#9097 = VERTEX_POINT('',#9098);
#9098 = CARTESIAN_POINT('',(3.24E+03,-1.22E+03,870.));
#9099 = SURFACE_CURVE('',#9100,(#9104,#9110),.PCURVE_S1.);
#9100 = LINE('',#9101,#9102);
#9101 = CARTESIAN_POINT('',(3.24E+03,-1.22E+03,860.));
#9102 = VECTOR('',#9103,1.);
#9103 = DIRECTION('',(0.,0.,-1.));
#9104 = PCURVE('',#6994,#9105);
#9105 = DEFINITIONAL_REPRESENTATION('',(#9106),#9109);
#9106 = B_SPLINE_CURVE_WITH_KNOTS('',1,(#9107,#9108),.UNSPECIFIED.,.F.,
  .F.,(2,2),(-130.,-10.),.PIECEWISE_BEZIER_KNOTS.);
#9107 = CARTESIAN_POINT('',(120.,-40.));
#9108 = CARTESIAN_POINT('',(0.,-40.));
#9109 = ( GEOMETRIC_REPRESENTATION_CONTEXT(2) 
PARAMETRIC_REPRESENTATION_CONTEXT() REPRESENTATION_CONTEXT('2D SPACE',''
  ) );
#9110 = PCURVE('',#7284,#9111);
#9111 = DEFINITIONAL_REPRESENTATION('',(#9112),#9115);
#9112 = B_SPLINE_CURVE_WITH_KNOTS('',1,(#9113,#9114),.UNSPECIFIED.,.F.,
  .F.,(2,2),(-130.,-10.),.PIECEWISE_BEZIER_KNOTS.);
#9113 = CARTESIAN_POINT('',(140.,8.74E+03));
#9114 = CARTESIAN_POINT('',(20.,8.74E+03));
#9115 = ( GEOMETRIC_REPRESENTATION_CONTEXT(2) 
PARAMETRIC_REPRESENTATION_CONTEXT() REPRESENTATION_CONTEXT('2D SPACE',''
  ) );
#9116 = ORIENTED_EDGE('',*,*,#9117,.T.);
#9117 = EDGE_CURVE('',#9097,#6956,#9118,.T.);
#9118 = SURFACE_CURVE('',#9119,(#9123,#9130),.PCURVE_S1.);
#9119 = LINE('',#9120,#9121);
#9120 = CARTESIAN_POINT('',(3.24E+03,-1.26E+03,870.));
#9121 = VECTOR('',#9122,1.);
#9122 = DIRECTION('',(0.,1.,0.));
#9123 = PCURVE('',#6994,#9124);
#9124 = DEFINITIONAL_REPRESENTATION('',(#9125),#9129);
#9125 = LINE('',#9126,#9127);
#9126 = CARTESIAN_POINT('',(0.,0.));
#9127 = VECTOR('',#9128,1.);
#9128 = DIRECTION('',(0.,-1.));
#9129 = ( GEOMETRIC_REPRESENTATION_CONTEXT(2) 
PARAMETRIC_REPRESENTATION_CONTEXT() REPRESENTATION_CONTEXT('2D SPACE',''
  ) );
#9130 = PCURVE('',#6970,#9131);
#9131 = DEFINITIONAL_REPRESENTATION('',(#9132),#9136);
#9132 = LINE('',#9133,#9134);
#9133 = CARTESIAN_POINT('',(80.,0.));
#9134 = VECTOR('',#9135,1.);
#9135 = DIRECTION('',(0.,1.));
#9136 = ( GEOMETRIC_REPRESENTATION_CONTEXT(2) 
PARAMETRIC_REPRESENTATION_CONTEXT() REPRESENTATION_CONTEXT('2D SPACE',''
  ) );
#9137 = ORIENTED_EDGE('',*,*,#6981,.F.);
#9138 = ADVANCED_FACE('',(#9139),#6970,.F.);
#9139 = FACE_BOUND('',#9140,.F.);
#9140 = EDGE_LOOP('',(#9141,#9142,#9161,#9162));
#9141 = ORIENTED_EDGE('',*,*,#9070,.F.);
#9142 = ORIENTED_EDGE('',*,*,#9143,.T.);
#9143 = EDGE_CURVE('',#9050,#9097,#9144,.T.);
#9144 = SURFACE_CURVE('',#9145,(#9149,#9155),.PCURVE_S1.);
#9145 = LINE('',#9146,#9147);
#9146 = CARTESIAN_POINT('',(-1.17E+03,-1.22E+03,870.));
#9147 = VECTOR('',#9148,1.);
#9148 = DIRECTION('',(1.,0.,0.));
#9149 = PCURVE('',#6970,#9150);
#9150 = DEFINITIONAL_REPRESENTATION('',(#9151),#9154);
#9151 = B_SPLINE_CURVE_WITH_KNOTS('',1,(#9152,#9153),.UNSPECIFIED.,.F.,
  .F.,(2,2),(4.33E+03,4.41E+03),.PIECEWISE_BEZIER_KNOTS.);
#9152 = CARTESIAN_POINT('',(0.,40.));
#9153 = CARTESIAN_POINT('',(80.,40.));
#9154 = ( GEOMETRIC_REPRESENTATION_CONTEXT(2) 
PARAMETRIC_REPRESENTATION_CONTEXT() REPRESENTATION_CONTEXT('2D SPACE',''
  ) );
#9155 = PCURVE('',#7284,#9156);
#9156 = DEFINITIONAL_REPRESENTATION('',(#9157),#9160);
#9157 = B_SPLINE_CURVE_WITH_KNOTS('',1,(#9158,#9159),.UNSPECIFIED.,.F.,
  .F.,(2,2),(4.33E+03,4.41E+03),.PIECEWISE_BEZIER_KNOTS.);
#9158 = CARTESIAN_POINT('',(20.,8.66E+03));
#9159 = CARTESIAN_POINT('',(20.,8.74E+03));
#9160 = ( GEOMETRIC_REPRESENTATION_CONTEXT(2) 
PARAMETRIC_REPRESENTATION_CONTEXT() REPRESENTATION_CONTEXT('2D SPACE',''
  ) );
#9161 = ORIENTED_EDGE('',*,*,#9117,.T.);
#9162 = ORIENTED_EDGE('',*,*,#6955,.F.);
#9163 = ADVANCED_FACE('',(#9164),#7024,.T.);
#9164 = FACE_BOUND('',#9165,.T.);
#9165 = EDGE_LOOP('',(#9166,#9189,#9210,#9231));
#9166 = ORIENTED_EDGE('',*,*,#9167,.F.);
#9167 = EDGE_CURVE('',#9168,#7008,#9170,.T.);
#9168 = VERTEX_POINT('',#9169);
#9169 = CARTESIAN_POINT('',(4.66E+03,-1.22E+03,990.));
#9170 = SURFACE_CURVE('',#9171,(#9175,#9182),.PCURVE_S1.);
#9171 = LINE('',#9172,#9173);
#9172 = CARTESIAN_POINT('',(4.66E+03,-1.26E+03,990.));
#9173 = VECTOR('',#9174,1.);
#9174 = DIRECTION('',(0.,1.,0.));
#9175 = PCURVE('',#7024,#9176);
#9176 = DEFINITIONAL_REPRESENTATION('',(#9177),#9181);
#9177 = LINE('',#9178,#9179);
#9178 = CARTESIAN_POINT('',(0.,0.));
#9179 = VECTOR('',#9180,1.);
#9180 = DIRECTION('',(0.,1.));
#9181 = ( GEOMETRIC_REPRESENTATION_CONTEXT(2) 
PARAMETRIC_REPRESENTATION_CONTEXT() REPRESENTATION_CONTEXT('2D SPACE',''
  ) );
#9182 = PCURVE('',#7050,#9183);
#9183 = DEFINITIONAL_REPRESENTATION('',(#9184),#9188);
#9184 = LINE('',#9185,#9186);
#9185 = CARTESIAN_POINT('',(120.,0.));
#9186 = VECTOR('',#9187,1.);
#9187 = DIRECTION('',(0.,-1.));
#9188 = ( GEOMETRIC_REPRESENTATION_CONTEXT(2) 
PARAMETRIC_REPRESENTATION_CONTEXT() REPRESENTATION_CONTEXT('2D SPACE',''
  ) );
#9189 = ORIENTED_EDGE('',*,*,#9190,.T.);
#9190 = EDGE_CURVE('',#9168,#9191,#9193,.T.);
#9191 = VERTEX_POINT('',#9192);
#9192 = CARTESIAN_POINT('',(4.74E+03,-1.22E+03,990.));
#9193 = SURFACE_CURVE('',#9194,(#9198,#9204),.PCURVE_S1.);
#9194 = LINE('',#9195,#9196);
#9195 = CARTESIAN_POINT('',(-420.,-1.22E+03,990.));
#9196 = VECTOR('',#9197,1.);
#9197 = DIRECTION('',(1.,0.,0.));
#9198 = PCURVE('',#7024,#9199);
#9199 = DEFINITIONAL_REPRESENTATION('',(#9200),#9203);
#9200 = B_SPLINE_CURVE_WITH_KNOTS('',1,(#9201,#9202),.UNSPECIFIED.,.F.,
  .F.,(2,2),(5.08E+03,5.16E+03),.PIECEWISE_BEZIER_KNOTS.);
#9201 = CARTESIAN_POINT('',(0.,40.));
#9202 = CARTESIAN_POINT('',(80.,40.));
#9203 = ( GEOMETRIC_REPRESENTATION_CONTEXT(2) 
PARAMETRIC_REPRESENTATION_CONTEXT() REPRESENTATION_CONTEXT('2D SPACE',''
  ) );
#9204 = PCURVE('',#7284,#9205);
#9205 = DEFINITIONAL_REPRESENTATION('',(#9206),#9209);
#9206 = B_SPLINE_CURVE_WITH_KNOTS('',1,(#9207,#9208),.UNSPECIFIED.,.F.,
  .F.,(2,2),(5.08E+03,5.16E+03),.PIECEWISE_BEZIER_KNOTS.);
#9207 = CARTESIAN_POINT('',(140.,1.016E+04));
#9208 = CARTESIAN_POINT('',(140.,1.024E+04));
#9209 = ( GEOMETRIC_REPRESENTATION_CONTEXT(2) 
PARAMETRIC_REPRESENTATION_CONTEXT() REPRESENTATION_CONTEXT('2D SPACE',''
  ) );
#9210 = ORIENTED_EDGE('',*,*,#9211,.T.);
#9211 = EDGE_CURVE('',#9191,#7010,#9212,.T.);
#9212 = SURFACE_CURVE('',#9213,(#9217,#9224),.PCURVE_S1.);
#9213 = LINE('',#9214,#9215);
#9214 = CARTESIAN_POINT('',(4.74E+03,-1.26E+03,990.));
#9215 = VECTOR('',#9216,1.);
#9216 = DIRECTION('',(0.,1.,0.));
#9217 = PCURVE('',#7024,#9218);
#9218 = DEFINITIONAL_REPRESENTATION('',(#9219),#9223);
#9219 = LINE('',#9220,#9221);
#9220 = CARTESIAN_POINT('',(80.,0.));
#9221 = VECTOR('',#9222,1.);
#9222 = DIRECTION('',(0.,1.));
#9223 = ( GEOMETRIC_REPRESENTATION_CONTEXT(2) 
PARAMETRIC_REPRESENTATION_CONTEXT() REPRESENTATION_CONTEXT('2D SPACE',''
  ) );
#9224 = PCURVE('',#7100,#9225);
#9225 = DEFINITIONAL_REPRESENTATION('',(#9226),#9230);
#9226 = LINE('',#9227,#9228);
#9227 = CARTESIAN_POINT('',(120.,0.));
#9228 = VECTOR('',#9229,1.);
#9229 = DIRECTION('',(0.,-1.));
#9230 = ( GEOMETRIC_REPRESENTATION_CONTEXT(2) 
PARAMETRIC_REPRESENTATION_CONTEXT() REPRESENTATION_CONTEXT('2D SPACE',''
  ) );
#9231 = ORIENTED_EDGE('',*,*,#7007,.F.);
#9232 = ADVANCED_FACE('',(#9233),#7100,.T.);
#9233 = FACE_BOUND('',#9234,.T.);
#9234 = EDGE_LOOP('',(#9235,#9236,#9257,#9278));
#9235 = ORIENTED_EDGE('',*,*,#9211,.F.);
#9236 = ORIENTED_EDGE('',*,*,#9237,.T.);
#9237 = EDGE_CURVE('',#9191,#9238,#9240,.T.);
#9238 = VERTEX_POINT('',#9239);
#9239 = CARTESIAN_POINT('',(4.74E+03,-1.22E+03,870.));
#9240 = SURFACE_CURVE('',#9241,(#9245,#9251),.PCURVE_S1.);
#9241 = LINE('',#9242,#9243);
#9242 = CARTESIAN_POINT('',(4.74E+03,-1.22E+03,860.));
#9243 = VECTOR('',#9244,1.);
#9244 = DIRECTION('',(0.,0.,-1.));
#9245 = PCURVE('',#7100,#9246);
#9246 = DEFINITIONAL_REPRESENTATION('',(#9247),#9250);
#9247 = B_SPLINE_CURVE_WITH_KNOTS('',1,(#9248,#9249),.UNSPECIFIED.,.F.,
  .F.,(2,2),(-130.,-10.),.PIECEWISE_BEZIER_KNOTS.);
#9248 = CARTESIAN_POINT('',(120.,-40.));
#9249 = CARTESIAN_POINT('',(0.,-40.));
#9250 = ( GEOMETRIC_REPRESENTATION_CONTEXT(2) 
PARAMETRIC_REPRESENTATION_CONTEXT() REPRESENTATION_CONTEXT('2D SPACE',''
  ) );
#9251 = PCURVE('',#7284,#9252);
#9252 = DEFINITIONAL_REPRESENTATION('',(#9253),#9256);
#9253 = B_SPLINE_CURVE_WITH_KNOTS('',1,(#9254,#9255),.UNSPECIFIED.,.F.,
  .F.,(2,2),(-130.,-10.),.PIECEWISE_BEZIER_KNOTS.);
#9254 = CARTESIAN_POINT('',(140.,1.024E+04));
#9255 = CARTESIAN_POINT('',(20.,1.024E+04));
#9256 = ( GEOMETRIC_REPRESENTATION_CONTEXT(2) 
PARAMETRIC_REPRESENTATION_CONTEXT() REPRESENTATION_CONTEXT('2D SPACE',''
  ) );
#9257 = ORIENTED_EDGE('',*,*,#9258,.T.);
#9258 = EDGE_CURVE('',#9238,#7062,#9259,.T.);
#9259 = SURFACE_CURVE('',#9260,(#9264,#9271),.PCURVE_S1.);
#9260 = LINE('',#9261,#9262);
#9261 = CARTESIAN_POINT('',(4.74E+03,-1.26E+03,870.));
#9262 = VECTOR('',#9263,1.);
#9263 = DIRECTION('',(0.,1.,0.));
#9264 = PCURVE('',#7100,#9265);
#9265 = DEFINITIONAL_REPRESENTATION('',(#9266),#9270);
#9266 = LINE('',#9267,#9268);
#9267 = CARTESIAN_POINT('',(0.,0.));
#9268 = VECTOR('',#9269,1.);
#9269 = DIRECTION('',(0.,-1.));
#9270 = ( GEOMETRIC_REPRESENTATION_CONTEXT(2) 
PARAMETRIC_REPRESENTATION_CONTEXT() REPRESENTATION_CONTEXT('2D SPACE',''
  ) );
#9271 = PCURVE('',#7076,#9272);
#9272 = DEFINITIONAL_REPRESENTATION('',(#9273),#9277);
#9273 = LINE('',#9274,#9275);
#9274 = CARTESIAN_POINT('',(80.,0.));
#9275 = VECTOR('',#9276,1.);
#9276 = DIRECTION('',(0.,1.));
#9277 = ( GEOMETRIC_REPRESENTATION_CONTEXT(2) 
PARAMETRIC_REPRESENTATION_CONTEXT() REPRESENTATION_CONTEXT('2D SPACE',''
  ) );
#9278 = ORIENTED_EDGE('',*,*,#7087,.F.);
#9279 = ADVANCED_FACE('',(#9280),#7076,.F.);
#9280 = FACE_BOUND('',#9281,.F.);
#9281 = EDGE_LOOP('',(#9282,#9305,#9324,#9325));
#9282 = ORIENTED_EDGE('',*,*,#9283,.F.);
#9283 = EDGE_CURVE('',#9284,#7036,#9286,.T.);
#9284 = VERTEX_POINT('',#9285);
#9285 = CARTESIAN_POINT('',(4.66E+03,-1.22E+03,870.));
#9286 = SURFACE_CURVE('',#9287,(#9291,#9298),.PCURVE_S1.);
#9287 = LINE('',#9288,#9289);
#9288 = CARTESIAN_POINT('',(4.66E+03,-1.26E+03,870.));
#9289 = VECTOR('',#9290,1.);
#9290 = DIRECTION('',(0.,1.,0.));
#9291 = PCURVE('',#7076,#9292);
#9292 = DEFINITIONAL_REPRESENTATION('',(#9293),#9297);
#9293 = LINE('',#9294,#9295);
#9294 = CARTESIAN_POINT('',(0.,0.));
#9295 = VECTOR('',#9296,1.);
#9296 = DIRECTION('',(0.,1.));
#9297 = ( GEOMETRIC_REPRESENTATION_CONTEXT(2) 
PARAMETRIC_REPRESENTATION_CONTEXT() REPRESENTATION_CONTEXT('2D SPACE',''
  ) );
#9298 = PCURVE('',#7050,#9299);
#9299 = DEFINITIONAL_REPRESENTATION('',(#9300),#9304);
#9300 = LINE('',#9301,#9302);
#9301 = CARTESIAN_POINT('',(0.,0.));
#9302 = VECTOR('',#9303,1.);
#9303 = DIRECTION('',(0.,-1.));
#9304 = ( GEOMETRIC_REPRESENTATION_CONTEXT(2) 
PARAMETRIC_REPRESENTATION_CONTEXT() REPRESENTATION_CONTEXT('2D SPACE',''
  ) );
#9305 = ORIENTED_EDGE('',*,*,#9306,.T.);
#9306 = EDGE_CURVE('',#9284,#9238,#9307,.T.);
#9307 = SURFACE_CURVE('',#9308,(#9312,#9318),.PCURVE_S1.);
#9308 = LINE('',#9309,#9310);
#9309 = CARTESIAN_POINT('',(-420.,-1.22E+03,870.));
#9310 = VECTOR('',#9311,1.);
#9311 = DIRECTION('',(1.,0.,0.));
#9312 = PCURVE('',#7076,#9313);
#9313 = DEFINITIONAL_REPRESENTATION('',(#9314),#9317);
#9314 = B_SPLINE_CURVE_WITH_KNOTS('',1,(#9315,#9316),.UNSPECIFIED.,.F.,
  .F.,(2,2),(5.08E+03,5.16E+03),.PIECEWISE_BEZIER_KNOTS.);
#9315 = CARTESIAN_POINT('',(0.,40.));
#9316 = CARTESIAN_POINT('',(80.,40.));
#9317 = ( GEOMETRIC_REPRESENTATION_CONTEXT(2) 
PARAMETRIC_REPRESENTATION_CONTEXT() REPRESENTATION_CONTEXT('2D SPACE',''
  ) );
#9318 = PCURVE('',#7284,#9319);
#9319 = DEFINITIONAL_REPRESENTATION('',(#9320),#9323);
#9320 = B_SPLINE_CURVE_WITH_KNOTS('',1,(#9321,#9322),.UNSPECIFIED.,.F.,
  .F.,(2,2),(5.08E+03,5.16E+03),.PIECEWISE_BEZIER_KNOTS.);
#9321 = CARTESIAN_POINT('',(20.,1.016E+04));
#9322 = CARTESIAN_POINT('',(20.,1.024E+04));
#9323 = ( GEOMETRIC_REPRESENTATION_CONTEXT(2) 
PARAMETRIC_REPRESENTATION_CONTEXT() REPRESENTATION_CONTEXT('2D SPACE',''
  ) );
#9324 = ORIENTED_EDGE('',*,*,#9258,.T.);
#9325 = ORIENTED_EDGE('',*,*,#7061,.F.);
#9326 = ADVANCED_FACE('',(#9327),#7050,.F.);
#9327 = FACE_BOUND('',#9328,.F.);
#9328 = EDGE_LOOP('',(#9329,#9330,#9349,#9350));
#9329 = ORIENTED_EDGE('',*,*,#9167,.F.);
#9330 = ORIENTED_EDGE('',*,*,#9331,.T.);
#9331 = EDGE_CURVE('',#9168,#9284,#9332,.T.);
#9332 = SURFACE_CURVE('',#9333,(#9337,#9343),.PCURVE_S1.);
#9333 = LINE('',#9334,#9335);
#9334 = CARTESIAN_POINT('',(4.66E+03,-1.22E+03,860.));
#9335 = VECTOR('',#9336,1.);
#9336 = DIRECTION('',(0.,0.,-1.));
#9337 = PCURVE('',#7050,#9338);
#9338 = DEFINITIONAL_REPRESENTATION('',(#9339),#9342);
#9339 = B_SPLINE_CURVE_WITH_KNOTS('',1,(#9340,#9341),.UNSPECIFIED.,.F.,
  .F.,(2,2),(-130.,-10.),.PIECEWISE_BEZIER_KNOTS.);
#9340 = CARTESIAN_POINT('',(120.,-40.));
#9341 = CARTESIAN_POINT('',(0.,-40.));
#9342 = ( GEOMETRIC_REPRESENTATION_CONTEXT(2) 
PARAMETRIC_REPRESENTATION_CONTEXT() REPRESENTATION_CONTEXT('2D SPACE',''
  ) );
#9343 = PCURVE('',#7284,#9344);
#9344 = DEFINITIONAL_REPRESENTATION('',(#9345),#9348);
#9345 = B_SPLINE_CURVE_WITH_KNOTS('',1,(#9346,#9347),.UNSPECIFIED.,.F.,
  .F.,(2,2),(-130.,-10.),.PIECEWISE_BEZIER_KNOTS.);
#9346 = CARTESIAN_POINT('',(140.,1.016E+04));
#9347 = CARTESIAN_POINT('',(20.,1.016E+04));
#9348 = ( GEOMETRIC_REPRESENTATION_CONTEXT(2) 
PARAMETRIC_REPRESENTATION_CONTEXT() REPRESENTATION_CONTEXT('2D SPACE',''
  ) );
#9349 = ORIENTED_EDGE('',*,*,#9283,.T.);
#9350 = ORIENTED_EDGE('',*,*,#7035,.F.);
#9351 = ADVANCED_FACE('',(#9352,#9466,#9472,#9478,#9502,#9526,#9550,
    #9556),#7284,.T.);
#9352 = FACE_BOUND('',#9353,.T.);
#9353 = EDGE_LOOP('',(#9354,#9384,#9412,#9440));
#9354 = ORIENTED_EDGE('',*,*,#9355,.F.);
#9355 = EDGE_CURVE('',#9356,#9358,#9360,.T.);
#9356 = VERTEX_POINT('',#9357);
#9357 = CARTESIAN_POINT('',(-5.5E+03,-1.22E+03,850.));
#9358 = VERTEX_POINT('',#9359);
#9359 = CARTESIAN_POINT('',(5.5E+03,-1.22E+03,850.));
#9360 = SURFACE_CURVE('',#9361,(#9365,#9372),.PCURVE_S1.);
#9361 = LINE('',#9362,#9363);
#9362 = CARTESIAN_POINT('',(-5.5E+03,-1.22E+03,850.));
#9363 = VECTOR('',#9364,1.);
#9364 = DIRECTION('',(1.,0.,0.));
#9365 = PCURVE('',#7284,#9366);
#9366 = DEFINITIONAL_REPRESENTATION('',(#9367),#9371);
#9367 = LINE('',#9368,#9369);
#9368 = CARTESIAN_POINT('',(0.,0.));
#9369 = VECTOR('',#9370,1.);
#9370 = DIRECTION('',(0.,1.));
#9371 = ( GEOMETRIC_REPRESENTATION_CONTEXT(2) 
PARAMETRIC_REPRESENTATION_CONTEXT() REPRESENTATION_CONTEXT('2D SPACE',''
  ) );
#9372 = PCURVE('',#9373,#9378);
#9373 = PLANE('',#9374);
#9374 = AXIS2_PLACEMENT_3D('',#9375,#9376,#9377);
#9375 = CARTESIAN_POINT('',(-5.5E+03,-1.3E+03,850.));
#9376 = DIRECTION('',(0.,0.,1.));
#9377 = DIRECTION('',(1.,0.,0.));
#9378 = DEFINITIONAL_REPRESENTATION('',(#9379),#9383);
#9379 = LINE('',#9380,#9381);
#9380 = CARTESIAN_POINT('',(0.,80.));
#9381 = VECTOR('',#9382,1.);
#9382 = DIRECTION('',(1.,0.));
#9383 = ( GEOMETRIC_REPRESENTATION_CONTEXT(2) 
PARAMETRIC_REPRESENTATION_CONTEXT() REPRESENTATION_CONTEXT('2D SPACE',''
  ) );
#9384 = ORIENTED_EDGE('',*,*,#9385,.T.);
#9385 = EDGE_CURVE('',#9356,#9386,#9388,.T.);
#9386 = VERTEX_POINT('',#9387);
#9387 = CARTESIAN_POINT('',(-5.5E+03,-1.22E+03,1.01E+03));
#9388 = SURFACE_CURVE('',#9389,(#9393,#9400),.PCURVE_S1.);
#9389 = LINE('',#9390,#9391);
#9390 = CARTESIAN_POINT('',(-5.5E+03,-1.22E+03,850.));
#9391 = VECTOR('',#9392,1.);
#9392 = DIRECTION('',(0.,0.,1.));
#9393 = PCURVE('',#7284,#9394);
#9394 = DEFINITIONAL_REPRESENTATION('',(#9395),#9399);
#9395 = LINE('',#9396,#9397);
#9396 = CARTESIAN_POINT('',(0.,0.));
#9397 = VECTOR('',#9398,1.);
#9398 = DIRECTION('',(1.,0.));
#9399 = ( GEOMETRIC_REPRESENTATION_CONTEXT(2) 
PARAMETRIC_REPRESENTATION_CONTEXT() REPRESENTATION_CONTEXT('2D SPACE',''
  ) );
#9400 = PCURVE('',#9401,#9406);
#9401 = PLANE('',#9402);
#9402 = AXIS2_PLACEMENT_3D('',#9403,#9404,#9405);
#9403 = CARTESIAN_POINT('',(-5.5E+03,-1.3E+03,850.));
#9404 = DIRECTION('',(1.,0.,0.));
#9405 = DIRECTION('',(0.,0.,1.));
#9406 = DEFINITIONAL_REPRESENTATION('',(#9407),#9411);
#9407 = LINE('',#9408,#9409);
#9408 = CARTESIAN_POINT('',(0.,-80.));
#9409 = VECTOR('',#9410,1.);
#9410 = DIRECTION('',(1.,0.));
#9411 = ( GEOMETRIC_REPRESENTATION_CONTEXT(2) 
PARAMETRIC_REPRESENTATION_CONTEXT() REPRESENTATION_CONTEXT('2D SPACE',''
  ) );
#9412 = ORIENTED_EDGE('',*,*,#9413,.T.);
#9413 = EDGE_CURVE('',#9386,#9414,#9416,.T.);
#9414 = VERTEX_POINT('',#9415);
#9415 = CARTESIAN_POINT('',(5.5E+03,-1.22E+03,1.01E+03));
#9416 = SURFACE_CURVE('',#9417,(#9421,#9428),.PCURVE_S1.);
#9417 = LINE('',#9418,#9419);
#9418 = CARTESIAN_POINT('',(-5.5E+03,-1.22E+03,1.01E+03));
#9419 = VECTOR('',#9420,1.);
#9420 = DIRECTION('',(1.,0.,0.));
#9421 = PCURVE('',#7284,#9422);
#9422 = DEFINITIONAL_REPRESENTATION('',(#9423),#9427);
#9423 = LINE('',#9424,#9425);
#9424 = CARTESIAN_POINT('',(160.,0.));
#9425 = VECTOR('',#9426,1.);
#9426 = DIRECTION('',(0.,1.));
#9427 = ( GEOMETRIC_REPRESENTATION_CONTEXT(2) 
PARAMETRIC_REPRESENTATION_CONTEXT() REPRESENTATION_CONTEXT('2D SPACE',''
  ) );
#9428 = PCURVE('',#9429,#9434);
#9429 = PLANE('',#9430);
#9430 = AXIS2_PLACEMENT_3D('',#9431,#9432,#9433);
#9431 = CARTESIAN_POINT('',(-5.5E+03,-1.3E+03,1.01E+03));
#9432 = DIRECTION('',(0.,0.,1.));
#9433 = DIRECTION('',(1.,0.,0.));
#9434 = DEFINITIONAL_REPRESENTATION('',(#9435),#9439);
#9435 = LINE('',#9436,#9437);
#9436 = CARTESIAN_POINT('',(0.,80.));
#9437 = VECTOR('',#9438,1.);
#9438 = DIRECTION('',(1.,0.));
#9439 = ( GEOMETRIC_REPRESENTATION_CONTEXT(2) 
PARAMETRIC_REPRESENTATION_CONTEXT() REPRESENTATION_CONTEXT('2D SPACE',''
  ) );
#9440 = ORIENTED_EDGE('',*,*,#9441,.F.);
#9441 = EDGE_CURVE('',#9358,#9414,#9442,.T.);
#9442 = SURFACE_CURVE('',#9443,(#9447,#9454),.PCURVE_S1.);
#9443 = LINE('',#9444,#9445);
#9444 = CARTESIAN_POINT('',(5.5E+03,-1.22E+03,850.));
#9445 = VECTOR('',#9446,1.);
#9446 = DIRECTION('',(0.,0.,1.));
#9447 = PCURVE('',#7284,#9448);
#9448 = DEFINITIONAL_REPRESENTATION('',(#9449),#9453);
#9449 = LINE('',#9450,#9451);
#9450 = CARTESIAN_POINT('',(0.,1.1E+04));
#9451 = VECTOR('',#9452,1.);
#9452 = DIRECTION('',(1.,0.));
#9453 = ( GEOMETRIC_REPRESENTATION_CONTEXT(2) 
PARAMETRIC_REPRESENTATION_CONTEXT() REPRESENTATION_CONTEXT('2D SPACE',''
  ) );
#9454 = PCURVE('',#9455,#9460);
#9455 = PLANE('',#9456);
#9456 = AXIS2_PLACEMENT_3D('',#9457,#9458,#9459);
#9457 = CARTESIAN_POINT('',(5.5E+03,-1.3E+03,850.));
#9458 = DIRECTION('',(1.,0.,0.));
#9459 = DIRECTION('',(0.,0.,1.));
#9460 = DEFINITIONAL_REPRESENTATION('',(#9461),#9465);
#9461 = LINE('',#9462,#9463);
#9462 = CARTESIAN_POINT('',(0.,-80.));
#9463 = VECTOR('',#9464,1.);
#9464 = DIRECTION('',(1.,0.));
#9465 = ( GEOMETRIC_REPRESENTATION_CONTEXT(2) 
PARAMETRIC_REPRESENTATION_CONTEXT() REPRESENTATION_CONTEXT('2D SPACE',''
  ) );
#9466 = FACE_BOUND('',#9467,.T.);
#9467 = EDGE_LOOP('',(#9468,#9469,#9470,#9471));
#9468 = ORIENTED_EDGE('',*,*,#7269,.F.);
#9469 = ORIENTED_EDGE('',*,*,#7321,.T.);
#9470 = ORIENTED_EDGE('',*,*,#7415,.T.);
#9471 = ORIENTED_EDGE('',*,*,#7368,.F.);
#9472 = FACE_BOUND('',#9473,.T.);
#9473 = EDGE_LOOP('',(#9474,#9475,#9476,#9477));
#9474 = ORIENTED_EDGE('',*,*,#7462,.F.);
#9475 = ORIENTED_EDGE('',*,*,#7509,.T.);
#9476 = ORIENTED_EDGE('',*,*,#7603,.T.);
#9477 = ORIENTED_EDGE('',*,*,#7556,.F.);
#9478 = FACE_BOUND('',#9479,.T.);
#9479 = EDGE_LOOP('',(#9480,#9481,#9482,#9501));
#9480 = ORIENTED_EDGE('',*,*,#7650,.F.);
#9481 = ORIENTED_EDGE('',*,*,#7697,.T.);
#9482 = ORIENTED_EDGE('',*,*,#9483,.T.);
#9483 = EDGE_CURVE('',#7698,#7851,#9484,.T.);
#9484 = SURFACE_CURVE('',#9485,(#9489,#9495),.PCURVE_S1.);
#9485 = LINE('',#9486,#9487);
#9486 = CARTESIAN_POINT('',(-3.57E+03,-1.22E+03,870.));
#9487 = VECTOR('',#9488,1.);
#9488 = DIRECTION('',(1.,0.,0.));
#9489 = PCURVE('',#7284,#9490);
#9490 = DEFINITIONAL_REPRESENTATION('',(#9491),#9494);
#9491 = B_SPLINE_CURVE_WITH_KNOTS('',1,(#9492,#9493),.UNSPECIFIED.,.F.,
  .F.,(2,2),(1.93E+03,2.01E+03),.PIECEWISE_BEZIER_KNOTS.);
#9492 = CARTESIAN_POINT('',(20.,3.86E+03));
#9493 = CARTESIAN_POINT('',(20.,3.94E+03));
#9494 = ( GEOMETRIC_REPRESENTATION_CONTEXT(2) 
PARAMETRIC_REPRESENTATION_CONTEXT() REPRESENTATION_CONTEXT('2D SPACE',''
  ) );
#9495 = PCURVE('',#7734,#9496);
#9496 = DEFINITIONAL_REPRESENTATION('',(#9497),#9500);
#9497 = B_SPLINE_CURVE_WITH_KNOTS('',1,(#9498,#9499),.UNSPECIFIED.,.F.,
  .F.,(2,2),(1.93E+03,2.01E+03),.PIECEWISE_BEZIER_KNOTS.);
#9498 = CARTESIAN_POINT('',(0.,40.));
#9499 = CARTESIAN_POINT('',(80.,40.));
#9500 = ( GEOMETRIC_REPRESENTATION_CONTEXT(2) 
PARAMETRIC_REPRESENTATION_CONTEXT() REPRESENTATION_CONTEXT('2D SPACE',''
  ) );
#9501 = ORIENTED_EDGE('',*,*,#7850,.F.);
#9502 = FACE_BOUND('',#9503,.T.);
#9503 = EDGE_LOOP('',(#9504,#9505,#9506,#9525));
#9504 = ORIENTED_EDGE('',*,*,#8035,.F.);
#9505 = ORIENTED_EDGE('',*,*,#8082,.T.);
#9506 = ORIENTED_EDGE('',*,*,#9507,.T.);
#9507 = EDGE_CURVE('',#8083,#8342,#9508,.T.);
#9508 = SURFACE_CURVE('',#9509,(#9513,#9519),.PCURVE_S1.);
#9509 = LINE('',#9510,#9511);
#9510 = CARTESIAN_POINT('',(-2.77E+03,-1.22E+03,870.));
#9511 = VECTOR('',#9512,1.);
#9512 = DIRECTION('',(1.,0.,0.));
#9513 = PCURVE('',#7284,#9514);
#9514 = DEFINITIONAL_REPRESENTATION('',(#9515),#9518);
#9515 = B_SPLINE_CURVE_WITH_KNOTS('',1,(#9516,#9517),.UNSPECIFIED.,.F.,
  .F.,(2,2),(2.73E+03,2.81E+03),.PIECEWISE_BEZIER_KNOTS.);
#9516 = CARTESIAN_POINT('',(20.,5.46E+03));
#9517 = CARTESIAN_POINT('',(20.,5.54E+03));
#9518 = ( GEOMETRIC_REPRESENTATION_CONTEXT(2) 
PARAMETRIC_REPRESENTATION_CONTEXT() REPRESENTATION_CONTEXT('2D SPACE',''
  ) );
#9519 = PCURVE('',#8119,#9520);
#9520 = DEFINITIONAL_REPRESENTATION('',(#9521),#9524);
#9521 = B_SPLINE_CURVE_WITH_KNOTS('',1,(#9522,#9523),.UNSPECIFIED.,.F.,
  .F.,(2,2),(2.73E+03,2.81E+03),.PIECEWISE_BEZIER_KNOTS.);
#9522 = CARTESIAN_POINT('',(0.,40.));
#9523 = CARTESIAN_POINT('',(80.,40.));
#9524 = ( GEOMETRIC_REPRESENTATION_CONTEXT(2) 
PARAMETRIC_REPRESENTATION_CONTEXT() REPRESENTATION_CONTEXT('2D SPACE',''
  ) );
#9525 = ORIENTED_EDGE('',*,*,#8341,.F.);
#9526 = FACE_BOUND('',#9527,.T.);
#9527 = EDGE_LOOP('',(#9528,#9529,#9530,#9549));
#9528 = ORIENTED_EDGE('',*,*,#8617,.F.);
#9529 = ORIENTED_EDGE('',*,*,#8664,.T.);
#9530 = ORIENTED_EDGE('',*,*,#9531,.T.);
#9531 = EDGE_CURVE('',#8665,#8818,#9532,.T.);
#9532 = SURFACE_CURVE('',#9533,(#9537,#9543),.PCURVE_S1.);
#9533 = LINE('',#9534,#9535);
#9534 = CARTESIAN_POINT('',(-1.97E+03,-1.22E+03,870.));
#9535 = VECTOR('',#9536,1.);
#9536 = DIRECTION('',(1.,0.,0.));
#9537 = PCURVE('',#7284,#9538);
#9538 = DEFINITIONAL_REPRESENTATION('',(#9539),#9542);
#9539 = B_SPLINE_CURVE_WITH_KNOTS('',1,(#9540,#9541),.UNSPECIFIED.,.F.,
  .F.,(2,2),(3.53E+03,3.61E+03),.PIECEWISE_BEZIER_KNOTS.);
#9540 = CARTESIAN_POINT('',(20.,7.06E+03));
#9541 = CARTESIAN_POINT('',(20.,7.14E+03));
#9542 = ( GEOMETRIC_REPRESENTATION_CONTEXT(2) 
PARAMETRIC_REPRESENTATION_CONTEXT() REPRESENTATION_CONTEXT('2D SPACE',''
  ) );
#9543 = PCURVE('',#8701,#9544);
#9544 = DEFINITIONAL_REPRESENTATION('',(#9545),#9548);
#9545 = B_SPLINE_CURVE_WITH_KNOTS('',1,(#9546,#9547),.UNSPECIFIED.,.F.,
  .F.,(2,2),(3.53E+03,3.61E+03),.PIECEWISE_BEZIER_KNOTS.);
#9546 = CARTESIAN_POINT('',(0.,40.));
#9547 = CARTESIAN_POINT('',(80.,40.));
#9548 = ( GEOMETRIC_REPRESENTATION_CONTEXT(2) 
PARAMETRIC_REPRESENTATION_CONTEXT() REPRESENTATION_CONTEXT('2D SPACE',''
  ) );
#9549 = ORIENTED_EDGE('',*,*,#8817,.F.);
#9550 = FACE_BOUND('',#9551,.T.);
#9551 = EDGE_LOOP('',(#9552,#9553,#9554,#9555));
#9552 = ORIENTED_EDGE('',*,*,#9002,.F.);
#9553 = ORIENTED_EDGE('',*,*,#9049,.T.);
#9554 = ORIENTED_EDGE('',*,*,#9143,.T.);
#9555 = ORIENTED_EDGE('',*,*,#9096,.F.);
#9556 = FACE_BOUND('',#9557,.T.);
#9557 = EDGE_LOOP('',(#9558,#9559,#9560,#9561));
#9558 = ORIENTED_EDGE('',*,*,#9190,.F.);
#9559 = ORIENTED_EDGE('',*,*,#9331,.T.);
#9560 = ORIENTED_EDGE('',*,*,#9306,.T.);
#9561 = ORIENTED_EDGE('',*,*,#9237,.F.);
#9562 = ADVANCED_FACE('',(#9563),#7813,.T.);
#9563 = FACE_BOUND('',#9564,.T.);
#9564 = EDGE_LOOP('',(#9565,#9595,#9623,#9651,#9672,#9673,#9674,#9675));
#9565 = ORIENTED_EDGE('',*,*,#9566,.F.);
#9566 = EDGE_CURVE('',#9567,#9569,#9571,.T.);
#9567 = VERTEX_POINT('',#9568);
#9568 = CARTESIAN_POINT('',(-1.555E+03,850.,760.));
#9569 = VERTEX_POINT('',#9570);
#9570 = CARTESIAN_POINT('',(-1.555E+03,850.,960.));
#9571 = SURFACE_CURVE('',#9572,(#9576,#9583),.PCURVE_S1.);
#9572 = LINE('',#9573,#9574);
#9573 = CARTESIAN_POINT('',(-1.555E+03,850.,760.));
#9574 = VECTOR('',#9575,1.);
#9575 = DIRECTION('',(0.,0.,1.));
#9576 = PCURVE('',#7813,#9577);
#9577 = DEFINITIONAL_REPRESENTATION('',(#9578),#9582);
#9578 = LINE('',#9579,#9580);
#9579 = CARTESIAN_POINT('',(0.,90.));
#9580 = VECTOR('',#9581,1.);
#9581 = DIRECTION('',(1.,0.));
#9582 = ( GEOMETRIC_REPRESENTATION_CONTEXT(2) 
PARAMETRIC_REPRESENTATION_CONTEXT() REPRESENTATION_CONTEXT('2D SPACE',''
  ) );
#9583 = PCURVE('',#9584,#9589);
#9584 = PLANE('',#9585);
#9585 = AXIS2_PLACEMENT_3D('',#9586,#9587,#9588);
#9586 = CARTESIAN_POINT('',(-1.555E+03,-850.,760.));
#9587 = DIRECTION('',(1.,0.,0.));
#9588 = DIRECTION('',(0.,0.,1.));
#9589 = DEFINITIONAL_REPRESENTATION('',(#9590),#9594);
#9590 = LINE('',#9591,#9592);
#9591 = CARTESIAN_POINT('',(0.,-1.7E+03));
#9592 = VECTOR('',#9593,1.);
#9593 = DIRECTION('',(1.,0.));
#9594 = ( GEOMETRIC_REPRESENTATION_CONTEXT(2) 
PARAMETRIC_REPRESENTATION_CONTEXT() REPRESENTATION_CONTEXT('2D SPACE',''
  ) );
#9595 = ORIENTED_EDGE('',*,*,#9596,.F.);
#9596 = EDGE_CURVE('',#9597,#9567,#9599,.T.);
#9597 = VERTEX_POINT('',#9598);
#9598 = CARTESIAN_POINT('',(-1.645E+03,850.,760.));
#9599 = SURFACE_CURVE('',#9600,(#9604,#9611),.PCURVE_S1.);
#9600 = LINE('',#9601,#9602);
#9601 = CARTESIAN_POINT('',(-1.645E+03,850.,760.));
#9602 = VECTOR('',#9603,1.);
#9603 = DIRECTION('',(1.,0.,0.));
#9604 = PCURVE('',#7813,#9605);
#9605 = DEFINITIONAL_REPRESENTATION('',(#9606),#9610);
#9606 = LINE('',#9607,#9608);
#9607 = CARTESIAN_POINT('',(0.,0.));
#9608 = VECTOR('',#9609,1.);
#9609 = DIRECTION('',(0.,1.));
#9610 = ( GEOMETRIC_REPRESENTATION_CONTEXT(2) 
PARAMETRIC_REPRESENTATION_CONTEXT() REPRESENTATION_CONTEXT('2D SPACE',''
  ) );
#9611 = PCURVE('',#9612,#9617);
#9612 = PLANE('',#9613);
#9613 = AXIS2_PLACEMENT_3D('',#9614,#9615,#9616);
#9614 = CARTESIAN_POINT('',(-1.645E+03,-850.,760.));
#9615 = DIRECTION('',(0.,0.,1.));
#9616 = DIRECTION('',(1.,0.,0.));
#9617 = DEFINITIONAL_REPRESENTATION('',(#9618),#9622);
#9618 = LINE('',#9619,#9620);
#9619 = CARTESIAN_POINT('',(0.,1.7E+03));
#9620 = VECTOR('',#9621,1.);
#9621 = DIRECTION('',(1.,0.));
#9622 = ( GEOMETRIC_REPRESENTATION_CONTEXT(2) 
PARAMETRIC_REPRESENTATION_CONTEXT() REPRESENTATION_CONTEXT('2D SPACE',''
  ) );
#9623 = ORIENTED_EDGE('',*,*,#9624,.T.);
#9624 = EDGE_CURVE('',#9597,#9625,#9627,.T.);
#9625 = VERTEX_POINT('',#9626);
#9626 = CARTESIAN_POINT('',(-1.645E+03,850.,960.));
#9627 = SURFACE_CURVE('',#9628,(#9632,#9639),.PCURVE_S1.);
#9628 = LINE('',#9629,#9630);
#9629 = CARTESIAN_POINT('',(-1.645E+03,850.,760.));
#9630 = VECTOR('',#9631,1.);
#9631 = DIRECTION('',(0.,0.,1.));
#9632 = PCURVE('',#7813,#9633);
#9633 = DEFINITIONAL_REPRESENTATION('',(#9634),#9638);
#9634 = LINE('',#9635,#9636);
#9635 = CARTESIAN_POINT('',(0.,0.));
#9636 = VECTOR('',#9637,1.);
#9637 = DIRECTION('',(1.,0.));
#9638 = ( GEOMETRIC_REPRESENTATION_CONTEXT(2) 
PARAMETRIC_REPRESENTATION_CONTEXT() REPRESENTATION_CONTEXT('2D SPACE',''
  ) );
#9639 = PCURVE('',#9640,#9645);
#9640 = PLANE('',#9641);
#9641 = AXIS2_PLACEMENT_3D('',#9642,#9643,#9644);
#9642 = CARTESIAN_POINT('',(-1.645E+03,-850.,760.));
#9643 = DIRECTION('',(1.,0.,0.));
#9644 = DIRECTION('',(0.,0.,1.));
#9645 = DEFINITIONAL_REPRESENTATION('',(#9646),#9650);
#9646 = LINE('',#9647,#9648);
#9647 = CARTESIAN_POINT('',(0.,-1.7E+03));
#9648 = VECTOR('',#9649,1.);
#9649 = DIRECTION('',(1.,0.));
#9650 = ( GEOMETRIC_REPRESENTATION_CONTEXT(2) 
PARAMETRIC_REPRESENTATION_CONTEXT() REPRESENTATION_CONTEXT('2D SPACE',''
  ) );
#9651 = ORIENTED_EDGE('',*,*,#9652,.T.);
#9652 = EDGE_CURVE('',#9625,#7773,#9653,.T.);
#9653 = SURFACE_CURVE('',#9654,(#9658,#9665),.PCURVE_S1.);
#9654 = LINE('',#9655,#9656);
#9655 = CARTESIAN_POINT('',(-1.645E+03,850.,960.));
#9656 = VECTOR('',#9657,1.);
#9657 = DIRECTION('',(1.,0.,0.));
#9658 = PCURVE('',#7813,#9659);
#9659 = DEFINITIONAL_REPRESENTATION('',(#9660),#9664);
#9660 = LINE('',#9661,#9662);
#9661 = CARTESIAN_POINT('',(200.,0.));
#9662 = VECTOR('',#9663,1.);
#9663 = DIRECTION('',(0.,1.));
#9664 = ( GEOMETRIC_REPRESENTATION_CONTEXT(2) 
PARAMETRIC_REPRESENTATION_CONTEXT() REPRESENTATION_CONTEXT('2D SPACE',''
  ) );
#9665 = PCURVE('',#7787,#9666);
#9666 = DEFINITIONAL_REPRESENTATION('',(#9667),#9671);
#9667 = LINE('',#9668,#9669);
#9668 = CARTESIAN_POINT('',(0.,1.7E+03));
#9669 = VECTOR('',#9670,1.);
#9670 = DIRECTION('',(1.,0.));
#9671 = ( GEOMETRIC_REPRESENTATION_CONTEXT(2) 
PARAMETRIC_REPRESENTATION_CONTEXT() REPRESENTATION_CONTEXT('2D SPACE',''
  ) );
#9672 = ORIENTED_EDGE('',*,*,#7798,.F.);
#9673 = ORIENTED_EDGE('',*,*,#7988,.F.);
#9674 = ORIENTED_EDGE('',*,*,#7941,.T.);
#9675 = ORIENTED_EDGE('',*,*,#9676,.T.);
#9676 = EDGE_CURVE('',#7916,#9569,#9677,.T.);
#9677 = SURFACE_CURVE('',#9678,(#9682,#9689),.PCURVE_S1.);
#9678 = LINE('',#9679,#9680);
#9679 = CARTESIAN_POINT('',(-1.645E+03,850.,960.));
#9680 = VECTOR('',#9681,1.);
#9681 = DIRECTION('',(1.,0.,0.));
#9682 = PCURVE('',#7813,#9683);
#9683 = DEFINITIONAL_REPRESENTATION('',(#9684),#9688);
#9684 = LINE('',#9685,#9686);
#9685 = CARTESIAN_POINT('',(200.,0.));
#9686 = VECTOR('',#9687,1.);
#9687 = DIRECTION('',(0.,1.));
#9688 = ( GEOMETRIC_REPRESENTATION_CONTEXT(2) 
PARAMETRIC_REPRESENTATION_CONTEXT() REPRESENTATION_CONTEXT('2D SPACE',''
  ) );
#9689 = PCURVE('',#7930,#9690);
#9690 = DEFINITIONAL_REPRESENTATION('',(#9691),#9695);
#9691 = LINE('',#9692,#9693);
#9692 = CARTESIAN_POINT('',(0.,1.7E+03));
#9693 = VECTOR('',#9694,1.);
#9694 = DIRECTION('',(1.,0.));
#9695 = ( GEOMETRIC_REPRESENTATION_CONTEXT(2) 
PARAMETRIC_REPRESENTATION_CONTEXT() REPRESENTATION_CONTEXT('2D SPACE',''
  ) );
#9696 = ADVANCED_FACE('',(#9697),#7787,.T.);
#9697 = FACE_BOUND('',#9698,.T.);
#9698 = EDGE_LOOP('',(#9699,#9700,#9723,#9744));
#9699 = ORIENTED_EDGE('',*,*,#9652,.F.);
#9700 = ORIENTED_EDGE('',*,*,#9701,.F.);
#9701 = EDGE_CURVE('',#9702,#9625,#9704,.T.);
#9702 = VERTEX_POINT('',#9703);
#9703 = CARTESIAN_POINT('',(-1.645E+03,-850.,960.));
#9704 = SURFACE_CURVE('',#9705,(#9709,#9716),.PCURVE_S1.);
#9705 = LINE('',#9706,#9707);
#9706 = CARTESIAN_POINT('',(-1.645E+03,-850.,960.));
#9707 = VECTOR('',#9708,1.);
#9708 = DIRECTION('',(0.,1.,0.));
#9709 = PCURVE('',#7787,#9710);
#9710 = DEFINITIONAL_REPRESENTATION('',(#9711),#9715);
#9711 = LINE('',#9712,#9713);
#9712 = CARTESIAN_POINT('',(0.,0.));
#9713 = VECTOR('',#9714,1.);
#9714 = DIRECTION('',(0.,1.));
#9715 = ( GEOMETRIC_REPRESENTATION_CONTEXT(2) 
PARAMETRIC_REPRESENTATION_CONTEXT() REPRESENTATION_CONTEXT('2D SPACE',''
  ) );
#9716 = PCURVE('',#9640,#9717);
#9717 = DEFINITIONAL_REPRESENTATION('',(#9718),#9722);
#9718 = LINE('',#9719,#9720);
#9719 = CARTESIAN_POINT('',(200.,0.));
#9720 = VECTOR('',#9721,1.);
#9721 = DIRECTION('',(0.,-1.));
#9722 = ( GEOMETRIC_REPRESENTATION_CONTEXT(2) 
PARAMETRIC_REPRESENTATION_CONTEXT() REPRESENTATION_CONTEXT('2D SPACE',''
  ) );
#9723 = ORIENTED_EDGE('',*,*,#9724,.T.);
#9724 = EDGE_CURVE('',#9702,#7747,#9725,.T.);
#9725 = SURFACE_CURVE('',#9726,(#9730,#9737),.PCURVE_S1.);
#9726 = LINE('',#9727,#9728);
#9727 = CARTESIAN_POINT('',(-1.645E+03,-850.,960.));
#9728 = VECTOR('',#9729,1.);
#9729 = DIRECTION('',(1.,0.,0.));
#9730 = PCURVE('',#7787,#9731);
#9731 = DEFINITIONAL_REPRESENTATION('',(#9732),#9736);
#9732 = LINE('',#9733,#9734);
#9733 = CARTESIAN_POINT('',(0.,0.));
#9734 = VECTOR('',#9735,1.);
#9735 = DIRECTION('',(1.,0.));
#9736 = ( GEOMETRIC_REPRESENTATION_CONTEXT(2) 
PARAMETRIC_REPRESENTATION_CONTEXT() REPRESENTATION_CONTEXT('2D SPACE',''
  ) );
#9737 = PCURVE('',#7761,#9738);
#9738 = DEFINITIONAL_REPRESENTATION('',(#9739),#9743);
#9739 = LINE('',#9740,#9741);
#9740 = CARTESIAN_POINT('',(200.,0.));
#9741 = VECTOR('',#9742,1.);
#9742 = DIRECTION('',(0.,1.));
#9743 = ( GEOMETRIC_REPRESENTATION_CONTEXT(2) 
PARAMETRIC_REPRESENTATION_CONTEXT() REPRESENTATION_CONTEXT('2D SPACE',''
  ) );
#9744 = ORIENTED_EDGE('',*,*,#7772,.F.);
#9745 = ADVANCED_FACE('',(#9746),#7761,.F.);
#9746 = FACE_BOUND('',#9747,.F.);
#9747 = EDGE_LOOP('',(#9748,#9773,#9796,#9817,#9818,#9819,#9838,#9839));
#9748 = ORIENTED_EDGE('',*,*,#9749,.F.);
#9749 = EDGE_CURVE('',#9750,#9752,#9754,.T.);
#9750 = VERTEX_POINT('',#9751);
#9751 = CARTESIAN_POINT('',(-1.555E+03,-850.,760.));
#9752 = VERTEX_POINT('',#9753);
#9753 = CARTESIAN_POINT('',(-1.555E+03,-850.,960.));
#9754 = SURFACE_CURVE('',#9755,(#9759,#9766),.PCURVE_S1.);
#9755 = LINE('',#9756,#9757);
#9756 = CARTESIAN_POINT('',(-1.555E+03,-850.,760.));
#9757 = VECTOR('',#9758,1.);
#9758 = DIRECTION('',(0.,0.,1.));
#9759 = PCURVE('',#7761,#9760);
#9760 = DEFINITIONAL_REPRESENTATION('',(#9761),#9765);
#9761 = LINE('',#9762,#9763);
#9762 = CARTESIAN_POINT('',(0.,90.));
#9763 = VECTOR('',#9764,1.);
#9764 = DIRECTION('',(1.,0.));
#9765 = ( GEOMETRIC_REPRESENTATION_CONTEXT(2) 
PARAMETRIC_REPRESENTATION_CONTEXT() REPRESENTATION_CONTEXT('2D SPACE',''
  ) );
#9766 = PCURVE('',#9584,#9767);
#9767 = DEFINITIONAL_REPRESENTATION('',(#9768),#9772);
#9768 = LINE('',#9769,#9770);
#9769 = CARTESIAN_POINT('',(0.,0.));
#9770 = VECTOR('',#9771,1.);
#9771 = DIRECTION('',(1.,0.));
#9772 = ( GEOMETRIC_REPRESENTATION_CONTEXT(2) 
PARAMETRIC_REPRESENTATION_CONTEXT() REPRESENTATION_CONTEXT('2D SPACE',''
  ) );
#9773 = ORIENTED_EDGE('',*,*,#9774,.F.);
#9774 = EDGE_CURVE('',#9775,#9750,#9777,.T.);
#9775 = VERTEX_POINT('',#9776);
#9776 = CARTESIAN_POINT('',(-1.645E+03,-850.,760.));
#9777 = SURFACE_CURVE('',#9778,(#9782,#9789),.PCURVE_S1.);
#9778 = LINE('',#9779,#9780);
#9779 = CARTESIAN_POINT('',(-1.645E+03,-850.,760.));
#9780 = VECTOR('',#9781,1.);
#9781 = DIRECTION('',(1.,0.,0.));
#9782 = PCURVE('',#7761,#9783);
#9783 = DEFINITIONAL_REPRESENTATION('',(#9784),#9788);
#9784 = LINE('',#9785,#9786);
#9785 = CARTESIAN_POINT('',(0.,0.));
#9786 = VECTOR('',#9787,1.);
#9787 = DIRECTION('',(0.,1.));
#9788 = ( GEOMETRIC_REPRESENTATION_CONTEXT(2) 
PARAMETRIC_REPRESENTATION_CONTEXT() REPRESENTATION_CONTEXT('2D SPACE',''
  ) );
#9789 = PCURVE('',#9612,#9790);
#9790 = DEFINITIONAL_REPRESENTATION('',(#9791),#9795);
#9791 = LINE('',#9792,#9793);
#9792 = CARTESIAN_POINT('',(0.,0.));
#9793 = VECTOR('',#9794,1.);
#9794 = DIRECTION('',(1.,0.));
#9795 = ( GEOMETRIC_REPRESENTATION_CONTEXT(2) 
PARAMETRIC_REPRESENTATION_CONTEXT() REPRESENTATION_CONTEXT('2D SPACE',''
  ) );
#9796 = ORIENTED_EDGE('',*,*,#9797,.T.);
#9797 = EDGE_CURVE('',#9775,#9702,#9798,.T.);
#9798 = SURFACE_CURVE('',#9799,(#9803,#9810),.PCURVE_S1.);
#9799 = LINE('',#9800,#9801);
#9800 = CARTESIAN_POINT('',(-1.645E+03,-850.,760.));
#9801 = VECTOR('',#9802,1.);
#9802 = DIRECTION('',(0.,0.,1.));
#9803 = PCURVE('',#7761,#9804);
#9804 = DEFINITIONAL_REPRESENTATION('',(#9805),#9809);
#9805 = LINE('',#9806,#9807);
#9806 = CARTESIAN_POINT('',(0.,0.));
#9807 = VECTOR('',#9808,1.);
#9808 = DIRECTION('',(1.,0.));
#9809 = ( GEOMETRIC_REPRESENTATION_CONTEXT(2) 
PARAMETRIC_REPRESENTATION_CONTEXT() REPRESENTATION_CONTEXT('2D SPACE',''
  ) );
#9810 = PCURVE('',#9640,#9811);
#9811 = DEFINITIONAL_REPRESENTATION('',(#9812),#9816);
#9812 = LINE('',#9813,#9814);
#9813 = CARTESIAN_POINT('',(0.,0.));
#9814 = VECTOR('',#9815,1.);
#9815 = DIRECTION('',(1.,0.));
#9816 = ( GEOMETRIC_REPRESENTATION_CONTEXT(2) 
PARAMETRIC_REPRESENTATION_CONTEXT() REPRESENTATION_CONTEXT('2D SPACE',''
  ) );
#9817 = ORIENTED_EDGE('',*,*,#9724,.T.);
#9818 = ORIENTED_EDGE('',*,*,#7746,.F.);
#9819 = ORIENTED_EDGE('',*,*,#9820,.F.);
#9820 = EDGE_CURVE('',#7872,#7719,#9821,.T.);
#9821 = SURFACE_CURVE('',#9822,(#9826,#9832),.PCURVE_S1.);
#9822 = LINE('',#9823,#9824);
#9823 = CARTESIAN_POINT('',(-1.6425E+03,-850.,870.));
#9824 = VECTOR('',#9825,1.);
#9825 = DIRECTION('',(-1.,0.,0.));
#9826 = PCURVE('',#7761,#9827);
#9827 = DEFINITIONAL_REPRESENTATION('',(#9828),#9831);
#9828 = B_SPLINE_CURVE_WITH_KNOTS('',1,(#9829,#9830),.UNSPECIFIED.,.F.,
  .F.,(2,2),(-82.5,-2.5),.PIECEWISE_BEZIER_KNOTS.);
#9829 = CARTESIAN_POINT('',(110.,85.));
#9830 = CARTESIAN_POINT('',(110.,5.));
#9831 = ( GEOMETRIC_REPRESENTATION_CONTEXT(2) 
PARAMETRIC_REPRESENTATION_CONTEXT() REPRESENTATION_CONTEXT('2D SPACE',''
  ) );
#9832 = PCURVE('',#7734,#9833);
#9833 = DEFINITIONAL_REPRESENTATION('',(#9834),#9837);
#9834 = B_SPLINE_CURVE_WITH_KNOTS('',1,(#9835,#9836),.UNSPECIFIED.,.F.,
  .F.,(2,2),(-82.5,-2.5),.PIECEWISE_BEZIER_KNOTS.);
#9835 = CARTESIAN_POINT('',(80.,410.));
#9836 = CARTESIAN_POINT('',(0.,410.));
#9837 = ( GEOMETRIC_REPRESENTATION_CONTEXT(2) 
PARAMETRIC_REPRESENTATION_CONTEXT() REPRESENTATION_CONTEXT('2D SPACE',''
  ) );
#9838 = ORIENTED_EDGE('',*,*,#7894,.T.);
#9839 = ORIENTED_EDGE('',*,*,#9840,.T.);
#9840 = EDGE_CURVE('',#7895,#9752,#9841,.T.);
#9841 = SURFACE_CURVE('',#9842,(#9846,#9853),.PCURVE_S1.);
#9842 = LINE('',#9843,#9844);
#9843 = CARTESIAN_POINT('',(-1.645E+03,-850.,960.));
#9844 = VECTOR('',#9845,1.);
#9845 = DIRECTION('',(1.,0.,0.));
#9846 = PCURVE('',#7761,#9847);
#9847 = DEFINITIONAL_REPRESENTATION('',(#9848),#9852);
#9848 = LINE('',#9849,#9850);
#9849 = CARTESIAN_POINT('',(200.,0.));
#9850 = VECTOR('',#9851,1.);
#9851 = DIRECTION('',(0.,1.));
#9852 = ( GEOMETRIC_REPRESENTATION_CONTEXT(2) 
PARAMETRIC_REPRESENTATION_CONTEXT() REPRESENTATION_CONTEXT('2D SPACE',''
  ) );
#9853 = PCURVE('',#7930,#9854);
#9854 = DEFINITIONAL_REPRESENTATION('',(#9855),#9859);
#9855 = LINE('',#9856,#9857);
#9856 = CARTESIAN_POINT('',(0.,0.));
#9857 = VECTOR('',#9858,1.);
#9858 = DIRECTION('',(1.,0.));
#9859 = ( GEOMETRIC_REPRESENTATION_CONTEXT(2) 
PARAMETRIC_REPRESENTATION_CONTEXT() REPRESENTATION_CONTEXT('2D SPACE',''
  ) );
#9860 = ADVANCED_FACE('',(#9861),#7734,.F.);
#9861 = FACE_BOUND('',#9862,.F.);
#9862 = EDGE_LOOP('',(#9863,#9864,#9865,#9866));
#9863 = ORIENTED_EDGE('',*,*,#7718,.F.);
#9864 = ORIENTED_EDGE('',*,*,#9483,.T.);
#9865 = ORIENTED_EDGE('',*,*,#7871,.T.);
#9866 = ORIENTED_EDGE('',*,*,#9820,.T.);
#9867 = ADVANCED_FACE('',(#9868),#7930,.T.);
#9868 = FACE_BOUND('',#9869,.T.);
#9869 = EDGE_LOOP('',(#9870,#9871,#9872,#9873));
#9870 = ORIENTED_EDGE('',*,*,#9676,.F.);
#9871 = ORIENTED_EDGE('',*,*,#7915,.T.);
#9872 = ORIENTED_EDGE('',*,*,#9840,.T.);
#9873 = ORIENTED_EDGE('',*,*,#9874,.T.);
#9874 = EDGE_CURVE('',#9752,#9569,#9875,.T.);
#9875 = SURFACE_CURVE('',#9876,(#9880,#9887),.PCURVE_S1.);
#9876 = LINE('',#9877,#9878);
#9877 = CARTESIAN_POINT('',(-1.555E+03,-850.,960.));
#9878 = VECTOR('',#9879,1.);
#9879 = DIRECTION('',(0.,1.,0.));
#9880 = PCURVE('',#7930,#9881);
#9881 = DEFINITIONAL_REPRESENTATION('',(#9882),#9886);
#9882 = LINE('',#9883,#9884);
#9883 = CARTESIAN_POINT('',(90.,0.));
#9884 = VECTOR('',#9885,1.);
#9885 = DIRECTION('',(0.,1.));
#9886 = ( GEOMETRIC_REPRESENTATION_CONTEXT(2) 
PARAMETRIC_REPRESENTATION_CONTEXT() REPRESENTATION_CONTEXT('2D SPACE',''
  ) );
#9887 = PCURVE('',#9584,#9888);
#9888 = DEFINITIONAL_REPRESENTATION('',(#9889),#9893);
#9889 = LINE('',#9890,#9891);
#9890 = CARTESIAN_POINT('',(200.,0.));
#9891 = VECTOR('',#9892,1.);
#9892 = DIRECTION('',(0.,-1.));
#9893 = ( GEOMETRIC_REPRESENTATION_CONTEXT(2) 
PARAMETRIC_REPRESENTATION_CONTEXT() REPRESENTATION_CONTEXT('2D SPACE',''
  ) );
#9894 = ADVANCED_FACE('',(#9895),#8304,.T.);
#9895 = FACE_BOUND('',#9896,.T.);
#9896 = EDGE_LOOP('',(#9897,#9925,#9948,#9969,#9990,#9991,#9992,#9993));
#9897 = ORIENTED_EDGE('',*,*,#9898,.T.);
#9898 = EDGE_CURVE('',#9899,#9901,#9903,.T.);
#9899 = VERTEX_POINT('',#9900);
#9900 = CARTESIAN_POINT('',(1.555E+03,565.,900.));
#9901 = VERTEX_POINT('',#9902);
#9902 = CARTESIAN_POINT('',(1.555E+03,565.,760.));
#9903 = SURFACE_CURVE('',#9904,(#9908,#9914),.PCURVE_S1.);
#9904 = LINE('',#9905,#9906);
#9905 = CARTESIAN_POINT('',(1.555E+03,565.,760.));
#9906 = VECTOR('',#9907,1.);
#9907 = DIRECTION('',(0.,0.,-1.));
#9908 = PCURVE('',#8304,#9909);
#9909 = DEFINITIONAL_REPRESENTATION('',(#9910),#9913);
#9910 = B_SPLINE_CURVE_WITH_KNOTS('',1,(#9911,#9912),.UNSPECIFIED.,.F.,
  .F.,(2,2),(-140.,0.),.PIECEWISE_BEZIER_KNOTS.);
#9911 = CARTESIAN_POINT('',(140.,3.155E+03));
#9912 = CARTESIAN_POINT('',(0.,3.155E+03));
#9913 = ( GEOMETRIC_REPRESENTATION_CONTEXT(2) 
PARAMETRIC_REPRESENTATION_CONTEXT() REPRESENTATION_CONTEXT('2D SPACE',''
  ) );
#9914 = PCURVE('',#9915,#9920);
#9915 = PLANE('',#9916);
#9916 = AXIS2_PLACEMENT_3D('',#9917,#9918,#9919);
#9917 = CARTESIAN_POINT('',(1.555E+03,-850.,760.));
#9918 = DIRECTION('',(1.,0.,0.));
#9919 = DIRECTION('',(0.,0.,1.));
#9920 = DEFINITIONAL_REPRESENTATION('',(#9921),#9924);
#9921 = B_SPLINE_CURVE_WITH_KNOTS('',1,(#9922,#9923),.UNSPECIFIED.,.F.,
  .F.,(2,2),(-140.,0.),.PIECEWISE_BEZIER_KNOTS.);
#9922 = CARTESIAN_POINT('',(140.,-1.415E+03));
#9923 = CARTESIAN_POINT('',(0.,-1.415E+03));
#9924 = ( GEOMETRIC_REPRESENTATION_CONTEXT(2) 
PARAMETRIC_REPRESENTATION_CONTEXT() REPRESENTATION_CONTEXT('2D SPACE',''
  ) );
#9925 = ORIENTED_EDGE('',*,*,#9926,.F.);
#9926 = EDGE_CURVE('',#9927,#9901,#9929,.T.);
#9927 = VERTEX_POINT('',#9928);
#9928 = CARTESIAN_POINT('',(-1.555E+03,565.,760.));
#9929 = SURFACE_CURVE('',#9930,(#9934,#9941),.PCURVE_S1.);
#9930 = LINE('',#9931,#9932);
#9931 = CARTESIAN_POINT('',(-1.6E+03,565.,760.));
#9932 = VECTOR('',#9933,1.);
#9933 = DIRECTION('',(1.,0.,0.));
#9934 = PCURVE('',#8304,#9935);
#9935 = DEFINITIONAL_REPRESENTATION('',(#9936),#9940);
#9936 = LINE('',#9937,#9938);
#9937 = CARTESIAN_POINT('',(0.,0.));
#9938 = VECTOR('',#9939,1.);
#9939 = DIRECTION('',(0.,1.));
#9940 = ( GEOMETRIC_REPRESENTATION_CONTEXT(2) 
PARAMETRIC_REPRESENTATION_CONTEXT() REPRESENTATION_CONTEXT('2D SPACE',''
  ) );
#9941 = PCURVE('',#9612,#9942);
#9942 = DEFINITIONAL_REPRESENTATION('',(#9943),#9947);
#9943 = LINE('',#9944,#9945);
#9944 = CARTESIAN_POINT('',(45.,1.415E+03));
#9945 = VECTOR('',#9946,1.);
#9946 = DIRECTION('',(1.,0.));
#9947 = ( GEOMETRIC_REPRESENTATION_CONTEXT(2) 
PARAMETRIC_REPRESENTATION_CONTEXT() REPRESENTATION_CONTEXT('2D SPACE',''
  ) );
#9948 = ORIENTED_EDGE('',*,*,#9949,.F.);
#9949 = EDGE_CURVE('',#9950,#9927,#9952,.T.);
#9950 = VERTEX_POINT('',#9951);
#9951 = CARTESIAN_POINT('',(-1.555E+03,565.,900.));
#9952 = SURFACE_CURVE('',#9953,(#9957,#9963),.PCURVE_S1.);
#9953 = LINE('',#9954,#9955);
#9954 = CARTESIAN_POINT('',(-1.555E+03,565.,760.));
#9955 = VECTOR('',#9956,1.);
#9956 = DIRECTION('',(0.,0.,-1.));
#9957 = PCURVE('',#8304,#9958);
#9958 = DEFINITIONAL_REPRESENTATION('',(#9959),#9962);
#9959 = B_SPLINE_CURVE_WITH_KNOTS('',1,(#9960,#9961),.UNSPECIFIED.,.F.,
  .F.,(2,2),(-140.,0.),.PIECEWISE_BEZIER_KNOTS.);
#9960 = CARTESIAN_POINT('',(140.,45.));
#9961 = CARTESIAN_POINT('',(0.,45.));
#9962 = ( GEOMETRIC_REPRESENTATION_CONTEXT(2) 
PARAMETRIC_REPRESENTATION_CONTEXT() REPRESENTATION_CONTEXT('2D SPACE',''
  ) );
#9963 = PCURVE('',#9584,#9964);
#9964 = DEFINITIONAL_REPRESENTATION('',(#9965),#9968);
#9965 = B_SPLINE_CURVE_WITH_KNOTS('',1,(#9966,#9967),.UNSPECIFIED.,.F.,
  .F.,(2,2),(-140.,0.),.PIECEWISE_BEZIER_KNOTS.);
#9966 = CARTESIAN_POINT('',(140.,-1.415E+03));
#9967 = CARTESIAN_POINT('',(0.,-1.415E+03));
#9968 = ( GEOMETRIC_REPRESENTATION_CONTEXT(2) 
PARAMETRIC_REPRESENTATION_CONTEXT() REPRESENTATION_CONTEXT('2D SPACE',''
  ) );
#9969 = ORIENTED_EDGE('',*,*,#9970,.T.);
#9970 = EDGE_CURVE('',#9950,#8264,#9971,.T.);
#9971 = SURFACE_CURVE('',#9972,(#9976,#9983),.PCURVE_S1.);
#9972 = LINE('',#9973,#9974);
#9973 = CARTESIAN_POINT('',(-1.6E+03,565.,900.));
#9974 = VECTOR('',#9975,1.);
#9975 = DIRECTION('',(1.,0.,0.));
#9976 = PCURVE('',#8304,#9977);
#9977 = DEFINITIONAL_REPRESENTATION('',(#9978),#9982);
#9978 = LINE('',#9979,#9980);
#9979 = CARTESIAN_POINT('',(140.,0.));
#9980 = VECTOR('',#9981,1.);
#9981 = DIRECTION('',(0.,1.));
#9982 = ( GEOMETRIC_REPRESENTATION_CONTEXT(2) 
PARAMETRIC_REPRESENTATION_CONTEXT() REPRESENTATION_CONTEXT('2D SPACE',''
  ) );
#9983 = PCURVE('',#8278,#9984);
#9984 = DEFINITIONAL_REPRESENTATION('',(#9985),#9989);
#9985 = LINE('',#9986,#9987);
#9986 = CARTESIAN_POINT('',(0.,90.));
#9987 = VECTOR('',#9988,1.);
#9988 = DIRECTION('',(1.,0.));
#9989 = ( GEOMETRIC_REPRESENTATION_CONTEXT(2) 
PARAMETRIC_REPRESENTATION_CONTEXT() REPRESENTATION_CONTEXT('2D SPACE',''
  ) );
#9990 = ORIENTED_EDGE('',*,*,#8289,.F.);
#9991 = ORIENTED_EDGE('',*,*,#8570,.F.);
#9992 = ORIENTED_EDGE('',*,*,#8523,.T.);
#9993 = ORIENTED_EDGE('',*,*,#9994,.T.);
#9994 = EDGE_CURVE('',#8498,#9899,#9995,.T.);
#9995 = SURFACE_CURVE('',#9996,(#10000,#10007),.PCURVE_S1.);
#9996 = LINE('',#9997,#9998);
#9997 = CARTESIAN_POINT('',(-1.6E+03,565.,900.));
#9998 = VECTOR('',#9999,1.);
#9999 = DIRECTION('',(1.,0.,0.));
#10000 = PCURVE('',#8304,#10001);
#10001 = DEFINITIONAL_REPRESENTATION('',(#10002),#10006);
#10002 = LINE('',#10003,#10004);
#10003 = CARTESIAN_POINT('',(140.,0.));
#10004 = VECTOR('',#10005,1.);
#10005 = DIRECTION('',(0.,1.));
#10006 = ( GEOMETRIC_REPRESENTATION_CONTEXT(2) 
PARAMETRIC_REPRESENTATION_CONTEXT() REPRESENTATION_CONTEXT('2D SPACE',''
  ) );
#10007 = PCURVE('',#8512,#10008);
#10008 = DEFINITIONAL_REPRESENTATION('',(#10009),#10013);
#10009 = LINE('',#10010,#10011);
#10010 = CARTESIAN_POINT('',(0.,90.));
#10011 = VECTOR('',#10012,1.);
#10012 = DIRECTION('',(1.,0.));
#10013 = ( GEOMETRIC_REPRESENTATION_CONTEXT(2) 
PARAMETRIC_REPRESENTATION_CONTEXT() REPRESENTATION_CONTEXT('2D SPACE',''
  ) );
#10014 = ADVANCED_FACE('',(#10015),#8278,.T.);
#10015 = FACE_BOUND('',#10016,.T.);
#10016 = EDGE_LOOP('',(#10017,#10018,#10039,#10060));
#10017 = ORIENTED_EDGE('',*,*,#9970,.F.);
#10018 = ORIENTED_EDGE('',*,*,#10019,.F.);
#10019 = EDGE_CURVE('',#10020,#9950,#10022,.T.);
#10020 = VERTEX_POINT('',#10021);
#10021 = CARTESIAN_POINT('',(-1.555E+03,475.,900.));
#10022 = SURFACE_CURVE('',#10023,(#10027,#10033),.PCURVE_S1.);
#10023 = LINE('',#10024,#10025);
#10024 = CARTESIAN_POINT('',(-1.555E+03,-187.5,900.));
#10025 = VECTOR('',#10026,1.);
#10026 = DIRECTION('',(0.,1.,0.));
#10027 = PCURVE('',#8278,#10028);
#10028 = DEFINITIONAL_REPRESENTATION('',(#10029),#10032);
#10029 = B_SPLINE_CURVE_WITH_KNOTS('',1,(#10030,#10031),.UNSPECIFIED.,
  .F.,.F.,(2,2),(662.5,752.5),.PIECEWISE_BEZIER_KNOTS.);
#10030 = CARTESIAN_POINT('',(45.,0.));
#10031 = CARTESIAN_POINT('',(45.,90.));
#10032 = ( GEOMETRIC_REPRESENTATION_CONTEXT(2) 
PARAMETRIC_REPRESENTATION_CONTEXT() REPRESENTATION_CONTEXT('2D SPACE',''
  ) );
#10033 = PCURVE('',#9584,#10034);
#10034 = DEFINITIONAL_REPRESENTATION('',(#10035),#10038);
#10035 = B_SPLINE_CURVE_WITH_KNOTS('',1,(#10036,#10037),.UNSPECIFIED.,
  .F.,.F.,(2,2),(662.5,752.5),.PIECEWISE_BEZIER_KNOTS.);
#10036 = CARTESIAN_POINT('',(140.,-1.325E+03));
#10037 = CARTESIAN_POINT('',(140.,-1.415E+03));
#10038 = ( GEOMETRIC_REPRESENTATION_CONTEXT(2) 
PARAMETRIC_REPRESENTATION_CONTEXT() REPRESENTATION_CONTEXT('2D SPACE',''
  ) );
#10039 = ORIENTED_EDGE('',*,*,#10040,.T.);
#10040 = EDGE_CURVE('',#10020,#8238,#10041,.T.);
#10041 = SURFACE_CURVE('',#10042,(#10046,#10053),.PCURVE_S1.);
#10042 = LINE('',#10043,#10044);
#10043 = CARTESIAN_POINT('',(-1.6E+03,475.,900.));
#10044 = VECTOR('',#10045,1.);
#10045 = DIRECTION('',(1.,0.,0.));
#10046 = PCURVE('',#8278,#10047);
#10047 = DEFINITIONAL_REPRESENTATION('',(#10048),#10052);
#10048 = LINE('',#10049,#10050);
#10049 = CARTESIAN_POINT('',(0.,0.));
#10050 = VECTOR('',#10051,1.);
#10051 = DIRECTION('',(1.,0.));
#10052 = ( GEOMETRIC_REPRESENTATION_CONTEXT(2) 
PARAMETRIC_REPRESENTATION_CONTEXT() REPRESENTATION_CONTEXT('2D SPACE',''
  ) );
#10053 = PCURVE('',#8252,#10054);
#10054 = DEFINITIONAL_REPRESENTATION('',(#10055),#10059);
#10055 = LINE('',#10056,#10057);
#10056 = CARTESIAN_POINT('',(140.,0.));
#10057 = VECTOR('',#10058,1.);
#10058 = DIRECTION('',(0.,1.));
#10059 = ( GEOMETRIC_REPRESENTATION_CONTEXT(2) 
PARAMETRIC_REPRESENTATION_CONTEXT() REPRESENTATION_CONTEXT('2D SPACE',''
  ) );
#10060 = ORIENTED_EDGE('',*,*,#8263,.F.);
#10061 = ADVANCED_FACE('',(#10062),#8252,.F.);
#10062 = FACE_BOUND('',#10063,.F.);
#10063 = EDGE_LOOP('',(#10064,#10087,#10110,#10129,#10130,#10131,#10150,
    #10151));
#10064 = ORIENTED_EDGE('',*,*,#10065,.T.);
#10065 = EDGE_CURVE('',#10066,#10068,#10070,.T.);
#10066 = VERTEX_POINT('',#10067);
#10067 = CARTESIAN_POINT('',(1.555E+03,475.,900.));
#10068 = VERTEX_POINT('',#10069);
#10069 = CARTESIAN_POINT('',(1.555E+03,475.,760.));
#10070 = SURFACE_CURVE('',#10071,(#10075,#10081),.PCURVE_S1.);
#10071 = LINE('',#10072,#10073);
#10072 = CARTESIAN_POINT('',(1.555E+03,475.,760.));
#10073 = VECTOR('',#10074,1.);
#10074 = DIRECTION('',(0.,0.,-1.));
#10075 = PCURVE('',#8252,#10076);
#10076 = DEFINITIONAL_REPRESENTATION('',(#10077),#10080);
#10077 = B_SPLINE_CURVE_WITH_KNOTS('',1,(#10078,#10079),.UNSPECIFIED.,
  .F.,.F.,(2,2),(-140.,0.),.PIECEWISE_BEZIER_KNOTS.);
#10078 = CARTESIAN_POINT('',(140.,3.155E+03));
#10079 = CARTESIAN_POINT('',(0.,3.155E+03));
#10080 = ( GEOMETRIC_REPRESENTATION_CONTEXT(2) 
PARAMETRIC_REPRESENTATION_CONTEXT() REPRESENTATION_CONTEXT('2D SPACE',''
  ) );
#10081 = PCURVE('',#9915,#10082);
#10082 = DEFINITIONAL_REPRESENTATION('',(#10083),#10086);
#10083 = B_SPLINE_CURVE_WITH_KNOTS('',1,(#10084,#10085),.UNSPECIFIED.,
  .F.,.F.,(2,2),(-140.,0.),.PIECEWISE_BEZIER_KNOTS.);
#10084 = CARTESIAN_POINT('',(140.,-1.325E+03));
#10085 = CARTESIAN_POINT('',(0.,-1.325E+03));
#10086 = ( GEOMETRIC_REPRESENTATION_CONTEXT(2) 
PARAMETRIC_REPRESENTATION_CONTEXT() REPRESENTATION_CONTEXT('2D SPACE',''
  ) );
#10087 = ORIENTED_EDGE('',*,*,#10088,.F.);
#10088 = EDGE_CURVE('',#10089,#10068,#10091,.T.);
#10089 = VERTEX_POINT('',#10090);
#10090 = CARTESIAN_POINT('',(-1.555E+03,475.,760.));
#10091 = SURFACE_CURVE('',#10092,(#10096,#10103),.PCURVE_S1.);
#10092 = LINE('',#10093,#10094);
#10093 = CARTESIAN_POINT('',(-1.6E+03,475.,760.));
#10094 = VECTOR('',#10095,1.);
#10095 = DIRECTION('',(1.,0.,0.));
#10096 = PCURVE('',#8252,#10097);
#10097 = DEFINITIONAL_REPRESENTATION('',(#10098),#10102);
#10098 = LINE('',#10099,#10100);
#10099 = CARTESIAN_POINT('',(0.,0.));
#10100 = VECTOR('',#10101,1.);
#10101 = DIRECTION('',(0.,1.));
#10102 = ( GEOMETRIC_REPRESENTATION_CONTEXT(2) 
PARAMETRIC_REPRESENTATION_CONTEXT() REPRESENTATION_CONTEXT('2D SPACE',''
  ) );
#10103 = PCURVE('',#9612,#10104);
#10104 = DEFINITIONAL_REPRESENTATION('',(#10105),#10109);
#10105 = LINE('',#10106,#10107);
#10106 = CARTESIAN_POINT('',(45.,1.325E+03));
#10107 = VECTOR('',#10108,1.);
#10108 = DIRECTION('',(1.,0.));
#10109 = ( GEOMETRIC_REPRESENTATION_CONTEXT(2) 
PARAMETRIC_REPRESENTATION_CONTEXT() REPRESENTATION_CONTEXT('2D SPACE',''
  ) );
#10110 = ORIENTED_EDGE('',*,*,#10111,.F.);
#10111 = EDGE_CURVE('',#10020,#10089,#10112,.T.);
#10112 = SURFACE_CURVE('',#10113,(#10117,#10123),.PCURVE_S1.);
#10113 = LINE('',#10114,#10115);
#10114 = CARTESIAN_POINT('',(-1.555E+03,475.,760.));
#10115 = VECTOR('',#10116,1.);
#10116 = DIRECTION('',(0.,0.,-1.));
#10117 = PCURVE('',#8252,#10118);
#10118 = DEFINITIONAL_REPRESENTATION('',(#10119),#10122);
#10119 = B_SPLINE_CURVE_WITH_KNOTS('',1,(#10120,#10121),.UNSPECIFIED.,
  .F.,.F.,(2,2),(-140.,0.),.PIECEWISE_BEZIER_KNOTS.);
#10120 = CARTESIAN_POINT('',(140.,45.));
#10121 = CARTESIAN_POINT('',(0.,45.));
#10122 = ( GEOMETRIC_REPRESENTATION_CONTEXT(2) 
PARAMETRIC_REPRESENTATION_CONTEXT() REPRESENTATION_CONTEXT('2D SPACE',''
  ) );
#10123 = PCURVE('',#9584,#10124);
#10124 = DEFINITIONAL_REPRESENTATION('',(#10125),#10128);
#10125 = B_SPLINE_CURVE_WITH_KNOTS('',1,(#10126,#10127),.UNSPECIFIED.,
  .F.,.F.,(2,2),(-140.,0.),.PIECEWISE_BEZIER_KNOTS.);
#10126 = CARTESIAN_POINT('',(140.,-1.325E+03));
#10127 = CARTESIAN_POINT('',(0.,-1.325E+03));
#10128 = ( GEOMETRIC_REPRESENTATION_CONTEXT(2) 
PARAMETRIC_REPRESENTATION_CONTEXT() REPRESENTATION_CONTEXT('2D SPACE',''
  ) );
#10129 = ORIENTED_EDGE('',*,*,#10040,.T.);
#10130 = ORIENTED_EDGE('',*,*,#8237,.F.);
#10131 = ORIENTED_EDGE('',*,*,#10132,.F.);
#10132 = EDGE_CURVE('',#8454,#8210,#10133,.T.);
#10133 = SURFACE_CURVE('',#10134,(#10138,#10144),.PCURVE_S1.);
#10134 = LINE('',#10135,#10136);
#10135 = CARTESIAN_POINT('',(-820.,475.,870.));
#10136 = VECTOR('',#10137,1.);
#10137 = DIRECTION('',(-1.,0.,0.));
#10138 = PCURVE('',#8252,#10139);
#10139 = DEFINITIONAL_REPRESENTATION('',(#10140),#10143);
#10140 = B_SPLINE_CURVE_WITH_KNOTS('',1,(#10141,#10142),.UNSPECIFIED.,
  .F.,.F.,(2,2),(-860.,-780.),.PIECEWISE_BEZIER_KNOTS.);
#10141 = CARTESIAN_POINT('',(110.,1.64E+03));
#10142 = CARTESIAN_POINT('',(110.,1.56E+03));
#10143 = ( GEOMETRIC_REPRESENTATION_CONTEXT(2) 
PARAMETRIC_REPRESENTATION_CONTEXT() REPRESENTATION_CONTEXT('2D SPACE',''
  ) );
#10144 = PCURVE('',#8225,#10145);
#10145 = DEFINITIONAL_REPRESENTATION('',(#10146),#10149);
#10146 = B_SPLINE_CURVE_WITH_KNOTS('',1,(#10147,#10148),.UNSPECIFIED.,
  .F.,.F.,(2,2),(-860.,-780.),.PIECEWISE_BEZIER_KNOTS.);
#10147 = CARTESIAN_POINT('',(80.,1.735E+03));
#10148 = CARTESIAN_POINT('',(0.,1.735E+03));
#10149 = ( GEOMETRIC_REPRESENTATION_CONTEXT(2) 
PARAMETRIC_REPRESENTATION_CONTEXT() REPRESENTATION_CONTEXT('2D SPACE',''
  ) );
#10150 = ORIENTED_EDGE('',*,*,#8476,.T.);
#10151 = ORIENTED_EDGE('',*,*,#10152,.T.);
#10152 = EDGE_CURVE('',#8477,#10066,#10153,.T.);
#10153 = SURFACE_CURVE('',#10154,(#10158,#10165),.PCURVE_S1.);
#10154 = LINE('',#10155,#10156);
#10155 = CARTESIAN_POINT('',(-1.6E+03,475.,900.));
#10156 = VECTOR('',#10157,1.);
#10157 = DIRECTION('',(1.,0.,0.));
#10158 = PCURVE('',#8252,#10159);
#10159 = DEFINITIONAL_REPRESENTATION('',(#10160),#10164);
#10160 = LINE('',#10161,#10162);
#10161 = CARTESIAN_POINT('',(140.,0.));
#10162 = VECTOR('',#10163,1.);
#10163 = DIRECTION('',(0.,1.));
#10164 = ( GEOMETRIC_REPRESENTATION_CONTEXT(2) 
PARAMETRIC_REPRESENTATION_CONTEXT() REPRESENTATION_CONTEXT('2D SPACE',''
  ) );
#10165 = PCURVE('',#8512,#10166);
#10166 = DEFINITIONAL_REPRESENTATION('',(#10167),#10171);
#10167 = LINE('',#10168,#10169);
#10168 = CARTESIAN_POINT('',(0.,0.));
#10169 = VECTOR('',#10170,1.);
#10170 = DIRECTION('',(1.,0.));
#10171 = ( GEOMETRIC_REPRESENTATION_CONTEXT(2) 
PARAMETRIC_REPRESENTATION_CONTEXT() REPRESENTATION_CONTEXT('2D SPACE',''
  ) );
#10172 = ADVANCED_FACE('',(#10173),#8225,.F.);
#10173 = FACE_BOUND('',#10174,.F.);
#10174 = EDGE_LOOP('',(#10175,#10176,#10195,#10196));
#10175 = ORIENTED_EDGE('',*,*,#8209,.F.);
#10176 = ORIENTED_EDGE('',*,*,#10177,.F.);
#10177 = EDGE_CURVE('',#8433,#8184,#10178,.T.);
#10178 = SURFACE_CURVE('',#10179,(#10183,#10189),.PCURVE_S1.);
#10179 = LINE('',#10180,#10181);
#10180 = CARTESIAN_POINT('',(-820.,-475.,870.));
#10181 = VECTOR('',#10182,1.);
#10182 = DIRECTION('',(-1.,0.,0.));
#10183 = PCURVE('',#8225,#10184);
#10184 = DEFINITIONAL_REPRESENTATION('',(#10185),#10188);
#10185 = B_SPLINE_CURVE_WITH_KNOTS('',1,(#10186,#10187),.UNSPECIFIED.,
  .F.,.F.,(2,2),(-860.,-780.),.PIECEWISE_BEZIER_KNOTS.);
#10186 = CARTESIAN_POINT('',(80.,785.));
#10187 = CARTESIAN_POINT('',(0.,785.));
#10188 = ( GEOMETRIC_REPRESENTATION_CONTEXT(2) 
PARAMETRIC_REPRESENTATION_CONTEXT() REPRESENTATION_CONTEXT('2D SPACE',''
  ) );
#10189 = PCURVE('',#8198,#10190);
#10190 = DEFINITIONAL_REPRESENTATION('',(#10191),#10194);
#10191 = B_SPLINE_CURVE_WITH_KNOTS('',1,(#10192,#10193),.UNSPECIFIED.,
  .F.,.F.,(2,2),(-860.,-780.),.PIECEWISE_BEZIER_KNOTS.);
#10192 = CARTESIAN_POINT('',(110.,1.64E+03));
#10193 = CARTESIAN_POINT('',(110.,1.56E+03));
#10194 = ( GEOMETRIC_REPRESENTATION_CONTEXT(2) 
PARAMETRIC_REPRESENTATION_CONTEXT() REPRESENTATION_CONTEXT('2D SPACE',''
  ) );
#10195 = ORIENTED_EDGE('',*,*,#8453,.T.);
#10196 = ORIENTED_EDGE('',*,*,#10132,.T.);
#10197 = ADVANCED_FACE('',(#10198),#8198,.T.);
#10198 = FACE_BOUND('',#10199,.T.);
#10199 = EDGE_LOOP('',(#10200,#10223,#10246,#10267,#10288,#10289,#10290,
    #10291));
#10200 = ORIENTED_EDGE('',*,*,#10201,.T.);
#10201 = EDGE_CURVE('',#10202,#10204,#10206,.T.);
#10202 = VERTEX_POINT('',#10203);
#10203 = CARTESIAN_POINT('',(1.555E+03,-475.,900.));
#10204 = VERTEX_POINT('',#10205);
#10205 = CARTESIAN_POINT('',(1.555E+03,-475.,760.));
#10206 = SURFACE_CURVE('',#10207,(#10211,#10217),.PCURVE_S1.);
#10207 = LINE('',#10208,#10209);
#10208 = CARTESIAN_POINT('',(1.555E+03,-475.,760.));
#10209 = VECTOR('',#10210,1.);
#10210 = DIRECTION('',(0.,0.,-1.));
#10211 = PCURVE('',#8198,#10212);
#10212 = DEFINITIONAL_REPRESENTATION('',(#10213),#10216);
#10213 = B_SPLINE_CURVE_WITH_KNOTS('',1,(#10214,#10215),.UNSPECIFIED.,
  .F.,.F.,(2,2),(-140.,0.),.PIECEWISE_BEZIER_KNOTS.);
#10214 = CARTESIAN_POINT('',(140.,3.155E+03));
#10215 = CARTESIAN_POINT('',(0.,3.155E+03));
#10216 = ( GEOMETRIC_REPRESENTATION_CONTEXT(2) 
PARAMETRIC_REPRESENTATION_CONTEXT() REPRESENTATION_CONTEXT('2D SPACE',''
  ) );
#10217 = PCURVE('',#9915,#10218);
#10218 = DEFINITIONAL_REPRESENTATION('',(#10219),#10222);
#10219 = B_SPLINE_CURVE_WITH_KNOTS('',1,(#10220,#10221),.UNSPECIFIED.,
  .F.,.F.,(2,2),(-140.,0.),.PIECEWISE_BEZIER_KNOTS.);
#10220 = CARTESIAN_POINT('',(140.,-375.));
#10221 = CARTESIAN_POINT('',(0.,-375.));
#10222 = ( GEOMETRIC_REPRESENTATION_CONTEXT(2) 
PARAMETRIC_REPRESENTATION_CONTEXT() REPRESENTATION_CONTEXT('2D SPACE',''
  ) );
#10223 = ORIENTED_EDGE('',*,*,#10224,.F.);
#10224 = EDGE_CURVE('',#10225,#10204,#10227,.T.);
#10225 = VERTEX_POINT('',#10226);
#10226 = CARTESIAN_POINT('',(-1.555E+03,-475.,760.));
#10227 = SURFACE_CURVE('',#10228,(#10232,#10239),.PCURVE_S1.);
#10228 = LINE('',#10229,#10230);
#10229 = CARTESIAN_POINT('',(-1.6E+03,-475.,760.));
#10230 = VECTOR('',#10231,1.);
#10231 = DIRECTION('',(1.,0.,0.));
#10232 = PCURVE('',#8198,#10233);
#10233 = DEFINITIONAL_REPRESENTATION('',(#10234),#10238);
#10234 = LINE('',#10235,#10236);
#10235 = CARTESIAN_POINT('',(0.,0.));
#10236 = VECTOR('',#10237,1.);
#10237 = DIRECTION('',(0.,1.));
#10238 = ( GEOMETRIC_REPRESENTATION_CONTEXT(2) 
PARAMETRIC_REPRESENTATION_CONTEXT() REPRESENTATION_CONTEXT('2D SPACE',''
  ) );
#10239 = PCURVE('',#9612,#10240);
#10240 = DEFINITIONAL_REPRESENTATION('',(#10241),#10245);
#10241 = LINE('',#10242,#10243);
#10242 = CARTESIAN_POINT('',(45.,375.));
#10243 = VECTOR('',#10244,1.);
#10244 = DIRECTION('',(1.,0.));
#10245 = ( GEOMETRIC_REPRESENTATION_CONTEXT(2) 
PARAMETRIC_REPRESENTATION_CONTEXT() REPRESENTATION_CONTEXT('2D SPACE',''
  ) );
#10246 = ORIENTED_EDGE('',*,*,#10247,.F.);
#10247 = EDGE_CURVE('',#10248,#10225,#10250,.T.);
#10248 = VERTEX_POINT('',#10249);
#10249 = CARTESIAN_POINT('',(-1.555E+03,-475.,900.));
#10250 = SURFACE_CURVE('',#10251,(#10255,#10261),.PCURVE_S1.);
#10251 = LINE('',#10252,#10253);
#10252 = CARTESIAN_POINT('',(-1.555E+03,-475.,760.));
#10253 = VECTOR('',#10254,1.);
#10254 = DIRECTION('',(0.,0.,-1.));
#10255 = PCURVE('',#8198,#10256);
#10256 = DEFINITIONAL_REPRESENTATION('',(#10257),#10260);
#10257 = B_SPLINE_CURVE_WITH_KNOTS('',1,(#10258,#10259),.UNSPECIFIED.,
  .F.,.F.,(2,2),(-140.,0.),.PIECEWISE_BEZIER_KNOTS.);
#10258 = CARTESIAN_POINT('',(140.,45.));
#10259 = CARTESIAN_POINT('',(0.,45.));
#10260 = ( GEOMETRIC_REPRESENTATION_CONTEXT(2) 
PARAMETRIC_REPRESENTATION_CONTEXT() REPRESENTATION_CONTEXT('2D SPACE',''
  ) );
#10261 = PCURVE('',#9584,#10262);
#10262 = DEFINITIONAL_REPRESENTATION('',(#10263),#10266);
#10263 = B_SPLINE_CURVE_WITH_KNOTS('',1,(#10264,#10265),.UNSPECIFIED.,
  .F.,.F.,(2,2),(-140.,0.),.PIECEWISE_BEZIER_KNOTS.);
#10264 = CARTESIAN_POINT('',(140.,-375.));
#10265 = CARTESIAN_POINT('',(0.,-375.));
#10266 = ( GEOMETRIC_REPRESENTATION_CONTEXT(2) 
PARAMETRIC_REPRESENTATION_CONTEXT() REPRESENTATION_CONTEXT('2D SPACE',''
  ) );
#10267 = ORIENTED_EDGE('',*,*,#10268,.T.);
#10268 = EDGE_CURVE('',#10248,#8158,#10269,.T.);
#10269 = SURFACE_CURVE('',#10270,(#10274,#10281),.PCURVE_S1.);
#10270 = LINE('',#10271,#10272);
#10271 = CARTESIAN_POINT('',(-1.6E+03,-475.,900.));
#10272 = VECTOR('',#10273,1.);
#10273 = DIRECTION('',(1.,0.,0.));
#10274 = PCURVE('',#8198,#10275);
#10275 = DEFINITIONAL_REPRESENTATION('',(#10276),#10280);
#10276 = LINE('',#10277,#10278);
#10277 = CARTESIAN_POINT('',(140.,0.));
#10278 = VECTOR('',#10279,1.);
#10279 = DIRECTION('',(0.,1.));
#10280 = ( GEOMETRIC_REPRESENTATION_CONTEXT(2) 
PARAMETRIC_REPRESENTATION_CONTEXT() REPRESENTATION_CONTEXT('2D SPACE',''
  ) );
#10281 = PCURVE('',#8172,#10282);
#10282 = DEFINITIONAL_REPRESENTATION('',(#10283),#10287);
#10283 = LINE('',#10284,#10285);
#10284 = CARTESIAN_POINT('',(0.,90.));
#10285 = VECTOR('',#10286,1.);
#10286 = DIRECTION('',(1.,0.));
#10287 = ( GEOMETRIC_REPRESENTATION_CONTEXT(2) 
PARAMETRIC_REPRESENTATION_CONTEXT() REPRESENTATION_CONTEXT('2D SPACE',''
  ) );
#10288 = ORIENTED_EDGE('',*,*,#8183,.F.);
#10289 = ORIENTED_EDGE('',*,*,#10177,.F.);
#10290 = ORIENTED_EDGE('',*,*,#8432,.T.);
#10291 = ORIENTED_EDGE('',*,*,#10292,.T.);
#10292 = EDGE_CURVE('',#8407,#10202,#10293,.T.);
#10293 = SURFACE_CURVE('',#10294,(#10298,#10305),.PCURVE_S1.);
#10294 = LINE('',#10295,#10296);
#10295 = CARTESIAN_POINT('',(-1.6E+03,-475.,900.));
#10296 = VECTOR('',#10297,1.);
#10297 = DIRECTION('',(1.,0.,0.));
#10298 = PCURVE('',#8198,#10299);
#10299 = DEFINITIONAL_REPRESENTATION('',(#10300),#10304);
#10300 = LINE('',#10301,#10302);
#10301 = CARTESIAN_POINT('',(140.,0.));
#10302 = VECTOR('',#10303,1.);
#10303 = DIRECTION('',(0.,1.));
#10304 = ( GEOMETRIC_REPRESENTATION_CONTEXT(2) 
PARAMETRIC_REPRESENTATION_CONTEXT() REPRESENTATION_CONTEXT('2D SPACE',''
  ) );
#10305 = PCURVE('',#8421,#10306);
#10306 = DEFINITIONAL_REPRESENTATION('',(#10307),#10311);
#10307 = LINE('',#10308,#10309);
#10308 = CARTESIAN_POINT('',(0.,90.));
#10309 = VECTOR('',#10310,1.);
#10310 = DIRECTION('',(1.,0.));
#10311 = ( GEOMETRIC_REPRESENTATION_CONTEXT(2) 
PARAMETRIC_REPRESENTATION_CONTEXT() REPRESENTATION_CONTEXT('2D SPACE',''
  ) );
#10312 = ADVANCED_FACE('',(#10313),#8172,.T.);
#10313 = FACE_BOUND('',#10314,.T.);
#10314 = EDGE_LOOP('',(#10315,#10316,#10337,#10358));
#10315 = ORIENTED_EDGE('',*,*,#10268,.F.);
#10316 = ORIENTED_EDGE('',*,*,#10317,.F.);
#10317 = EDGE_CURVE('',#10318,#10248,#10320,.T.);
#10318 = VERTEX_POINT('',#10319);
#10319 = CARTESIAN_POINT('',(-1.555E+03,-565.,900.));
#10320 = SURFACE_CURVE('',#10321,(#10325,#10331),.PCURVE_S1.);
#10321 = LINE('',#10322,#10323);
#10322 = CARTESIAN_POINT('',(-1.555E+03,-707.5,900.));
#10323 = VECTOR('',#10324,1.);
#10324 = DIRECTION('',(0.,1.,0.));
#10325 = PCURVE('',#8172,#10326);
#10326 = DEFINITIONAL_REPRESENTATION('',(#10327),#10330);
#10327 = B_SPLINE_CURVE_WITH_KNOTS('',1,(#10328,#10329),.UNSPECIFIED.,
  .F.,.F.,(2,2),(142.5,232.5),.PIECEWISE_BEZIER_KNOTS.);
#10328 = CARTESIAN_POINT('',(45.,0.));
#10329 = CARTESIAN_POINT('',(45.,90.));
#10330 = ( GEOMETRIC_REPRESENTATION_CONTEXT(2) 
PARAMETRIC_REPRESENTATION_CONTEXT() REPRESENTATION_CONTEXT('2D SPACE',''
  ) );
#10331 = PCURVE('',#9584,#10332);
#10332 = DEFINITIONAL_REPRESENTATION('',(#10333),#10336);
#10333 = B_SPLINE_CURVE_WITH_KNOTS('',1,(#10334,#10335),.UNSPECIFIED.,
  .F.,.F.,(2,2),(142.5,232.5),.PIECEWISE_BEZIER_KNOTS.);
#10334 = CARTESIAN_POINT('',(140.,-285.));
#10335 = CARTESIAN_POINT('',(140.,-375.));
#10336 = ( GEOMETRIC_REPRESENTATION_CONTEXT(2) 
PARAMETRIC_REPRESENTATION_CONTEXT() REPRESENTATION_CONTEXT('2D SPACE',''
  ) );
#10337 = ORIENTED_EDGE('',*,*,#10338,.T.);
#10338 = EDGE_CURVE('',#10318,#8132,#10339,.T.);
#10339 = SURFACE_CURVE('',#10340,(#10344,#10351),.PCURVE_S1.);
#10340 = LINE('',#10341,#10342);
#10341 = CARTESIAN_POINT('',(-1.6E+03,-565.,900.));
#10342 = VECTOR('',#10343,1.);
#10343 = DIRECTION('',(1.,0.,0.));
#10344 = PCURVE('',#8172,#10345);
#10345 = DEFINITIONAL_REPRESENTATION('',(#10346),#10350);
#10346 = LINE('',#10347,#10348);
#10347 = CARTESIAN_POINT('',(0.,0.));
#10348 = VECTOR('',#10349,1.);
#10349 = DIRECTION('',(1.,0.));
#10350 = ( GEOMETRIC_REPRESENTATION_CONTEXT(2) 
PARAMETRIC_REPRESENTATION_CONTEXT() REPRESENTATION_CONTEXT('2D SPACE',''
  ) );
#10351 = PCURVE('',#8146,#10352);
#10352 = DEFINITIONAL_REPRESENTATION('',(#10353),#10357);
#10353 = LINE('',#10354,#10355);
#10354 = CARTESIAN_POINT('',(140.,0.));
#10355 = VECTOR('',#10356,1.);
#10356 = DIRECTION('',(0.,1.));
#10357 = ( GEOMETRIC_REPRESENTATION_CONTEXT(2) 
PARAMETRIC_REPRESENTATION_CONTEXT() REPRESENTATION_CONTEXT('2D SPACE',''
  ) );
#10358 = ORIENTED_EDGE('',*,*,#8157,.F.);
#10359 = ADVANCED_FACE('',(#10360),#8146,.F.);
#10360 = FACE_BOUND('',#10361,.F.);
#10361 = EDGE_LOOP('',(#10362,#10385,#10408,#10427,#10428,#10429,#10448,
    #10449));
#10362 = ORIENTED_EDGE('',*,*,#10363,.T.);
#10363 = EDGE_CURVE('',#10364,#10366,#10368,.T.);
#10364 = VERTEX_POINT('',#10365);
#10365 = CARTESIAN_POINT('',(1.555E+03,-565.,900.));
#10366 = VERTEX_POINT('',#10367);
#10367 = CARTESIAN_POINT('',(1.555E+03,-565.,760.));
#10368 = SURFACE_CURVE('',#10369,(#10373,#10379),.PCURVE_S1.);
#10369 = LINE('',#10370,#10371);
#10370 = CARTESIAN_POINT('',(1.555E+03,-565.,760.));
#10371 = VECTOR('',#10372,1.);
#10372 = DIRECTION('',(0.,0.,-1.));
#10373 = PCURVE('',#8146,#10374);
#10374 = DEFINITIONAL_REPRESENTATION('',(#10375),#10378);
#10375 = B_SPLINE_CURVE_WITH_KNOTS('',1,(#10376,#10377),.UNSPECIFIED.,
  .F.,.F.,(2,2),(-140.,0.),.PIECEWISE_BEZIER_KNOTS.);
#10376 = CARTESIAN_POINT('',(140.,3.155E+03));
#10377 = CARTESIAN_POINT('',(0.,3.155E+03));
#10378 = ( GEOMETRIC_REPRESENTATION_CONTEXT(2) 
PARAMETRIC_REPRESENTATION_CONTEXT() REPRESENTATION_CONTEXT('2D SPACE',''
  ) );
#10379 = PCURVE('',#9915,#10380);
#10380 = DEFINITIONAL_REPRESENTATION('',(#10381),#10384);
#10381 = B_SPLINE_CURVE_WITH_KNOTS('',1,(#10382,#10383),.UNSPECIFIED.,
  .F.,.F.,(2,2),(-140.,0.),.PIECEWISE_BEZIER_KNOTS.);
#10382 = CARTESIAN_POINT('',(140.,-285.));
#10383 = CARTESIAN_POINT('',(0.,-285.));
#10384 = ( GEOMETRIC_REPRESENTATION_CONTEXT(2) 
PARAMETRIC_REPRESENTATION_CONTEXT() REPRESENTATION_CONTEXT('2D SPACE',''
  ) );
#10385 = ORIENTED_EDGE('',*,*,#10386,.F.);
#10386 = EDGE_CURVE('',#10387,#10366,#10389,.T.);
#10387 = VERTEX_POINT('',#10388);
#10388 = CARTESIAN_POINT('',(-1.555E+03,-565.,760.));
#10389 = SURFACE_CURVE('',#10390,(#10394,#10401),.PCURVE_S1.);
#10390 = LINE('',#10391,#10392);
#10391 = CARTESIAN_POINT('',(-1.6E+03,-565.,760.));
#10392 = VECTOR('',#10393,1.);
#10393 = DIRECTION('',(1.,0.,0.));
#10394 = PCURVE('',#8146,#10395);
#10395 = DEFINITIONAL_REPRESENTATION('',(#10396),#10400);
#10396 = LINE('',#10397,#10398);
#10397 = CARTESIAN_POINT('',(0.,0.));
#10398 = VECTOR('',#10399,1.);
#10399 = DIRECTION('',(0.,1.));
#10400 = ( GEOMETRIC_REPRESENTATION_CONTEXT(2) 
PARAMETRIC_REPRESENTATION_CONTEXT() REPRESENTATION_CONTEXT('2D SPACE',''
  ) );
#10401 = PCURVE('',#9612,#10402);
#10402 = DEFINITIONAL_REPRESENTATION('',(#10403),#10407);
#10403 = LINE('',#10404,#10405);
#10404 = CARTESIAN_POINT('',(45.,285.));
#10405 = VECTOR('',#10406,1.);
#10406 = DIRECTION('',(1.,0.));
#10407 = ( GEOMETRIC_REPRESENTATION_CONTEXT(2) 
PARAMETRIC_REPRESENTATION_CONTEXT() REPRESENTATION_CONTEXT('2D SPACE',''
  ) );
#10408 = ORIENTED_EDGE('',*,*,#10409,.F.);
#10409 = EDGE_CURVE('',#10318,#10387,#10410,.T.);
#10410 = SURFACE_CURVE('',#10411,(#10415,#10421),.PCURVE_S1.);
#10411 = LINE('',#10412,#10413);
#10412 = CARTESIAN_POINT('',(-1.555E+03,-565.,760.));
#10413 = VECTOR('',#10414,1.);
#10414 = DIRECTION('',(0.,0.,-1.));
#10415 = PCURVE('',#8146,#10416);
#10416 = DEFINITIONAL_REPRESENTATION('',(#10417),#10420);
#10417 = B_SPLINE_CURVE_WITH_KNOTS('',1,(#10418,#10419),.UNSPECIFIED.,
  .F.,.F.,(2,2),(-140.,0.),.PIECEWISE_BEZIER_KNOTS.);
#10418 = CARTESIAN_POINT('',(140.,45.));
#10419 = CARTESIAN_POINT('',(0.,45.));
#10420 = ( GEOMETRIC_REPRESENTATION_CONTEXT(2) 
PARAMETRIC_REPRESENTATION_CONTEXT() REPRESENTATION_CONTEXT('2D SPACE',''
  ) );
#10421 = PCURVE('',#9584,#10422);
#10422 = DEFINITIONAL_REPRESENTATION('',(#10423),#10426);
#10423 = B_SPLINE_CURVE_WITH_KNOTS('',1,(#10424,#10425),.UNSPECIFIED.,
  .F.,.F.,(2,2),(-140.,0.),.PIECEWISE_BEZIER_KNOTS.);
#10424 = CARTESIAN_POINT('',(140.,-285.));
#10425 = CARTESIAN_POINT('',(0.,-285.));
#10426 = ( GEOMETRIC_REPRESENTATION_CONTEXT(2) 
PARAMETRIC_REPRESENTATION_CONTEXT() REPRESENTATION_CONTEXT('2D SPACE',''
  ) );
#10427 = ORIENTED_EDGE('',*,*,#10338,.T.);
#10428 = ORIENTED_EDGE('',*,*,#8131,.F.);
#10429 = ORIENTED_EDGE('',*,*,#10430,.F.);
#10430 = EDGE_CURVE('',#8363,#8104,#10431,.T.);
#10431 = SURFACE_CURVE('',#10432,(#10436,#10442),.PCURVE_S1.);
#10432 = LINE('',#10433,#10434);
#10433 = CARTESIAN_POINT('',(-820.,-565.,870.));
#10434 = VECTOR('',#10435,1.);
#10435 = DIRECTION('',(-1.,0.,0.));
#10436 = PCURVE('',#8146,#10437);
#10437 = DEFINITIONAL_REPRESENTATION('',(#10438),#10441);
#10438 = B_SPLINE_CURVE_WITH_KNOTS('',1,(#10439,#10440),.UNSPECIFIED.,
  .F.,.F.,(2,2),(-860.,-780.),.PIECEWISE_BEZIER_KNOTS.);
#10439 = CARTESIAN_POINT('',(110.,1.64E+03));
#10440 = CARTESIAN_POINT('',(110.,1.56E+03));
#10441 = ( GEOMETRIC_REPRESENTATION_CONTEXT(2) 
PARAMETRIC_REPRESENTATION_CONTEXT() REPRESENTATION_CONTEXT('2D SPACE',''
  ) );
#10442 = PCURVE('',#8119,#10443);
#10443 = DEFINITIONAL_REPRESENTATION('',(#10444),#10447);
#10444 = B_SPLINE_CURVE_WITH_KNOTS('',1,(#10445,#10446),.UNSPECIFIED.,
  .F.,.F.,(2,2),(-860.,-780.),.PIECEWISE_BEZIER_KNOTS.);
#10445 = CARTESIAN_POINT('',(80.,695.));
#10446 = CARTESIAN_POINT('',(0.,695.));
#10447 = ( GEOMETRIC_REPRESENTATION_CONTEXT(2) 
PARAMETRIC_REPRESENTATION_CONTEXT() REPRESENTATION_CONTEXT('2D SPACE',''
  ) );
#10448 = ORIENTED_EDGE('',*,*,#8385,.T.);
#10449 = ORIENTED_EDGE('',*,*,#10450,.T.);
#10450 = EDGE_CURVE('',#8386,#10364,#10451,.T.);
#10451 = SURFACE_CURVE('',#10452,(#10456,#10463),.PCURVE_S1.);
#10452 = LINE('',#10453,#10454);
#10453 = CARTESIAN_POINT('',(-1.6E+03,-565.,900.));
#10454 = VECTOR('',#10455,1.);
#10455 = DIRECTION('',(1.,0.,0.));
#10456 = PCURVE('',#8146,#10457);
#10457 = DEFINITIONAL_REPRESENTATION('',(#10458),#10462);
#10458 = LINE('',#10459,#10460);
#10459 = CARTESIAN_POINT('',(140.,0.));
#10460 = VECTOR('',#10461,1.);
#10461 = DIRECTION('',(0.,1.));
#10462 = ( GEOMETRIC_REPRESENTATION_CONTEXT(2) 
PARAMETRIC_REPRESENTATION_CONTEXT() REPRESENTATION_CONTEXT('2D SPACE',''
  ) );
#10463 = PCURVE('',#8421,#10464);
#10464 = DEFINITIONAL_REPRESENTATION('',(#10465),#10469);
#10465 = LINE('',#10466,#10467);
#10466 = CARTESIAN_POINT('',(0.,0.));
#10467 = VECTOR('',#10468,1.);
#10468 = DIRECTION('',(1.,0.));
#10469 = ( GEOMETRIC_REPRESENTATION_CONTEXT(2) 
PARAMETRIC_REPRESENTATION_CONTEXT() REPRESENTATION_CONTEXT('2D SPACE',''
  ) );
#10470 = ADVANCED_FACE('',(#10471),#8119,.F.);
#10471 = FACE_BOUND('',#10472,.F.);
#10472 = EDGE_LOOP('',(#10473,#10474,#10475,#10476));
#10473 = ORIENTED_EDGE('',*,*,#8103,.F.);
#10474 = ORIENTED_EDGE('',*,*,#9507,.T.);
#10475 = ORIENTED_EDGE('',*,*,#8362,.T.);
#10476 = ORIENTED_EDGE('',*,*,#10430,.T.);
#10477 = ADVANCED_FACE('',(#10478),#8512,.T.);
#10478 = FACE_BOUND('',#10479,.T.);
#10479 = EDGE_LOOP('',(#10480,#10481,#10482,#10483));
#10480 = ORIENTED_EDGE('',*,*,#9994,.F.);
#10481 = ORIENTED_EDGE('',*,*,#8497,.T.);
#10482 = ORIENTED_EDGE('',*,*,#10152,.T.);
#10483 = ORIENTED_EDGE('',*,*,#10484,.T.);
#10484 = EDGE_CURVE('',#10066,#9899,#10485,.T.);
#10485 = SURFACE_CURVE('',#10486,(#10490,#10496),.PCURVE_S1.);
#10486 = LINE('',#10487,#10488);
#10487 = CARTESIAN_POINT('',(1.555E+03,-187.5,900.));
#10488 = VECTOR('',#10489,1.);
#10489 = DIRECTION('',(0.,1.,0.));
#10490 = PCURVE('',#8512,#10491);
#10491 = DEFINITIONAL_REPRESENTATION('',(#10492),#10495);
#10492 = B_SPLINE_CURVE_WITH_KNOTS('',1,(#10493,#10494),.UNSPECIFIED.,
  .F.,.F.,(2,2),(662.5,752.5),.PIECEWISE_BEZIER_KNOTS.);
#10493 = CARTESIAN_POINT('',(3.155E+03,0.));
#10494 = CARTESIAN_POINT('',(3.155E+03,90.));
#10495 = ( GEOMETRIC_REPRESENTATION_CONTEXT(2) 
PARAMETRIC_REPRESENTATION_CONTEXT() REPRESENTATION_CONTEXT('2D SPACE',''
  ) );
#10496 = PCURVE('',#9915,#10497);
#10497 = DEFINITIONAL_REPRESENTATION('',(#10498),#10501);
#10498 = B_SPLINE_CURVE_WITH_KNOTS('',1,(#10499,#10500),.UNSPECIFIED.,
  .F.,.F.,(2,2),(662.5,752.5),.PIECEWISE_BEZIER_KNOTS.);
#10499 = CARTESIAN_POINT('',(140.,-1.325E+03));
#10500 = CARTESIAN_POINT('',(140.,-1.415E+03));
#10501 = ( GEOMETRIC_REPRESENTATION_CONTEXT(2) 
PARAMETRIC_REPRESENTATION_CONTEXT() REPRESENTATION_CONTEXT('2D SPACE',''
  ) );
#10502 = ADVANCED_FACE('',(#10503),#8421,.T.);
#10503 = FACE_BOUND('',#10504,.T.);
#10504 = EDGE_LOOP('',(#10505,#10506,#10507,#10508));
#10505 = ORIENTED_EDGE('',*,*,#10292,.F.);
#10506 = ORIENTED_EDGE('',*,*,#8406,.T.);
#10507 = ORIENTED_EDGE('',*,*,#10450,.T.);
#10508 = ORIENTED_EDGE('',*,*,#10509,.T.);
#10509 = EDGE_CURVE('',#10364,#10202,#10510,.T.);
#10510 = SURFACE_CURVE('',#10511,(#10515,#10521),.PCURVE_S1.);
#10511 = LINE('',#10512,#10513);
#10512 = CARTESIAN_POINT('',(1.555E+03,-707.5,900.));
#10513 = VECTOR('',#10514,1.);
#10514 = DIRECTION('',(0.,1.,0.));
#10515 = PCURVE('',#8421,#10516);
#10516 = DEFINITIONAL_REPRESENTATION('',(#10517),#10520);
#10517 = B_SPLINE_CURVE_WITH_KNOTS('',1,(#10518,#10519),.UNSPECIFIED.,
  .F.,.F.,(2,2),(142.5,232.5),.PIECEWISE_BEZIER_KNOTS.);
#10518 = CARTESIAN_POINT('',(3.155E+03,0.));
#10519 = CARTESIAN_POINT('',(3.155E+03,90.));
#10520 = ( GEOMETRIC_REPRESENTATION_CONTEXT(2) 
PARAMETRIC_REPRESENTATION_CONTEXT() REPRESENTATION_CONTEXT('2D SPACE',''
  ) );
#10521 = PCURVE('',#9915,#10522);
#10522 = DEFINITIONAL_REPRESENTATION('',(#10523),#10526);
#10523 = B_SPLINE_CURVE_WITH_KNOTS('',1,(#10524,#10525),.UNSPECIFIED.,
  .F.,.F.,(2,2),(142.5,232.5),.PIECEWISE_BEZIER_KNOTS.);
#10524 = CARTESIAN_POINT('',(140.,-285.));
#10525 = CARTESIAN_POINT('',(140.,-375.));
#10526 = ( GEOMETRIC_REPRESENTATION_CONTEXT(2) 
PARAMETRIC_REPRESENTATION_CONTEXT() REPRESENTATION_CONTEXT('2D SPACE',''
  ) );
#10527 = ADVANCED_FACE('',(#10528),#8780,.T.);
#10528 = FACE_BOUND('',#10529,.T.);
#10529 = EDGE_LOOP('',(#10530,#10560,#10583,#10606,#10627,#10628,#10629,
    #10630));
#10530 = ORIENTED_EDGE('',*,*,#10531,.F.);
#10531 = EDGE_CURVE('',#10532,#10534,#10536,.T.);
#10532 = VERTEX_POINT('',#10533);
#10533 = CARTESIAN_POINT('',(1.645E+03,850.,760.));
#10534 = VERTEX_POINT('',#10535);
#10535 = CARTESIAN_POINT('',(1.645E+03,850.,960.));
#10536 = SURFACE_CURVE('',#10537,(#10541,#10548),.PCURVE_S1.);
#10537 = LINE('',#10538,#10539);
#10538 = CARTESIAN_POINT('',(1.645E+03,850.,760.));
#10539 = VECTOR('',#10540,1.);
#10540 = DIRECTION('',(0.,0.,1.));
#10541 = PCURVE('',#8780,#10542);
#10542 = DEFINITIONAL_REPRESENTATION('',(#10543),#10547);
#10543 = LINE('',#10544,#10545);
#10544 = CARTESIAN_POINT('',(0.,90.));
#10545 = VECTOR('',#10546,1.);
#10546 = DIRECTION('',(1.,0.));
#10547 = ( GEOMETRIC_REPRESENTATION_CONTEXT(2) 
PARAMETRIC_REPRESENTATION_CONTEXT() REPRESENTATION_CONTEXT('2D SPACE',''
  ) );
#10548 = PCURVE('',#10549,#10554);
#10549 = PLANE('',#10550);
#10550 = AXIS2_PLACEMENT_3D('',#10551,#10552,#10553);
#10551 = CARTESIAN_POINT('',(1.645E+03,-850.,760.));
#10552 = DIRECTION('',(1.,0.,0.));
#10553 = DIRECTION('',(0.,0.,1.));
#10554 = DEFINITIONAL_REPRESENTATION('',(#10555),#10559);
#10555 = LINE('',#10556,#10557);
#10556 = CARTESIAN_POINT('',(0.,-1.7E+03));
#10557 = VECTOR('',#10558,1.);
#10558 = DIRECTION('',(1.,0.));
#10559 = ( GEOMETRIC_REPRESENTATION_CONTEXT(2) 
PARAMETRIC_REPRESENTATION_CONTEXT() REPRESENTATION_CONTEXT('2D SPACE',''
  ) );
#10560 = ORIENTED_EDGE('',*,*,#10561,.F.);
#10561 = EDGE_CURVE('',#10562,#10532,#10564,.T.);
#10562 = VERTEX_POINT('',#10563);
#10563 = CARTESIAN_POINT('',(1.555E+03,850.,760.));
#10564 = SURFACE_CURVE('',#10565,(#10569,#10576),.PCURVE_S1.);
#10565 = LINE('',#10566,#10567);
#10566 = CARTESIAN_POINT('',(1.555E+03,850.,760.));
#10567 = VECTOR('',#10568,1.);
#10568 = DIRECTION('',(1.,0.,0.));
#10569 = PCURVE('',#8780,#10570);
#10570 = DEFINITIONAL_REPRESENTATION('',(#10571),#10575);
#10571 = LINE('',#10572,#10573);
#10572 = CARTESIAN_POINT('',(0.,0.));
#10573 = VECTOR('',#10574,1.);
#10574 = DIRECTION('',(0.,1.));
#10575 = ( GEOMETRIC_REPRESENTATION_CONTEXT(2) 
PARAMETRIC_REPRESENTATION_CONTEXT() REPRESENTATION_CONTEXT('2D SPACE',''
  ) );
#10576 = PCURVE('',#9612,#10577);
#10577 = DEFINITIONAL_REPRESENTATION('',(#10578),#10582);
#10578 = LINE('',#10579,#10580);
#10579 = CARTESIAN_POINT('',(3.2E+03,1.7E+03));
#10580 = VECTOR('',#10581,1.);
#10581 = DIRECTION('',(1.,0.));
#10582 = ( GEOMETRIC_REPRESENTATION_CONTEXT(2) 
PARAMETRIC_REPRESENTATION_CONTEXT() REPRESENTATION_CONTEXT('2D SPACE',''
  ) );
#10583 = ORIENTED_EDGE('',*,*,#10584,.T.);
#10584 = EDGE_CURVE('',#10562,#10585,#10587,.T.);
#10585 = VERTEX_POINT('',#10586);
#10586 = CARTESIAN_POINT('',(1.555E+03,850.,960.));
#10587 = SURFACE_CURVE('',#10588,(#10592,#10599),.PCURVE_S1.);
#10588 = LINE('',#10589,#10590);
#10589 = CARTESIAN_POINT('',(1.555E+03,850.,760.));
#10590 = VECTOR('',#10591,1.);
#10591 = DIRECTION('',(0.,0.,1.));
#10592 = PCURVE('',#8780,#10593);
#10593 = DEFINITIONAL_REPRESENTATION('',(#10594),#10598);
#10594 = LINE('',#10595,#10596);
#10595 = CARTESIAN_POINT('',(0.,0.));
#10596 = VECTOR('',#10597,1.);
#10597 = DIRECTION('',(1.,0.));
#10598 = ( GEOMETRIC_REPRESENTATION_CONTEXT(2) 
PARAMETRIC_REPRESENTATION_CONTEXT() REPRESENTATION_CONTEXT('2D SPACE',''
  ) );
#10599 = PCURVE('',#9915,#10600);
#10600 = DEFINITIONAL_REPRESENTATION('',(#10601),#10605);
#10601 = LINE('',#10602,#10603);
#10602 = CARTESIAN_POINT('',(0.,-1.7E+03));
#10603 = VECTOR('',#10604,1.);
#10604 = DIRECTION('',(1.,0.));
#10605 = ( GEOMETRIC_REPRESENTATION_CONTEXT(2) 
PARAMETRIC_REPRESENTATION_CONTEXT() REPRESENTATION_CONTEXT('2D SPACE',''
  ) );
#10606 = ORIENTED_EDGE('',*,*,#10607,.T.);
#10607 = EDGE_CURVE('',#10585,#8740,#10608,.T.);
#10608 = SURFACE_CURVE('',#10609,(#10613,#10620),.PCURVE_S1.);
#10609 = LINE('',#10610,#10611);
#10610 = CARTESIAN_POINT('',(1.555E+03,850.,960.));
#10611 = VECTOR('',#10612,1.);
#10612 = DIRECTION('',(1.,0.,0.));
#10613 = PCURVE('',#8780,#10614);
#10614 = DEFINITIONAL_REPRESENTATION('',(#10615),#10619);
#10615 = LINE('',#10616,#10617);
#10616 = CARTESIAN_POINT('',(200.,0.));
#10617 = VECTOR('',#10618,1.);
#10618 = DIRECTION('',(0.,1.));
#10619 = ( GEOMETRIC_REPRESENTATION_CONTEXT(2) 
PARAMETRIC_REPRESENTATION_CONTEXT() REPRESENTATION_CONTEXT('2D SPACE',''
  ) );
#10620 = PCURVE('',#8754,#10621);
#10621 = DEFINITIONAL_REPRESENTATION('',(#10622),#10626);
#10622 = LINE('',#10623,#10624);
#10623 = CARTESIAN_POINT('',(0.,1.7E+03));
#10624 = VECTOR('',#10625,1.);
#10625 = DIRECTION('',(1.,0.));
#10626 = ( GEOMETRIC_REPRESENTATION_CONTEXT(2) 
PARAMETRIC_REPRESENTATION_CONTEXT() REPRESENTATION_CONTEXT('2D SPACE',''
  ) );
#10627 = ORIENTED_EDGE('',*,*,#8765,.F.);
#10628 = ORIENTED_EDGE('',*,*,#8954,.F.);
#10629 = ORIENTED_EDGE('',*,*,#8908,.T.);
#10630 = ORIENTED_EDGE('',*,*,#10631,.T.);
#10631 = EDGE_CURVE('',#8883,#10534,#10632,.T.);
#10632 = SURFACE_CURVE('',#10633,(#10637,#10644),.PCURVE_S1.);
#10633 = LINE('',#10634,#10635);
#10634 = CARTESIAN_POINT('',(1.555E+03,850.,960.));
#10635 = VECTOR('',#10636,1.);
#10636 = DIRECTION('',(1.,0.,0.));
#10637 = PCURVE('',#8780,#10638);
#10638 = DEFINITIONAL_REPRESENTATION('',(#10639),#10643);
#10639 = LINE('',#10640,#10641);
#10640 = CARTESIAN_POINT('',(200.,0.));
#10641 = VECTOR('',#10642,1.);
#10642 = DIRECTION('',(0.,1.));
#10643 = ( GEOMETRIC_REPRESENTATION_CONTEXT(2) 
PARAMETRIC_REPRESENTATION_CONTEXT() REPRESENTATION_CONTEXT('2D SPACE',''
  ) );
#10644 = PCURVE('',#8897,#10645);
#10645 = DEFINITIONAL_REPRESENTATION('',(#10646),#10650);
#10646 = LINE('',#10647,#10648);
#10647 = CARTESIAN_POINT('',(0.,1.7E+03));
#10648 = VECTOR('',#10649,1.);
#10649 = DIRECTION('',(1.,0.));
#10650 = ( GEOMETRIC_REPRESENTATION_CONTEXT(2) 
PARAMETRIC_REPRESENTATION_CONTEXT() REPRESENTATION_CONTEXT('2D SPACE',''
  ) );
#10651 = ADVANCED_FACE('',(#10652),#8754,.T.);
#10652 = FACE_BOUND('',#10653,.T.);
#10653 = EDGE_LOOP('',(#10654,#10655,#10678,#10699));
#10654 = ORIENTED_EDGE('',*,*,#10607,.F.);
#10655 = ORIENTED_EDGE('',*,*,#10656,.F.);
#10656 = EDGE_CURVE('',#10657,#10585,#10659,.T.);
#10657 = VERTEX_POINT('',#10658);
#10658 = CARTESIAN_POINT('',(1.555E+03,-850.,960.));
#10659 = SURFACE_CURVE('',#10660,(#10664,#10671),.PCURVE_S1.);
#10660 = LINE('',#10661,#10662);
#10661 = CARTESIAN_POINT('',(1.555E+03,-850.,960.));
#10662 = VECTOR('',#10663,1.);
#10663 = DIRECTION('',(0.,1.,0.));
#10664 = PCURVE('',#8754,#10665);
#10665 = DEFINITIONAL_REPRESENTATION('',(#10666),#10670);
#10666 = LINE('',#10667,#10668);
#10667 = CARTESIAN_POINT('',(0.,0.));
#10668 = VECTOR('',#10669,1.);
#10669 = DIRECTION('',(0.,1.));
#10670 = ( GEOMETRIC_REPRESENTATION_CONTEXT(2) 
PARAMETRIC_REPRESENTATION_CONTEXT() REPRESENTATION_CONTEXT('2D SPACE',''
  ) );
#10671 = PCURVE('',#9915,#10672);
#10672 = DEFINITIONAL_REPRESENTATION('',(#10673),#10677);
#10673 = LINE('',#10674,#10675);
#10674 = CARTESIAN_POINT('',(200.,0.));
#10675 = VECTOR('',#10676,1.);
#10676 = DIRECTION('',(0.,-1.));
#10677 = ( GEOMETRIC_REPRESENTATION_CONTEXT(2) 
PARAMETRIC_REPRESENTATION_CONTEXT() REPRESENTATION_CONTEXT('2D SPACE',''
  ) );
#10678 = ORIENTED_EDGE('',*,*,#10679,.T.);
#10679 = EDGE_CURVE('',#10657,#8714,#10680,.T.);
#10680 = SURFACE_CURVE('',#10681,(#10685,#10692),.PCURVE_S1.);
#10681 = LINE('',#10682,#10683);
#10682 = CARTESIAN_POINT('',(1.555E+03,-850.,960.));
#10683 = VECTOR('',#10684,1.);
#10684 = DIRECTION('',(1.,0.,0.));
#10685 = PCURVE('',#8754,#10686);
#10686 = DEFINITIONAL_REPRESENTATION('',(#10687),#10691);
#10687 = LINE('',#10688,#10689);
#10688 = CARTESIAN_POINT('',(0.,0.));
#10689 = VECTOR('',#10690,1.);
#10690 = DIRECTION('',(1.,0.));
#10691 = ( GEOMETRIC_REPRESENTATION_CONTEXT(2) 
PARAMETRIC_REPRESENTATION_CONTEXT() REPRESENTATION_CONTEXT('2D SPACE',''
  ) );
#10692 = PCURVE('',#8728,#10693);
#10693 = DEFINITIONAL_REPRESENTATION('',(#10694),#10698);
#10694 = LINE('',#10695,#10696);
#10695 = CARTESIAN_POINT('',(200.,0.));
#10696 = VECTOR('',#10697,1.);
#10697 = DIRECTION('',(0.,1.));
#10698 = ( GEOMETRIC_REPRESENTATION_CONTEXT(2) 
PARAMETRIC_REPRESENTATION_CONTEXT() REPRESENTATION_CONTEXT('2D SPACE',''
  ) );
#10699 = ORIENTED_EDGE('',*,*,#8739,.F.);
#10700 = ADVANCED_FACE('',(#10701),#8728,.F.);
#10701 = FACE_BOUND('',#10702,.F.);
#10702 = EDGE_LOOP('',(#10703,#10728,#10751,#10772,#10773,#10774,#10793,
    #10794));
#10703 = ORIENTED_EDGE('',*,*,#10704,.F.);
#10704 = EDGE_CURVE('',#10705,#10707,#10709,.T.);
#10705 = VERTEX_POINT('',#10706);
#10706 = CARTESIAN_POINT('',(1.645E+03,-850.,760.));
#10707 = VERTEX_POINT('',#10708);
#10708 = CARTESIAN_POINT('',(1.645E+03,-850.,960.));
#10709 = SURFACE_CURVE('',#10710,(#10714,#10721),.PCURVE_S1.);
#10710 = LINE('',#10711,#10712);
#10711 = CARTESIAN_POINT('',(1.645E+03,-850.,760.));
#10712 = VECTOR('',#10713,1.);
#10713 = DIRECTION('',(0.,0.,1.));
#10714 = PCURVE('',#8728,#10715);
#10715 = DEFINITIONAL_REPRESENTATION('',(#10716),#10720);
#10716 = LINE('',#10717,#10718);
#10717 = CARTESIAN_POINT('',(0.,90.));
#10718 = VECTOR('',#10719,1.);
#10719 = DIRECTION('',(1.,0.));
#10720 = ( GEOMETRIC_REPRESENTATION_CONTEXT(2) 
PARAMETRIC_REPRESENTATION_CONTEXT() REPRESENTATION_CONTEXT('2D SPACE',''
  ) );
#10721 = PCURVE('',#10549,#10722);
#10722 = DEFINITIONAL_REPRESENTATION('',(#10723),#10727);
#10723 = LINE('',#10724,#10725);
#10724 = CARTESIAN_POINT('',(0.,0.));
#10725 = VECTOR('',#10726,1.);
#10726 = DIRECTION('',(1.,0.));
#10727 = ( GEOMETRIC_REPRESENTATION_CONTEXT(2) 
PARAMETRIC_REPRESENTATION_CONTEXT() REPRESENTATION_CONTEXT('2D SPACE',''
  ) );
#10728 = ORIENTED_EDGE('',*,*,#10729,.F.);
#10729 = EDGE_CURVE('',#10730,#10705,#10732,.T.);
#10730 = VERTEX_POINT('',#10731);
#10731 = CARTESIAN_POINT('',(1.555E+03,-850.,760.));
#10732 = SURFACE_CURVE('',#10733,(#10737,#10744),.PCURVE_S1.);
#10733 = LINE('',#10734,#10735);
#10734 = CARTESIAN_POINT('',(1.555E+03,-850.,760.));
#10735 = VECTOR('',#10736,1.);
#10736 = DIRECTION('',(1.,0.,0.));
#10737 = PCURVE('',#8728,#10738);
#10738 = DEFINITIONAL_REPRESENTATION('',(#10739),#10743);
#10739 = LINE('',#10740,#10741);
#10740 = CARTESIAN_POINT('',(0.,0.));
#10741 = VECTOR('',#10742,1.);
#10742 = DIRECTION('',(0.,1.));
#10743 = ( GEOMETRIC_REPRESENTATION_CONTEXT(2) 
PARAMETRIC_REPRESENTATION_CONTEXT() REPRESENTATION_CONTEXT('2D SPACE',''
  ) );
#10744 = PCURVE('',#9612,#10745);
#10745 = DEFINITIONAL_REPRESENTATION('',(#10746),#10750);
#10746 = LINE('',#10747,#10748);
#10747 = CARTESIAN_POINT('',(3.2E+03,0.));
#10748 = VECTOR('',#10749,1.);
#10749 = DIRECTION('',(1.,0.));
#10750 = ( GEOMETRIC_REPRESENTATION_CONTEXT(2) 
PARAMETRIC_REPRESENTATION_CONTEXT() REPRESENTATION_CONTEXT('2D SPACE',''
  ) );
#10751 = ORIENTED_EDGE('',*,*,#10752,.T.);
#10752 = EDGE_CURVE('',#10730,#10657,#10753,.T.);
#10753 = SURFACE_CURVE('',#10754,(#10758,#10765),.PCURVE_S1.);
#10754 = LINE('',#10755,#10756);
#10755 = CARTESIAN_POINT('',(1.555E+03,-850.,760.));
#10756 = VECTOR('',#10757,1.);
#10757 = DIRECTION('',(0.,0.,1.));
#10758 = PCURVE('',#8728,#10759);
#10759 = DEFINITIONAL_REPRESENTATION('',(#10760),#10764);
#10760 = LINE('',#10761,#10762);
#10761 = CARTESIAN_POINT('',(0.,0.));
#10762 = VECTOR('',#10763,1.);
#10763 = DIRECTION('',(1.,0.));
#10764 = ( GEOMETRIC_REPRESENTATION_CONTEXT(2) 
PARAMETRIC_REPRESENTATION_CONTEXT() REPRESENTATION_CONTEXT('2D SPACE',''
  ) );
#10765 = PCURVE('',#9915,#10766);
#10766 = DEFINITIONAL_REPRESENTATION('',(#10767),#10771);
#10767 = LINE('',#10768,#10769);
#10768 = CARTESIAN_POINT('',(0.,0.));
#10769 = VECTOR('',#10770,1.);
#10770 = DIRECTION('',(1.,0.));
#10771 = ( GEOMETRIC_REPRESENTATION_CONTEXT(2) 
PARAMETRIC_REPRESENTATION_CONTEXT() REPRESENTATION_CONTEXT('2D SPACE',''
  ) );
#10772 = ORIENTED_EDGE('',*,*,#10679,.T.);
#10773 = ORIENTED_EDGE('',*,*,#8713,.F.);
#10774 = ORIENTED_EDGE('',*,*,#10775,.F.);
#10775 = EDGE_CURVE('',#8839,#8686,#10776,.T.);
#10776 = SURFACE_CURVE('',#10777,(#10781,#10787),.PCURVE_S1.);
#10777 = LINE('',#10778,#10779);
#10778 = CARTESIAN_POINT('',(1.5575E+03,-850.,870.));
#10779 = VECTOR('',#10780,1.);
#10780 = DIRECTION('',(-1.,0.,0.));
#10781 = PCURVE('',#8728,#10782);
#10782 = DEFINITIONAL_REPRESENTATION('',(#10783),#10786);
#10783 = B_SPLINE_CURVE_WITH_KNOTS('',1,(#10784,#10785),.UNSPECIFIED.,
  .F.,.F.,(2,2),(-82.5,-2.5),.PIECEWISE_BEZIER_KNOTS.);
#10784 = CARTESIAN_POINT('',(110.,85.));
#10785 = CARTESIAN_POINT('',(110.,5.));
#10786 = ( GEOMETRIC_REPRESENTATION_CONTEXT(2) 
PARAMETRIC_REPRESENTATION_CONTEXT() REPRESENTATION_CONTEXT('2D SPACE',''
  ) );
#10787 = PCURVE('',#8701,#10788);
#10788 = DEFINITIONAL_REPRESENTATION('',(#10789),#10792);
#10789 = B_SPLINE_CURVE_WITH_KNOTS('',1,(#10790,#10791),.UNSPECIFIED.,
  .F.,.F.,(2,2),(-82.5,-2.5),.PIECEWISE_BEZIER_KNOTS.);
#10790 = CARTESIAN_POINT('',(80.,410.));
#10791 = CARTESIAN_POINT('',(0.,410.));
#10792 = ( GEOMETRIC_REPRESENTATION_CONTEXT(2) 
PARAMETRIC_REPRESENTATION_CONTEXT() REPRESENTATION_CONTEXT('2D SPACE',''
  ) );
#10793 = ORIENTED_EDGE('',*,*,#8861,.T.);
#10794 = ORIENTED_EDGE('',*,*,#10795,.T.);
#10795 = EDGE_CURVE('',#8862,#10707,#10796,.T.);
#10796 = SURFACE_CURVE('',#10797,(#10801,#10808),.PCURVE_S1.);
#10797 = LINE('',#10798,#10799);
#10798 = CARTESIAN_POINT('',(1.555E+03,-850.,960.));
#10799 = VECTOR('',#10800,1.);
#10800 = DIRECTION('',(1.,0.,0.));
#10801 = PCURVE('',#8728,#10802);
#10802 = DEFINITIONAL_REPRESENTATION('',(#10803),#10807);
#10803 = LINE('',#10804,#10805);
#10804 = CARTESIAN_POINT('',(200.,0.));
#10805 = VECTOR('',#10806,1.);
#10806 = DIRECTION('',(0.,1.));
#10807 = ( GEOMETRIC_REPRESENTATION_CONTEXT(2) 
PARAMETRIC_REPRESENTATION_CONTEXT() REPRESENTATION_CONTEXT('2D SPACE',''
  ) );
#10808 = PCURVE('',#8897,#10809);
#10809 = DEFINITIONAL_REPRESENTATION('',(#10810),#10814);
#10810 = LINE('',#10811,#10812);
#10811 = CARTESIAN_POINT('',(0.,0.));
#10812 = VECTOR('',#10813,1.);
#10813 = DIRECTION('',(1.,0.));
#10814 = ( GEOMETRIC_REPRESENTATION_CONTEXT(2) 
PARAMETRIC_REPRESENTATION_CONTEXT() REPRESENTATION_CONTEXT('2D SPACE',''
  ) );
#10815 = ADVANCED_FACE('',(#10816),#8701,.F.);
#10816 = FACE_BOUND('',#10817,.F.);
#10817 = EDGE_LOOP('',(#10818,#10819,#10820,#10821));
#10818 = ORIENTED_EDGE('',*,*,#8685,.F.);
#10819 = ORIENTED_EDGE('',*,*,#9531,.T.);
#10820 = ORIENTED_EDGE('',*,*,#8838,.T.);
#10821 = ORIENTED_EDGE('',*,*,#10775,.T.);
#10822 = ADVANCED_FACE('',(#10823),#8897,.T.);
#10823 = FACE_BOUND('',#10824,.T.);
#10824 = EDGE_LOOP('',(#10825,#10826,#10827,#10828));
#10825 = ORIENTED_EDGE('',*,*,#10631,.F.);
#10826 = ORIENTED_EDGE('',*,*,#8882,.T.);
#10827 = ORIENTED_EDGE('',*,*,#10795,.T.);
#10828 = ORIENTED_EDGE('',*,*,#10829,.T.);
#10829 = EDGE_CURVE('',#10707,#10534,#10830,.T.);
#10830 = SURFACE_CURVE('',#10831,(#10835,#10842),.PCURVE_S1.);
#10831 = LINE('',#10832,#10833);
#10832 = CARTESIAN_POINT('',(1.645E+03,-850.,960.));
#10833 = VECTOR('',#10834,1.);
#10834 = DIRECTION('',(0.,1.,0.));
#10835 = PCURVE('',#8897,#10836);
#10836 = DEFINITIONAL_REPRESENTATION('',(#10837),#10841);
#10837 = LINE('',#10838,#10839);
#10838 = CARTESIAN_POINT('',(90.,0.));
#10839 = VECTOR('',#10840,1.);
#10840 = DIRECTION('',(0.,1.));
#10841 = ( GEOMETRIC_REPRESENTATION_CONTEXT(2) 
PARAMETRIC_REPRESENTATION_CONTEXT() REPRESENTATION_CONTEXT('2D SPACE',''
  ) );
#10842 = PCURVE('',#10549,#10843);
#10843 = DEFINITIONAL_REPRESENTATION('',(#10844),#10848);
#10844 = LINE('',#10845,#10846);
#10845 = CARTESIAN_POINT('',(200.,0.));
#10846 = VECTOR('',#10847,1.);
#10847 = DIRECTION('',(0.,-1.));
#10848 = ( GEOMETRIC_REPRESENTATION_CONTEXT(2) 
PARAMETRIC_REPRESENTATION_CONTEXT() REPRESENTATION_CONTEXT('2D SPACE',''
  ) );
#10849 = ADVANCED_FACE('',(#10850),#9373,.F.);
#10850 = FACE_BOUND('',#10851,.F.);
#10851 = EDGE_LOOP('',(#10852,#10875,#10903,#10924));
#10852 = ORIENTED_EDGE('',*,*,#10853,.F.);
#10853 = EDGE_CURVE('',#10854,#9356,#10856,.T.);
#10854 = VERTEX_POINT('',#10855);
#10855 = CARTESIAN_POINT('',(-5.5E+03,-1.3E+03,850.));
#10856 = SURFACE_CURVE('',#10857,(#10861,#10868),.PCURVE_S1.);
#10857 = LINE('',#10858,#10859);
#10858 = CARTESIAN_POINT('',(-5.5E+03,-1.3E+03,850.));
#10859 = VECTOR('',#10860,1.);
#10860 = DIRECTION('',(0.,1.,0.));
#10861 = PCURVE('',#9373,#10862);
#10862 = DEFINITIONAL_REPRESENTATION('',(#10863),#10867);
#10863 = LINE('',#10864,#10865);
#10864 = CARTESIAN_POINT('',(0.,0.));
#10865 = VECTOR('',#10866,1.);
#10866 = DIRECTION('',(0.,1.));
#10867 = ( GEOMETRIC_REPRESENTATION_CONTEXT(2) 
PARAMETRIC_REPRESENTATION_CONTEXT() REPRESENTATION_CONTEXT('2D SPACE',''
  ) );
#10868 = PCURVE('',#9401,#10869);
#10869 = DEFINITIONAL_REPRESENTATION('',(#10870),#10874);
#10870 = LINE('',#10871,#10872);
#10871 = CARTESIAN_POINT('',(0.,0.));
#10872 = VECTOR('',#10873,1.);
#10873 = DIRECTION('',(0.,-1.));
#10874 = ( GEOMETRIC_REPRESENTATION_CONTEXT(2) 
PARAMETRIC_REPRESENTATION_CONTEXT() REPRESENTATION_CONTEXT('2D SPACE',''
  ) );
#10875 = ORIENTED_EDGE('',*,*,#10876,.T.);
#10876 = EDGE_CURVE('',#10854,#10877,#10879,.T.);
#10877 = VERTEX_POINT('',#10878);
#10878 = CARTESIAN_POINT('',(5.5E+03,-1.3E+03,850.));
#10879 = SURFACE_CURVE('',#10880,(#10884,#10891),.PCURVE_S1.);
#10880 = LINE('',#10881,#10882);
#10881 = CARTESIAN_POINT('',(-5.5E+03,-1.3E+03,850.));
#10882 = VECTOR('',#10883,1.);
#10883 = DIRECTION('',(1.,0.,0.));
#10884 = PCURVE('',#9373,#10885);
#10885 = DEFINITIONAL_REPRESENTATION('',(#10886),#10890);
#10886 = LINE('',#10887,#10888);
#10887 = CARTESIAN_POINT('',(0.,0.));
#10888 = VECTOR('',#10889,1.);
#10889 = DIRECTION('',(1.,0.));
#10890 = ( GEOMETRIC_REPRESENTATION_CONTEXT(2) 
PARAMETRIC_REPRESENTATION_CONTEXT() REPRESENTATION_CONTEXT('2D SPACE',''
  ) );
#10891 = PCURVE('',#10892,#10897);
#10892 = PLANE('',#10893);
#10893 = AXIS2_PLACEMENT_3D('',#10894,#10895,#10896);
#10894 = CARTESIAN_POINT('',(-5.5E+03,-1.3E+03,850.));
#10895 = DIRECTION('',(0.,1.,0.));
#10896 = DIRECTION('',(0.,0.,1.));
#10897 = DEFINITIONAL_REPRESENTATION('',(#10898),#10902);
#10898 = LINE('',#10899,#10900);
#10899 = CARTESIAN_POINT('',(0.,0.));
#10900 = VECTOR('',#10901,1.);
#10901 = DIRECTION('',(0.,1.));
#10902 = ( GEOMETRIC_REPRESENTATION_CONTEXT(2) 
PARAMETRIC_REPRESENTATION_CONTEXT() REPRESENTATION_CONTEXT('2D SPACE',''
  ) );
#10903 = ORIENTED_EDGE('',*,*,#10904,.T.);
#10904 = EDGE_CURVE('',#10877,#9358,#10905,.T.);
#10905 = SURFACE_CURVE('',#10906,(#10910,#10917),.PCURVE_S1.);
#10906 = LINE('',#10907,#10908);
#10907 = CARTESIAN_POINT('',(5.5E+03,-1.3E+03,850.));
#10908 = VECTOR('',#10909,1.);
#10909 = DIRECTION('',(0.,1.,0.));
#10910 = PCURVE('',#9373,#10911);
#10911 = DEFINITIONAL_REPRESENTATION('',(#10912),#10916);
#10912 = LINE('',#10913,#10914);
#10913 = CARTESIAN_POINT('',(1.1E+04,0.));
#10914 = VECTOR('',#10915,1.);
#10915 = DIRECTION('',(0.,1.));
#10916 = ( GEOMETRIC_REPRESENTATION_CONTEXT(2) 
PARAMETRIC_REPRESENTATION_CONTEXT() REPRESENTATION_CONTEXT('2D SPACE',''
  ) );
#10917 = PCURVE('',#9455,#10918);
#10918 = DEFINITIONAL_REPRESENTATION('',(#10919),#10923);
#10919 = LINE('',#10920,#10921);
#10920 = CARTESIAN_POINT('',(0.,0.));
#10921 = VECTOR('',#10922,1.);
#10922 = DIRECTION('',(0.,-1.));
#10923 = ( GEOMETRIC_REPRESENTATION_CONTEXT(2) 
PARAMETRIC_REPRESENTATION_CONTEXT() REPRESENTATION_CONTEXT('2D SPACE',''
  ) );
#10924 = ORIENTED_EDGE('',*,*,#9355,.F.);
#10925 = ADVANCED_FACE('',(#10926),#9455,.T.);
#10926 = FACE_BOUND('',#10927,.T.);
#10927 = EDGE_LOOP('',(#10928,#10951,#10952,#10953));
#10928 = ORIENTED_EDGE('',*,*,#10929,.F.);
#10929 = EDGE_CURVE('',#10877,#10930,#10932,.T.);
#10930 = VERTEX_POINT('',#10931);
#10931 = CARTESIAN_POINT('',(5.5E+03,-1.3E+03,1.01E+03));
#10932 = SURFACE_CURVE('',#10933,(#10937,#10944),.PCURVE_S1.);
#10933 = LINE('',#10934,#10935);
#10934 = CARTESIAN_POINT('',(5.5E+03,-1.3E+03,850.));
#10935 = VECTOR('',#10936,1.);
#10936 = DIRECTION('',(0.,0.,1.));
#10937 = PCURVE('',#9455,#10938);
#10938 = DEFINITIONAL_REPRESENTATION('',(#10939),#10943);
#10939 = LINE('',#10940,#10941);
#10940 = CARTESIAN_POINT('',(0.,0.));
#10941 = VECTOR('',#10942,1.);
#10942 = DIRECTION('',(1.,0.));
#10943 = ( GEOMETRIC_REPRESENTATION_CONTEXT(2) 
PARAMETRIC_REPRESENTATION_CONTEXT() REPRESENTATION_CONTEXT('2D SPACE',''
  ) );
#10944 = PCURVE('',#10892,#10945);
#10945 = DEFINITIONAL_REPRESENTATION('',(#10946),#10950);
#10946 = LINE('',#10947,#10948);
#10947 = CARTESIAN_POINT('',(0.,1.1E+04));
#10948 = VECTOR('',#10949,1.);
#10949 = DIRECTION('',(1.,0.));
#10950 = ( GEOMETRIC_REPRESENTATION_CONTEXT(2) 
PARAMETRIC_REPRESENTATION_CONTEXT() REPRESENTATION_CONTEXT('2D SPACE',''
  ) );
#10951 = ORIENTED_EDGE('',*,*,#10904,.T.);
#10952 = ORIENTED_EDGE('',*,*,#9441,.T.);
#10953 = ORIENTED_EDGE('',*,*,#10954,.F.);
#10954 = EDGE_CURVE('',#10930,#9414,#10955,.T.);
#10955 = SURFACE_CURVE('',#10956,(#10960,#10967),.PCURVE_S1.);
#10956 = LINE('',#10957,#10958);
#10957 = CARTESIAN_POINT('',(5.5E+03,-1.3E+03,1.01E+03));
#10958 = VECTOR('',#10959,1.);
#10959 = DIRECTION('',(0.,1.,0.));
#10960 = PCURVE('',#9455,#10961);
#10961 = DEFINITIONAL_REPRESENTATION('',(#10962),#10966);
#10962 = LINE('',#10963,#10964);
#10963 = CARTESIAN_POINT('',(160.,0.));
#10964 = VECTOR('',#10965,1.);
#10965 = DIRECTION('',(0.,-1.));
#10966 = ( GEOMETRIC_REPRESENTATION_CONTEXT(2) 
PARAMETRIC_REPRESENTATION_CONTEXT() REPRESENTATION_CONTEXT('2D SPACE',''
  ) );
#10967 = PCURVE('',#9429,#10968);
#10968 = DEFINITIONAL_REPRESENTATION('',(#10969),#10973);
#10969 = LINE('',#10970,#10971);
#10970 = CARTESIAN_POINT('',(1.1E+04,0.));
#10971 = VECTOR('',#10972,1.);
#10972 = DIRECTION('',(0.,1.));
#10973 = ( GEOMETRIC_REPRESENTATION_CONTEXT(2) 
PARAMETRIC_REPRESENTATION_CONTEXT() REPRESENTATION_CONTEXT('2D SPACE',''
  ) );
#10974 = ADVANCED_FACE('',(#10975),#9401,.F.);
#10975 = FACE_BOUND('',#10976,.F.);
#10976 = EDGE_LOOP('',(#10977,#11000,#11001,#11002));
#10977 = ORIENTED_EDGE('',*,*,#10978,.F.);
#10978 = EDGE_CURVE('',#10854,#10979,#10981,.T.);
#10979 = VERTEX_POINT('',#10980);
#10980 = CARTESIAN_POINT('',(-5.5E+03,-1.3E+03,1.01E+03));
#10981 = SURFACE_CURVE('',#10982,(#10986,#10993),.PCURVE_S1.);
#10982 = LINE('',#10983,#10984);
#10983 = CARTESIAN_POINT('',(-5.5E+03,-1.3E+03,850.));
#10984 = VECTOR('',#10985,1.);
#10985 = DIRECTION('',(0.,0.,1.));
#10986 = PCURVE('',#9401,#10987);
#10987 = DEFINITIONAL_REPRESENTATION('',(#10988),#10992);
#10988 = LINE('',#10989,#10990);
#10989 = CARTESIAN_POINT('',(0.,0.));
#10990 = VECTOR('',#10991,1.);
#10991 = DIRECTION('',(1.,0.));
#10992 = ( GEOMETRIC_REPRESENTATION_CONTEXT(2) 
PARAMETRIC_REPRESENTATION_CONTEXT() REPRESENTATION_CONTEXT('2D SPACE',''
  ) );
#10993 = PCURVE('',#10892,#10994);
#10994 = DEFINITIONAL_REPRESENTATION('',(#10995),#10999);
#10995 = LINE('',#10996,#10997);
#10996 = CARTESIAN_POINT('',(0.,0.));
#10997 = VECTOR('',#10998,1.);
#10998 = DIRECTION('',(1.,0.));
#10999 = ( GEOMETRIC_REPRESENTATION_CONTEXT(2) 
PARAMETRIC_REPRESENTATION_CONTEXT() REPRESENTATION_CONTEXT('2D SPACE',''
  ) );
#11000 = ORIENTED_EDGE('',*,*,#10853,.T.);
#11001 = ORIENTED_EDGE('',*,*,#9385,.T.);
#11002 = ORIENTED_EDGE('',*,*,#11003,.F.);
#11003 = EDGE_CURVE('',#10979,#9386,#11004,.T.);
#11004 = SURFACE_CURVE('',#11005,(#11009,#11016),.PCURVE_S1.);
#11005 = LINE('',#11006,#11007);
#11006 = CARTESIAN_POINT('',(-5.5E+03,-1.3E+03,1.01E+03));
#11007 = VECTOR('',#11008,1.);
#11008 = DIRECTION('',(0.,1.,0.));
#11009 = PCURVE('',#9401,#11010);
#11010 = DEFINITIONAL_REPRESENTATION('',(#11011),#11015);
#11011 = LINE('',#11012,#11013);
#11012 = CARTESIAN_POINT('',(160.,0.));
#11013 = VECTOR('',#11014,1.);
#11014 = DIRECTION('',(0.,-1.));
#11015 = ( GEOMETRIC_REPRESENTATION_CONTEXT(2) 
PARAMETRIC_REPRESENTATION_CONTEXT() REPRESENTATION_CONTEXT('2D SPACE',''
  ) );
#11016 = PCURVE('',#9429,#11017);
#11017 = DEFINITIONAL_REPRESENTATION('',(#11018),#11022);
#11018 = LINE('',#11019,#11020);
#11019 = CARTESIAN_POINT('',(0.,0.));
#11020 = VECTOR('',#11021,1.);
#11021 = DIRECTION('',(0.,1.));
#11022 = ( GEOMETRIC_REPRESENTATION_CONTEXT(2) 
PARAMETRIC_REPRESENTATION_CONTEXT() REPRESENTATION_CONTEXT('2D SPACE',''
  ) );
#11023 = ADVANCED_FACE('',(#11024),#9429,.T.);
#11024 = FACE_BOUND('',#11025,.T.);
#11025 = EDGE_LOOP('',(#11026,#11027,#11048,#11049));
#11026 = ORIENTED_EDGE('',*,*,#11003,.F.);
#11027 = ORIENTED_EDGE('',*,*,#11028,.T.);
#11028 = EDGE_CURVE('',#10979,#10930,#11029,.T.);
#11029 = SURFACE_CURVE('',#11030,(#11034,#11041),.PCURVE_S1.);
#11030 = LINE('',#11031,#11032);
#11031 = CARTESIAN_POINT('',(-5.5E+03,-1.3E+03,1.01E+03));
#11032 = VECTOR('',#11033,1.);
#11033 = DIRECTION('',(1.,0.,0.));
#11034 = PCURVE('',#9429,#11035);
#11035 = DEFINITIONAL_REPRESENTATION('',(#11036),#11040);
#11036 = LINE('',#11037,#11038);
#11037 = CARTESIAN_POINT('',(0.,0.));
#11038 = VECTOR('',#11039,1.);
#11039 = DIRECTION('',(1.,0.));
#11040 = ( GEOMETRIC_REPRESENTATION_CONTEXT(2) 
PARAMETRIC_REPRESENTATION_CONTEXT() REPRESENTATION_CONTEXT('2D SPACE',''
  ) );
#11041 = PCURVE('',#10892,#11042);
#11042 = DEFINITIONAL_REPRESENTATION('',(#11043),#11047);
#11043 = LINE('',#11044,#11045);
#11044 = CARTESIAN_POINT('',(160.,0.));
#11045 = VECTOR('',#11046,1.);
#11046 = DIRECTION('',(0.,1.));
#11047 = ( GEOMETRIC_REPRESENTATION_CONTEXT(2) 
PARAMETRIC_REPRESENTATION_CONTEXT() REPRESENTATION_CONTEXT('2D SPACE',''
  ) );
#11048 = ORIENTED_EDGE('',*,*,#10954,.T.);
#11049 = ORIENTED_EDGE('',*,*,#9413,.F.);
#11050 = ADVANCED_FACE('',(#11051),#9584,.T.);
#11051 = FACE_BOUND('',#11052,.T.);
#11052 = EDGE_LOOP('',(#11053,#11054,#11055,#11076,#11077,#11078,#11079,
    #11100,#11101,#11102,#11103,#11124));
#11053 = ORIENTED_EDGE('',*,*,#9874,.F.);
#11054 = ORIENTED_EDGE('',*,*,#9749,.F.);
#11055 = ORIENTED_EDGE('',*,*,#11056,.T.);
#11056 = EDGE_CURVE('',#9750,#10387,#11057,.T.);
#11057 = SURFACE_CURVE('',#11058,(#11062,#11069),.PCURVE_S1.);
#11058 = LINE('',#11059,#11060);
#11059 = CARTESIAN_POINT('',(-1.555E+03,-850.,760.));
#11060 = VECTOR('',#11061,1.);
#11061 = DIRECTION('',(0.,1.,0.));
#11062 = PCURVE('',#9584,#11063);
#11063 = DEFINITIONAL_REPRESENTATION('',(#11064),#11068);
#11064 = LINE('',#11065,#11066);
#11065 = CARTESIAN_POINT('',(0.,0.));
#11066 = VECTOR('',#11067,1.);
#11067 = DIRECTION('',(0.,-1.));
#11068 = ( GEOMETRIC_REPRESENTATION_CONTEXT(2) 
PARAMETRIC_REPRESENTATION_CONTEXT() REPRESENTATION_CONTEXT('2D SPACE',''
  ) );
#11069 = PCURVE('',#9612,#11070);
#11070 = DEFINITIONAL_REPRESENTATION('',(#11071),#11075);
#11071 = LINE('',#11072,#11073);
#11072 = CARTESIAN_POINT('',(90.,0.));
#11073 = VECTOR('',#11074,1.);
#11074 = DIRECTION('',(0.,1.));
#11075 = ( GEOMETRIC_REPRESENTATION_CONTEXT(2) 
PARAMETRIC_REPRESENTATION_CONTEXT() REPRESENTATION_CONTEXT('2D SPACE',''
  ) );
#11076 = ORIENTED_EDGE('',*,*,#10409,.F.);
#11077 = ORIENTED_EDGE('',*,*,#10317,.T.);
#11078 = ORIENTED_EDGE('',*,*,#10247,.T.);
#11079 = ORIENTED_EDGE('',*,*,#11080,.T.);
#11080 = EDGE_CURVE('',#10225,#10089,#11081,.T.);
#11081 = SURFACE_CURVE('',#11082,(#11086,#11093),.PCURVE_S1.);
#11082 = LINE('',#11083,#11084);
#11083 = CARTESIAN_POINT('',(-1.555E+03,-850.,760.));
#11084 = VECTOR('',#11085,1.);
#11085 = DIRECTION('',(0.,1.,0.));
#11086 = PCURVE('',#9584,#11087);
#11087 = DEFINITIONAL_REPRESENTATION('',(#11088),#11092);
#11088 = LINE('',#11089,#11090);
#11089 = CARTESIAN_POINT('',(0.,0.));
#11090 = VECTOR('',#11091,1.);
#11091 = DIRECTION('',(0.,-1.));
#11092 = ( GEOMETRIC_REPRESENTATION_CONTEXT(2) 
PARAMETRIC_REPRESENTATION_CONTEXT() REPRESENTATION_CONTEXT('2D SPACE',''
  ) );
#11093 = PCURVE('',#9612,#11094);
#11094 = DEFINITIONAL_REPRESENTATION('',(#11095),#11099);
#11095 = LINE('',#11096,#11097);
#11096 = CARTESIAN_POINT('',(90.,0.));
#11097 = VECTOR('',#11098,1.);
#11098 = DIRECTION('',(0.,1.));
#11099 = ( GEOMETRIC_REPRESENTATION_CONTEXT(2) 
PARAMETRIC_REPRESENTATION_CONTEXT() REPRESENTATION_CONTEXT('2D SPACE',''
  ) );
#11100 = ORIENTED_EDGE('',*,*,#10111,.F.);
#11101 = ORIENTED_EDGE('',*,*,#10019,.T.);
#11102 = ORIENTED_EDGE('',*,*,#9949,.T.);
#11103 = ORIENTED_EDGE('',*,*,#11104,.T.);
#11104 = EDGE_CURVE('',#9927,#9567,#11105,.T.);
#11105 = SURFACE_CURVE('',#11106,(#11110,#11117),.PCURVE_S1.);
#11106 = LINE('',#11107,#11108);
#11107 = CARTESIAN_POINT('',(-1.555E+03,-850.,760.));
#11108 = VECTOR('',#11109,1.);
#11109 = DIRECTION('',(0.,1.,0.));
#11110 = PCURVE('',#9584,#11111);
#11111 = DEFINITIONAL_REPRESENTATION('',(#11112),#11116);
#11112 = LINE('',#11113,#11114);
#11113 = CARTESIAN_POINT('',(0.,0.));
#11114 = VECTOR('',#11115,1.);
#11115 = DIRECTION('',(0.,-1.));
#11116 = ( GEOMETRIC_REPRESENTATION_CONTEXT(2) 
PARAMETRIC_REPRESENTATION_CONTEXT() REPRESENTATION_CONTEXT('2D SPACE',''
  ) );
#11117 = PCURVE('',#9612,#11118);
#11118 = DEFINITIONAL_REPRESENTATION('',(#11119),#11123);
#11119 = LINE('',#11120,#11121);
#11120 = CARTESIAN_POINT('',(90.,0.));
#11121 = VECTOR('',#11122,1.);
#11122 = DIRECTION('',(0.,1.));
#11123 = ( GEOMETRIC_REPRESENTATION_CONTEXT(2) 
PARAMETRIC_REPRESENTATION_CONTEXT() REPRESENTATION_CONTEXT('2D SPACE',''
  ) );
#11124 = ORIENTED_EDGE('',*,*,#9566,.T.);
#11125 = ADVANCED_FACE('',(#11126),#9640,.F.);
#11126 = FACE_BOUND('',#11127,.F.);
#11127 = EDGE_LOOP('',(#11128,#11129,#11150,#11151));
#11128 = ORIENTED_EDGE('',*,*,#9797,.F.);
#11129 = ORIENTED_EDGE('',*,*,#11130,.T.);
#11130 = EDGE_CURVE('',#9775,#9597,#11131,.T.);
#11131 = SURFACE_CURVE('',#11132,(#11136,#11143),.PCURVE_S1.);
#11132 = LINE('',#11133,#11134);
#11133 = CARTESIAN_POINT('',(-1.645E+03,-850.,760.));
#11134 = VECTOR('',#11135,1.);
#11135 = DIRECTION('',(0.,1.,0.));
#11136 = PCURVE('',#9640,#11137);
#11137 = DEFINITIONAL_REPRESENTATION('',(#11138),#11142);
#11138 = LINE('',#11139,#11140);
#11139 = CARTESIAN_POINT('',(0.,0.));
#11140 = VECTOR('',#11141,1.);
#11141 = DIRECTION('',(0.,-1.));
#11142 = ( GEOMETRIC_REPRESENTATION_CONTEXT(2) 
PARAMETRIC_REPRESENTATION_CONTEXT() REPRESENTATION_CONTEXT('2D SPACE',''
  ) );
#11143 = PCURVE('',#9612,#11144);
#11144 = DEFINITIONAL_REPRESENTATION('',(#11145),#11149);
#11145 = LINE('',#11146,#11147);
#11146 = CARTESIAN_POINT('',(0.,0.));
#11147 = VECTOR('',#11148,1.);
#11148 = DIRECTION('',(0.,1.));
#11149 = ( GEOMETRIC_REPRESENTATION_CONTEXT(2) 
PARAMETRIC_REPRESENTATION_CONTEXT() REPRESENTATION_CONTEXT('2D SPACE',''
  ) );
#11150 = ORIENTED_EDGE('',*,*,#9624,.T.);
#11151 = ORIENTED_EDGE('',*,*,#9701,.F.);
#11152 = ADVANCED_FACE('',(#11153,#11227),#9612,.F.);
#11153 = FACE_BOUND('',#11154,.F.);
#11154 = EDGE_LOOP('',(#11155,#11156,#11157,#11158,#11159,#11160,#11161,
    #11182,#11183,#11204,#11205,#11226));
#11155 = ORIENTED_EDGE('',*,*,#11104,.T.);
#11156 = ORIENTED_EDGE('',*,*,#9596,.F.);
#11157 = ORIENTED_EDGE('',*,*,#11130,.F.);
#11158 = ORIENTED_EDGE('',*,*,#9774,.T.);
#11159 = ORIENTED_EDGE('',*,*,#11056,.T.);
#11160 = ORIENTED_EDGE('',*,*,#10386,.T.);
#11161 = ORIENTED_EDGE('',*,*,#11162,.F.);
#11162 = EDGE_CURVE('',#10730,#10366,#11163,.T.);
#11163 = SURFACE_CURVE('',#11164,(#11168,#11175),.PCURVE_S1.);
#11164 = LINE('',#11165,#11166);
#11165 = CARTESIAN_POINT('',(1.555E+03,-850.,760.));
#11166 = VECTOR('',#11167,1.);
#11167 = DIRECTION('',(0.,1.,0.));
#11168 = PCURVE('',#9612,#11169);
#11169 = DEFINITIONAL_REPRESENTATION('',(#11170),#11174);
#11170 = LINE('',#11171,#11172);
#11171 = CARTESIAN_POINT('',(3.2E+03,0.));
#11172 = VECTOR('',#11173,1.);
#11173 = DIRECTION('',(0.,1.));
#11174 = ( GEOMETRIC_REPRESENTATION_CONTEXT(2) 
PARAMETRIC_REPRESENTATION_CONTEXT() REPRESENTATION_CONTEXT('2D SPACE',''
  ) );
#11175 = PCURVE('',#9915,#11176);
#11176 = DEFINITIONAL_REPRESENTATION('',(#11177),#11181);
#11177 = LINE('',#11178,#11179);
#11178 = CARTESIAN_POINT('',(0.,0.));
#11179 = VECTOR('',#11180,1.);
#11180 = DIRECTION('',(0.,-1.));
#11181 = ( GEOMETRIC_REPRESENTATION_CONTEXT(2) 
PARAMETRIC_REPRESENTATION_CONTEXT() REPRESENTATION_CONTEXT('2D SPACE',''
  ) );
#11182 = ORIENTED_EDGE('',*,*,#10729,.T.);
#11183 = ORIENTED_EDGE('',*,*,#11184,.T.);
#11184 = EDGE_CURVE('',#10705,#10532,#11185,.T.);
#11185 = SURFACE_CURVE('',#11186,(#11190,#11197),.PCURVE_S1.);
#11186 = LINE('',#11187,#11188);
#11187 = CARTESIAN_POINT('',(1.645E+03,-850.,760.));
#11188 = VECTOR('',#11189,1.);
#11189 = DIRECTION('',(0.,1.,0.));
#11190 = PCURVE('',#9612,#11191);
#11191 = DEFINITIONAL_REPRESENTATION('',(#11192),#11196);
#11192 = LINE('',#11193,#11194);
#11193 = CARTESIAN_POINT('',(3.29E+03,0.));
#11194 = VECTOR('',#11195,1.);
#11195 = DIRECTION('',(0.,1.));
#11196 = ( GEOMETRIC_REPRESENTATION_CONTEXT(2) 
PARAMETRIC_REPRESENTATION_CONTEXT() REPRESENTATION_CONTEXT('2D SPACE',''
  ) );
#11197 = PCURVE('',#10549,#11198);
#11198 = DEFINITIONAL_REPRESENTATION('',(#11199),#11203);
#11199 = LINE('',#11200,#11201);
#11200 = CARTESIAN_POINT('',(0.,0.));
#11201 = VECTOR('',#11202,1.);
#11202 = DIRECTION('',(0.,-1.));
#11203 = ( GEOMETRIC_REPRESENTATION_CONTEXT(2) 
PARAMETRIC_REPRESENTATION_CONTEXT() REPRESENTATION_CONTEXT('2D SPACE',''
  ) );
#11204 = ORIENTED_EDGE('',*,*,#10561,.F.);
#11205 = ORIENTED_EDGE('',*,*,#11206,.F.);
#11206 = EDGE_CURVE('',#9901,#10562,#11207,.T.);
#11207 = SURFACE_CURVE('',#11208,(#11212,#11219),.PCURVE_S1.);
#11208 = LINE('',#11209,#11210);
#11209 = CARTESIAN_POINT('',(1.555E+03,-850.,760.));
#11210 = VECTOR('',#11211,1.);
#11211 = DIRECTION('',(0.,1.,0.));
#11212 = PCURVE('',#9612,#11213);
#11213 = DEFINITIONAL_REPRESENTATION('',(#11214),#11218);
#11214 = LINE('',#11215,#11216);
#11215 = CARTESIAN_POINT('',(3.2E+03,0.));
#11216 = VECTOR('',#11217,1.);
#11217 = DIRECTION('',(0.,1.));
#11218 = ( GEOMETRIC_REPRESENTATION_CONTEXT(2) 
PARAMETRIC_REPRESENTATION_CONTEXT() REPRESENTATION_CONTEXT('2D SPACE',''
  ) );
#11219 = PCURVE('',#9915,#11220);
#11220 = DEFINITIONAL_REPRESENTATION('',(#11221),#11225);
#11221 = LINE('',#11222,#11223);
#11222 = CARTESIAN_POINT('',(0.,0.));
#11223 = VECTOR('',#11224,1.);
#11224 = DIRECTION('',(0.,-1.));
#11225 = ( GEOMETRIC_REPRESENTATION_CONTEXT(2) 
PARAMETRIC_REPRESENTATION_CONTEXT() REPRESENTATION_CONTEXT('2D SPACE',''
  ) );
#11226 = ORIENTED_EDGE('',*,*,#9926,.F.);
#11227 = FACE_BOUND('',#11228,.F.);
#11228 = EDGE_LOOP('',(#11229,#11230,#11251,#11252));
#11229 = ORIENTED_EDGE('',*,*,#10088,.T.);
#11230 = ORIENTED_EDGE('',*,*,#11231,.F.);
#11231 = EDGE_CURVE('',#10204,#10068,#11232,.T.);
#11232 = SURFACE_CURVE('',#11233,(#11237,#11244),.PCURVE_S1.);
#11233 = LINE('',#11234,#11235);
#11234 = CARTESIAN_POINT('',(1.555E+03,-850.,760.));
#11235 = VECTOR('',#11236,1.);
#11236 = DIRECTION('',(0.,1.,0.));
#11237 = PCURVE('',#9612,#11238);
#11238 = DEFINITIONAL_REPRESENTATION('',(#11239),#11243);
#11239 = LINE('',#11240,#11241);
#11240 = CARTESIAN_POINT('',(3.2E+03,0.));
#11241 = VECTOR('',#11242,1.);
#11242 = DIRECTION('',(0.,1.));
#11243 = ( GEOMETRIC_REPRESENTATION_CONTEXT(2) 
PARAMETRIC_REPRESENTATION_CONTEXT() REPRESENTATION_CONTEXT('2D SPACE',''
  ) );
#11244 = PCURVE('',#9915,#11245);
#11245 = DEFINITIONAL_REPRESENTATION('',(#11246),#11250);
#11246 = LINE('',#11247,#11248);
#11247 = CARTESIAN_POINT('',(0.,0.));
#11248 = VECTOR('',#11249,1.);
#11249 = DIRECTION('',(0.,-1.));
#11250 = ( GEOMETRIC_REPRESENTATION_CONTEXT(2) 
PARAMETRIC_REPRESENTATION_CONTEXT() REPRESENTATION_CONTEXT('2D SPACE',''
  ) );
#11251 = ORIENTED_EDGE('',*,*,#10224,.F.);
#11252 = ORIENTED_EDGE('',*,*,#11080,.T.);
#11253 = ADVANCED_FACE('',(#11254),#9915,.F.);
#11254 = FACE_BOUND('',#11255,.F.);
#11255 = EDGE_LOOP('',(#11256,#11257,#11258,#11259,#11260,#11261,#11262,
    #11263,#11264,#11265,#11266,#11267));
#11256 = ORIENTED_EDGE('',*,*,#10656,.F.);
#11257 = ORIENTED_EDGE('',*,*,#10752,.F.);
#11258 = ORIENTED_EDGE('',*,*,#11162,.T.);
#11259 = ORIENTED_EDGE('',*,*,#10363,.F.);
#11260 = ORIENTED_EDGE('',*,*,#10509,.T.);
#11261 = ORIENTED_EDGE('',*,*,#10201,.T.);
#11262 = ORIENTED_EDGE('',*,*,#11231,.T.);
#11263 = ORIENTED_EDGE('',*,*,#10065,.F.);
#11264 = ORIENTED_EDGE('',*,*,#10484,.T.);
#11265 = ORIENTED_EDGE('',*,*,#9898,.T.);
#11266 = ORIENTED_EDGE('',*,*,#11206,.T.);
#11267 = ORIENTED_EDGE('',*,*,#10584,.T.);
#11268 = ADVANCED_FACE('',(#11269),#10549,.T.);
#11269 = FACE_BOUND('',#11270,.T.);
#11270 = EDGE_LOOP('',(#11271,#11272,#11273,#11274));
#11271 = ORIENTED_EDGE('',*,*,#10704,.F.);
#11272 = ORIENTED_EDGE('',*,*,#11184,.T.);
#11273 = ORIENTED_EDGE('',*,*,#10531,.T.);
#11274 = ORIENTED_EDGE('',*,*,#10829,.F.);
#11275 = ADVANCED_FACE('',(#11276),#10892,.F.);
#11276 = FACE_BOUND('',#11277,.F.);
#11277 = EDGE_LOOP('',(#11278,#11279,#11280,#11281));
#11278 = ORIENTED_EDGE('',*,*,#10876,.F.);
#11279 = ORIENTED_EDGE('',*,*,#10978,.T.);
#11280 = ORIENTED_EDGE('',*,*,#11028,.T.);
#11281 = ORIENTED_EDGE('',*,*,#10929,.F.);
#11282 = MANIFOLD_SOLID_BREP('',#11283);
#11283 = CLOSED_SHELL('',(#11284,#11404,#11480,#12441,#12490,#12517,
    #12524,#12600,#12649,#12698,#12725,#12801,#12850,#12899,#12926,
    #13002,#13051,#13100,#13127,#13203,#13252,#13301,#13328,#13404,
    #13453,#13502,#13529,#13605,#13654,#13703,#13730,#13806,#13855,
    #13904,#13931,#14007,#14056,#14105,#14132,#14139,#14146,#14153,
    #14160,#14167,#14174,#14181));
#11284 = ADVANCED_FACE('',(#11285),#11299,.F.);
#11285 = FACE_BOUND('',#11286,.F.);
#11286 = EDGE_LOOP('',(#11287,#11322,#11350,#11378));
#11287 = ORIENTED_EDGE('',*,*,#11288,.F.);
#11288 = EDGE_CURVE('',#11289,#11291,#11293,.T.);
#11289 = VERTEX_POINT('',#11290);
#11290 = CARTESIAN_POINT('',(-2.6E+03,-900.,280.));
#11291 = VERTEX_POINT('',#11292);
#11292 = CARTESIAN_POINT('',(-2.6E+03,-900.,500.));
#11293 = SURFACE_CURVE('',#11294,(#11298,#11310),.PCURVE_S1.);
#11294 = LINE('',#11295,#11296);
#11295 = CARTESIAN_POINT('',(-2.6E+03,-900.,280.));
#11296 = VECTOR('',#11297,1.);
#11297 = DIRECTION('',(0.,0.,1.));
#11298 = PCURVE('',#11299,#11304);
#11299 = PLANE('',#11300);
#11300 = AXIS2_PLACEMENT_3D('',#11301,#11302,#11303);
#11301 = CARTESIAN_POINT('',(-2.6E+03,-900.,280.));
#11302 = DIRECTION('',(1.,0.,0.));
#11303 = DIRECTION('',(0.,0.,1.));
#11304 = DEFINITIONAL_REPRESENTATION('',(#11305),#11309);
#11305 = LINE('',#11306,#11307);
#11306 = CARTESIAN_POINT('',(0.,0.));
#11307 = VECTOR('',#11308,1.);
#11308 = DIRECTION('',(1.,0.));
#11309 = ( GEOMETRIC_REPRESENTATION_CONTEXT(2) 
PARAMETRIC_REPRESENTATION_CONTEXT() REPRESENTATION_CONTEXT('2D SPACE',''
  ) );
#11310 = PCURVE('',#11311,#11316);
#11311 = PLANE('',#11312);
#11312 = AXIS2_PLACEMENT_3D('',#11313,#11314,#11315);
#11313 = CARTESIAN_POINT('',(-2.6E+03,-900.,280.));
#11314 = DIRECTION('',(0.,1.,0.));
#11315 = DIRECTION('',(0.,0.,1.));
#11316 = DEFINITIONAL_REPRESENTATION('',(#11317),#11321);
#11317 = LINE('',#11318,#11319);
#11318 = CARTESIAN_POINT('',(0.,0.));
#11319 = VECTOR('',#11320,1.);
#11320 = DIRECTION('',(1.,0.));
#11321 = ( GEOMETRIC_REPRESENTATION_CONTEXT(2) 
PARAMETRIC_REPRESENTATION_CONTEXT() REPRESENTATION_CONTEXT('2D SPACE',''
  ) );
#11322 = ORIENTED_EDGE('',*,*,#11323,.T.);
#11323 = EDGE_CURVE('',#11289,#11324,#11326,.T.);
#11324 = VERTEX_POINT('',#11325);
#11325 = CARTESIAN_POINT('',(-2.6E+03,900.,280.));
#11326 = SURFACE_CURVE('',#11327,(#11331,#11338),.PCURVE_S1.);
#11327 = LINE('',#11328,#11329);
#11328 = CARTESIAN_POINT('',(-2.6E+03,-900.,280.));
#11329 = VECTOR('',#11330,1.);
#11330 = DIRECTION('',(0.,1.,0.));
#11331 = PCURVE('',#11299,#11332);
#11332 = DEFINITIONAL_REPRESENTATION('',(#11333),#11337);
#11333 = LINE('',#11334,#11335);
#11334 = CARTESIAN_POINT('',(0.,0.));
#11335 = VECTOR('',#11336,1.);
#11336 = DIRECTION('',(0.,-1.));
#11337 = ( GEOMETRIC_REPRESENTATION_CONTEXT(2) 
PARAMETRIC_REPRESENTATION_CONTEXT() REPRESENTATION_CONTEXT('2D SPACE',''
  ) );
#11338 = PCURVE('',#11339,#11344);
#11339 = PLANE('',#11340);
#11340 = AXIS2_PLACEMENT_3D('',#11341,#11342,#11343);
#11341 = CARTESIAN_POINT('',(-2.6E+03,-900.,280.));
#11342 = DIRECTION('',(0.,0.,1.));
#11343 = DIRECTION('',(1.,0.,0.));
#11344 = DEFINITIONAL_REPRESENTATION('',(#11345),#11349);
#11345 = LINE('',#11346,#11347);
#11346 = CARTESIAN_POINT('',(0.,0.));
#11347 = VECTOR('',#11348,1.);
#11348 = DIRECTION('',(0.,1.));
#11349 = ( GEOMETRIC_REPRESENTATION_CONTEXT(2) 
PARAMETRIC_REPRESENTATION_CONTEXT() REPRESENTATION_CONTEXT('2D SPACE',''
  ) );
#11350 = ORIENTED_EDGE('',*,*,#11351,.T.);
#11351 = EDGE_CURVE('',#11324,#11352,#11354,.T.);
#11352 = VERTEX_POINT('',#11353);
#11353 = CARTESIAN_POINT('',(-2.6E+03,900.,500.));
#11354 = SURFACE_CURVE('',#11355,(#11359,#11366),.PCURVE_S1.);
#11355 = LINE('',#11356,#11357);
#11356 = CARTESIAN_POINT('',(-2.6E+03,900.,280.));
#11357 = VECTOR('',#11358,1.);
#11358 = DIRECTION('',(0.,0.,1.));
#11359 = PCURVE('',#11299,#11360);
#11360 = DEFINITIONAL_REPRESENTATION('',(#11361),#11365);
#11361 = LINE('',#11362,#11363);
#11362 = CARTESIAN_POINT('',(0.,-1.8E+03));
#11363 = VECTOR('',#11364,1.);
#11364 = DIRECTION('',(1.,0.));
#11365 = ( GEOMETRIC_REPRESENTATION_CONTEXT(2) 
PARAMETRIC_REPRESENTATION_CONTEXT() REPRESENTATION_CONTEXT('2D SPACE',''
  ) );
#11366 = PCURVE('',#11367,#11372);
#11367 = PLANE('',#11368);
#11368 = AXIS2_PLACEMENT_3D('',#11369,#11370,#11371);
#11369 = CARTESIAN_POINT('',(-2.6E+03,900.,280.));
#11370 = DIRECTION('',(0.,1.,0.));
#11371 = DIRECTION('',(0.,0.,1.));
#11372 = DEFINITIONAL_REPRESENTATION('',(#11373),#11377);
#11373 = LINE('',#11374,#11375);
#11374 = CARTESIAN_POINT('',(0.,0.));
#11375 = VECTOR('',#11376,1.);
#11376 = DIRECTION('',(1.,0.));
#11377 = ( GEOMETRIC_REPRESENTATION_CONTEXT(2) 
PARAMETRIC_REPRESENTATION_CONTEXT() REPRESENTATION_CONTEXT('2D SPACE',''
  ) );
#11378 = ORIENTED_EDGE('',*,*,#11379,.F.);
#11379 = EDGE_CURVE('',#11291,#11352,#11380,.T.);
#11380 = SURFACE_CURVE('',#11381,(#11385,#11392),.PCURVE_S1.);
#11381 = LINE('',#11382,#11383);
#11382 = CARTESIAN_POINT('',(-2.6E+03,-900.,500.));
#11383 = VECTOR('',#11384,1.);
#11384 = DIRECTION('',(0.,1.,0.));
#11385 = PCURVE('',#11299,#11386);
#11386 = DEFINITIONAL_REPRESENTATION('',(#11387),#11391);
#11387 = LINE('',#11388,#11389);
#11388 = CARTESIAN_POINT('',(220.,0.));
#11389 = VECTOR('',#11390,1.);
#11390 = DIRECTION('',(0.,-1.));
#11391 = ( GEOMETRIC_REPRESENTATION_CONTEXT(2) 
PARAMETRIC_REPRESENTATION_CONTEXT() REPRESENTATION_CONTEXT('2D SPACE',''
  ) );
#11392 = PCURVE('',#11393,#11398);
#11393 = PLANE('',#11394);
#11394 = AXIS2_PLACEMENT_3D('',#11395,#11396,#11397);
#11395 = CARTESIAN_POINT('',(-2.6E+03,-900.,500.));
#11396 = DIRECTION('',(0.,0.,1.));
#11397 = DIRECTION('',(1.,0.,0.));
#11398 = DEFINITIONAL_REPRESENTATION('',(#11399),#11403);
#11399 = LINE('',#11400,#11401);
#11400 = CARTESIAN_POINT('',(0.,0.));
#11401 = VECTOR('',#11402,1.);
#11402 = DIRECTION('',(0.,1.));
#11403 = ( GEOMETRIC_REPRESENTATION_CONTEXT(2) 
PARAMETRIC_REPRESENTATION_CONTEXT() REPRESENTATION_CONTEXT('2D SPACE',''
  ) );
#11404 = ADVANCED_FACE('',(#11405),#11311,.F.);
#11405 = FACE_BOUND('',#11406,.F.);
#11406 = EDGE_LOOP('',(#11407,#11430,#11431,#11454));
#11407 = ORIENTED_EDGE('',*,*,#11408,.F.);
#11408 = EDGE_CURVE('',#11289,#11409,#11411,.T.);
#11409 = VERTEX_POINT('',#11410);
#11410 = CARTESIAN_POINT('',(2.6E+03,-900.,280.));
#11411 = SURFACE_CURVE('',#11412,(#11416,#11423),.PCURVE_S1.);
#11412 = LINE('',#11413,#11414);
#11413 = CARTESIAN_POINT('',(-2.6E+03,-900.,280.));
#11414 = VECTOR('',#11415,1.);
#11415 = DIRECTION('',(1.,0.,0.));
#11416 = PCURVE('',#11311,#11417);
#11417 = DEFINITIONAL_REPRESENTATION('',(#11418),#11422);
#11418 = LINE('',#11419,#11420);
#11419 = CARTESIAN_POINT('',(0.,0.));
#11420 = VECTOR('',#11421,1.);
#11421 = DIRECTION('',(0.,1.));
#11422 = ( GEOMETRIC_REPRESENTATION_CONTEXT(2) 
PARAMETRIC_REPRESENTATION_CONTEXT() REPRESENTATION_CONTEXT('2D SPACE',''
  ) );
#11423 = PCURVE('',#11339,#11424);
#11424 = DEFINITIONAL_REPRESENTATION('',(#11425),#11429);
#11425 = LINE('',#11426,#11427);
#11426 = CARTESIAN_POINT('',(0.,0.));
#11427 = VECTOR('',#11428,1.);
#11428 = DIRECTION('',(1.,0.));
#11429 = ( GEOMETRIC_REPRESENTATION_CONTEXT(2) 
PARAMETRIC_REPRESENTATION_CONTEXT() REPRESENTATION_CONTEXT('2D SPACE',''
  ) );
#11430 = ORIENTED_EDGE('',*,*,#11288,.T.);
#11431 = ORIENTED_EDGE('',*,*,#11432,.T.);
#11432 = EDGE_CURVE('',#11291,#11433,#11435,.T.);
#11433 = VERTEX_POINT('',#11434);
#11434 = CARTESIAN_POINT('',(2.6E+03,-900.,500.));
#11435 = SURFACE_CURVE('',#11436,(#11440,#11447),.PCURVE_S1.);
#11436 = LINE('',#11437,#11438);
#11437 = CARTESIAN_POINT('',(-2.6E+03,-900.,500.));
#11438 = VECTOR('',#11439,1.);
#11439 = DIRECTION('',(1.,0.,0.));
#11440 = PCURVE('',#11311,#11441);
#11441 = DEFINITIONAL_REPRESENTATION('',(#11442),#11446);
#11442 = LINE('',#11443,#11444);
#11443 = CARTESIAN_POINT('',(220.,0.));
#11444 = VECTOR('',#11445,1.);
#11445 = DIRECTION('',(0.,1.));
#11446 = ( GEOMETRIC_REPRESENTATION_CONTEXT(2) 
PARAMETRIC_REPRESENTATION_CONTEXT() REPRESENTATION_CONTEXT('2D SPACE',''
  ) );
#11447 = PCURVE('',#11393,#11448);
#11448 = DEFINITIONAL_REPRESENTATION('',(#11449),#11453);
#11449 = LINE('',#11450,#11451);
#11450 = CARTESIAN_POINT('',(0.,0.));
#11451 = VECTOR('',#11452,1.);
#11452 = DIRECTION('',(1.,0.));
#11453 = ( GEOMETRIC_REPRESENTATION_CONTEXT(2) 
PARAMETRIC_REPRESENTATION_CONTEXT() REPRESENTATION_CONTEXT('2D SPACE',''
  ) );
#11454 = ORIENTED_EDGE('',*,*,#11455,.F.);
#11455 = EDGE_CURVE('',#11409,#11433,#11456,.T.);
#11456 = SURFACE_CURVE('',#11457,(#11461,#11468),.PCURVE_S1.);
#11457 = LINE('',#11458,#11459);
#11458 = CARTESIAN_POINT('',(2.6E+03,-900.,280.));
#11459 = VECTOR('',#11460,1.);
#11460 = DIRECTION('',(0.,0.,1.));
#11461 = PCURVE('',#11311,#11462);
#11462 = DEFINITIONAL_REPRESENTATION('',(#11463),#11467);
#11463 = LINE('',#11464,#11465);
#11464 = CARTESIAN_POINT('',(0.,5.2E+03));
#11465 = VECTOR('',#11466,1.);
#11466 = DIRECTION('',(1.,0.));
#11467 = ( GEOMETRIC_REPRESENTATION_CONTEXT(2) 
PARAMETRIC_REPRESENTATION_CONTEXT() REPRESENTATION_CONTEXT('2D SPACE',''
  ) );
#11468 = PCURVE('',#11469,#11474);
#11469 = PLANE('',#11470);
#11470 = AXIS2_PLACEMENT_3D('',#11471,#11472,#11473);
#11471 = CARTESIAN_POINT('',(2.6E+03,-900.,280.));
#11472 = DIRECTION('',(1.,0.,0.));
#11473 = DIRECTION('',(0.,0.,1.));
#11474 = DEFINITIONAL_REPRESENTATION('',(#11475),#11479);
#11475 = LINE('',#11476,#11477);
#11476 = CARTESIAN_POINT('',(0.,0.));
#11477 = VECTOR('',#11478,1.);
#11478 = DIRECTION('',(1.,0.));
#11479 = ( GEOMETRIC_REPRESENTATION_CONTEXT(2) 
PARAMETRIC_REPRESENTATION_CONTEXT() REPRESENTATION_CONTEXT('2D SPACE',''
  ) );
#11480 = ADVANCED_FACE('',(#11481,#11529,#11643,#11757,#11871,#11985,
    #12099,#12213,#12327),#11393,.T.);
#11481 = FACE_BOUND('',#11482,.T.);
#11482 = EDGE_LOOP('',(#11483,#11484,#11485,#11508));
#11483 = ORIENTED_EDGE('',*,*,#11379,.F.);
#11484 = ORIENTED_EDGE('',*,*,#11432,.T.);
#11485 = ORIENTED_EDGE('',*,*,#11486,.T.);
#11486 = EDGE_CURVE('',#11433,#11487,#11489,.T.);
#11487 = VERTEX_POINT('',#11488);
#11488 = CARTESIAN_POINT('',(2.6E+03,900.,500.));
#11489 = SURFACE_CURVE('',#11490,(#11494,#11501),.PCURVE_S1.);
#11490 = LINE('',#11491,#11492);
#11491 = CARTESIAN_POINT('',(2.6E+03,-900.,500.));
#11492 = VECTOR('',#11493,1.);
#11493 = DIRECTION('',(0.,1.,0.));
#11494 = PCURVE('',#11393,#11495);
#11495 = DEFINITIONAL_REPRESENTATION('',(#11496),#11500);
#11496 = LINE('',#11497,#11498);
#11497 = CARTESIAN_POINT('',(5.2E+03,0.));
#11498 = VECTOR('',#11499,1.);
#11499 = DIRECTION('',(0.,1.));
#11500 = ( GEOMETRIC_REPRESENTATION_CONTEXT(2) 
PARAMETRIC_REPRESENTATION_CONTEXT() REPRESENTATION_CONTEXT('2D SPACE',''
  ) );
#11501 = PCURVE('',#11469,#11502);
#11502 = DEFINITIONAL_REPRESENTATION('',(#11503),#11507);
#11503 = LINE('',#11504,#11505);
#11504 = CARTESIAN_POINT('',(220.,0.));
#11505 = VECTOR('',#11506,1.);
#11506 = DIRECTION('',(0.,-1.));
#11507 = ( GEOMETRIC_REPRESENTATION_CONTEXT(2) 
PARAMETRIC_REPRESENTATION_CONTEXT() REPRESENTATION_CONTEXT('2D SPACE',''
  ) );
#11508 = ORIENTED_EDGE('',*,*,#11509,.F.);
#11509 = EDGE_CURVE('',#11352,#11487,#11510,.T.);
#11510 = SURFACE_CURVE('',#11511,(#11515,#11522),.PCURVE_S1.);
#11511 = LINE('',#11512,#11513);
#11512 = CARTESIAN_POINT('',(-2.6E+03,900.,500.));
#11513 = VECTOR('',#11514,1.);
#11514 = DIRECTION('',(1.,0.,0.));
#11515 = PCURVE('',#11393,#11516);
#11516 = DEFINITIONAL_REPRESENTATION('',(#11517),#11521);
#11517 = LINE('',#11518,#11519);
#11518 = CARTESIAN_POINT('',(0.,1.8E+03));
#11519 = VECTOR('',#11520,1.);
#11520 = DIRECTION('',(1.,0.));
#11521 = ( GEOMETRIC_REPRESENTATION_CONTEXT(2) 
PARAMETRIC_REPRESENTATION_CONTEXT() REPRESENTATION_CONTEXT('2D SPACE',''
  ) );
#11522 = PCURVE('',#11367,#11523);
#11523 = DEFINITIONAL_REPRESENTATION('',(#11524),#11528);
#11524 = LINE('',#11525,#11526);
#11525 = CARTESIAN_POINT('',(220.,0.));
#11526 = VECTOR('',#11527,1.);
#11527 = DIRECTION('',(0.,1.));
#11528 = ( GEOMETRIC_REPRESENTATION_CONTEXT(2) 
PARAMETRIC_REPRESENTATION_CONTEXT() REPRESENTATION_CONTEXT('2D SPACE',''
  ) );
#11529 = FACE_BOUND('',#11530,.T.);
#11530 = EDGE_LOOP('',(#11531,#11561,#11589,#11617));
#11531 = ORIENTED_EDGE('',*,*,#11532,.T.);
#11532 = EDGE_CURVE('',#11533,#11535,#11537,.T.);
#11533 = VERTEX_POINT('',#11534);
#11534 = CARTESIAN_POINT('',(-2.17E+03,-790.,500.));
#11535 = VERTEX_POINT('',#11536);
#11536 = CARTESIAN_POINT('',(-2.17E+03,-650.,500.));
#11537 = SURFACE_CURVE('',#11538,(#11542,#11549),.PCURVE_S1.);
#11538 = LINE('',#11539,#11540);
#11539 = CARTESIAN_POINT('',(-2.17E+03,-790.,500.));
#11540 = VECTOR('',#11541,1.);
#11541 = DIRECTION('',(0.,1.,0.));
#11542 = PCURVE('',#11393,#11543);
#11543 = DEFINITIONAL_REPRESENTATION('',(#11544),#11548);
#11544 = LINE('',#11545,#11546);
#11545 = CARTESIAN_POINT('',(430.,110.));
#11546 = VECTOR('',#11547,1.);
#11547 = DIRECTION('',(0.,1.));
#11548 = ( GEOMETRIC_REPRESENTATION_CONTEXT(2) 
PARAMETRIC_REPRESENTATION_CONTEXT() REPRESENTATION_CONTEXT('2D SPACE',''
  ) );
#11549 = PCURVE('',#11550,#11555);
#11550 = PLANE('',#11551);
#11551 = AXIS2_PLACEMENT_3D('',#11552,#11553,#11554);
#11552 = CARTESIAN_POINT('',(-2.17E+03,-790.,500.));
#11553 = DIRECTION('',(1.,0.,0.));
#11554 = DIRECTION('',(0.,0.,1.));
#11555 = DEFINITIONAL_REPRESENTATION('',(#11556),#11560);
#11556 = LINE('',#11557,#11558);
#11557 = CARTESIAN_POINT('',(0.,0.));
#11558 = VECTOR('',#11559,1.);
#11559 = DIRECTION('',(0.,-1.));
#11560 = ( GEOMETRIC_REPRESENTATION_CONTEXT(2) 
PARAMETRIC_REPRESENTATION_CONTEXT() REPRESENTATION_CONTEXT('2D SPACE',''
  ) );
#11561 = ORIENTED_EDGE('',*,*,#11562,.T.);
#11562 = EDGE_CURVE('',#11535,#11563,#11565,.T.);
#11563 = VERTEX_POINT('',#11564);
#11564 = CARTESIAN_POINT('',(-2.03E+03,-650.,500.));
#11565 = SURFACE_CURVE('',#11566,(#11570,#11577),.PCURVE_S1.);
#11566 = LINE('',#11567,#11568);
#11567 = CARTESIAN_POINT('',(-2.17E+03,-650.,500.));
#11568 = VECTOR('',#11569,1.);
#11569 = DIRECTION('',(1.,0.,0.));
#11570 = PCURVE('',#11393,#11571);
#11571 = DEFINITIONAL_REPRESENTATION('',(#11572),#11576);
#11572 = LINE('',#11573,#11574);
#11573 = CARTESIAN_POINT('',(430.,250.));
#11574 = VECTOR('',#11575,1.);
#11575 = DIRECTION('',(1.,0.));
#11576 = ( GEOMETRIC_REPRESENTATION_CONTEXT(2) 
PARAMETRIC_REPRESENTATION_CONTEXT() REPRESENTATION_CONTEXT('2D SPACE',''
  ) );
#11577 = PCURVE('',#11578,#11583);
#11578 = PLANE('',#11579);
#11579 = AXIS2_PLACEMENT_3D('',#11580,#11581,#11582);
#11580 = CARTESIAN_POINT('',(-2.17E+03,-650.,500.));
#11581 = DIRECTION('',(0.,1.,0.));
#11582 = DIRECTION('',(0.,0.,1.));
#11583 = DEFINITIONAL_REPRESENTATION('',(#11584),#11588);
#11584 = LINE('',#11585,#11586);
#11585 = CARTESIAN_POINT('',(0.,0.));
#11586 = VECTOR('',#11587,1.);
#11587 = DIRECTION('',(0.,1.));
#11588 = ( GEOMETRIC_REPRESENTATION_CONTEXT(2) 
PARAMETRIC_REPRESENTATION_CONTEXT() REPRESENTATION_CONTEXT('2D SPACE',''
  ) );
#11589 = ORIENTED_EDGE('',*,*,#11590,.F.);
#11590 = EDGE_CURVE('',#11591,#11563,#11593,.T.);
#11591 = VERTEX_POINT('',#11592);
#11592 = CARTESIAN_POINT('',(-2.03E+03,-790.,500.));
#11593 = SURFACE_CURVE('',#11594,(#11598,#11605),.PCURVE_S1.);
#11594 = LINE('',#11595,#11596);
#11595 = CARTESIAN_POINT('',(-2.03E+03,-790.,500.));
#11596 = VECTOR('',#11597,1.);
#11597 = DIRECTION('',(0.,1.,0.));
#11598 = PCURVE('',#11393,#11599);
#11599 = DEFINITIONAL_REPRESENTATION('',(#11600),#11604);
#11600 = LINE('',#11601,#11602);
#11601 = CARTESIAN_POINT('',(570.,110.));
#11602 = VECTOR('',#11603,1.);
#11603 = DIRECTION('',(0.,1.));
#11604 = ( GEOMETRIC_REPRESENTATION_CONTEXT(2) 
PARAMETRIC_REPRESENTATION_CONTEXT() REPRESENTATION_CONTEXT('2D SPACE',''
  ) );
#11605 = PCURVE('',#11606,#11611);
#11606 = PLANE('',#11607);
#11607 = AXIS2_PLACEMENT_3D('',#11608,#11609,#11610);
#11608 = CARTESIAN_POINT('',(-2.03E+03,-790.,500.));
#11609 = DIRECTION('',(1.,0.,0.));
#11610 = DIRECTION('',(0.,0.,1.));
#11611 = DEFINITIONAL_REPRESENTATION('',(#11612),#11616);
#11612 = LINE('',#11613,#11614);
#11613 = CARTESIAN_POINT('',(0.,0.));
#11614 = VECTOR('',#11615,1.);
#11615 = DIRECTION('',(0.,-1.));
#11616 = ( GEOMETRIC_REPRESENTATION_CONTEXT(2) 
PARAMETRIC_REPRESENTATION_CONTEXT() REPRESENTATION_CONTEXT('2D SPACE',''
  ) );
#11617 = ORIENTED_EDGE('',*,*,#11618,.F.);
#11618 = EDGE_CURVE('',#11533,#11591,#11619,.T.);
#11619 = SURFACE_CURVE('',#11620,(#11624,#11631),.PCURVE_S1.);
#11620 = LINE('',#11621,#11622);
#11621 = CARTESIAN_POINT('',(-2.17E+03,-790.,500.));
#11622 = VECTOR('',#11623,1.);
#11623 = DIRECTION('',(1.,0.,0.));
#11624 = PCURVE('',#11393,#11625);
#11625 = DEFINITIONAL_REPRESENTATION('',(#11626),#11630);
#11626 = LINE('',#11627,#11628);
#11627 = CARTESIAN_POINT('',(430.,110.));
#11628 = VECTOR('',#11629,1.);
#11629 = DIRECTION('',(1.,0.));
#11630 = ( GEOMETRIC_REPRESENTATION_CONTEXT(2) 
PARAMETRIC_REPRESENTATION_CONTEXT() REPRESENTATION_CONTEXT('2D SPACE',''
  ) );
#11631 = PCURVE('',#11632,#11637);
#11632 = PLANE('',#11633);
#11633 = AXIS2_PLACEMENT_3D('',#11634,#11635,#11636);
#11634 = CARTESIAN_POINT('',(-2.17E+03,-790.,500.));
#11635 = DIRECTION('',(0.,1.,0.));
#11636 = DIRECTION('',(0.,0.,1.));
#11637 = DEFINITIONAL_REPRESENTATION('',(#11638),#11642);
#11638 = LINE('',#11639,#11640);
#11639 = CARTESIAN_POINT('',(0.,0.));
#11640 = VECTOR('',#11641,1.);
#11641 = DIRECTION('',(0.,1.));
#11642 = ( GEOMETRIC_REPRESENTATION_CONTEXT(2) 
PARAMETRIC_REPRESENTATION_CONTEXT() REPRESENTATION_CONTEXT('2D SPACE',''
  ) );
#11643 = FACE_BOUND('',#11644,.T.);
#11644 = EDGE_LOOP('',(#11645,#11675,#11703,#11731));
#11645 = ORIENTED_EDGE('',*,*,#11646,.T.);
#11646 = EDGE_CURVE('',#11647,#11649,#11651,.T.);
#11647 = VERTEX_POINT('',#11648);
#11648 = CARTESIAN_POINT('',(-770.,-790.,500.));
#11649 = VERTEX_POINT('',#11650);
#11650 = CARTESIAN_POINT('',(-770.,-650.,500.));
#11651 = SURFACE_CURVE('',#11652,(#11656,#11663),.PCURVE_S1.);
#11652 = LINE('',#11653,#11654);
#11653 = CARTESIAN_POINT('',(-770.,-790.,500.));
#11654 = VECTOR('',#11655,1.);
#11655 = DIRECTION('',(0.,1.,0.));
#11656 = PCURVE('',#11393,#11657);
#11657 = DEFINITIONAL_REPRESENTATION('',(#11658),#11662);
#11658 = LINE('',#11659,#11660);
#11659 = CARTESIAN_POINT('',(1.83E+03,110.));
#11660 = VECTOR('',#11661,1.);
#11661 = DIRECTION('',(0.,1.));
#11662 = ( GEOMETRIC_REPRESENTATION_CONTEXT(2) 
PARAMETRIC_REPRESENTATION_CONTEXT() REPRESENTATION_CONTEXT('2D SPACE',''
  ) );
#11663 = PCURVE('',#11664,#11669);
#11664 = PLANE('',#11665);
#11665 = AXIS2_PLACEMENT_3D('',#11666,#11667,#11668);
#11666 = CARTESIAN_POINT('',(-770.,-790.,500.));
#11667 = DIRECTION('',(1.,0.,0.));
#11668 = DIRECTION('',(0.,0.,1.));
#11669 = DEFINITIONAL_REPRESENTATION('',(#11670),#11674);
#11670 = LINE('',#11671,#11672);
#11671 = CARTESIAN_POINT('',(0.,0.));
#11672 = VECTOR('',#11673,1.);
#11673 = DIRECTION('',(0.,-1.));
#11674 = ( GEOMETRIC_REPRESENTATION_CONTEXT(2) 
PARAMETRIC_REPRESENTATION_CONTEXT() REPRESENTATION_CONTEXT('2D SPACE',''
  ) );
#11675 = ORIENTED_EDGE('',*,*,#11676,.T.);
#11676 = EDGE_CURVE('',#11649,#11677,#11679,.T.);
#11677 = VERTEX_POINT('',#11678);
#11678 = CARTESIAN_POINT('',(-630.,-650.,500.));
#11679 = SURFACE_CURVE('',#11680,(#11684,#11691),.PCURVE_S1.);
#11680 = LINE('',#11681,#11682);
#11681 = CARTESIAN_POINT('',(-770.,-650.,500.));
#11682 = VECTOR('',#11683,1.);
#11683 = DIRECTION('',(1.,0.,0.));
#11684 = PCURVE('',#11393,#11685);
#11685 = DEFINITIONAL_REPRESENTATION('',(#11686),#11690);
#11686 = LINE('',#11687,#11688);
#11687 = CARTESIAN_POINT('',(1.83E+03,250.));
#11688 = VECTOR('',#11689,1.);
#11689 = DIRECTION('',(1.,0.));
#11690 = ( GEOMETRIC_REPRESENTATION_CONTEXT(2) 
PARAMETRIC_REPRESENTATION_CONTEXT() REPRESENTATION_CONTEXT('2D SPACE',''
  ) );
#11691 = PCURVE('',#11692,#11697);
#11692 = PLANE('',#11693);
#11693 = AXIS2_PLACEMENT_3D('',#11694,#11695,#11696);
#11694 = CARTESIAN_POINT('',(-770.,-650.,500.));
#11695 = DIRECTION('',(0.,1.,0.));
#11696 = DIRECTION('',(0.,0.,1.));
#11697 = DEFINITIONAL_REPRESENTATION('',(#11698),#11702);
#11698 = LINE('',#11699,#11700);
#11699 = CARTESIAN_POINT('',(0.,0.));
#11700 = VECTOR('',#11701,1.);
#11701 = DIRECTION('',(0.,1.));
#11702 = ( GEOMETRIC_REPRESENTATION_CONTEXT(2) 
PARAMETRIC_REPRESENTATION_CONTEXT() REPRESENTATION_CONTEXT('2D SPACE',''
  ) );
#11703 = ORIENTED_EDGE('',*,*,#11704,.F.);
#11704 = EDGE_CURVE('',#11705,#11677,#11707,.T.);
#11705 = VERTEX_POINT('',#11706);
#11706 = CARTESIAN_POINT('',(-630.,-790.,500.));
#11707 = SURFACE_CURVE('',#11708,(#11712,#11719),.PCURVE_S1.);
#11708 = LINE('',#11709,#11710);
#11709 = CARTESIAN_POINT('',(-630.,-790.,500.));
#11710 = VECTOR('',#11711,1.);
#11711 = DIRECTION('',(0.,1.,0.));
#11712 = PCURVE('',#11393,#11713);
#11713 = DEFINITIONAL_REPRESENTATION('',(#11714),#11718);
#11714 = LINE('',#11715,#11716);
#11715 = CARTESIAN_POINT('',(1.97E+03,110.));
#11716 = VECTOR('',#11717,1.);
#11717 = DIRECTION('',(0.,1.));
#11718 = ( GEOMETRIC_REPRESENTATION_CONTEXT(2) 
PARAMETRIC_REPRESENTATION_CONTEXT() REPRESENTATION_CONTEXT('2D SPACE',''
  ) );
#11719 = PCURVE('',#11720,#11725);
#11720 = PLANE('',#11721);
#11721 = AXIS2_PLACEMENT_3D('',#11722,#11723,#11724);
#11722 = CARTESIAN_POINT('',(-630.,-790.,500.));
#11723 = DIRECTION('',(1.,0.,0.));
#11724 = DIRECTION('',(0.,0.,1.));
#11725 = DEFINITIONAL_REPRESENTATION('',(#11726),#11730);
#11726 = LINE('',#11727,#11728);
#11727 = CARTESIAN_POINT('',(0.,0.));
#11728 = VECTOR('',#11729,1.);
#11729 = DIRECTION('',(0.,-1.));
#11730 = ( GEOMETRIC_REPRESENTATION_CONTEXT(2) 
PARAMETRIC_REPRESENTATION_CONTEXT() REPRESENTATION_CONTEXT('2D SPACE',''
  ) );
#11731 = ORIENTED_EDGE('',*,*,#11732,.F.);
#11732 = EDGE_CURVE('',#11647,#11705,#11733,.T.);
#11733 = SURFACE_CURVE('',#11734,(#11738,#11745),.PCURVE_S1.);
#11734 = LINE('',#11735,#11736);
#11735 = CARTESIAN_POINT('',(-770.,-790.,500.));
#11736 = VECTOR('',#11737,1.);
#11737 = DIRECTION('',(1.,0.,0.));
#11738 = PCURVE('',#11393,#11739);
#11739 = DEFINITIONAL_REPRESENTATION('',(#11740),#11744);
#11740 = LINE('',#11741,#11742);
#11741 = CARTESIAN_POINT('',(1.83E+03,110.));
#11742 = VECTOR('',#11743,1.);
#11743 = DIRECTION('',(1.,0.));
#11744 = ( GEOMETRIC_REPRESENTATION_CONTEXT(2) 
PARAMETRIC_REPRESENTATION_CONTEXT() REPRESENTATION_CONTEXT('2D SPACE',''
  ) );
#11745 = PCURVE('',#11746,#11751);
#11746 = PLANE('',#11747);
#11747 = AXIS2_PLACEMENT_3D('',#11748,#11749,#11750);
#11748 = CARTESIAN_POINT('',(-770.,-790.,500.));
#11749 = DIRECTION('',(0.,1.,0.));
#11750 = DIRECTION('',(0.,0.,1.));
#11751 = DEFINITIONAL_REPRESENTATION('',(#11752),#11756);
#11752 = LINE('',#11753,#11754);
#11753 = CARTESIAN_POINT('',(0.,0.));
#11754 = VECTOR('',#11755,1.);
#11755 = DIRECTION('',(0.,1.));
#11756 = ( GEOMETRIC_REPRESENTATION_CONTEXT(2) 
PARAMETRIC_REPRESENTATION_CONTEXT() REPRESENTATION_CONTEXT('2D SPACE',''
  ) );
#11757 = FACE_BOUND('',#11758,.T.);
#11758 = EDGE_LOOP('',(#11759,#11789,#11817,#11845));
#11759 = ORIENTED_EDGE('',*,*,#11760,.T.);
#11760 = EDGE_CURVE('',#11761,#11763,#11765,.T.);
#11761 = VERTEX_POINT('',#11762);
#11762 = CARTESIAN_POINT('',(630.,-790.,500.));
#11763 = VERTEX_POINT('',#11764);
#11764 = CARTESIAN_POINT('',(630.,-650.,500.));
#11765 = SURFACE_CURVE('',#11766,(#11770,#11777),.PCURVE_S1.);
#11766 = LINE('',#11767,#11768);
#11767 = CARTESIAN_POINT('',(630.,-790.,500.));
#11768 = VECTOR('',#11769,1.);
#11769 = DIRECTION('',(0.,1.,0.));
#11770 = PCURVE('',#11393,#11771);
#11771 = DEFINITIONAL_REPRESENTATION('',(#11772),#11776);
#11772 = LINE('',#11773,#11774);
#11773 = CARTESIAN_POINT('',(3.23E+03,110.));
#11774 = VECTOR('',#11775,1.);
#11775 = DIRECTION('',(0.,1.));
#11776 = ( GEOMETRIC_REPRESENTATION_CONTEXT(2) 
PARAMETRIC_REPRESENTATION_CONTEXT() REPRESENTATION_CONTEXT('2D SPACE',''
  ) );
#11777 = PCURVE('',#11778,#11783);
#11778 = PLANE('',#11779);
#11779 = AXIS2_PLACEMENT_3D('',#11780,#11781,#11782);
#11780 = CARTESIAN_POINT('',(630.,-790.,500.));
#11781 = DIRECTION('',(1.,0.,0.));
#11782 = DIRECTION('',(0.,0.,1.));
#11783 = DEFINITIONAL_REPRESENTATION('',(#11784),#11788);
#11784 = LINE('',#11785,#11786);
#11785 = CARTESIAN_POINT('',(0.,0.));
#11786 = VECTOR('',#11787,1.);
#11787 = DIRECTION('',(0.,-1.));
#11788 = ( GEOMETRIC_REPRESENTATION_CONTEXT(2) 
PARAMETRIC_REPRESENTATION_CONTEXT() REPRESENTATION_CONTEXT('2D SPACE',''
  ) );
#11789 = ORIENTED_EDGE('',*,*,#11790,.T.);
#11790 = EDGE_CURVE('',#11763,#11791,#11793,.T.);
#11791 = VERTEX_POINT('',#11792);
#11792 = CARTESIAN_POINT('',(770.,-650.,500.));
#11793 = SURFACE_CURVE('',#11794,(#11798,#11805),.PCURVE_S1.);
#11794 = LINE('',#11795,#11796);
#11795 = CARTESIAN_POINT('',(630.,-650.,500.));
#11796 = VECTOR('',#11797,1.);
#11797 = DIRECTION('',(1.,0.,0.));
#11798 = PCURVE('',#11393,#11799);
#11799 = DEFINITIONAL_REPRESENTATION('',(#11800),#11804);
#11800 = LINE('',#11801,#11802);
#11801 = CARTESIAN_POINT('',(3.23E+03,250.));
#11802 = VECTOR('',#11803,1.);
#11803 = DIRECTION('',(1.,0.));
#11804 = ( GEOMETRIC_REPRESENTATION_CONTEXT(2) 
PARAMETRIC_REPRESENTATION_CONTEXT() REPRESENTATION_CONTEXT('2D SPACE',''
  ) );
#11805 = PCURVE('',#11806,#11811);
#11806 = PLANE('',#11807);
#11807 = AXIS2_PLACEMENT_3D('',#11808,#11809,#11810);
#11808 = CARTESIAN_POINT('',(630.,-650.,500.));
#11809 = DIRECTION('',(0.,1.,0.));
#11810 = DIRECTION('',(0.,0.,1.));
#11811 = DEFINITIONAL_REPRESENTATION('',(#11812),#11816);
#11812 = LINE('',#11813,#11814);
#11813 = CARTESIAN_POINT('',(0.,0.));
#11814 = VECTOR('',#11815,1.);
#11815 = DIRECTION('',(0.,1.));
#11816 = ( GEOMETRIC_REPRESENTATION_CONTEXT(2) 
PARAMETRIC_REPRESENTATION_CONTEXT() REPRESENTATION_CONTEXT('2D SPACE',''
  ) );
#11817 = ORIENTED_EDGE('',*,*,#11818,.F.);
#11818 = EDGE_CURVE('',#11819,#11791,#11821,.T.);
#11819 = VERTEX_POINT('',#11820);
#11820 = CARTESIAN_POINT('',(770.,-790.,500.));
#11821 = SURFACE_CURVE('',#11822,(#11826,#11833),.PCURVE_S1.);
#11822 = LINE('',#11823,#11824);
#11823 = CARTESIAN_POINT('',(770.,-790.,500.));
#11824 = VECTOR('',#11825,1.);
#11825 = DIRECTION('',(0.,1.,0.));
#11826 = PCURVE('',#11393,#11827);
#11827 = DEFINITIONAL_REPRESENTATION('',(#11828),#11832);
#11828 = LINE('',#11829,#11830);
#11829 = CARTESIAN_POINT('',(3.37E+03,110.));
#11830 = VECTOR('',#11831,1.);
#11831 = DIRECTION('',(0.,1.));
#11832 = ( GEOMETRIC_REPRESENTATION_CONTEXT(2) 
PARAMETRIC_REPRESENTATION_CONTEXT() REPRESENTATION_CONTEXT('2D SPACE',''
  ) );
#11833 = PCURVE('',#11834,#11839);
#11834 = PLANE('',#11835);
#11835 = AXIS2_PLACEMENT_3D('',#11836,#11837,#11838);
#11836 = CARTESIAN_POINT('',(770.,-790.,500.));
#11837 = DIRECTION('',(1.,0.,0.));
#11838 = DIRECTION('',(0.,0.,1.));
#11839 = DEFINITIONAL_REPRESENTATION('',(#11840),#11844);
#11840 = LINE('',#11841,#11842);
#11841 = CARTESIAN_POINT('',(0.,0.));
#11842 = VECTOR('',#11843,1.);
#11843 = DIRECTION('',(0.,-1.));
#11844 = ( GEOMETRIC_REPRESENTATION_CONTEXT(2) 
PARAMETRIC_REPRESENTATION_CONTEXT() REPRESENTATION_CONTEXT('2D SPACE',''
  ) );
#11845 = ORIENTED_EDGE('',*,*,#11846,.F.);
#11846 = EDGE_CURVE('',#11761,#11819,#11847,.T.);
#11847 = SURFACE_CURVE('',#11848,(#11852,#11859),.PCURVE_S1.);
#11848 = LINE('',#11849,#11850);
#11849 = CARTESIAN_POINT('',(630.,-790.,500.));
#11850 = VECTOR('',#11851,1.);
#11851 = DIRECTION('',(1.,0.,0.));
#11852 = PCURVE('',#11393,#11853);
#11853 = DEFINITIONAL_REPRESENTATION('',(#11854),#11858);
#11854 = LINE('',#11855,#11856);
#11855 = CARTESIAN_POINT('',(3.23E+03,110.));
#11856 = VECTOR('',#11857,1.);
#11857 = DIRECTION('',(1.,0.));
#11858 = ( GEOMETRIC_REPRESENTATION_CONTEXT(2) 
PARAMETRIC_REPRESENTATION_CONTEXT() REPRESENTATION_CONTEXT('2D SPACE',''
  ) );
#11859 = PCURVE('',#11860,#11865);
#11860 = PLANE('',#11861);
#11861 = AXIS2_PLACEMENT_3D('',#11862,#11863,#11864);
#11862 = CARTESIAN_POINT('',(630.,-790.,500.));
#11863 = DIRECTION('',(0.,1.,0.));
#11864 = DIRECTION('',(0.,0.,1.));
#11865 = DEFINITIONAL_REPRESENTATION('',(#11866),#11870);
#11866 = LINE('',#11867,#11868);
#11867 = CARTESIAN_POINT('',(0.,0.));
#11868 = VECTOR('',#11869,1.);
#11869 = DIRECTION('',(0.,1.));
#11870 = ( GEOMETRIC_REPRESENTATION_CONTEXT(2) 
PARAMETRIC_REPRESENTATION_CONTEXT() REPRESENTATION_CONTEXT('2D SPACE',''
  ) );
#11871 = FACE_BOUND('',#11872,.T.);
#11872 = EDGE_LOOP('',(#11873,#11903,#11931,#11959));
#11873 = ORIENTED_EDGE('',*,*,#11874,.T.);
#11874 = EDGE_CURVE('',#11875,#11877,#11879,.T.);
#11875 = VERTEX_POINT('',#11876);
#11876 = CARTESIAN_POINT('',(2.03E+03,-790.,500.));
#11877 = VERTEX_POINT('',#11878);
#11878 = CARTESIAN_POINT('',(2.03E+03,-650.,500.));
#11879 = SURFACE_CURVE('',#11880,(#11884,#11891),.PCURVE_S1.);
#11880 = LINE('',#11881,#11882);
#11881 = CARTESIAN_POINT('',(2.03E+03,-790.,500.));
#11882 = VECTOR('',#11883,1.);
#11883 = DIRECTION('',(0.,1.,0.));
#11884 = PCURVE('',#11393,#11885);
#11885 = DEFINITIONAL_REPRESENTATION('',(#11886),#11890);
#11886 = LINE('',#11887,#11888);
#11887 = CARTESIAN_POINT('',(4.63E+03,110.));
#11888 = VECTOR('',#11889,1.);
#11889 = DIRECTION('',(0.,1.));
#11890 = ( GEOMETRIC_REPRESENTATION_CONTEXT(2) 
PARAMETRIC_REPRESENTATION_CONTEXT() REPRESENTATION_CONTEXT('2D SPACE',''
  ) );
#11891 = PCURVE('',#11892,#11897);
#11892 = PLANE('',#11893);
#11893 = AXIS2_PLACEMENT_3D('',#11894,#11895,#11896);
#11894 = CARTESIAN_POINT('',(2.03E+03,-790.,500.));
#11895 = DIRECTION('',(1.,0.,0.));
#11896 = DIRECTION('',(0.,0.,1.));
#11897 = DEFINITIONAL_REPRESENTATION('',(#11898),#11902);
#11898 = LINE('',#11899,#11900);
#11899 = CARTESIAN_POINT('',(0.,0.));
#11900 = VECTOR('',#11901,1.);
#11901 = DIRECTION('',(0.,-1.));
#11902 = ( GEOMETRIC_REPRESENTATION_CONTEXT(2) 
PARAMETRIC_REPRESENTATION_CONTEXT() REPRESENTATION_CONTEXT('2D SPACE',''
  ) );
#11903 = ORIENTED_EDGE('',*,*,#11904,.T.);
#11904 = EDGE_CURVE('',#11877,#11905,#11907,.T.);
#11905 = VERTEX_POINT('',#11906);
#11906 = CARTESIAN_POINT('',(2.17E+03,-650.,500.));
#11907 = SURFACE_CURVE('',#11908,(#11912,#11919),.PCURVE_S1.);
#11908 = LINE('',#11909,#11910);
#11909 = CARTESIAN_POINT('',(2.03E+03,-650.,500.));
#11910 = VECTOR('',#11911,1.);
#11911 = DIRECTION('',(1.,0.,0.));
#11912 = PCURVE('',#11393,#11913);
#11913 = DEFINITIONAL_REPRESENTATION('',(#11914),#11918);
#11914 = LINE('',#11915,#11916);
#11915 = CARTESIAN_POINT('',(4.63E+03,250.));
#11916 = VECTOR('',#11917,1.);
#11917 = DIRECTION('',(1.,0.));
#11918 = ( GEOMETRIC_REPRESENTATION_CONTEXT(2) 
PARAMETRIC_REPRESENTATION_CONTEXT() REPRESENTATION_CONTEXT('2D SPACE',''
  ) );
#11919 = PCURVE('',#11920,#11925);
#11920 = PLANE('',#11921);
#11921 = AXIS2_PLACEMENT_3D('',#11922,#11923,#11924);
#11922 = CARTESIAN_POINT('',(2.03E+03,-650.,500.));
#11923 = DIRECTION('',(0.,1.,0.));
#11924 = DIRECTION('',(0.,0.,1.));
#11925 = DEFINITIONAL_REPRESENTATION('',(#11926),#11930);
#11926 = LINE('',#11927,#11928);
#11927 = CARTESIAN_POINT('',(0.,0.));
#11928 = VECTOR('',#11929,1.);
#11929 = DIRECTION('',(0.,1.));
#11930 = ( GEOMETRIC_REPRESENTATION_CONTEXT(2) 
PARAMETRIC_REPRESENTATION_CONTEXT() REPRESENTATION_CONTEXT('2D SPACE',''
  ) );
#11931 = ORIENTED_EDGE('',*,*,#11932,.F.);
#11932 = EDGE_CURVE('',#11933,#11905,#11935,.T.);
#11933 = VERTEX_POINT('',#11934);
#11934 = CARTESIAN_POINT('',(2.17E+03,-790.,500.));
#11935 = SURFACE_CURVE('',#11936,(#11940,#11947),.PCURVE_S1.);
#11936 = LINE('',#11937,#11938);
#11937 = CARTESIAN_POINT('',(2.17E+03,-790.,500.));
#11938 = VECTOR('',#11939,1.);
#11939 = DIRECTION('',(0.,1.,0.));
#11940 = PCURVE('',#11393,#11941);
#11941 = DEFINITIONAL_REPRESENTATION('',(#11942),#11946);
#11942 = LINE('',#11943,#11944);
#11943 = CARTESIAN_POINT('',(4.77E+03,110.));
#11944 = VECTOR('',#11945,1.);
#11945 = DIRECTION('',(0.,1.));
#11946 = ( GEOMETRIC_REPRESENTATION_CONTEXT(2) 
PARAMETRIC_REPRESENTATION_CONTEXT() REPRESENTATION_CONTEXT('2D SPACE',''
  ) );
#11947 = PCURVE('',#11948,#11953);
#11948 = PLANE('',#11949);
#11949 = AXIS2_PLACEMENT_3D('',#11950,#11951,#11952);
#11950 = CARTESIAN_POINT('',(2.17E+03,-790.,500.));
#11951 = DIRECTION('',(1.,0.,0.));
#11952 = DIRECTION('',(0.,0.,1.));
#11953 = DEFINITIONAL_REPRESENTATION('',(#11954),#11958);
#11954 = LINE('',#11955,#11956);
#11955 = CARTESIAN_POINT('',(0.,0.));
#11956 = VECTOR('',#11957,1.);
#11957 = DIRECTION('',(0.,-1.));
#11958 = ( GEOMETRIC_REPRESENTATION_CONTEXT(2) 
PARAMETRIC_REPRESENTATION_CONTEXT() REPRESENTATION_CONTEXT('2D SPACE',''
  ) );
#11959 = ORIENTED_EDGE('',*,*,#11960,.F.);
#11960 = EDGE_CURVE('',#11875,#11933,#11961,.T.);
#11961 = SURFACE_CURVE('',#11962,(#11966,#11973),.PCURVE_S1.);
#11962 = LINE('',#11963,#11964);
#11963 = CARTESIAN_POINT('',(2.03E+03,-790.,500.));
#11964 = VECTOR('',#11965,1.);
#11965 = DIRECTION('',(1.,0.,0.));
#11966 = PCURVE('',#11393,#11967);
#11967 = DEFINITIONAL_REPRESENTATION('',(#11968),#11972);
#11968 = LINE('',#11969,#11970);
#11969 = CARTESIAN_POINT('',(4.63E+03,110.));
#11970 = VECTOR('',#11971,1.);
#11971 = DIRECTION('',(1.,0.));
#11972 = ( GEOMETRIC_REPRESENTATION_CONTEXT(2) 
PARAMETRIC_REPRESENTATION_CONTEXT() REPRESENTATION_CONTEXT('2D SPACE',''
  ) );
#11973 = PCURVE('',#11974,#11979);
#11974 = PLANE('',#11975);
#11975 = AXIS2_PLACEMENT_3D('',#11976,#11977,#11978);
#11976 = CARTESIAN_POINT('',(2.03E+03,-790.,500.));
#11977 = DIRECTION('',(0.,1.,0.));
#11978 = DIRECTION('',(0.,0.,1.));
#11979 = DEFINITIONAL_REPRESENTATION('',(#11980),#11984);
#11980 = LINE('',#11981,#11982);
#11981 = CARTESIAN_POINT('',(0.,0.));
#11982 = VECTOR('',#11983,1.);
#11983 = DIRECTION('',(0.,1.));
#11984 = ( GEOMETRIC_REPRESENTATION_CONTEXT(2) 
PARAMETRIC_REPRESENTATION_CONTEXT() REPRESENTATION_CONTEXT('2D SPACE',''
  ) );
#11985 = FACE_BOUND('',#11986,.T.);
#11986 = EDGE_LOOP('',(#11987,#12017,#12045,#12073));
#11987 = ORIENTED_EDGE('',*,*,#11988,.T.);
#11988 = EDGE_CURVE('',#11989,#11991,#11993,.T.);
#11989 = VERTEX_POINT('',#11990);
#11990 = CARTESIAN_POINT('',(-2.17E+03,650.,500.));
#11991 = VERTEX_POINT('',#11992);
#11992 = CARTESIAN_POINT('',(-2.17E+03,790.,500.));
#11993 = SURFACE_CURVE('',#11994,(#11998,#12005),.PCURVE_S1.);
#11994 = LINE('',#11995,#11996);
#11995 = CARTESIAN_POINT('',(-2.17E+03,650.,500.));
#11996 = VECTOR('',#11997,1.);
#11997 = DIRECTION('',(0.,1.,0.));
#11998 = PCURVE('',#11393,#11999);
#11999 = DEFINITIONAL_REPRESENTATION('',(#12000),#12004);
#12000 = LINE('',#12001,#12002);
#12001 = CARTESIAN_POINT('',(430.,1.55E+03));
#12002 = VECTOR('',#12003,1.);
#12003 = DIRECTION('',(0.,1.));
#12004 = ( GEOMETRIC_REPRESENTATION_CONTEXT(2) 
PARAMETRIC_REPRESENTATION_CONTEXT() REPRESENTATION_CONTEXT('2D SPACE',''
  ) );
#12005 = PCURVE('',#12006,#12011);
#12006 = PLANE('',#12007);
#12007 = AXIS2_PLACEMENT_3D('',#12008,#12009,#12010);
#12008 = CARTESIAN_POINT('',(-2.17E+03,650.,500.));
#12009 = DIRECTION('',(1.,0.,0.));
#12010 = DIRECTION('',(0.,0.,1.));
#12011 = DEFINITIONAL_REPRESENTATION('',(#12012),#12016);
#12012 = LINE('',#12013,#12014);
#12013 = CARTESIAN_POINT('',(0.,0.));
#12014 = VECTOR('',#12015,1.);
#12015 = DIRECTION('',(0.,-1.));
#12016 = ( GEOMETRIC_REPRESENTATION_CONTEXT(2) 
PARAMETRIC_REPRESENTATION_CONTEXT() REPRESENTATION_CONTEXT('2D SPACE',''
  ) );
#12017 = ORIENTED_EDGE('',*,*,#12018,.T.);
#12018 = EDGE_CURVE('',#11991,#12019,#12021,.T.);
#12019 = VERTEX_POINT('',#12020);
#12020 = CARTESIAN_POINT('',(-2.03E+03,790.,500.));
#12021 = SURFACE_CURVE('',#12022,(#12026,#12033),.PCURVE_S1.);
#12022 = LINE('',#12023,#12024);
#12023 = CARTESIAN_POINT('',(-2.17E+03,790.,500.));
#12024 = VECTOR('',#12025,1.);
#12025 = DIRECTION('',(1.,0.,0.));
#12026 = PCURVE('',#11393,#12027);
#12027 = DEFINITIONAL_REPRESENTATION('',(#12028),#12032);
#12028 = LINE('',#12029,#12030);
#12029 = CARTESIAN_POINT('',(430.,1.69E+03));
#12030 = VECTOR('',#12031,1.);
#12031 = DIRECTION('',(1.,0.));
#12032 = ( GEOMETRIC_REPRESENTATION_CONTEXT(2) 
PARAMETRIC_REPRESENTATION_CONTEXT() REPRESENTATION_CONTEXT('2D SPACE',''
  ) );
#12033 = PCURVE('',#12034,#12039);
#12034 = PLANE('',#12035);
#12035 = AXIS2_PLACEMENT_3D('',#12036,#12037,#12038);
#12036 = CARTESIAN_POINT('',(-2.17E+03,790.,500.));
#12037 = DIRECTION('',(0.,1.,0.));
#12038 = DIRECTION('',(0.,0.,1.));
#12039 = DEFINITIONAL_REPRESENTATION('',(#12040),#12044);
#12040 = LINE('',#12041,#12042);
#12041 = CARTESIAN_POINT('',(0.,0.));
#12042 = VECTOR('',#12043,1.);
#12043 = DIRECTION('',(0.,1.));
#12044 = ( GEOMETRIC_REPRESENTATION_CONTEXT(2) 
PARAMETRIC_REPRESENTATION_CONTEXT() REPRESENTATION_CONTEXT('2D SPACE',''
  ) );
#12045 = ORIENTED_EDGE('',*,*,#12046,.F.);
#12046 = EDGE_CURVE('',#12047,#12019,#12049,.T.);
#12047 = VERTEX_POINT('',#12048);
#12048 = CARTESIAN_POINT('',(-2.03E+03,650.,500.));
#12049 = SURFACE_CURVE('',#12050,(#12054,#12061),.PCURVE_S1.);
#12050 = LINE('',#12051,#12052);
#12051 = CARTESIAN_POINT('',(-2.03E+03,650.,500.));
#12052 = VECTOR('',#12053,1.);
#12053 = DIRECTION('',(0.,1.,0.));
#12054 = PCURVE('',#11393,#12055);
#12055 = DEFINITIONAL_REPRESENTATION('',(#12056),#12060);
#12056 = LINE('',#12057,#12058);
#12057 = CARTESIAN_POINT('',(570.,1.55E+03));
#12058 = VECTOR('',#12059,1.);
#12059 = DIRECTION('',(0.,1.));
#12060 = ( GEOMETRIC_REPRESENTATION_CONTEXT(2) 
PARAMETRIC_REPRESENTATION_CONTEXT() REPRESENTATION_CONTEXT('2D SPACE',''
  ) );
#12061 = PCURVE('',#12062,#12067);
#12062 = PLANE('',#12063);
#12063 = AXIS2_PLACEMENT_3D('',#12064,#12065,#12066);
#12064 = CARTESIAN_POINT('',(-2.03E+03,650.,500.));
#12065 = DIRECTION('',(1.,0.,0.));
#12066 = DIRECTION('',(0.,0.,1.));
#12067 = DEFINITIONAL_REPRESENTATION('',(#12068),#12072);
#12068 = LINE('',#12069,#12070);
#12069 = CARTESIAN_POINT('',(0.,0.));
#12070 = VECTOR('',#12071,1.);
#12071 = DIRECTION('',(0.,-1.));
#12072 = ( GEOMETRIC_REPRESENTATION_CONTEXT(2) 
PARAMETRIC_REPRESENTATION_CONTEXT() REPRESENTATION_CONTEXT('2D SPACE',''
  ) );
#12073 = ORIENTED_EDGE('',*,*,#12074,.F.);
#12074 = EDGE_CURVE('',#11989,#12047,#12075,.T.);
#12075 = SURFACE_CURVE('',#12076,(#12080,#12087),.PCURVE_S1.);
#12076 = LINE('',#12077,#12078);
#12077 = CARTESIAN_POINT('',(-2.17E+03,650.,500.));
#12078 = VECTOR('',#12079,1.);
#12079 = DIRECTION('',(1.,0.,0.));
#12080 = PCURVE('',#11393,#12081);
#12081 = DEFINITIONAL_REPRESENTATION('',(#12082),#12086);
#12082 = LINE('',#12083,#12084);
#12083 = CARTESIAN_POINT('',(430.,1.55E+03));
#12084 = VECTOR('',#12085,1.);
#12085 = DIRECTION('',(1.,0.));
#12086 = ( GEOMETRIC_REPRESENTATION_CONTEXT(2) 
PARAMETRIC_REPRESENTATION_CONTEXT() REPRESENTATION_CONTEXT('2D SPACE',''
  ) );
#12087 = PCURVE('',#12088,#12093);
#12088 = PLANE('',#12089);
#12089 = AXIS2_PLACEMENT_3D('',#12090,#12091,#12092);
#12090 = CARTESIAN_POINT('',(-2.17E+03,650.,500.));
#12091 = DIRECTION('',(0.,1.,0.));
#12092 = DIRECTION('',(0.,0.,1.));
#12093 = DEFINITIONAL_REPRESENTATION('',(#12094),#12098);
#12094 = LINE('',#12095,#12096);
#12095 = CARTESIAN_POINT('',(0.,0.));
#12096 = VECTOR('',#12097,1.);
#12097 = DIRECTION('',(0.,1.));
#12098 = ( GEOMETRIC_REPRESENTATION_CONTEXT(2) 
PARAMETRIC_REPRESENTATION_CONTEXT() REPRESENTATION_CONTEXT('2D SPACE',''
  ) );
#12099 = FACE_BOUND('',#12100,.T.);
#12100 = EDGE_LOOP('',(#12101,#12131,#12159,#12187));
#12101 = ORIENTED_EDGE('',*,*,#12102,.T.);
#12102 = EDGE_CURVE('',#12103,#12105,#12107,.T.);
#12103 = VERTEX_POINT('',#12104);
#12104 = CARTESIAN_POINT('',(-770.,650.,500.));
#12105 = VERTEX_POINT('',#12106);
#12106 = CARTESIAN_POINT('',(-770.,790.,500.));
#12107 = SURFACE_CURVE('',#12108,(#12112,#12119),.PCURVE_S1.);
#12108 = LINE('',#12109,#12110);
#12109 = CARTESIAN_POINT('',(-770.,650.,500.));
#12110 = VECTOR('',#12111,1.);
#12111 = DIRECTION('',(0.,1.,0.));
#12112 = PCURVE('',#11393,#12113);
#12113 = DEFINITIONAL_REPRESENTATION('',(#12114),#12118);
#12114 = LINE('',#12115,#12116);
#12115 = CARTESIAN_POINT('',(1.83E+03,1.55E+03));
#12116 = VECTOR('',#12117,1.);
#12117 = DIRECTION('',(0.,1.));
#12118 = ( GEOMETRIC_REPRESENTATION_CONTEXT(2) 
PARAMETRIC_REPRESENTATION_CONTEXT() REPRESENTATION_CONTEXT('2D SPACE',''
  ) );
#12119 = PCURVE('',#12120,#12125);
#12120 = PLANE('',#12121);
#12121 = AXIS2_PLACEMENT_3D('',#12122,#12123,#12124);
#12122 = CARTESIAN_POINT('',(-770.,650.,500.));
#12123 = DIRECTION('',(1.,0.,0.));
#12124 = DIRECTION('',(0.,0.,1.));
#12125 = DEFINITIONAL_REPRESENTATION('',(#12126),#12130);
#12126 = LINE('',#12127,#12128);
#12127 = CARTESIAN_POINT('',(0.,0.));
#12128 = VECTOR('',#12129,1.);
#12129 = DIRECTION('',(0.,-1.));
#12130 = ( GEOMETRIC_REPRESENTATION_CONTEXT(2) 
PARAMETRIC_REPRESENTATION_CONTEXT() REPRESENTATION_CONTEXT('2D SPACE',''
  ) );
#12131 = ORIENTED_EDGE('',*,*,#12132,.T.);
#12132 = EDGE_CURVE('',#12105,#12133,#12135,.T.);
#12133 = VERTEX_POINT('',#12134);
#12134 = CARTESIAN_POINT('',(-630.,790.,500.));
#12135 = SURFACE_CURVE('',#12136,(#12140,#12147),.PCURVE_S1.);
#12136 = LINE('',#12137,#12138);
#12137 = CARTESIAN_POINT('',(-770.,790.,500.));
#12138 = VECTOR('',#12139,1.);
#12139 = DIRECTION('',(1.,0.,0.));
#12140 = PCURVE('',#11393,#12141);
#12141 = DEFINITIONAL_REPRESENTATION('',(#12142),#12146);
#12142 = LINE('',#12143,#12144);
#12143 = CARTESIAN_POINT('',(1.83E+03,1.69E+03));
#12144 = VECTOR('',#12145,1.);
#12145 = DIRECTION('',(1.,0.));
#12146 = ( GEOMETRIC_REPRESENTATION_CONTEXT(2) 
PARAMETRIC_REPRESENTATION_CONTEXT() REPRESENTATION_CONTEXT('2D SPACE',''
  ) );
#12147 = PCURVE('',#12148,#12153);
#12148 = PLANE('',#12149);
#12149 = AXIS2_PLACEMENT_3D('',#12150,#12151,#12152);
#12150 = CARTESIAN_POINT('',(-770.,790.,500.));
#12151 = DIRECTION('',(0.,1.,0.));
#12152 = DIRECTION('',(0.,0.,1.));
#12153 = DEFINITIONAL_REPRESENTATION('',(#12154),#12158);
#12154 = LINE('',#12155,#12156);
#12155 = CARTESIAN_POINT('',(0.,0.));
#12156 = VECTOR('',#12157,1.);
#12157 = DIRECTION('',(0.,1.));
#12158 = ( GEOMETRIC_REPRESENTATION_CONTEXT(2) 
PARAMETRIC_REPRESENTATION_CONTEXT() REPRESENTATION_CONTEXT('2D SPACE',''
  ) );
#12159 = ORIENTED_EDGE('',*,*,#12160,.F.);
#12160 = EDGE_CURVE('',#12161,#12133,#12163,.T.);
#12161 = VERTEX_POINT('',#12162);
#12162 = CARTESIAN_POINT('',(-630.,650.,500.));
#12163 = SURFACE_CURVE('',#12164,(#12168,#12175),.PCURVE_S1.);
#12164 = LINE('',#12165,#12166);
#12165 = CARTESIAN_POINT('',(-630.,650.,500.));
#12166 = VECTOR('',#12167,1.);
#12167 = DIRECTION('',(0.,1.,0.));
#12168 = PCURVE('',#11393,#12169);
#12169 = DEFINITIONAL_REPRESENTATION('',(#12170),#12174);
#12170 = LINE('',#12171,#12172);
#12171 = CARTESIAN_POINT('',(1.97E+03,1.55E+03));
#12172 = VECTOR('',#12173,1.);
#12173 = DIRECTION('',(0.,1.));
#12174 = ( GEOMETRIC_REPRESENTATION_CONTEXT(2) 
PARAMETRIC_REPRESENTATION_CONTEXT() REPRESENTATION_CONTEXT('2D SPACE',''
  ) );
#12175 = PCURVE('',#12176,#12181);
#12176 = PLANE('',#12177);
#12177 = AXIS2_PLACEMENT_3D('',#12178,#12179,#12180);
#12178 = CARTESIAN_POINT('',(-630.,650.,500.));
#12179 = DIRECTION('',(1.,0.,0.));
#12180 = DIRECTION('',(0.,0.,1.));
#12181 = DEFINITIONAL_REPRESENTATION('',(#12182),#12186);
#12182 = LINE('',#12183,#12184);
#12183 = CARTESIAN_POINT('',(0.,0.));
#12184 = VECTOR('',#12185,1.);
#12185 = DIRECTION('',(0.,-1.));
#12186 = ( GEOMETRIC_REPRESENTATION_CONTEXT(2) 
PARAMETRIC_REPRESENTATION_CONTEXT() REPRESENTATION_CONTEXT('2D SPACE',''
  ) );
#12187 = ORIENTED_EDGE('',*,*,#12188,.F.);
#12188 = EDGE_CURVE('',#12103,#12161,#12189,.T.);
#12189 = SURFACE_CURVE('',#12190,(#12194,#12201),.PCURVE_S1.);
#12190 = LINE('',#12191,#12192);
#12191 = CARTESIAN_POINT('',(-770.,650.,500.));
#12192 = VECTOR('',#12193,1.);
#12193 = DIRECTION('',(1.,0.,0.));
#12194 = PCURVE('',#11393,#12195);
#12195 = DEFINITIONAL_REPRESENTATION('',(#12196),#12200);
#12196 = LINE('',#12197,#12198);
#12197 = CARTESIAN_POINT('',(1.83E+03,1.55E+03));
#12198 = VECTOR('',#12199,1.);
#12199 = DIRECTION('',(1.,0.));
#12200 = ( GEOMETRIC_REPRESENTATION_CONTEXT(2) 
PARAMETRIC_REPRESENTATION_CONTEXT() REPRESENTATION_CONTEXT('2D SPACE',''
  ) );
#12201 = PCURVE('',#12202,#12207);
#12202 = PLANE('',#12203);
#12203 = AXIS2_PLACEMENT_3D('',#12204,#12205,#12206);
#12204 = CARTESIAN_POINT('',(-770.,650.,500.));
#12205 = DIRECTION('',(0.,1.,0.));
#12206 = DIRECTION('',(0.,0.,1.));
#12207 = DEFINITIONAL_REPRESENTATION('',(#12208),#12212);
#12208 = LINE('',#12209,#12210);
#12209 = CARTESIAN_POINT('',(0.,0.));
#12210 = VECTOR('',#12211,1.);
#12211 = DIRECTION('',(0.,1.));
#12212 = ( GEOMETRIC_REPRESENTATION_CONTEXT(2) 
PARAMETRIC_REPRESENTATION_CONTEXT() REPRESENTATION_CONTEXT('2D SPACE',''
  ) );
#12213 = FACE_BOUND('',#12214,.T.);
#12214 = EDGE_LOOP('',(#12215,#12245,#12273,#12301));
#12215 = ORIENTED_EDGE('',*,*,#12216,.T.);
#12216 = EDGE_CURVE('',#12217,#12219,#12221,.T.);
#12217 = VERTEX_POINT('',#12218);
#12218 = CARTESIAN_POINT('',(630.,650.,500.));
#12219 = VERTEX_POINT('',#12220);
#12220 = CARTESIAN_POINT('',(630.,790.,500.));
#12221 = SURFACE_CURVE('',#12222,(#12226,#12233),.PCURVE_S1.);
#12222 = LINE('',#12223,#12224);
#12223 = CARTESIAN_POINT('',(630.,650.,500.));
#12224 = VECTOR('',#12225,1.);
#12225 = DIRECTION('',(0.,1.,0.));
#12226 = PCURVE('',#11393,#12227);
#12227 = DEFINITIONAL_REPRESENTATION('',(#12228),#12232);
#12228 = LINE('',#12229,#12230);
#12229 = CARTESIAN_POINT('',(3.23E+03,1.55E+03));
#12230 = VECTOR('',#12231,1.);
#12231 = DIRECTION('',(0.,1.));
#12232 = ( GEOMETRIC_REPRESENTATION_CONTEXT(2) 
PARAMETRIC_REPRESENTATION_CONTEXT() REPRESENTATION_CONTEXT('2D SPACE',''
  ) );
#12233 = PCURVE('',#12234,#12239);
#12234 = PLANE('',#12235);
#12235 = AXIS2_PLACEMENT_3D('',#12236,#12237,#12238);
#12236 = CARTESIAN_POINT('',(630.,650.,500.));
#12237 = DIRECTION('',(1.,0.,0.));
#12238 = DIRECTION('',(0.,0.,1.));
#12239 = DEFINITIONAL_REPRESENTATION('',(#12240),#12244);
#12240 = LINE('',#12241,#12242);
#12241 = CARTESIAN_POINT('',(0.,0.));
#12242 = VECTOR('',#12243,1.);
#12243 = DIRECTION('',(0.,-1.));
#12244 = ( GEOMETRIC_REPRESENTATION_CONTEXT(2) 
PARAMETRIC_REPRESENTATION_CONTEXT() REPRESENTATION_CONTEXT('2D SPACE',''
  ) );
#12245 = ORIENTED_EDGE('',*,*,#12246,.T.);
#12246 = EDGE_CURVE('',#12219,#12247,#12249,.T.);
#12247 = VERTEX_POINT('',#12248);
#12248 = CARTESIAN_POINT('',(770.,790.,500.));
#12249 = SURFACE_CURVE('',#12250,(#12254,#12261),.PCURVE_S1.);
#12250 = LINE('',#12251,#12252);
#12251 = CARTESIAN_POINT('',(630.,790.,500.));
#12252 = VECTOR('',#12253,1.);
#12253 = DIRECTION('',(1.,0.,0.));
#12254 = PCURVE('',#11393,#12255);
#12255 = DEFINITIONAL_REPRESENTATION('',(#12256),#12260);
#12256 = LINE('',#12257,#12258);
#12257 = CARTESIAN_POINT('',(3.23E+03,1.69E+03));
#12258 = VECTOR('',#12259,1.);
#12259 = DIRECTION('',(1.,0.));
#12260 = ( GEOMETRIC_REPRESENTATION_CONTEXT(2) 
PARAMETRIC_REPRESENTATION_CONTEXT() REPRESENTATION_CONTEXT('2D SPACE',''
  ) );
#12261 = PCURVE('',#12262,#12267);
#12262 = PLANE('',#12263);
#12263 = AXIS2_PLACEMENT_3D('',#12264,#12265,#12266);
#12264 = CARTESIAN_POINT('',(630.,790.,500.));
#12265 = DIRECTION('',(0.,1.,0.));
#12266 = DIRECTION('',(0.,0.,1.));
#12267 = DEFINITIONAL_REPRESENTATION('',(#12268),#12272);
#12268 = LINE('',#12269,#12270);
#12269 = CARTESIAN_POINT('',(0.,0.));
#12270 = VECTOR('',#12271,1.);
#12271 = DIRECTION('',(0.,1.));
#12272 = ( GEOMETRIC_REPRESENTATION_CONTEXT(2) 
PARAMETRIC_REPRESENTATION_CONTEXT() REPRESENTATION_CONTEXT('2D SPACE',''
  ) );
#12273 = ORIENTED_EDGE('',*,*,#12274,.F.);
#12274 = EDGE_CURVE('',#12275,#12247,#12277,.T.);
#12275 = VERTEX_POINT('',#12276);
#12276 = CARTESIAN_POINT('',(770.,650.,500.));
#12277 = SURFACE_CURVE('',#12278,(#12282,#12289),.PCURVE_S1.);
#12278 = LINE('',#12279,#12280);
#12279 = CARTESIAN_POINT('',(770.,650.,500.));
#12280 = VECTOR('',#12281,1.);
#12281 = DIRECTION('',(0.,1.,0.));
#12282 = PCURVE('',#11393,#12283);
#12283 = DEFINITIONAL_REPRESENTATION('',(#12284),#12288);
#12284 = LINE('',#12285,#12286);
#12285 = CARTESIAN_POINT('',(3.37E+03,1.55E+03));
#12286 = VECTOR('',#12287,1.);
#12287 = DIRECTION('',(0.,1.));
#12288 = ( GEOMETRIC_REPRESENTATION_CONTEXT(2) 
PARAMETRIC_REPRESENTATION_CONTEXT() REPRESENTATION_CONTEXT('2D SPACE',''
  ) );
#12289 = PCURVE('',#12290,#12295);
#12290 = PLANE('',#12291);
#12291 = AXIS2_PLACEMENT_3D('',#12292,#12293,#12294);
#12292 = CARTESIAN_POINT('',(770.,650.,500.));
#12293 = DIRECTION('',(1.,0.,0.));
#12294 = DIRECTION('',(0.,0.,1.));
#12295 = DEFINITIONAL_REPRESENTATION('',(#12296),#12300);
#12296 = LINE('',#12297,#12298);
#12297 = CARTESIAN_POINT('',(0.,0.));
#12298 = VECTOR('',#12299,1.);
#12299 = DIRECTION('',(0.,-1.));
#12300 = ( GEOMETRIC_REPRESENTATION_CONTEXT(2) 
PARAMETRIC_REPRESENTATION_CONTEXT() REPRESENTATION_CONTEXT('2D SPACE',''
  ) );
#12301 = ORIENTED_EDGE('',*,*,#12302,.F.);
#12302 = EDGE_CURVE('',#12217,#12275,#12303,.T.);
#12303 = SURFACE_CURVE('',#12304,(#12308,#12315),.PCURVE_S1.);
#12304 = LINE('',#12305,#12306);
#12305 = CARTESIAN_POINT('',(630.,650.,500.));
#12306 = VECTOR('',#12307,1.);
#12307 = DIRECTION('',(1.,0.,0.));
#12308 = PCURVE('',#11393,#12309);
#12309 = DEFINITIONAL_REPRESENTATION('',(#12310),#12314);
#12310 = LINE('',#12311,#12312);
#12311 = CARTESIAN_POINT('',(3.23E+03,1.55E+03));
#12312 = VECTOR('',#12313,1.);
#12313 = DIRECTION('',(1.,0.));
#12314 = ( GEOMETRIC_REPRESENTATION_CONTEXT(2) 
PARAMETRIC_REPRESENTATION_CONTEXT() REPRESENTATION_CONTEXT('2D SPACE',''
  ) );
#12315 = PCURVE('',#12316,#12321);
#12316 = PLANE('',#12317);
#12317 = AXIS2_PLACEMENT_3D('',#12318,#12319,#12320);
#12318 = CARTESIAN_POINT('',(630.,650.,500.));
#12319 = DIRECTION('',(0.,1.,0.));
#12320 = DIRECTION('',(0.,0.,1.));
#12321 = DEFINITIONAL_REPRESENTATION('',(#12322),#12326);
#12322 = LINE('',#12323,#12324);
#12323 = CARTESIAN_POINT('',(0.,0.));
#12324 = VECTOR('',#12325,1.);
#12325 = DIRECTION('',(0.,1.));
#12326 = ( GEOMETRIC_REPRESENTATION_CONTEXT(2) 
PARAMETRIC_REPRESENTATION_CONTEXT() REPRESENTATION_CONTEXT('2D SPACE',''
  ) );
#12327 = FACE_BOUND('',#12328,.T.);
#12328 = EDGE_LOOP('',(#12329,#12359,#12387,#12415));
#12329 = ORIENTED_EDGE('',*,*,#12330,.T.);
#12330 = EDGE_CURVE('',#12331,#12333,#12335,.T.);
#12331 = VERTEX_POINT('',#12332);
#12332 = CARTESIAN_POINT('',(2.03E+03,650.,500.));
#12333 = VERTEX_POINT('',#12334);
#12334 = CARTESIAN_POINT('',(2.03E+03,790.,500.));
#12335 = SURFACE_CURVE('',#12336,(#12340,#12347),.PCURVE_S1.);
#12336 = LINE('',#12337,#12338);
#12337 = CARTESIAN_POINT('',(2.03E+03,650.,500.));
#12338 = VECTOR('',#12339,1.);
#12339 = DIRECTION('',(0.,1.,0.));
#12340 = PCURVE('',#11393,#12341);
#12341 = DEFINITIONAL_REPRESENTATION('',(#12342),#12346);
#12342 = LINE('',#12343,#12344);
#12343 = CARTESIAN_POINT('',(4.63E+03,1.55E+03));
#12344 = VECTOR('',#12345,1.);
#12345 = DIRECTION('',(0.,1.));
#12346 = ( GEOMETRIC_REPRESENTATION_CONTEXT(2) 
PARAMETRIC_REPRESENTATION_CONTEXT() REPRESENTATION_CONTEXT('2D SPACE',''
  ) );
#12347 = PCURVE('',#12348,#12353);
#12348 = PLANE('',#12349);
#12349 = AXIS2_PLACEMENT_3D('',#12350,#12351,#12352);
#12350 = CARTESIAN_POINT('',(2.03E+03,650.,500.));
#12351 = DIRECTION('',(1.,0.,0.));
#12352 = DIRECTION('',(0.,0.,1.));
#12353 = DEFINITIONAL_REPRESENTATION('',(#12354),#12358);
#12354 = LINE('',#12355,#12356);
#12355 = CARTESIAN_POINT('',(0.,0.));
#12356 = VECTOR('',#12357,1.);
#12357 = DIRECTION('',(0.,-1.));
#12358 = ( GEOMETRIC_REPRESENTATION_CONTEXT(2) 
PARAMETRIC_REPRESENTATION_CONTEXT() REPRESENTATION_CONTEXT('2D SPACE',''
  ) );
#12359 = ORIENTED_EDGE('',*,*,#12360,.T.);
#12360 = EDGE_CURVE('',#12333,#12361,#12363,.T.);
#12361 = VERTEX_POINT('',#12362);
#12362 = CARTESIAN_POINT('',(2.17E+03,790.,500.));
#12363 = SURFACE_CURVE('',#12364,(#12368,#12375),.PCURVE_S1.);
#12364 = LINE('',#12365,#12366);
#12365 = CARTESIAN_POINT('',(2.03E+03,790.,500.));
#12366 = VECTOR('',#12367,1.);
#12367 = DIRECTION('',(1.,0.,0.));
#12368 = PCURVE('',#11393,#12369);
#12369 = DEFINITIONAL_REPRESENTATION('',(#12370),#12374);
#12370 = LINE('',#12371,#12372);
#12371 = CARTESIAN_POINT('',(4.63E+03,1.69E+03));
#12372 = VECTOR('',#12373,1.);
#12373 = DIRECTION('',(1.,0.));
#12374 = ( GEOMETRIC_REPRESENTATION_CONTEXT(2) 
PARAMETRIC_REPRESENTATION_CONTEXT() REPRESENTATION_CONTEXT('2D SPACE',''
  ) );
#12375 = PCURVE('',#12376,#12381);
#12376 = PLANE('',#12377);
#12377 = AXIS2_PLACEMENT_3D('',#12378,#12379,#12380);
#12378 = CARTESIAN_POINT('',(2.03E+03,790.,500.));
#12379 = DIRECTION('',(0.,1.,0.));
#12380 = DIRECTION('',(0.,0.,1.));
#12381 = DEFINITIONAL_REPRESENTATION('',(#12382),#12386);
#12382 = LINE('',#12383,#12384);
#12383 = CARTESIAN_POINT('',(0.,0.));
#12384 = VECTOR('',#12385,1.);
#12385 = DIRECTION('',(0.,1.));
#12386 = ( GEOMETRIC_REPRESENTATION_CONTEXT(2) 
PARAMETRIC_REPRESENTATION_CONTEXT() REPRESENTATION_CONTEXT('2D SPACE',''
  ) );
#12387 = ORIENTED_EDGE('',*,*,#12388,.F.);
#12388 = EDGE_CURVE('',#12389,#12361,#12391,.T.);
#12389 = VERTEX_POINT('',#12390);
#12390 = CARTESIAN_POINT('',(2.17E+03,650.,500.));
#12391 = SURFACE_CURVE('',#12392,(#12396,#12403),.PCURVE_S1.);
#12392 = LINE('',#12393,#12394);
#12393 = CARTESIAN_POINT('',(2.17E+03,650.,500.));
#12394 = VECTOR('',#12395,1.);
#12395 = DIRECTION('',(0.,1.,0.));
#12396 = PCURVE('',#11393,#12397);
#12397 = DEFINITIONAL_REPRESENTATION('',(#12398),#12402);
#12398 = LINE('',#12399,#12400);
#12399 = CARTESIAN_POINT('',(4.77E+03,1.55E+03));
#12400 = VECTOR('',#12401,1.);
#12401 = DIRECTION('',(0.,1.));
#12402 = ( GEOMETRIC_REPRESENTATION_CONTEXT(2) 
PARAMETRIC_REPRESENTATION_CONTEXT() REPRESENTATION_CONTEXT('2D SPACE',''
  ) );
#12403 = PCURVE('',#12404,#12409);
#12404 = PLANE('',#12405);
#12405 = AXIS2_PLACEMENT_3D('',#12406,#12407,#12408);
#12406 = CARTESIAN_POINT('',(2.17E+03,650.,500.));
#12407 = DIRECTION('',(1.,0.,0.));
#12408 = DIRECTION('',(0.,0.,1.));
#12409 = DEFINITIONAL_REPRESENTATION('',(#12410),#12414);
#12410 = LINE('',#12411,#12412);
#12411 = CARTESIAN_POINT('',(0.,0.));
#12412 = VECTOR('',#12413,1.);
#12413 = DIRECTION('',(0.,-1.));
#12414 = ( GEOMETRIC_REPRESENTATION_CONTEXT(2) 
PARAMETRIC_REPRESENTATION_CONTEXT() REPRESENTATION_CONTEXT('2D SPACE',''
  ) );
#12415 = ORIENTED_EDGE('',*,*,#12416,.F.);
#12416 = EDGE_CURVE('',#12331,#12389,#12417,.T.);
#12417 = SURFACE_CURVE('',#12418,(#12422,#12429),.PCURVE_S1.);
#12418 = LINE('',#12419,#12420);
#12419 = CARTESIAN_POINT('',(2.03E+03,650.,500.));
#12420 = VECTOR('',#12421,1.);
#12421 = DIRECTION('',(1.,0.,0.));
#12422 = PCURVE('',#11393,#12423);
#12423 = DEFINITIONAL_REPRESENTATION('',(#12424),#12428);
#12424 = LINE('',#12425,#12426);
#12425 = CARTESIAN_POINT('',(4.63E+03,1.55E+03));
#12426 = VECTOR('',#12427,1.);
#12427 = DIRECTION('',(1.,0.));
#12428 = ( GEOMETRIC_REPRESENTATION_CONTEXT(2) 
PARAMETRIC_REPRESENTATION_CONTEXT() REPRESENTATION_CONTEXT('2D SPACE',''
  ) );
#12429 = PCURVE('',#12430,#12435);
#12430 = PLANE('',#12431);
#12431 = AXIS2_PLACEMENT_3D('',#12432,#12433,#12434);
#12432 = CARTESIAN_POINT('',(2.03E+03,650.,500.));
#12433 = DIRECTION('',(0.,1.,0.));
#12434 = DIRECTION('',(0.,0.,1.));
#12435 = DEFINITIONAL_REPRESENTATION('',(#12436),#12440);
#12436 = LINE('',#12437,#12438);
#12437 = CARTESIAN_POINT('',(0.,0.));
#12438 = VECTOR('',#12439,1.);
#12439 = DIRECTION('',(0.,1.));
#12440 = ( GEOMETRIC_REPRESENTATION_CONTEXT(2) 
PARAMETRIC_REPRESENTATION_CONTEXT() REPRESENTATION_CONTEXT('2D SPACE',''
  ) );
#12441 = ADVANCED_FACE('',(#12442),#11367,.T.);
#12442 = FACE_BOUND('',#12443,.T.);
#12443 = EDGE_LOOP('',(#12444,#12467,#12468,#12469));
#12444 = ORIENTED_EDGE('',*,*,#12445,.F.);
#12445 = EDGE_CURVE('',#11324,#12446,#12448,.T.);
#12446 = VERTEX_POINT('',#12447);
#12447 = CARTESIAN_POINT('',(2.6E+03,900.,280.));
#12448 = SURFACE_CURVE('',#12449,(#12453,#12460),.PCURVE_S1.);
#12449 = LINE('',#12450,#12451);
#12450 = CARTESIAN_POINT('',(-2.6E+03,900.,280.));
#12451 = VECTOR('',#12452,1.);
#12452 = DIRECTION('',(1.,0.,0.));
#12453 = PCURVE('',#11367,#12454);
#12454 = DEFINITIONAL_REPRESENTATION('',(#12455),#12459);
#12455 = LINE('',#12456,#12457);
#12456 = CARTESIAN_POINT('',(0.,0.));
#12457 = VECTOR('',#12458,1.);
#12458 = DIRECTION('',(0.,1.));
#12459 = ( GEOMETRIC_REPRESENTATION_CONTEXT(2) 
PARAMETRIC_REPRESENTATION_CONTEXT() REPRESENTATION_CONTEXT('2D SPACE',''
  ) );
#12460 = PCURVE('',#11339,#12461);
#12461 = DEFINITIONAL_REPRESENTATION('',(#12462),#12466);
#12462 = LINE('',#12463,#12464);
#12463 = CARTESIAN_POINT('',(0.,1.8E+03));
#12464 = VECTOR('',#12465,1.);
#12465 = DIRECTION('',(1.,0.));
#12466 = ( GEOMETRIC_REPRESENTATION_CONTEXT(2) 
PARAMETRIC_REPRESENTATION_CONTEXT() REPRESENTATION_CONTEXT('2D SPACE',''
  ) );
#12467 = ORIENTED_EDGE('',*,*,#11351,.T.);
#12468 = ORIENTED_EDGE('',*,*,#11509,.T.);
#12469 = ORIENTED_EDGE('',*,*,#12470,.F.);
#12470 = EDGE_CURVE('',#12446,#11487,#12471,.T.);
#12471 = SURFACE_CURVE('',#12472,(#12476,#12483),.PCURVE_S1.);
#12472 = LINE('',#12473,#12474);
#12473 = CARTESIAN_POINT('',(2.6E+03,900.,280.));
#12474 = VECTOR('',#12475,1.);
#12475 = DIRECTION('',(0.,0.,1.));
#12476 = PCURVE('',#11367,#12477);
#12477 = DEFINITIONAL_REPRESENTATION('',(#12478),#12482);
#12478 = LINE('',#12479,#12480);
#12479 = CARTESIAN_POINT('',(0.,5.2E+03));
#12480 = VECTOR('',#12481,1.);
#12481 = DIRECTION('',(1.,0.));
#12482 = ( GEOMETRIC_REPRESENTATION_CONTEXT(2) 
PARAMETRIC_REPRESENTATION_CONTEXT() REPRESENTATION_CONTEXT('2D SPACE',''
  ) );
#12483 = PCURVE('',#11469,#12484);
#12484 = DEFINITIONAL_REPRESENTATION('',(#12485),#12489);
#12485 = LINE('',#12486,#12487);
#12486 = CARTESIAN_POINT('',(0.,-1.8E+03));
#12487 = VECTOR('',#12488,1.);
#12488 = DIRECTION('',(1.,0.));
#12489 = ( GEOMETRIC_REPRESENTATION_CONTEXT(2) 
PARAMETRIC_REPRESENTATION_CONTEXT() REPRESENTATION_CONTEXT('2D SPACE',''
  ) );
#12490 = ADVANCED_FACE('',(#12491),#11339,.F.);
#12491 = FACE_BOUND('',#12492,.F.);
#12492 = EDGE_LOOP('',(#12493,#12494,#12495,#12516));
#12493 = ORIENTED_EDGE('',*,*,#11323,.F.);
#12494 = ORIENTED_EDGE('',*,*,#11408,.T.);
#12495 = ORIENTED_EDGE('',*,*,#12496,.T.);
#12496 = EDGE_CURVE('',#11409,#12446,#12497,.T.);
#12497 = SURFACE_CURVE('',#12498,(#12502,#12509),.PCURVE_S1.);
#12498 = LINE('',#12499,#12500);
#12499 = CARTESIAN_POINT('',(2.6E+03,-900.,280.));
#12500 = VECTOR('',#12501,1.);
#12501 = DIRECTION('',(0.,1.,0.));
#12502 = PCURVE('',#11339,#12503);
#12503 = DEFINITIONAL_REPRESENTATION('',(#12504),#12508);
#12504 = LINE('',#12505,#12506);
#12505 = CARTESIAN_POINT('',(5.2E+03,0.));
#12506 = VECTOR('',#12507,1.);
#12507 = DIRECTION('',(0.,1.));
#12508 = ( GEOMETRIC_REPRESENTATION_CONTEXT(2) 
PARAMETRIC_REPRESENTATION_CONTEXT() REPRESENTATION_CONTEXT('2D SPACE',''
  ) );
#12509 = PCURVE('',#11469,#12510);
#12510 = DEFINITIONAL_REPRESENTATION('',(#12511),#12515);
#12511 = LINE('',#12512,#12513);
#12512 = CARTESIAN_POINT('',(0.,0.));
#12513 = VECTOR('',#12514,1.);
#12514 = DIRECTION('',(0.,-1.));
#12515 = ( GEOMETRIC_REPRESENTATION_CONTEXT(2) 
PARAMETRIC_REPRESENTATION_CONTEXT() REPRESENTATION_CONTEXT('2D SPACE',''
  ) );
#12516 = ORIENTED_EDGE('',*,*,#12445,.F.);
#12517 = ADVANCED_FACE('',(#12518),#11469,.T.);
#12518 = FACE_BOUND('',#12519,.T.);
#12519 = EDGE_LOOP('',(#12520,#12521,#12522,#12523));
#12520 = ORIENTED_EDGE('',*,*,#11455,.F.);
#12521 = ORIENTED_EDGE('',*,*,#12496,.T.);
#12522 = ORIENTED_EDGE('',*,*,#12470,.T.);
#12523 = ORIENTED_EDGE('',*,*,#11486,.F.);
#12524 = ADVANCED_FACE('',(#12525),#11550,.F.);
#12525 = FACE_BOUND('',#12526,.F.);
#12526 = EDGE_LOOP('',(#12527,#12550,#12551,#12574));
#12527 = ORIENTED_EDGE('',*,*,#12528,.F.);
#12528 = EDGE_CURVE('',#11533,#12529,#12531,.T.);
#12529 = VERTEX_POINT('',#12530);
#12530 = CARTESIAN_POINT('',(-2.17E+03,-790.,680.));
#12531 = SURFACE_CURVE('',#12532,(#12536,#12543),.PCURVE_S1.);
#12532 = LINE('',#12533,#12534);
#12533 = CARTESIAN_POINT('',(-2.17E+03,-790.,500.));
#12534 = VECTOR('',#12535,1.);
#12535 = DIRECTION('',(0.,0.,1.));
#12536 = PCURVE('',#11550,#12537);
#12537 = DEFINITIONAL_REPRESENTATION('',(#12538),#12542);
#12538 = LINE('',#12539,#12540);
#12539 = CARTESIAN_POINT('',(0.,0.));
#12540 = VECTOR('',#12541,1.);
#12541 = DIRECTION('',(1.,0.));
#12542 = ( GEOMETRIC_REPRESENTATION_CONTEXT(2) 
PARAMETRIC_REPRESENTATION_CONTEXT() REPRESENTATION_CONTEXT('2D SPACE',''
  ) );
#12543 = PCURVE('',#11632,#12544);
#12544 = DEFINITIONAL_REPRESENTATION('',(#12545),#12549);
#12545 = LINE('',#12546,#12547);
#12546 = CARTESIAN_POINT('',(0.,0.));
#12547 = VECTOR('',#12548,1.);
#12548 = DIRECTION('',(1.,0.));
#12549 = ( GEOMETRIC_REPRESENTATION_CONTEXT(2) 
PARAMETRIC_REPRESENTATION_CONTEXT() REPRESENTATION_CONTEXT('2D SPACE',''
  ) );
#12550 = ORIENTED_EDGE('',*,*,#11532,.T.);
#12551 = ORIENTED_EDGE('',*,*,#12552,.T.);
#12552 = EDGE_CURVE('',#11535,#12553,#12555,.T.);
#12553 = VERTEX_POINT('',#12554);
#12554 = CARTESIAN_POINT('',(-2.17E+03,-650.,680.));
#12555 = SURFACE_CURVE('',#12556,(#12560,#12567),.PCURVE_S1.);
#12556 = LINE('',#12557,#12558);
#12557 = CARTESIAN_POINT('',(-2.17E+03,-650.,500.));
#12558 = VECTOR('',#12559,1.);
#12559 = DIRECTION('',(0.,0.,1.));
#12560 = PCURVE('',#11550,#12561);
#12561 = DEFINITIONAL_REPRESENTATION('',(#12562),#12566);
#12562 = LINE('',#12563,#12564);
#12563 = CARTESIAN_POINT('',(0.,-140.));
#12564 = VECTOR('',#12565,1.);
#12565 = DIRECTION('',(1.,0.));
#12566 = ( GEOMETRIC_REPRESENTATION_CONTEXT(2) 
PARAMETRIC_REPRESENTATION_CONTEXT() REPRESENTATION_CONTEXT('2D SPACE',''
  ) );
#12567 = PCURVE('',#11578,#12568);
#12568 = DEFINITIONAL_REPRESENTATION('',(#12569),#12573);
#12569 = LINE('',#12570,#12571);
#12570 = CARTESIAN_POINT('',(0.,0.));
#12571 = VECTOR('',#12572,1.);
#12572 = DIRECTION('',(1.,0.));
#12573 = ( GEOMETRIC_REPRESENTATION_CONTEXT(2) 
PARAMETRIC_REPRESENTATION_CONTEXT() REPRESENTATION_CONTEXT('2D SPACE',''
  ) );
#12574 = ORIENTED_EDGE('',*,*,#12575,.F.);
#12575 = EDGE_CURVE('',#12529,#12553,#12576,.T.);
#12576 = SURFACE_CURVE('',#12577,(#12581,#12588),.PCURVE_S1.);
#12577 = LINE('',#12578,#12579);
#12578 = CARTESIAN_POINT('',(-2.17E+03,-790.,680.));
#12579 = VECTOR('',#12580,1.);
#12580 = DIRECTION('',(0.,1.,0.));
#12581 = PCURVE('',#11550,#12582);
#12582 = DEFINITIONAL_REPRESENTATION('',(#12583),#12587);
#12583 = LINE('',#12584,#12585);
#12584 = CARTESIAN_POINT('',(180.,0.));
#12585 = VECTOR('',#12586,1.);
#12586 = DIRECTION('',(0.,-1.));
#12587 = ( GEOMETRIC_REPRESENTATION_CONTEXT(2) 
PARAMETRIC_REPRESENTATION_CONTEXT() REPRESENTATION_CONTEXT('2D SPACE',''
  ) );
#12588 = PCURVE('',#12589,#12594);
#12589 = PLANE('',#12590);
#12590 = AXIS2_PLACEMENT_3D('',#12591,#12592,#12593);
#12591 = CARTESIAN_POINT('',(-2.17E+03,-790.,680.));
#12592 = DIRECTION('',(0.,0.,1.));
#12593 = DIRECTION('',(1.,0.,0.));
#12594 = DEFINITIONAL_REPRESENTATION('',(#12595),#12599);
#12595 = LINE('',#12596,#12597);
#12596 = CARTESIAN_POINT('',(0.,0.));
#12597 = VECTOR('',#12598,1.);
#12598 = DIRECTION('',(0.,1.));
#12599 = ( GEOMETRIC_REPRESENTATION_CONTEXT(2) 
PARAMETRIC_REPRESENTATION_CONTEXT() REPRESENTATION_CONTEXT('2D SPACE',''
  ) );
#12600 = ADVANCED_FACE('',(#12601),#11578,.T.);
#12601 = FACE_BOUND('',#12602,.T.);
#12602 = EDGE_LOOP('',(#12603,#12604,#12605,#12628));
#12603 = ORIENTED_EDGE('',*,*,#11562,.F.);
#12604 = ORIENTED_EDGE('',*,*,#12552,.T.);
#12605 = ORIENTED_EDGE('',*,*,#12606,.T.);
#12606 = EDGE_CURVE('',#12553,#12607,#12609,.T.);
#12607 = VERTEX_POINT('',#12608);
#12608 = CARTESIAN_POINT('',(-2.03E+03,-650.,680.));
#12609 = SURFACE_CURVE('',#12610,(#12614,#12621),.PCURVE_S1.);
#12610 = LINE('',#12611,#12612);
#12611 = CARTESIAN_POINT('',(-2.17E+03,-650.,680.));
#12612 = VECTOR('',#12613,1.);
#12613 = DIRECTION('',(1.,0.,0.));
#12614 = PCURVE('',#11578,#12615);
#12615 = DEFINITIONAL_REPRESENTATION('',(#12616),#12620);
#12616 = LINE('',#12617,#12618);
#12617 = CARTESIAN_POINT('',(180.,0.));
#12618 = VECTOR('',#12619,1.);
#12619 = DIRECTION('',(0.,1.));
#12620 = ( GEOMETRIC_REPRESENTATION_CONTEXT(2) 
PARAMETRIC_REPRESENTATION_CONTEXT() REPRESENTATION_CONTEXT('2D SPACE',''
  ) );
#12621 = PCURVE('',#12589,#12622);
#12622 = DEFINITIONAL_REPRESENTATION('',(#12623),#12627);
#12623 = LINE('',#12624,#12625);
#12624 = CARTESIAN_POINT('',(0.,140.));
#12625 = VECTOR('',#12626,1.);
#12626 = DIRECTION('',(1.,0.));
#12627 = ( GEOMETRIC_REPRESENTATION_CONTEXT(2) 
PARAMETRIC_REPRESENTATION_CONTEXT() REPRESENTATION_CONTEXT('2D SPACE',''
  ) );
#12628 = ORIENTED_EDGE('',*,*,#12629,.F.);
#12629 = EDGE_CURVE('',#11563,#12607,#12630,.T.);
#12630 = SURFACE_CURVE('',#12631,(#12635,#12642),.PCURVE_S1.);
#12631 = LINE('',#12632,#12633);
#12632 = CARTESIAN_POINT('',(-2.03E+03,-650.,500.));
#12633 = VECTOR('',#12634,1.);
#12634 = DIRECTION('',(0.,0.,1.));
#12635 = PCURVE('',#11578,#12636);
#12636 = DEFINITIONAL_REPRESENTATION('',(#12637),#12641);
#12637 = LINE('',#12638,#12639);
#12638 = CARTESIAN_POINT('',(0.,140.));
#12639 = VECTOR('',#12640,1.);
#12640 = DIRECTION('',(1.,0.));
#12641 = ( GEOMETRIC_REPRESENTATION_CONTEXT(2) 
PARAMETRIC_REPRESENTATION_CONTEXT() REPRESENTATION_CONTEXT('2D SPACE',''
  ) );
#12642 = PCURVE('',#11606,#12643);
#12643 = DEFINITIONAL_REPRESENTATION('',(#12644),#12648);
#12644 = LINE('',#12645,#12646);
#12645 = CARTESIAN_POINT('',(0.,-140.));
#12646 = VECTOR('',#12647,1.);
#12647 = DIRECTION('',(1.,0.));
#12648 = ( GEOMETRIC_REPRESENTATION_CONTEXT(2) 
PARAMETRIC_REPRESENTATION_CONTEXT() REPRESENTATION_CONTEXT('2D SPACE',''
  ) );
#12649 = ADVANCED_FACE('',(#12650),#11632,.F.);
#12650 = FACE_BOUND('',#12651,.F.);
#12651 = EDGE_LOOP('',(#12652,#12653,#12654,#12677));
#12652 = ORIENTED_EDGE('',*,*,#11618,.F.);
#12653 = ORIENTED_EDGE('',*,*,#12528,.T.);
#12654 = ORIENTED_EDGE('',*,*,#12655,.T.);
#12655 = EDGE_CURVE('',#12529,#12656,#12658,.T.);
#12656 = VERTEX_POINT('',#12657);
#12657 = CARTESIAN_POINT('',(-2.03E+03,-790.,680.));
#12658 = SURFACE_CURVE('',#12659,(#12663,#12670),.PCURVE_S1.);
#12659 = LINE('',#12660,#12661);
#12660 = CARTESIAN_POINT('',(-2.17E+03,-790.,680.));
#12661 = VECTOR('',#12662,1.);
#12662 = DIRECTION('',(1.,0.,0.));
#12663 = PCURVE('',#11632,#12664);
#12664 = DEFINITIONAL_REPRESENTATION('',(#12665),#12669);
#12665 = LINE('',#12666,#12667);
#12666 = CARTESIAN_POINT('',(180.,0.));
#12667 = VECTOR('',#12668,1.);
#12668 = DIRECTION('',(0.,1.));
#12669 = ( GEOMETRIC_REPRESENTATION_CONTEXT(2) 
PARAMETRIC_REPRESENTATION_CONTEXT() REPRESENTATION_CONTEXT('2D SPACE',''
  ) );
#12670 = PCURVE('',#12589,#12671);
#12671 = DEFINITIONAL_REPRESENTATION('',(#12672),#12676);
#12672 = LINE('',#12673,#12674);
#12673 = CARTESIAN_POINT('',(0.,0.));
#12674 = VECTOR('',#12675,1.);
#12675 = DIRECTION('',(1.,0.));
#12676 = ( GEOMETRIC_REPRESENTATION_CONTEXT(2) 
PARAMETRIC_REPRESENTATION_CONTEXT() REPRESENTATION_CONTEXT('2D SPACE',''
  ) );
#12677 = ORIENTED_EDGE('',*,*,#12678,.F.);
#12678 = EDGE_CURVE('',#11591,#12656,#12679,.T.);
#12679 = SURFACE_CURVE('',#12680,(#12684,#12691),.PCURVE_S1.);
#12680 = LINE('',#12681,#12682);
#12681 = CARTESIAN_POINT('',(-2.03E+03,-790.,500.));
#12682 = VECTOR('',#12683,1.);
#12683 = DIRECTION('',(0.,0.,1.));
#12684 = PCURVE('',#11632,#12685);
#12685 = DEFINITIONAL_REPRESENTATION('',(#12686),#12690);
#12686 = LINE('',#12687,#12688);
#12687 = CARTESIAN_POINT('',(0.,140.));
#12688 = VECTOR('',#12689,1.);
#12689 = DIRECTION('',(1.,0.));
#12690 = ( GEOMETRIC_REPRESENTATION_CONTEXT(2) 
PARAMETRIC_REPRESENTATION_CONTEXT() REPRESENTATION_CONTEXT('2D SPACE',''
  ) );
#12691 = PCURVE('',#11606,#12692);
#12692 = DEFINITIONAL_REPRESENTATION('',(#12693),#12697);
#12693 = LINE('',#12694,#12695);
#12694 = CARTESIAN_POINT('',(0.,0.));
#12695 = VECTOR('',#12696,1.);
#12696 = DIRECTION('',(1.,0.));
#12697 = ( GEOMETRIC_REPRESENTATION_CONTEXT(2) 
PARAMETRIC_REPRESENTATION_CONTEXT() REPRESENTATION_CONTEXT('2D SPACE',''
  ) );
#12698 = ADVANCED_FACE('',(#12699),#11606,.T.);
#12699 = FACE_BOUND('',#12700,.T.);
#12700 = EDGE_LOOP('',(#12701,#12702,#12703,#12704));
#12701 = ORIENTED_EDGE('',*,*,#12678,.F.);
#12702 = ORIENTED_EDGE('',*,*,#11590,.T.);
#12703 = ORIENTED_EDGE('',*,*,#12629,.T.);
#12704 = ORIENTED_EDGE('',*,*,#12705,.F.);
#12705 = EDGE_CURVE('',#12656,#12607,#12706,.T.);
#12706 = SURFACE_CURVE('',#12707,(#12711,#12718),.PCURVE_S1.);
#12707 = LINE('',#12708,#12709);
#12708 = CARTESIAN_POINT('',(-2.03E+03,-790.,680.));
#12709 = VECTOR('',#12710,1.);
#12710 = DIRECTION('',(0.,1.,0.));
#12711 = PCURVE('',#11606,#12712);
#12712 = DEFINITIONAL_REPRESENTATION('',(#12713),#12717);
#12713 = LINE('',#12714,#12715);
#12714 = CARTESIAN_POINT('',(180.,0.));
#12715 = VECTOR('',#12716,1.);
#12716 = DIRECTION('',(0.,-1.));
#12717 = ( GEOMETRIC_REPRESENTATION_CONTEXT(2) 
PARAMETRIC_REPRESENTATION_CONTEXT() REPRESENTATION_CONTEXT('2D SPACE',''
  ) );
#12718 = PCURVE('',#12589,#12719);
#12719 = DEFINITIONAL_REPRESENTATION('',(#12720),#12724);
#12720 = LINE('',#12721,#12722);
#12721 = CARTESIAN_POINT('',(140.,0.));
#12722 = VECTOR('',#12723,1.);
#12723 = DIRECTION('',(0.,1.));
#12724 = ( GEOMETRIC_REPRESENTATION_CONTEXT(2) 
PARAMETRIC_REPRESENTATION_CONTEXT() REPRESENTATION_CONTEXT('2D SPACE',''
  ) );
#12725 = ADVANCED_FACE('',(#12726),#11664,.F.);
#12726 = FACE_BOUND('',#12727,.F.);
#12727 = EDGE_LOOP('',(#12728,#12751,#12752,#12775));
#12728 = ORIENTED_EDGE('',*,*,#12729,.F.);
#12729 = EDGE_CURVE('',#11647,#12730,#12732,.T.);
#12730 = VERTEX_POINT('',#12731);
#12731 = CARTESIAN_POINT('',(-770.,-790.,680.));
#12732 = SURFACE_CURVE('',#12733,(#12737,#12744),.PCURVE_S1.);
#12733 = LINE('',#12734,#12735);
#12734 = CARTESIAN_POINT('',(-770.,-790.,500.));
#12735 = VECTOR('',#12736,1.);
#12736 = DIRECTION('',(0.,0.,1.));
#12737 = PCURVE('',#11664,#12738);
#12738 = DEFINITIONAL_REPRESENTATION('',(#12739),#12743);
#12739 = LINE('',#12740,#12741);
#12740 = CARTESIAN_POINT('',(0.,0.));
#12741 = VECTOR('',#12742,1.);
#12742 = DIRECTION('',(1.,0.));
#12743 = ( GEOMETRIC_REPRESENTATION_CONTEXT(2) 
PARAMETRIC_REPRESENTATION_CONTEXT() REPRESENTATION_CONTEXT('2D SPACE',''
  ) );
#12744 = PCURVE('',#11746,#12745);
#12745 = DEFINITIONAL_REPRESENTATION('',(#12746),#12750);
#12746 = LINE('',#12747,#12748);
#12747 = CARTESIAN_POINT('',(0.,0.));
#12748 = VECTOR('',#12749,1.);
#12749 = DIRECTION('',(1.,0.));
#12750 = ( GEOMETRIC_REPRESENTATION_CONTEXT(2) 
PARAMETRIC_REPRESENTATION_CONTEXT() REPRESENTATION_CONTEXT('2D SPACE',''
  ) );
#12751 = ORIENTED_EDGE('',*,*,#11646,.T.);
#12752 = ORIENTED_EDGE('',*,*,#12753,.T.);
#12753 = EDGE_CURVE('',#11649,#12754,#12756,.T.);
#12754 = VERTEX_POINT('',#12755);
#12755 = CARTESIAN_POINT('',(-770.,-650.,680.));
#12756 = SURFACE_CURVE('',#12757,(#12761,#12768),.PCURVE_S1.);
#12757 = LINE('',#12758,#12759);
#12758 = CARTESIAN_POINT('',(-770.,-650.,500.));
#12759 = VECTOR('',#12760,1.);
#12760 = DIRECTION('',(0.,0.,1.));
#12761 = PCURVE('',#11664,#12762);
#12762 = DEFINITIONAL_REPRESENTATION('',(#12763),#12767);
#12763 = LINE('',#12764,#12765);
#12764 = CARTESIAN_POINT('',(0.,-140.));
#12765 = VECTOR('',#12766,1.);
#12766 = DIRECTION('',(1.,0.));
#12767 = ( GEOMETRIC_REPRESENTATION_CONTEXT(2) 
PARAMETRIC_REPRESENTATION_CONTEXT() REPRESENTATION_CONTEXT('2D SPACE',''
  ) );
#12768 = PCURVE('',#11692,#12769);
#12769 = DEFINITIONAL_REPRESENTATION('',(#12770),#12774);
#12770 = LINE('',#12771,#12772);
#12771 = CARTESIAN_POINT('',(0.,0.));
#12772 = VECTOR('',#12773,1.);
#12773 = DIRECTION('',(1.,0.));
#12774 = ( GEOMETRIC_REPRESENTATION_CONTEXT(2) 
PARAMETRIC_REPRESENTATION_CONTEXT() REPRESENTATION_CONTEXT('2D SPACE',''
  ) );
#12775 = ORIENTED_EDGE('',*,*,#12776,.F.);
#12776 = EDGE_CURVE('',#12730,#12754,#12777,.T.);
#12777 = SURFACE_CURVE('',#12778,(#12782,#12789),.PCURVE_S1.);
#12778 = LINE('',#12779,#12780);
#12779 = CARTESIAN_POINT('',(-770.,-790.,680.));
#12780 = VECTOR('',#12781,1.);
#12781 = DIRECTION('',(0.,1.,0.));
#12782 = PCURVE('',#11664,#12783);
#12783 = DEFINITIONAL_REPRESENTATION('',(#12784),#12788);
#12784 = LINE('',#12785,#12786);
#12785 = CARTESIAN_POINT('',(180.,0.));
#12786 = VECTOR('',#12787,1.);
#12787 = DIRECTION('',(0.,-1.));
#12788 = ( GEOMETRIC_REPRESENTATION_CONTEXT(2) 
PARAMETRIC_REPRESENTATION_CONTEXT() REPRESENTATION_CONTEXT('2D SPACE',''
  ) );
#12789 = PCURVE('',#12790,#12795);
#12790 = PLANE('',#12791);
#12791 = AXIS2_PLACEMENT_3D('',#12792,#12793,#12794);
#12792 = CARTESIAN_POINT('',(-770.,-790.,680.));
#12793 = DIRECTION('',(0.,0.,1.));
#12794 = DIRECTION('',(1.,0.,0.));
#12795 = DEFINITIONAL_REPRESENTATION('',(#12796),#12800);
#12796 = LINE('',#12797,#12798);
#12797 = CARTESIAN_POINT('',(0.,0.));
#12798 = VECTOR('',#12799,1.);
#12799 = DIRECTION('',(0.,1.));
#12800 = ( GEOMETRIC_REPRESENTATION_CONTEXT(2) 
PARAMETRIC_REPRESENTATION_CONTEXT() REPRESENTATION_CONTEXT('2D SPACE',''
  ) );
#12801 = ADVANCED_FACE('',(#12802),#11692,.T.);
#12802 = FACE_BOUND('',#12803,.T.);
#12803 = EDGE_LOOP('',(#12804,#12805,#12806,#12829));
#12804 = ORIENTED_EDGE('',*,*,#11676,.F.);
#12805 = ORIENTED_EDGE('',*,*,#12753,.T.);
#12806 = ORIENTED_EDGE('',*,*,#12807,.T.);
#12807 = EDGE_CURVE('',#12754,#12808,#12810,.T.);
#12808 = VERTEX_POINT('',#12809);
#12809 = CARTESIAN_POINT('',(-630.,-650.,680.));
#12810 = SURFACE_CURVE('',#12811,(#12815,#12822),.PCURVE_S1.);
#12811 = LINE('',#12812,#12813);
#12812 = CARTESIAN_POINT('',(-770.,-650.,680.));
#12813 = VECTOR('',#12814,1.);
#12814 = DIRECTION('',(1.,0.,0.));
#12815 = PCURVE('',#11692,#12816);
#12816 = DEFINITIONAL_REPRESENTATION('',(#12817),#12821);
#12817 = LINE('',#12818,#12819);
#12818 = CARTESIAN_POINT('',(180.,0.));
#12819 = VECTOR('',#12820,1.);
#12820 = DIRECTION('',(0.,1.));
#12821 = ( GEOMETRIC_REPRESENTATION_CONTEXT(2) 
PARAMETRIC_REPRESENTATION_CONTEXT() REPRESENTATION_CONTEXT('2D SPACE',''
  ) );
#12822 = PCURVE('',#12790,#12823);
#12823 = DEFINITIONAL_REPRESENTATION('',(#12824),#12828);
#12824 = LINE('',#12825,#12826);
#12825 = CARTESIAN_POINT('',(0.,140.));
#12826 = VECTOR('',#12827,1.);
#12827 = DIRECTION('',(1.,0.));
#12828 = ( GEOMETRIC_REPRESENTATION_CONTEXT(2) 
PARAMETRIC_REPRESENTATION_CONTEXT() REPRESENTATION_CONTEXT('2D SPACE',''
  ) );
#12829 = ORIENTED_EDGE('',*,*,#12830,.F.);
#12830 = EDGE_CURVE('',#11677,#12808,#12831,.T.);
#12831 = SURFACE_CURVE('',#12832,(#12836,#12843),.PCURVE_S1.);
#12832 = LINE('',#12833,#12834);
#12833 = CARTESIAN_POINT('',(-630.,-650.,500.));
#12834 = VECTOR('',#12835,1.);
#12835 = DIRECTION('',(0.,0.,1.));
#12836 = PCURVE('',#11692,#12837);
#12837 = DEFINITIONAL_REPRESENTATION('',(#12838),#12842);
#12838 = LINE('',#12839,#12840);
#12839 = CARTESIAN_POINT('',(0.,140.));
#12840 = VECTOR('',#12841,1.);
#12841 = DIRECTION('',(1.,0.));
#12842 = ( GEOMETRIC_REPRESENTATION_CONTEXT(2) 
PARAMETRIC_REPRESENTATION_CONTEXT() REPRESENTATION_CONTEXT('2D SPACE',''
  ) );
#12843 = PCURVE('',#11720,#12844);
#12844 = DEFINITIONAL_REPRESENTATION('',(#12845),#12849);
#12845 = LINE('',#12846,#12847);
#12846 = CARTESIAN_POINT('',(0.,-140.));
#12847 = VECTOR('',#12848,1.);
#12848 = DIRECTION('',(1.,0.));
#12849 = ( GEOMETRIC_REPRESENTATION_CONTEXT(2) 
PARAMETRIC_REPRESENTATION_CONTEXT() REPRESENTATION_CONTEXT('2D SPACE',''
  ) );
#12850 = ADVANCED_FACE('',(#12851),#11746,.F.);
#12851 = FACE_BOUND('',#12852,.F.);
#12852 = EDGE_LOOP('',(#12853,#12854,#12855,#12878));
#12853 = ORIENTED_EDGE('',*,*,#11732,.F.);
#12854 = ORIENTED_EDGE('',*,*,#12729,.T.);
#12855 = ORIENTED_EDGE('',*,*,#12856,.T.);
#12856 = EDGE_CURVE('',#12730,#12857,#12859,.T.);
#12857 = VERTEX_POINT('',#12858);
#12858 = CARTESIAN_POINT('',(-630.,-790.,680.));
#12859 = SURFACE_CURVE('',#12860,(#12864,#12871),.PCURVE_S1.);
#12860 = LINE('',#12861,#12862);
#12861 = CARTESIAN_POINT('',(-770.,-790.,680.));
#12862 = VECTOR('',#12863,1.);
#12863 = DIRECTION('',(1.,0.,0.));
#12864 = PCURVE('',#11746,#12865);
#12865 = DEFINITIONAL_REPRESENTATION('',(#12866),#12870);
#12866 = LINE('',#12867,#12868);
#12867 = CARTESIAN_POINT('',(180.,0.));
#12868 = VECTOR('',#12869,1.);
#12869 = DIRECTION('',(0.,1.));
#12870 = ( GEOMETRIC_REPRESENTATION_CONTEXT(2) 
PARAMETRIC_REPRESENTATION_CONTEXT() REPRESENTATION_CONTEXT('2D SPACE',''
  ) );
#12871 = PCURVE('',#12790,#12872);
#12872 = DEFINITIONAL_REPRESENTATION('',(#12873),#12877);
#12873 = LINE('',#12874,#12875);
#12874 = CARTESIAN_POINT('',(0.,0.));
#12875 = VECTOR('',#12876,1.);
#12876 = DIRECTION('',(1.,0.));
#12877 = ( GEOMETRIC_REPRESENTATION_CONTEXT(2) 
PARAMETRIC_REPRESENTATION_CONTEXT() REPRESENTATION_CONTEXT('2D SPACE',''
  ) );
#12878 = ORIENTED_EDGE('',*,*,#12879,.F.);
#12879 = EDGE_CURVE('',#11705,#12857,#12880,.T.);
#12880 = SURFACE_CURVE('',#12881,(#12885,#12892),.PCURVE_S1.);
#12881 = LINE('',#12882,#12883);
#12882 = CARTESIAN_POINT('',(-630.,-790.,500.));
#12883 = VECTOR('',#12884,1.);
#12884 = DIRECTION('',(0.,0.,1.));
#12885 = PCURVE('',#11746,#12886);
#12886 = DEFINITIONAL_REPRESENTATION('',(#12887),#12891);
#12887 = LINE('',#12888,#12889);
#12888 = CARTESIAN_POINT('',(0.,140.));
#12889 = VECTOR('',#12890,1.);
#12890 = DIRECTION('',(1.,0.));
#12891 = ( GEOMETRIC_REPRESENTATION_CONTEXT(2) 
PARAMETRIC_REPRESENTATION_CONTEXT() REPRESENTATION_CONTEXT('2D SPACE',''
  ) );
#12892 = PCURVE('',#11720,#12893);
#12893 = DEFINITIONAL_REPRESENTATION('',(#12894),#12898);
#12894 = LINE('',#12895,#12896);
#12895 = CARTESIAN_POINT('',(0.,0.));
#12896 = VECTOR('',#12897,1.);
#12897 = DIRECTION('',(1.,0.));
#12898 = ( GEOMETRIC_REPRESENTATION_CONTEXT(2) 
PARAMETRIC_REPRESENTATION_CONTEXT() REPRESENTATION_CONTEXT('2D SPACE',''
  ) );
#12899 = ADVANCED_FACE('',(#12900),#11720,.T.);
#12900 = FACE_BOUND('',#12901,.T.);
#12901 = EDGE_LOOP('',(#12902,#12903,#12904,#12905));
#12902 = ORIENTED_EDGE('',*,*,#12879,.F.);
#12903 = ORIENTED_EDGE('',*,*,#11704,.T.);
#12904 = ORIENTED_EDGE('',*,*,#12830,.T.);
#12905 = ORIENTED_EDGE('',*,*,#12906,.F.);
#12906 = EDGE_CURVE('',#12857,#12808,#12907,.T.);
#12907 = SURFACE_CURVE('',#12908,(#12912,#12919),.PCURVE_S1.);
#12908 = LINE('',#12909,#12910);
#12909 = CARTESIAN_POINT('',(-630.,-790.,680.));
#12910 = VECTOR('',#12911,1.);
#12911 = DIRECTION('',(0.,1.,0.));
#12912 = PCURVE('',#11720,#12913);
#12913 = DEFINITIONAL_REPRESENTATION('',(#12914),#12918);
#12914 = LINE('',#12915,#12916);
#12915 = CARTESIAN_POINT('',(180.,0.));
#12916 = VECTOR('',#12917,1.);
#12917 = DIRECTION('',(0.,-1.));
#12918 = ( GEOMETRIC_REPRESENTATION_CONTEXT(2) 
PARAMETRIC_REPRESENTATION_CONTEXT() REPRESENTATION_CONTEXT('2D SPACE',''
  ) );
#12919 = PCURVE('',#12790,#12920);
#12920 = DEFINITIONAL_REPRESENTATION('',(#12921),#12925);
#12921 = LINE('',#12922,#12923);
#12922 = CARTESIAN_POINT('',(140.,0.));
#12923 = VECTOR('',#12924,1.);
#12924 = DIRECTION('',(0.,1.));
#12925 = ( GEOMETRIC_REPRESENTATION_CONTEXT(2) 
PARAMETRIC_REPRESENTATION_CONTEXT() REPRESENTATION_CONTEXT('2D SPACE',''
  ) );
#12926 = ADVANCED_FACE('',(#12927),#11778,.F.);
#12927 = FACE_BOUND('',#12928,.F.);
#12928 = EDGE_LOOP('',(#12929,#12952,#12953,#12976));
#12929 = ORIENTED_EDGE('',*,*,#12930,.F.);
#12930 = EDGE_CURVE('',#11761,#12931,#12933,.T.);
#12931 = VERTEX_POINT('',#12932);
#12932 = CARTESIAN_POINT('',(630.,-790.,680.));
#12933 = SURFACE_CURVE('',#12934,(#12938,#12945),.PCURVE_S1.);
#12934 = LINE('',#12935,#12936);
#12935 = CARTESIAN_POINT('',(630.,-790.,500.));
#12936 = VECTOR('',#12937,1.);
#12937 = DIRECTION('',(0.,0.,1.));
#12938 = PCURVE('',#11778,#12939);
#12939 = DEFINITIONAL_REPRESENTATION('',(#12940),#12944);
#12940 = LINE('',#12941,#12942);
#12941 = CARTESIAN_POINT('',(0.,0.));
#12942 = VECTOR('',#12943,1.);
#12943 = DIRECTION('',(1.,0.));
#12944 = ( GEOMETRIC_REPRESENTATION_CONTEXT(2) 
PARAMETRIC_REPRESENTATION_CONTEXT() REPRESENTATION_CONTEXT('2D SPACE',''
  ) );
#12945 = PCURVE('',#11860,#12946);
#12946 = DEFINITIONAL_REPRESENTATION('',(#12947),#12951);
#12947 = LINE('',#12948,#12949);
#12948 = CARTESIAN_POINT('',(0.,0.));
#12949 = VECTOR('',#12950,1.);
#12950 = DIRECTION('',(1.,0.));
#12951 = ( GEOMETRIC_REPRESENTATION_CONTEXT(2) 
PARAMETRIC_REPRESENTATION_CONTEXT() REPRESENTATION_CONTEXT('2D SPACE',''
  ) );
#12952 = ORIENTED_EDGE('',*,*,#11760,.T.);
#12953 = ORIENTED_EDGE('',*,*,#12954,.T.);
#12954 = EDGE_CURVE('',#11763,#12955,#12957,.T.);
#12955 = VERTEX_POINT('',#12956);
#12956 = CARTESIAN_POINT('',(630.,-650.,680.));
#12957 = SURFACE_CURVE('',#12958,(#12962,#12969),.PCURVE_S1.);
#12958 = LINE('',#12959,#12960);
#12959 = CARTESIAN_POINT('',(630.,-650.,500.));
#12960 = VECTOR('',#12961,1.);
#12961 = DIRECTION('',(0.,0.,1.));
#12962 = PCURVE('',#11778,#12963);
#12963 = DEFINITIONAL_REPRESENTATION('',(#12964),#12968);
#12964 = LINE('',#12965,#12966);
#12965 = CARTESIAN_POINT('',(0.,-140.));
#12966 = VECTOR('',#12967,1.);
#12967 = DIRECTION('',(1.,0.));
#12968 = ( GEOMETRIC_REPRESENTATION_CONTEXT(2) 
PARAMETRIC_REPRESENTATION_CONTEXT() REPRESENTATION_CONTEXT('2D SPACE',''
  ) );
#12969 = PCURVE('',#11806,#12970);
#12970 = DEFINITIONAL_REPRESENTATION('',(#12971),#12975);
#12971 = LINE('',#12972,#12973);
#12972 = CARTESIAN_POINT('',(0.,0.));
#12973 = VECTOR('',#12974,1.);
#12974 = DIRECTION('',(1.,0.));
#12975 = ( GEOMETRIC_REPRESENTATION_CONTEXT(2) 
PARAMETRIC_REPRESENTATION_CONTEXT() REPRESENTATION_CONTEXT('2D SPACE',''
  ) );
#12976 = ORIENTED_EDGE('',*,*,#12977,.F.);
#12977 = EDGE_CURVE('',#12931,#12955,#12978,.T.);
#12978 = SURFACE_CURVE('',#12979,(#12983,#12990),.PCURVE_S1.);
#12979 = LINE('',#12980,#12981);
#12980 = CARTESIAN_POINT('',(630.,-790.,680.));
#12981 = VECTOR('',#12982,1.);
#12982 = DIRECTION('',(0.,1.,0.));
#12983 = PCURVE('',#11778,#12984);
#12984 = DEFINITIONAL_REPRESENTATION('',(#12985),#12989);
#12985 = LINE('',#12986,#12987);
#12986 = CARTESIAN_POINT('',(180.,0.));
#12987 = VECTOR('',#12988,1.);
#12988 = DIRECTION('',(0.,-1.));
#12989 = ( GEOMETRIC_REPRESENTATION_CONTEXT(2) 
PARAMETRIC_REPRESENTATION_CONTEXT() REPRESENTATION_CONTEXT('2D SPACE',''
  ) );
#12990 = PCURVE('',#12991,#12996);
#12991 = PLANE('',#12992);
#12992 = AXIS2_PLACEMENT_3D('',#12993,#12994,#12995);
#12993 = CARTESIAN_POINT('',(630.,-790.,680.));
#12994 = DIRECTION('',(0.,0.,1.));
#12995 = DIRECTION('',(1.,0.,0.));
#12996 = DEFINITIONAL_REPRESENTATION('',(#12997),#13001);
#12997 = LINE('',#12998,#12999);
#12998 = CARTESIAN_POINT('',(0.,0.));
#12999 = VECTOR('',#13000,1.);
#13000 = DIRECTION('',(0.,1.));
#13001 = ( GEOMETRIC_REPRESENTATION_CONTEXT(2) 
PARAMETRIC_REPRESENTATION_CONTEXT() REPRESENTATION_CONTEXT('2D SPACE',''
  ) );
#13002 = ADVANCED_FACE('',(#13003),#11806,.T.);
#13003 = FACE_BOUND('',#13004,.T.);
#13004 = EDGE_LOOP('',(#13005,#13006,#13007,#13030));
#13005 = ORIENTED_EDGE('',*,*,#11790,.F.);
#13006 = ORIENTED_EDGE('',*,*,#12954,.T.);
#13007 = ORIENTED_EDGE('',*,*,#13008,.T.);
#13008 = EDGE_CURVE('',#12955,#13009,#13011,.T.);
#13009 = VERTEX_POINT('',#13010);
#13010 = CARTESIAN_POINT('',(770.,-650.,680.));
#13011 = SURFACE_CURVE('',#13012,(#13016,#13023),.PCURVE_S1.);
#13012 = LINE('',#13013,#13014);
#13013 = CARTESIAN_POINT('',(630.,-650.,680.));
#13014 = VECTOR('',#13015,1.);
#13015 = DIRECTION('',(1.,0.,0.));
#13016 = PCURVE('',#11806,#13017);
#13017 = DEFINITIONAL_REPRESENTATION('',(#13018),#13022);
#13018 = LINE('',#13019,#13020);
#13019 = CARTESIAN_POINT('',(180.,0.));
#13020 = VECTOR('',#13021,1.);
#13021 = DIRECTION('',(0.,1.));
#13022 = ( GEOMETRIC_REPRESENTATION_CONTEXT(2) 
PARAMETRIC_REPRESENTATION_CONTEXT() REPRESENTATION_CONTEXT('2D SPACE',''
  ) );
#13023 = PCURVE('',#12991,#13024);
#13024 = DEFINITIONAL_REPRESENTATION('',(#13025),#13029);
#13025 = LINE('',#13026,#13027);
#13026 = CARTESIAN_POINT('',(0.,140.));
#13027 = VECTOR('',#13028,1.);
#13028 = DIRECTION('',(1.,0.));
#13029 = ( GEOMETRIC_REPRESENTATION_CONTEXT(2) 
PARAMETRIC_REPRESENTATION_CONTEXT() REPRESENTATION_CONTEXT('2D SPACE',''
  ) );
#13030 = ORIENTED_EDGE('',*,*,#13031,.F.);
#13031 = EDGE_CURVE('',#11791,#13009,#13032,.T.);
#13032 = SURFACE_CURVE('',#13033,(#13037,#13044),.PCURVE_S1.);
#13033 = LINE('',#13034,#13035);
#13034 = CARTESIAN_POINT('',(770.,-650.,500.));
#13035 = VECTOR('',#13036,1.);
#13036 = DIRECTION('',(0.,0.,1.));
#13037 = PCURVE('',#11806,#13038);
#13038 = DEFINITIONAL_REPRESENTATION('',(#13039),#13043);
#13039 = LINE('',#13040,#13041);
#13040 = CARTESIAN_POINT('',(0.,140.));
#13041 = VECTOR('',#13042,1.);
#13042 = DIRECTION('',(1.,0.));
#13043 = ( GEOMETRIC_REPRESENTATION_CONTEXT(2) 
PARAMETRIC_REPRESENTATION_CONTEXT() REPRESENTATION_CONTEXT('2D SPACE',''
  ) );
#13044 = PCURVE('',#11834,#13045);
#13045 = DEFINITIONAL_REPRESENTATION('',(#13046),#13050);
#13046 = LINE('',#13047,#13048);
#13047 = CARTESIAN_POINT('',(0.,-140.));
#13048 = VECTOR('',#13049,1.);
#13049 = DIRECTION('',(1.,0.));
#13050 = ( GEOMETRIC_REPRESENTATION_CONTEXT(2) 
PARAMETRIC_REPRESENTATION_CONTEXT() REPRESENTATION_CONTEXT('2D SPACE',''
  ) );
#13051 = ADVANCED_FACE('',(#13052),#11860,.F.);
#13052 = FACE_BOUND('',#13053,.F.);
#13053 = EDGE_LOOP('',(#13054,#13055,#13056,#13079));
#13054 = ORIENTED_EDGE('',*,*,#11846,.F.);
#13055 = ORIENTED_EDGE('',*,*,#12930,.T.);
#13056 = ORIENTED_EDGE('',*,*,#13057,.T.);
#13057 = EDGE_CURVE('',#12931,#13058,#13060,.T.);
#13058 = VERTEX_POINT('',#13059);
#13059 = CARTESIAN_POINT('',(770.,-790.,680.));
#13060 = SURFACE_CURVE('',#13061,(#13065,#13072),.PCURVE_S1.);
#13061 = LINE('',#13062,#13063);
#13062 = CARTESIAN_POINT('',(630.,-790.,680.));
#13063 = VECTOR('',#13064,1.);
#13064 = DIRECTION('',(1.,0.,0.));
#13065 = PCURVE('',#11860,#13066);
#13066 = DEFINITIONAL_REPRESENTATION('',(#13067),#13071);
#13067 = LINE('',#13068,#13069);
#13068 = CARTESIAN_POINT('',(180.,0.));
#13069 = VECTOR('',#13070,1.);
#13070 = DIRECTION('',(0.,1.));
#13071 = ( GEOMETRIC_REPRESENTATION_CONTEXT(2) 
PARAMETRIC_REPRESENTATION_CONTEXT() REPRESENTATION_CONTEXT('2D SPACE',''
  ) );
#13072 = PCURVE('',#12991,#13073);
#13073 = DEFINITIONAL_REPRESENTATION('',(#13074),#13078);
#13074 = LINE('',#13075,#13076);
#13075 = CARTESIAN_POINT('',(0.,0.));
#13076 = VECTOR('',#13077,1.);
#13077 = DIRECTION('',(1.,0.));
#13078 = ( GEOMETRIC_REPRESENTATION_CONTEXT(2) 
PARAMETRIC_REPRESENTATION_CONTEXT() REPRESENTATION_CONTEXT('2D SPACE',''
  ) );
#13079 = ORIENTED_EDGE('',*,*,#13080,.F.);
#13080 = EDGE_CURVE('',#11819,#13058,#13081,.T.);
#13081 = SURFACE_CURVE('',#13082,(#13086,#13093),.PCURVE_S1.);
#13082 = LINE('',#13083,#13084);
#13083 = CARTESIAN_POINT('',(770.,-790.,500.));
#13084 = VECTOR('',#13085,1.);
#13085 = DIRECTION('',(0.,0.,1.));
#13086 = PCURVE('',#11860,#13087);
#13087 = DEFINITIONAL_REPRESENTATION('',(#13088),#13092);
#13088 = LINE('',#13089,#13090);
#13089 = CARTESIAN_POINT('',(0.,140.));
#13090 = VECTOR('',#13091,1.);
#13091 = DIRECTION('',(1.,0.));
#13092 = ( GEOMETRIC_REPRESENTATION_CONTEXT(2) 
PARAMETRIC_REPRESENTATION_CONTEXT() REPRESENTATION_CONTEXT('2D SPACE',''
  ) );
#13093 = PCURVE('',#11834,#13094);
#13094 = DEFINITIONAL_REPRESENTATION('',(#13095),#13099);
#13095 = LINE('',#13096,#13097);
#13096 = CARTESIAN_POINT('',(0.,0.));
#13097 = VECTOR('',#13098,1.);
#13098 = DIRECTION('',(1.,0.));
#13099 = ( GEOMETRIC_REPRESENTATION_CONTEXT(2) 
PARAMETRIC_REPRESENTATION_CONTEXT() REPRESENTATION_CONTEXT('2D SPACE',''
  ) );
#13100 = ADVANCED_FACE('',(#13101),#11834,.T.);
#13101 = FACE_BOUND('',#13102,.T.);
#13102 = EDGE_LOOP('',(#13103,#13104,#13105,#13106));
#13103 = ORIENTED_EDGE('',*,*,#13080,.F.);
#13104 = ORIENTED_EDGE('',*,*,#11818,.T.);
#13105 = ORIENTED_EDGE('',*,*,#13031,.T.);
#13106 = ORIENTED_EDGE('',*,*,#13107,.F.);
#13107 = EDGE_CURVE('',#13058,#13009,#13108,.T.);
#13108 = SURFACE_CURVE('',#13109,(#13113,#13120),.PCURVE_S1.);
#13109 = LINE('',#13110,#13111);
#13110 = CARTESIAN_POINT('',(770.,-790.,680.));
#13111 = VECTOR('',#13112,1.);
#13112 = DIRECTION('',(0.,1.,0.));
#13113 = PCURVE('',#11834,#13114);
#13114 = DEFINITIONAL_REPRESENTATION('',(#13115),#13119);
#13115 = LINE('',#13116,#13117);
#13116 = CARTESIAN_POINT('',(180.,0.));
#13117 = VECTOR('',#13118,1.);
#13118 = DIRECTION('',(0.,-1.));
#13119 = ( GEOMETRIC_REPRESENTATION_CONTEXT(2) 
PARAMETRIC_REPRESENTATION_CONTEXT() REPRESENTATION_CONTEXT('2D SPACE',''
  ) );
#13120 = PCURVE('',#12991,#13121);
#13121 = DEFINITIONAL_REPRESENTATION('',(#13122),#13126);
#13122 = LINE('',#13123,#13124);
#13123 = CARTESIAN_POINT('',(140.,0.));
#13124 = VECTOR('',#13125,1.);
#13125 = DIRECTION('',(0.,1.));
#13126 = ( GEOMETRIC_REPRESENTATION_CONTEXT(2) 
PARAMETRIC_REPRESENTATION_CONTEXT() REPRESENTATION_CONTEXT('2D SPACE',''
  ) );
#13127 = ADVANCED_FACE('',(#13128),#11892,.F.);
#13128 = FACE_BOUND('',#13129,.F.);
#13129 = EDGE_LOOP('',(#13130,#13153,#13154,#13177));
#13130 = ORIENTED_EDGE('',*,*,#13131,.F.);
#13131 = EDGE_CURVE('',#11875,#13132,#13134,.T.);
#13132 = VERTEX_POINT('',#13133);
#13133 = CARTESIAN_POINT('',(2.03E+03,-790.,680.));
#13134 = SURFACE_CURVE('',#13135,(#13139,#13146),.PCURVE_S1.);
#13135 = LINE('',#13136,#13137);
#13136 = CARTESIAN_POINT('',(2.03E+03,-790.,500.));
#13137 = VECTOR('',#13138,1.);
#13138 = DIRECTION('',(0.,0.,1.));
#13139 = PCURVE('',#11892,#13140);
#13140 = DEFINITIONAL_REPRESENTATION('',(#13141),#13145);
#13141 = LINE('',#13142,#13143);
#13142 = CARTESIAN_POINT('',(0.,0.));
#13143 = VECTOR('',#13144,1.);
#13144 = DIRECTION('',(1.,0.));
#13145 = ( GEOMETRIC_REPRESENTATION_CONTEXT(2) 
PARAMETRIC_REPRESENTATION_CONTEXT() REPRESENTATION_CONTEXT('2D SPACE',''
  ) );
#13146 = PCURVE('',#11974,#13147);
#13147 = DEFINITIONAL_REPRESENTATION('',(#13148),#13152);
#13148 = LINE('',#13149,#13150);
#13149 = CARTESIAN_POINT('',(0.,0.));
#13150 = VECTOR('',#13151,1.);
#13151 = DIRECTION('',(1.,0.));
#13152 = ( GEOMETRIC_REPRESENTATION_CONTEXT(2) 
PARAMETRIC_REPRESENTATION_CONTEXT() REPRESENTATION_CONTEXT('2D SPACE',''
  ) );
#13153 = ORIENTED_EDGE('',*,*,#11874,.T.);
#13154 = ORIENTED_EDGE('',*,*,#13155,.T.);
#13155 = EDGE_CURVE('',#11877,#13156,#13158,.T.);
#13156 = VERTEX_POINT('',#13157);
#13157 = CARTESIAN_POINT('',(2.03E+03,-650.,680.));
#13158 = SURFACE_CURVE('',#13159,(#13163,#13170),.PCURVE_S1.);
#13159 = LINE('',#13160,#13161);
#13160 = CARTESIAN_POINT('',(2.03E+03,-650.,500.));
#13161 = VECTOR('',#13162,1.);
#13162 = DIRECTION('',(0.,0.,1.));
#13163 = PCURVE('',#11892,#13164);
#13164 = DEFINITIONAL_REPRESENTATION('',(#13165),#13169);
#13165 = LINE('',#13166,#13167);
#13166 = CARTESIAN_POINT('',(0.,-140.));
#13167 = VECTOR('',#13168,1.);
#13168 = DIRECTION('',(1.,0.));
#13169 = ( GEOMETRIC_REPRESENTATION_CONTEXT(2) 
PARAMETRIC_REPRESENTATION_CONTEXT() REPRESENTATION_CONTEXT('2D SPACE',''
  ) );
#13170 = PCURVE('',#11920,#13171);
#13171 = DEFINITIONAL_REPRESENTATION('',(#13172),#13176);
#13172 = LINE('',#13173,#13174);
#13173 = CARTESIAN_POINT('',(0.,0.));
#13174 = VECTOR('',#13175,1.);
#13175 = DIRECTION('',(1.,0.));
#13176 = ( GEOMETRIC_REPRESENTATION_CONTEXT(2) 
PARAMETRIC_REPRESENTATION_CONTEXT() REPRESENTATION_CONTEXT('2D SPACE',''
  ) );
#13177 = ORIENTED_EDGE('',*,*,#13178,.F.);
#13178 = EDGE_CURVE('',#13132,#13156,#13179,.T.);
#13179 = SURFACE_CURVE('',#13180,(#13184,#13191),.PCURVE_S1.);
#13180 = LINE('',#13181,#13182);
#13181 = CARTESIAN_POINT('',(2.03E+03,-790.,680.));
#13182 = VECTOR('',#13183,1.);
#13183 = DIRECTION('',(0.,1.,0.));
#13184 = PCURVE('',#11892,#13185);
#13185 = DEFINITIONAL_REPRESENTATION('',(#13186),#13190);
#13186 = LINE('',#13187,#13188);
#13187 = CARTESIAN_POINT('',(180.,0.));
#13188 = VECTOR('',#13189,1.);
#13189 = DIRECTION('',(0.,-1.));
#13190 = ( GEOMETRIC_REPRESENTATION_CONTEXT(2) 
PARAMETRIC_REPRESENTATION_CONTEXT() REPRESENTATION_CONTEXT('2D SPACE',''
  ) );
#13191 = PCURVE('',#13192,#13197);
#13192 = PLANE('',#13193);
#13193 = AXIS2_PLACEMENT_3D('',#13194,#13195,#13196);
#13194 = CARTESIAN_POINT('',(2.03E+03,-790.,680.));
#13195 = DIRECTION('',(0.,0.,1.));
#13196 = DIRECTION('',(1.,0.,0.));
#13197 = DEFINITIONAL_REPRESENTATION('',(#13198),#13202);
#13198 = LINE('',#13199,#13200);
#13199 = CARTESIAN_POINT('',(0.,0.));
#13200 = VECTOR('',#13201,1.);
#13201 = DIRECTION('',(0.,1.));
#13202 = ( GEOMETRIC_REPRESENTATION_CONTEXT(2) 
PARAMETRIC_REPRESENTATION_CONTEXT() REPRESENTATION_CONTEXT('2D SPACE',''
  ) );
#13203 = ADVANCED_FACE('',(#13204),#11920,.T.);
#13204 = FACE_BOUND('',#13205,.T.);
#13205 = EDGE_LOOP('',(#13206,#13207,#13208,#13231));
#13206 = ORIENTED_EDGE('',*,*,#11904,.F.);
#13207 = ORIENTED_EDGE('',*,*,#13155,.T.);
#13208 = ORIENTED_EDGE('',*,*,#13209,.T.);
#13209 = EDGE_CURVE('',#13156,#13210,#13212,.T.);
#13210 = VERTEX_POINT('',#13211);
#13211 = CARTESIAN_POINT('',(2.17E+03,-650.,680.));
#13212 = SURFACE_CURVE('',#13213,(#13217,#13224),.PCURVE_S1.);
#13213 = LINE('',#13214,#13215);
#13214 = CARTESIAN_POINT('',(2.03E+03,-650.,680.));
#13215 = VECTOR('',#13216,1.);
#13216 = DIRECTION('',(1.,0.,0.));
#13217 = PCURVE('',#11920,#13218);
#13218 = DEFINITIONAL_REPRESENTATION('',(#13219),#13223);
#13219 = LINE('',#13220,#13221);
#13220 = CARTESIAN_POINT('',(180.,0.));
#13221 = VECTOR('',#13222,1.);
#13222 = DIRECTION('',(0.,1.));
#13223 = ( GEOMETRIC_REPRESENTATION_CONTEXT(2) 
PARAMETRIC_REPRESENTATION_CONTEXT() REPRESENTATION_CONTEXT('2D SPACE',''
  ) );
#13224 = PCURVE('',#13192,#13225);
#13225 = DEFINITIONAL_REPRESENTATION('',(#13226),#13230);
#13226 = LINE('',#13227,#13228);
#13227 = CARTESIAN_POINT('',(0.,140.));
#13228 = VECTOR('',#13229,1.);
#13229 = DIRECTION('',(1.,0.));
#13230 = ( GEOMETRIC_REPRESENTATION_CONTEXT(2) 
PARAMETRIC_REPRESENTATION_CONTEXT() REPRESENTATION_CONTEXT('2D SPACE',''
  ) );
#13231 = ORIENTED_EDGE('',*,*,#13232,.F.);
#13232 = EDGE_CURVE('',#11905,#13210,#13233,.T.);
#13233 = SURFACE_CURVE('',#13234,(#13238,#13245),.PCURVE_S1.);
#13234 = LINE('',#13235,#13236);
#13235 = CARTESIAN_POINT('',(2.17E+03,-650.,500.));
#13236 = VECTOR('',#13237,1.);
#13237 = DIRECTION('',(0.,0.,1.));
#13238 = PCURVE('',#11920,#13239);
#13239 = DEFINITIONAL_REPRESENTATION('',(#13240),#13244);
#13240 = LINE('',#13241,#13242);
#13241 = CARTESIAN_POINT('',(0.,140.));
#13242 = VECTOR('',#13243,1.);
#13243 = DIRECTION('',(1.,0.));
#13244 = ( GEOMETRIC_REPRESENTATION_CONTEXT(2) 
PARAMETRIC_REPRESENTATION_CONTEXT() REPRESENTATION_CONTEXT('2D SPACE',''
  ) );
#13245 = PCURVE('',#11948,#13246);
#13246 = DEFINITIONAL_REPRESENTATION('',(#13247),#13251);
#13247 = LINE('',#13248,#13249);
#13248 = CARTESIAN_POINT('',(0.,-140.));
#13249 = VECTOR('',#13250,1.);
#13250 = DIRECTION('',(1.,0.));
#13251 = ( GEOMETRIC_REPRESENTATION_CONTEXT(2) 
PARAMETRIC_REPRESENTATION_CONTEXT() REPRESENTATION_CONTEXT('2D SPACE',''
  ) );
#13252 = ADVANCED_FACE('',(#13253),#11974,.F.);
#13253 = FACE_BOUND('',#13254,.F.);
#13254 = EDGE_LOOP('',(#13255,#13256,#13257,#13280));
#13255 = ORIENTED_EDGE('',*,*,#11960,.F.);
#13256 = ORIENTED_EDGE('',*,*,#13131,.T.);
#13257 = ORIENTED_EDGE('',*,*,#13258,.T.);
#13258 = EDGE_CURVE('',#13132,#13259,#13261,.T.);
#13259 = VERTEX_POINT('',#13260);
#13260 = CARTESIAN_POINT('',(2.17E+03,-790.,680.));
#13261 = SURFACE_CURVE('',#13262,(#13266,#13273),.PCURVE_S1.);
#13262 = LINE('',#13263,#13264);
#13263 = CARTESIAN_POINT('',(2.03E+03,-790.,680.));
#13264 = VECTOR('',#13265,1.);
#13265 = DIRECTION('',(1.,0.,0.));
#13266 = PCURVE('',#11974,#13267);
#13267 = DEFINITIONAL_REPRESENTATION('',(#13268),#13272);
#13268 = LINE('',#13269,#13270);
#13269 = CARTESIAN_POINT('',(180.,0.));
#13270 = VECTOR('',#13271,1.);
#13271 = DIRECTION('',(0.,1.));
#13272 = ( GEOMETRIC_REPRESENTATION_CONTEXT(2) 
PARAMETRIC_REPRESENTATION_CONTEXT() REPRESENTATION_CONTEXT('2D SPACE',''
  ) );
#13273 = PCURVE('',#13192,#13274);
#13274 = DEFINITIONAL_REPRESENTATION('',(#13275),#13279);
#13275 = LINE('',#13276,#13277);
#13276 = CARTESIAN_POINT('',(0.,0.));
#13277 = VECTOR('',#13278,1.);
#13278 = DIRECTION('',(1.,0.));
#13279 = ( GEOMETRIC_REPRESENTATION_CONTEXT(2) 
PARAMETRIC_REPRESENTATION_CONTEXT() REPRESENTATION_CONTEXT('2D SPACE',''
  ) );
#13280 = ORIENTED_EDGE('',*,*,#13281,.F.);
#13281 = EDGE_CURVE('',#11933,#13259,#13282,.T.);
#13282 = SURFACE_CURVE('',#13283,(#13287,#13294),.PCURVE_S1.);
#13283 = LINE('',#13284,#13285);
#13284 = CARTESIAN_POINT('',(2.17E+03,-790.,500.));
#13285 = VECTOR('',#13286,1.);
#13286 = DIRECTION('',(0.,0.,1.));
#13287 = PCURVE('',#11974,#13288);
#13288 = DEFINITIONAL_REPRESENTATION('',(#13289),#13293);
#13289 = LINE('',#13290,#13291);
#13290 = CARTESIAN_POINT('',(0.,140.));
#13291 = VECTOR('',#13292,1.);
#13292 = DIRECTION('',(1.,0.));
#13293 = ( GEOMETRIC_REPRESENTATION_CONTEXT(2) 
PARAMETRIC_REPRESENTATION_CONTEXT() REPRESENTATION_CONTEXT('2D SPACE',''
  ) );
#13294 = PCURVE('',#11948,#13295);
#13295 = DEFINITIONAL_REPRESENTATION('',(#13296),#13300);
#13296 = LINE('',#13297,#13298);
#13297 = CARTESIAN_POINT('',(0.,0.));
#13298 = VECTOR('',#13299,1.);
#13299 = DIRECTION('',(1.,0.));
#13300 = ( GEOMETRIC_REPRESENTATION_CONTEXT(2) 
PARAMETRIC_REPRESENTATION_CONTEXT() REPRESENTATION_CONTEXT('2D SPACE',''
  ) );
#13301 = ADVANCED_FACE('',(#13302),#11948,.T.);
#13302 = FACE_BOUND('',#13303,.T.);
#13303 = EDGE_LOOP('',(#13304,#13305,#13306,#13307));
#13304 = ORIENTED_EDGE('',*,*,#13281,.F.);
#13305 = ORIENTED_EDGE('',*,*,#11932,.T.);
#13306 = ORIENTED_EDGE('',*,*,#13232,.T.);
#13307 = ORIENTED_EDGE('',*,*,#13308,.F.);
#13308 = EDGE_CURVE('',#13259,#13210,#13309,.T.);
#13309 = SURFACE_CURVE('',#13310,(#13314,#13321),.PCURVE_S1.);
#13310 = LINE('',#13311,#13312);
#13311 = CARTESIAN_POINT('',(2.17E+03,-790.,680.));
#13312 = VECTOR('',#13313,1.);
#13313 = DIRECTION('',(0.,1.,0.));
#13314 = PCURVE('',#11948,#13315);
#13315 = DEFINITIONAL_REPRESENTATION('',(#13316),#13320);
#13316 = LINE('',#13317,#13318);
#13317 = CARTESIAN_POINT('',(180.,0.));
#13318 = VECTOR('',#13319,1.);
#13319 = DIRECTION('',(0.,-1.));
#13320 = ( GEOMETRIC_REPRESENTATION_CONTEXT(2) 
PARAMETRIC_REPRESENTATION_CONTEXT() REPRESENTATION_CONTEXT('2D SPACE',''
  ) );
#13321 = PCURVE('',#13192,#13322);
#13322 = DEFINITIONAL_REPRESENTATION('',(#13323),#13327);
#13323 = LINE('',#13324,#13325);
#13324 = CARTESIAN_POINT('',(140.,0.));
#13325 = VECTOR('',#13326,1.);
#13326 = DIRECTION('',(0.,1.));
#13327 = ( GEOMETRIC_REPRESENTATION_CONTEXT(2) 
PARAMETRIC_REPRESENTATION_CONTEXT() REPRESENTATION_CONTEXT('2D SPACE',''
  ) );
#13328 = ADVANCED_FACE('',(#13329),#12006,.F.);
#13329 = FACE_BOUND('',#13330,.F.);
#13330 = EDGE_LOOP('',(#13331,#13354,#13355,#13378));
#13331 = ORIENTED_EDGE('',*,*,#13332,.F.);
#13332 = EDGE_CURVE('',#11989,#13333,#13335,.T.);
#13333 = VERTEX_POINT('',#13334);
#13334 = CARTESIAN_POINT('',(-2.17E+03,650.,680.));
#13335 = SURFACE_CURVE('',#13336,(#13340,#13347),.PCURVE_S1.);
#13336 = LINE('',#13337,#13338);
#13337 = CARTESIAN_POINT('',(-2.17E+03,650.,500.));
#13338 = VECTOR('',#13339,1.);
#13339 = DIRECTION('',(0.,0.,1.));
#13340 = PCURVE('',#12006,#13341);
#13341 = DEFINITIONAL_REPRESENTATION('',(#13342),#13346);
#13342 = LINE('',#13343,#13344);
#13343 = CARTESIAN_POINT('',(0.,0.));
#13344 = VECTOR('',#13345,1.);
#13345 = DIRECTION('',(1.,0.));
#13346 = ( GEOMETRIC_REPRESENTATION_CONTEXT(2) 
PARAMETRIC_REPRESENTATION_CONTEXT() REPRESENTATION_CONTEXT('2D SPACE',''
  ) );
#13347 = PCURVE('',#12088,#13348);
#13348 = DEFINITIONAL_REPRESENTATION('',(#13349),#13353);
#13349 = LINE('',#13350,#13351);
#13350 = CARTESIAN_POINT('',(0.,0.));
#13351 = VECTOR('',#13352,1.);
#13352 = DIRECTION('',(1.,0.));
#13353 = ( GEOMETRIC_REPRESENTATION_CONTEXT(2) 
PARAMETRIC_REPRESENTATION_CONTEXT() REPRESENTATION_CONTEXT('2D SPACE',''
  ) );
#13354 = ORIENTED_EDGE('',*,*,#11988,.T.);
#13355 = ORIENTED_EDGE('',*,*,#13356,.T.);
#13356 = EDGE_CURVE('',#11991,#13357,#13359,.T.);
#13357 = VERTEX_POINT('',#13358);
#13358 = CARTESIAN_POINT('',(-2.17E+03,790.,680.));
#13359 = SURFACE_CURVE('',#13360,(#13364,#13371),.PCURVE_S1.);
#13360 = LINE('',#13361,#13362);
#13361 = CARTESIAN_POINT('',(-2.17E+03,790.,500.));
#13362 = VECTOR('',#13363,1.);
#13363 = DIRECTION('',(0.,0.,1.));
#13364 = PCURVE('',#12006,#13365);
#13365 = DEFINITIONAL_REPRESENTATION('',(#13366),#13370);
#13366 = LINE('',#13367,#13368);
#13367 = CARTESIAN_POINT('',(0.,-140.));
#13368 = VECTOR('',#13369,1.);
#13369 = DIRECTION('',(1.,0.));
#13370 = ( GEOMETRIC_REPRESENTATION_CONTEXT(2) 
PARAMETRIC_REPRESENTATION_CONTEXT() REPRESENTATION_CONTEXT('2D SPACE',''
  ) );
#13371 = PCURVE('',#12034,#13372);
#13372 = DEFINITIONAL_REPRESENTATION('',(#13373),#13377);
#13373 = LINE('',#13374,#13375);
#13374 = CARTESIAN_POINT('',(0.,0.));
#13375 = VECTOR('',#13376,1.);
#13376 = DIRECTION('',(1.,0.));
#13377 = ( GEOMETRIC_REPRESENTATION_CONTEXT(2) 
PARAMETRIC_REPRESENTATION_CONTEXT() REPRESENTATION_CONTEXT('2D SPACE',''
  ) );
#13378 = ORIENTED_EDGE('',*,*,#13379,.F.);
#13379 = EDGE_CURVE('',#13333,#13357,#13380,.T.);
#13380 = SURFACE_CURVE('',#13381,(#13385,#13392),.PCURVE_S1.);
#13381 = LINE('',#13382,#13383);
#13382 = CARTESIAN_POINT('',(-2.17E+03,650.,680.));
#13383 = VECTOR('',#13384,1.);
#13384 = DIRECTION('',(0.,1.,0.));
#13385 = PCURVE('',#12006,#13386);
#13386 = DEFINITIONAL_REPRESENTATION('',(#13387),#13391);
#13387 = LINE('',#13388,#13389);
#13388 = CARTESIAN_POINT('',(180.,0.));
#13389 = VECTOR('',#13390,1.);
#13390 = DIRECTION('',(0.,-1.));
#13391 = ( GEOMETRIC_REPRESENTATION_CONTEXT(2) 
PARAMETRIC_REPRESENTATION_CONTEXT() REPRESENTATION_CONTEXT('2D SPACE',''
  ) );
#13392 = PCURVE('',#13393,#13398);
#13393 = PLANE('',#13394);
#13394 = AXIS2_PLACEMENT_3D('',#13395,#13396,#13397);
#13395 = CARTESIAN_POINT('',(-2.17E+03,650.,680.));
#13396 = DIRECTION('',(0.,0.,1.));
#13397 = DIRECTION('',(1.,0.,0.));
#13398 = DEFINITIONAL_REPRESENTATION('',(#13399),#13403);
#13399 = LINE('',#13400,#13401);
#13400 = CARTESIAN_POINT('',(0.,0.));
#13401 = VECTOR('',#13402,1.);
#13402 = DIRECTION('',(0.,1.));
#13403 = ( GEOMETRIC_REPRESENTATION_CONTEXT(2) 
PARAMETRIC_REPRESENTATION_CONTEXT() REPRESENTATION_CONTEXT('2D SPACE',''
  ) );
#13404 = ADVANCED_FACE('',(#13405),#12034,.T.);
#13405 = FACE_BOUND('',#13406,.T.);
#13406 = EDGE_LOOP('',(#13407,#13408,#13409,#13432));
#13407 = ORIENTED_EDGE('',*,*,#12018,.F.);
#13408 = ORIENTED_EDGE('',*,*,#13356,.T.);
#13409 = ORIENTED_EDGE('',*,*,#13410,.T.);
#13410 = EDGE_CURVE('',#13357,#13411,#13413,.T.);
#13411 = VERTEX_POINT('',#13412);
#13412 = CARTESIAN_POINT('',(-2.03E+03,790.,680.));
#13413 = SURFACE_CURVE('',#13414,(#13418,#13425),.PCURVE_S1.);
#13414 = LINE('',#13415,#13416);
#13415 = CARTESIAN_POINT('',(-2.17E+03,790.,680.));
#13416 = VECTOR('',#13417,1.);
#13417 = DIRECTION('',(1.,0.,0.));
#13418 = PCURVE('',#12034,#13419);
#13419 = DEFINITIONAL_REPRESENTATION('',(#13420),#13424);
#13420 = LINE('',#13421,#13422);
#13421 = CARTESIAN_POINT('',(180.,0.));
#13422 = VECTOR('',#13423,1.);
#13423 = DIRECTION('',(0.,1.));
#13424 = ( GEOMETRIC_REPRESENTATION_CONTEXT(2) 
PARAMETRIC_REPRESENTATION_CONTEXT() REPRESENTATION_CONTEXT('2D SPACE',''
  ) );
#13425 = PCURVE('',#13393,#13426);
#13426 = DEFINITIONAL_REPRESENTATION('',(#13427),#13431);
#13427 = LINE('',#13428,#13429);
#13428 = CARTESIAN_POINT('',(0.,140.));
#13429 = VECTOR('',#13430,1.);
#13430 = DIRECTION('',(1.,0.));
#13431 = ( GEOMETRIC_REPRESENTATION_CONTEXT(2) 
PARAMETRIC_REPRESENTATION_CONTEXT() REPRESENTATION_CONTEXT('2D SPACE',''
  ) );
#13432 = ORIENTED_EDGE('',*,*,#13433,.F.);
#13433 = EDGE_CURVE('',#12019,#13411,#13434,.T.);
#13434 = SURFACE_CURVE('',#13435,(#13439,#13446),.PCURVE_S1.);
#13435 = LINE('',#13436,#13437);
#13436 = CARTESIAN_POINT('',(-2.03E+03,790.,500.));
#13437 = VECTOR('',#13438,1.);
#13438 = DIRECTION('',(0.,0.,1.));
#13439 = PCURVE('',#12034,#13440);
#13440 = DEFINITIONAL_REPRESENTATION('',(#13441),#13445);
#13441 = LINE('',#13442,#13443);
#13442 = CARTESIAN_POINT('',(0.,140.));
#13443 = VECTOR('',#13444,1.);
#13444 = DIRECTION('',(1.,0.));
#13445 = ( GEOMETRIC_REPRESENTATION_CONTEXT(2) 
PARAMETRIC_REPRESENTATION_CONTEXT() REPRESENTATION_CONTEXT('2D SPACE',''
  ) );
#13446 = PCURVE('',#12062,#13447);
#13447 = DEFINITIONAL_REPRESENTATION('',(#13448),#13452);
#13448 = LINE('',#13449,#13450);
#13449 = CARTESIAN_POINT('',(0.,-140.));
#13450 = VECTOR('',#13451,1.);
#13451 = DIRECTION('',(1.,0.));
#13452 = ( GEOMETRIC_REPRESENTATION_CONTEXT(2) 
PARAMETRIC_REPRESENTATION_CONTEXT() REPRESENTATION_CONTEXT('2D SPACE',''
  ) );
#13453 = ADVANCED_FACE('',(#13454),#12088,.F.);
#13454 = FACE_BOUND('',#13455,.F.);
#13455 = EDGE_LOOP('',(#13456,#13457,#13458,#13481));
#13456 = ORIENTED_EDGE('',*,*,#12074,.F.);
#13457 = ORIENTED_EDGE('',*,*,#13332,.T.);
#13458 = ORIENTED_EDGE('',*,*,#13459,.T.);
#13459 = EDGE_CURVE('',#13333,#13460,#13462,.T.);
#13460 = VERTEX_POINT('',#13461);
#13461 = CARTESIAN_POINT('',(-2.03E+03,650.,680.));
#13462 = SURFACE_CURVE('',#13463,(#13467,#13474),.PCURVE_S1.);
#13463 = LINE('',#13464,#13465);
#13464 = CARTESIAN_POINT('',(-2.17E+03,650.,680.));
#13465 = VECTOR('',#13466,1.);
#13466 = DIRECTION('',(1.,0.,0.));
#13467 = PCURVE('',#12088,#13468);
#13468 = DEFINITIONAL_REPRESENTATION('',(#13469),#13473);
#13469 = LINE('',#13470,#13471);
#13470 = CARTESIAN_POINT('',(180.,0.));
#13471 = VECTOR('',#13472,1.);
#13472 = DIRECTION('',(0.,1.));
#13473 = ( GEOMETRIC_REPRESENTATION_CONTEXT(2) 
PARAMETRIC_REPRESENTATION_CONTEXT() REPRESENTATION_CONTEXT('2D SPACE',''
  ) );
#13474 = PCURVE('',#13393,#13475);
#13475 = DEFINITIONAL_REPRESENTATION('',(#13476),#13480);
#13476 = LINE('',#13477,#13478);
#13477 = CARTESIAN_POINT('',(0.,0.));
#13478 = VECTOR('',#13479,1.);
#13479 = DIRECTION('',(1.,0.));
#13480 = ( GEOMETRIC_REPRESENTATION_CONTEXT(2) 
PARAMETRIC_REPRESENTATION_CONTEXT() REPRESENTATION_CONTEXT('2D SPACE',''
  ) );
#13481 = ORIENTED_EDGE('',*,*,#13482,.F.);
#13482 = EDGE_CURVE('',#12047,#13460,#13483,.T.);
#13483 = SURFACE_CURVE('',#13484,(#13488,#13495),.PCURVE_S1.);
#13484 = LINE('',#13485,#13486);
#13485 = CARTESIAN_POINT('',(-2.03E+03,650.,500.));
#13486 = VECTOR('',#13487,1.);
#13487 = DIRECTION('',(0.,0.,1.));
#13488 = PCURVE('',#12088,#13489);
#13489 = DEFINITIONAL_REPRESENTATION('',(#13490),#13494);
#13490 = LINE('',#13491,#13492);
#13491 = CARTESIAN_POINT('',(0.,140.));
#13492 = VECTOR('',#13493,1.);
#13493 = DIRECTION('',(1.,0.));
#13494 = ( GEOMETRIC_REPRESENTATION_CONTEXT(2) 
PARAMETRIC_REPRESENTATION_CONTEXT() REPRESENTATION_CONTEXT('2D SPACE',''
  ) );
#13495 = PCURVE('',#12062,#13496);
#13496 = DEFINITIONAL_REPRESENTATION('',(#13497),#13501);
#13497 = LINE('',#13498,#13499);
#13498 = CARTESIAN_POINT('',(0.,0.));
#13499 = VECTOR('',#13500,1.);
#13500 = DIRECTION('',(1.,0.));
#13501 = ( GEOMETRIC_REPRESENTATION_CONTEXT(2) 
PARAMETRIC_REPRESENTATION_CONTEXT() REPRESENTATION_CONTEXT('2D SPACE',''
  ) );
#13502 = ADVANCED_FACE('',(#13503),#12062,.T.);
#13503 = FACE_BOUND('',#13504,.T.);
#13504 = EDGE_LOOP('',(#13505,#13506,#13507,#13508));
#13505 = ORIENTED_EDGE('',*,*,#13482,.F.);
#13506 = ORIENTED_EDGE('',*,*,#12046,.T.);
#13507 = ORIENTED_EDGE('',*,*,#13433,.T.);
#13508 = ORIENTED_EDGE('',*,*,#13509,.F.);
#13509 = EDGE_CURVE('',#13460,#13411,#13510,.T.);
#13510 = SURFACE_CURVE('',#13511,(#13515,#13522),.PCURVE_S1.);
#13511 = LINE('',#13512,#13513);
#13512 = CARTESIAN_POINT('',(-2.03E+03,650.,680.));
#13513 = VECTOR('',#13514,1.);
#13514 = DIRECTION('',(0.,1.,0.));
#13515 = PCURVE('',#12062,#13516);
#13516 = DEFINITIONAL_REPRESENTATION('',(#13517),#13521);
#13517 = LINE('',#13518,#13519);
#13518 = CARTESIAN_POINT('',(180.,0.));
#13519 = VECTOR('',#13520,1.);
#13520 = DIRECTION('',(0.,-1.));
#13521 = ( GEOMETRIC_REPRESENTATION_CONTEXT(2) 
PARAMETRIC_REPRESENTATION_CONTEXT() REPRESENTATION_CONTEXT('2D SPACE',''
  ) );
#13522 = PCURVE('',#13393,#13523);
#13523 = DEFINITIONAL_REPRESENTATION('',(#13524),#13528);
#13524 = LINE('',#13525,#13526);
#13525 = CARTESIAN_POINT('',(140.,0.));
#13526 = VECTOR('',#13527,1.);
#13527 = DIRECTION('',(0.,1.));
#13528 = ( GEOMETRIC_REPRESENTATION_CONTEXT(2) 
PARAMETRIC_REPRESENTATION_CONTEXT() REPRESENTATION_CONTEXT('2D SPACE',''
  ) );
#13529 = ADVANCED_FACE('',(#13530),#12120,.F.);
#13530 = FACE_BOUND('',#13531,.F.);
#13531 = EDGE_LOOP('',(#13532,#13555,#13556,#13579));
#13532 = ORIENTED_EDGE('',*,*,#13533,.F.);
#13533 = EDGE_CURVE('',#12103,#13534,#13536,.T.);
#13534 = VERTEX_POINT('',#13535);
#13535 = CARTESIAN_POINT('',(-770.,650.,680.));
#13536 = SURFACE_CURVE('',#13537,(#13541,#13548),.PCURVE_S1.);
#13537 = LINE('',#13538,#13539);
#13538 = CARTESIAN_POINT('',(-770.,650.,500.));
#13539 = VECTOR('',#13540,1.);
#13540 = DIRECTION('',(0.,0.,1.));
#13541 = PCURVE('',#12120,#13542);
#13542 = DEFINITIONAL_REPRESENTATION('',(#13543),#13547);
#13543 = LINE('',#13544,#13545);
#13544 = CARTESIAN_POINT('',(0.,0.));
#13545 = VECTOR('',#13546,1.);
#13546 = DIRECTION('',(1.,0.));
#13547 = ( GEOMETRIC_REPRESENTATION_CONTEXT(2) 
PARAMETRIC_REPRESENTATION_CONTEXT() REPRESENTATION_CONTEXT('2D SPACE',''
  ) );
#13548 = PCURVE('',#12202,#13549);
#13549 = DEFINITIONAL_REPRESENTATION('',(#13550),#13554);
#13550 = LINE('',#13551,#13552);
#13551 = CARTESIAN_POINT('',(0.,0.));
#13552 = VECTOR('',#13553,1.);
#13553 = DIRECTION('',(1.,0.));
#13554 = ( GEOMETRIC_REPRESENTATION_CONTEXT(2) 
PARAMETRIC_REPRESENTATION_CONTEXT() REPRESENTATION_CONTEXT('2D SPACE',''
  ) );
#13555 = ORIENTED_EDGE('',*,*,#12102,.T.);
#13556 = ORIENTED_EDGE('',*,*,#13557,.T.);
#13557 = EDGE_CURVE('',#12105,#13558,#13560,.T.);
#13558 = VERTEX_POINT('',#13559);
#13559 = CARTESIAN_POINT('',(-770.,790.,680.));
#13560 = SURFACE_CURVE('',#13561,(#13565,#13572),.PCURVE_S1.);
#13561 = LINE('',#13562,#13563);
#13562 = CARTESIAN_POINT('',(-770.,790.,500.));
#13563 = VECTOR('',#13564,1.);
#13564 = DIRECTION('',(0.,0.,1.));
#13565 = PCURVE('',#12120,#13566);
#13566 = DEFINITIONAL_REPRESENTATION('',(#13567),#13571);
#13567 = LINE('',#13568,#13569);
#13568 = CARTESIAN_POINT('',(0.,-140.));
#13569 = VECTOR('',#13570,1.);
#13570 = DIRECTION('',(1.,0.));
#13571 = ( GEOMETRIC_REPRESENTATION_CONTEXT(2) 
PARAMETRIC_REPRESENTATION_CONTEXT() REPRESENTATION_CONTEXT('2D SPACE',''
  ) );
#13572 = PCURVE('',#12148,#13573);
#13573 = DEFINITIONAL_REPRESENTATION('',(#13574),#13578);
#13574 = LINE('',#13575,#13576);
#13575 = CARTESIAN_POINT('',(0.,0.));
#13576 = VECTOR('',#13577,1.);
#13577 = DIRECTION('',(1.,0.));
#13578 = ( GEOMETRIC_REPRESENTATION_CONTEXT(2) 
PARAMETRIC_REPRESENTATION_CONTEXT() REPRESENTATION_CONTEXT('2D SPACE',''
  ) );
#13579 = ORIENTED_EDGE('',*,*,#13580,.F.);
#13580 = EDGE_CURVE('',#13534,#13558,#13581,.T.);
#13581 = SURFACE_CURVE('',#13582,(#13586,#13593),.PCURVE_S1.);
#13582 = LINE('',#13583,#13584);
#13583 = CARTESIAN_POINT('',(-770.,650.,680.));
#13584 = VECTOR('',#13585,1.);
#13585 = DIRECTION('',(0.,1.,0.));
#13586 = PCURVE('',#12120,#13587);
#13587 = DEFINITIONAL_REPRESENTATION('',(#13588),#13592);
#13588 = LINE('',#13589,#13590);
#13589 = CARTESIAN_POINT('',(180.,0.));
#13590 = VECTOR('',#13591,1.);
#13591 = DIRECTION('',(0.,-1.));
#13592 = ( GEOMETRIC_REPRESENTATION_CONTEXT(2) 
PARAMETRIC_REPRESENTATION_CONTEXT() REPRESENTATION_CONTEXT('2D SPACE',''
  ) );
#13593 = PCURVE('',#13594,#13599);
#13594 = PLANE('',#13595);
#13595 = AXIS2_PLACEMENT_3D('',#13596,#13597,#13598);
#13596 = CARTESIAN_POINT('',(-770.,650.,680.));
#13597 = DIRECTION('',(0.,0.,1.));
#13598 = DIRECTION('',(1.,0.,0.));
#13599 = DEFINITIONAL_REPRESENTATION('',(#13600),#13604);
#13600 = LINE('',#13601,#13602);
#13601 = CARTESIAN_POINT('',(0.,0.));
#13602 = VECTOR('',#13603,1.);
#13603 = DIRECTION('',(0.,1.));
#13604 = ( GEOMETRIC_REPRESENTATION_CONTEXT(2) 
PARAMETRIC_REPRESENTATION_CONTEXT() REPRESENTATION_CONTEXT('2D SPACE',''
  ) );
#13605 = ADVANCED_FACE('',(#13606),#12148,.T.);
#13606 = FACE_BOUND('',#13607,.T.);
#13607 = EDGE_LOOP('',(#13608,#13609,#13610,#13633));
#13608 = ORIENTED_EDGE('',*,*,#12132,.F.);
#13609 = ORIENTED_EDGE('',*,*,#13557,.T.);
#13610 = ORIENTED_EDGE('',*,*,#13611,.T.);
#13611 = EDGE_CURVE('',#13558,#13612,#13614,.T.);
#13612 = VERTEX_POINT('',#13613);
#13613 = CARTESIAN_POINT('',(-630.,790.,680.));
#13614 = SURFACE_CURVE('',#13615,(#13619,#13626),.PCURVE_S1.);
#13615 = LINE('',#13616,#13617);
#13616 = CARTESIAN_POINT('',(-770.,790.,680.));
#13617 = VECTOR('',#13618,1.);
#13618 = DIRECTION('',(1.,0.,0.));
#13619 = PCURVE('',#12148,#13620);
#13620 = DEFINITIONAL_REPRESENTATION('',(#13621),#13625);
#13621 = LINE('',#13622,#13623);
#13622 = CARTESIAN_POINT('',(180.,0.));
#13623 = VECTOR('',#13624,1.);
#13624 = DIRECTION('',(0.,1.));
#13625 = ( GEOMETRIC_REPRESENTATION_CONTEXT(2) 
PARAMETRIC_REPRESENTATION_CONTEXT() REPRESENTATION_CONTEXT('2D SPACE',''
  ) );
#13626 = PCURVE('',#13594,#13627);
#13627 = DEFINITIONAL_REPRESENTATION('',(#13628),#13632);
#13628 = LINE('',#13629,#13630);
#13629 = CARTESIAN_POINT('',(0.,140.));
#13630 = VECTOR('',#13631,1.);
#13631 = DIRECTION('',(1.,0.));
#13632 = ( GEOMETRIC_REPRESENTATION_CONTEXT(2) 
PARAMETRIC_REPRESENTATION_CONTEXT() REPRESENTATION_CONTEXT('2D SPACE',''
  ) );
#13633 = ORIENTED_EDGE('',*,*,#13634,.F.);
#13634 = EDGE_CURVE('',#12133,#13612,#13635,.T.);
#13635 = SURFACE_CURVE('',#13636,(#13640,#13647),.PCURVE_S1.);
#13636 = LINE('',#13637,#13638);
#13637 = CARTESIAN_POINT('',(-630.,790.,500.));
#13638 = VECTOR('',#13639,1.);
#13639 = DIRECTION('',(0.,0.,1.));
#13640 = PCURVE('',#12148,#13641);
#13641 = DEFINITIONAL_REPRESENTATION('',(#13642),#13646);
#13642 = LINE('',#13643,#13644);
#13643 = CARTESIAN_POINT('',(0.,140.));
#13644 = VECTOR('',#13645,1.);
#13645 = DIRECTION('',(1.,0.));
#13646 = ( GEOMETRIC_REPRESENTATION_CONTEXT(2) 
PARAMETRIC_REPRESENTATION_CONTEXT() REPRESENTATION_CONTEXT('2D SPACE',''
  ) );
#13647 = PCURVE('',#12176,#13648);
#13648 = DEFINITIONAL_REPRESENTATION('',(#13649),#13653);
#13649 = LINE('',#13650,#13651);
#13650 = CARTESIAN_POINT('',(0.,-140.));
#13651 = VECTOR('',#13652,1.);
#13652 = DIRECTION('',(1.,0.));
#13653 = ( GEOMETRIC_REPRESENTATION_CONTEXT(2) 
PARAMETRIC_REPRESENTATION_CONTEXT() REPRESENTATION_CONTEXT('2D SPACE',''
  ) );
#13654 = ADVANCED_FACE('',(#13655),#12202,.F.);
#13655 = FACE_BOUND('',#13656,.F.);
#13656 = EDGE_LOOP('',(#13657,#13658,#13659,#13682));
#13657 = ORIENTED_EDGE('',*,*,#12188,.F.);
#13658 = ORIENTED_EDGE('',*,*,#13533,.T.);
#13659 = ORIENTED_EDGE('',*,*,#13660,.T.);
#13660 = EDGE_CURVE('',#13534,#13661,#13663,.T.);
#13661 = VERTEX_POINT('',#13662);
#13662 = CARTESIAN_POINT('',(-630.,650.,680.));
#13663 = SURFACE_CURVE('',#13664,(#13668,#13675),.PCURVE_S1.);
#13664 = LINE('',#13665,#13666);
#13665 = CARTESIAN_POINT('',(-770.,650.,680.));
#13666 = VECTOR('',#13667,1.);
#13667 = DIRECTION('',(1.,0.,0.));
#13668 = PCURVE('',#12202,#13669);
#13669 = DEFINITIONAL_REPRESENTATION('',(#13670),#13674);
#13670 = LINE('',#13671,#13672);
#13671 = CARTESIAN_POINT('',(180.,0.));
#13672 = VECTOR('',#13673,1.);
#13673 = DIRECTION('',(0.,1.));
#13674 = ( GEOMETRIC_REPRESENTATION_CONTEXT(2) 
PARAMETRIC_REPRESENTATION_CONTEXT() REPRESENTATION_CONTEXT('2D SPACE',''
  ) );
#13675 = PCURVE('',#13594,#13676);
#13676 = DEFINITIONAL_REPRESENTATION('',(#13677),#13681);
#13677 = LINE('',#13678,#13679);
#13678 = CARTESIAN_POINT('',(0.,0.));
#13679 = VECTOR('',#13680,1.);
#13680 = DIRECTION('',(1.,0.));
#13681 = ( GEOMETRIC_REPRESENTATION_CONTEXT(2) 
PARAMETRIC_REPRESENTATION_CONTEXT() REPRESENTATION_CONTEXT('2D SPACE',''
  ) );
#13682 = ORIENTED_EDGE('',*,*,#13683,.F.);
#13683 = EDGE_CURVE('',#12161,#13661,#13684,.T.);
#13684 = SURFACE_CURVE('',#13685,(#13689,#13696),.PCURVE_S1.);
#13685 = LINE('',#13686,#13687);
#13686 = CARTESIAN_POINT('',(-630.,650.,500.));
#13687 = VECTOR('',#13688,1.);
#13688 = DIRECTION('',(0.,0.,1.));
#13689 = PCURVE('',#12202,#13690);
#13690 = DEFINITIONAL_REPRESENTATION('',(#13691),#13695);
#13691 = LINE('',#13692,#13693);
#13692 = CARTESIAN_POINT('',(0.,140.));
#13693 = VECTOR('',#13694,1.);
#13694 = DIRECTION('',(1.,0.));
#13695 = ( GEOMETRIC_REPRESENTATION_CONTEXT(2) 
PARAMETRIC_REPRESENTATION_CONTEXT() REPRESENTATION_CONTEXT('2D SPACE',''
  ) );
#13696 = PCURVE('',#12176,#13697);
#13697 = DEFINITIONAL_REPRESENTATION('',(#13698),#13702);
#13698 = LINE('',#13699,#13700);
#13699 = CARTESIAN_POINT('',(0.,0.));
#13700 = VECTOR('',#13701,1.);
#13701 = DIRECTION('',(1.,0.));
#13702 = ( GEOMETRIC_REPRESENTATION_CONTEXT(2) 
PARAMETRIC_REPRESENTATION_CONTEXT() REPRESENTATION_CONTEXT('2D SPACE',''
  ) );
#13703 = ADVANCED_FACE('',(#13704),#12176,.T.);
#13704 = FACE_BOUND('',#13705,.T.);
#13705 = EDGE_LOOP('',(#13706,#13707,#13708,#13709));
#13706 = ORIENTED_EDGE('',*,*,#13683,.F.);
#13707 = ORIENTED_EDGE('',*,*,#12160,.T.);
#13708 = ORIENTED_EDGE('',*,*,#13634,.T.);
#13709 = ORIENTED_EDGE('',*,*,#13710,.F.);
#13710 = EDGE_CURVE('',#13661,#13612,#13711,.T.);
#13711 = SURFACE_CURVE('',#13712,(#13716,#13723),.PCURVE_S1.);
#13712 = LINE('',#13713,#13714);
#13713 = CARTESIAN_POINT('',(-630.,650.,680.));
#13714 = VECTOR('',#13715,1.);
#13715 = DIRECTION('',(0.,1.,0.));
#13716 = PCURVE('',#12176,#13717);
#13717 = DEFINITIONAL_REPRESENTATION('',(#13718),#13722);
#13718 = LINE('',#13719,#13720);
#13719 = CARTESIAN_POINT('',(180.,0.));
#13720 = VECTOR('',#13721,1.);
#13721 = DIRECTION('',(0.,-1.));
#13722 = ( GEOMETRIC_REPRESENTATION_CONTEXT(2) 
PARAMETRIC_REPRESENTATION_CONTEXT() REPRESENTATION_CONTEXT('2D SPACE',''
  ) );
#13723 = PCURVE('',#13594,#13724);
#13724 = DEFINITIONAL_REPRESENTATION('',(#13725),#13729);
#13725 = LINE('',#13726,#13727);
#13726 = CARTESIAN_POINT('',(140.,0.));
#13727 = VECTOR('',#13728,1.);
#13728 = DIRECTION('',(0.,1.));
#13729 = ( GEOMETRIC_REPRESENTATION_CONTEXT(2) 
PARAMETRIC_REPRESENTATION_CONTEXT() REPRESENTATION_CONTEXT('2D SPACE',''
  ) );
#13730 = ADVANCED_FACE('',(#13731),#12234,.F.);
#13731 = FACE_BOUND('',#13732,.F.);
#13732 = EDGE_LOOP('',(#13733,#13756,#13757,#13780));
#13733 = ORIENTED_EDGE('',*,*,#13734,.F.);
#13734 = EDGE_CURVE('',#12217,#13735,#13737,.T.);
#13735 = VERTEX_POINT('',#13736);
#13736 = CARTESIAN_POINT('',(630.,650.,680.));
#13737 = SURFACE_CURVE('',#13738,(#13742,#13749),.PCURVE_S1.);
#13738 = LINE('',#13739,#13740);
#13739 = CARTESIAN_POINT('',(630.,650.,500.));
#13740 = VECTOR('',#13741,1.);
#13741 = DIRECTION('',(0.,0.,1.));
#13742 = PCURVE('',#12234,#13743);
#13743 = DEFINITIONAL_REPRESENTATION('',(#13744),#13748);
#13744 = LINE('',#13745,#13746);
#13745 = CARTESIAN_POINT('',(0.,0.));
#13746 = VECTOR('',#13747,1.);
#13747 = DIRECTION('',(1.,0.));
#13748 = ( GEOMETRIC_REPRESENTATION_CONTEXT(2) 
PARAMETRIC_REPRESENTATION_CONTEXT() REPRESENTATION_CONTEXT('2D SPACE',''
  ) );
#13749 = PCURVE('',#12316,#13750);
#13750 = DEFINITIONAL_REPRESENTATION('',(#13751),#13755);
#13751 = LINE('',#13752,#13753);
#13752 = CARTESIAN_POINT('',(0.,0.));
#13753 = VECTOR('',#13754,1.);
#13754 = DIRECTION('',(1.,0.));
#13755 = ( GEOMETRIC_REPRESENTATION_CONTEXT(2) 
PARAMETRIC_REPRESENTATION_CONTEXT() REPRESENTATION_CONTEXT('2D SPACE',''
  ) );
#13756 = ORIENTED_EDGE('',*,*,#12216,.T.);
#13757 = ORIENTED_EDGE('',*,*,#13758,.T.);
#13758 = EDGE_CURVE('',#12219,#13759,#13761,.T.);
#13759 = VERTEX_POINT('',#13760);
#13760 = CARTESIAN_POINT('',(630.,790.,680.));
#13761 = SURFACE_CURVE('',#13762,(#13766,#13773),.PCURVE_S1.);
#13762 = LINE('',#13763,#13764);
#13763 = CARTESIAN_POINT('',(630.,790.,500.));
#13764 = VECTOR('',#13765,1.);
#13765 = DIRECTION('',(0.,0.,1.));
#13766 = PCURVE('',#12234,#13767);
#13767 = DEFINITIONAL_REPRESENTATION('',(#13768),#13772);
#13768 = LINE('',#13769,#13770);
#13769 = CARTESIAN_POINT('',(0.,-140.));
#13770 = VECTOR('',#13771,1.);
#13771 = DIRECTION('',(1.,0.));
#13772 = ( GEOMETRIC_REPRESENTATION_CONTEXT(2) 
PARAMETRIC_REPRESENTATION_CONTEXT() REPRESENTATION_CONTEXT('2D SPACE',''
  ) );
#13773 = PCURVE('',#12262,#13774);
#13774 = DEFINITIONAL_REPRESENTATION('',(#13775),#13779);
#13775 = LINE('',#13776,#13777);
#13776 = CARTESIAN_POINT('',(0.,0.));
#13777 = VECTOR('',#13778,1.);
#13778 = DIRECTION('',(1.,0.));
#13779 = ( GEOMETRIC_REPRESENTATION_CONTEXT(2) 
PARAMETRIC_REPRESENTATION_CONTEXT() REPRESENTATION_CONTEXT('2D SPACE',''
  ) );
#13780 = ORIENTED_EDGE('',*,*,#13781,.F.);
#13781 = EDGE_CURVE('',#13735,#13759,#13782,.T.);
#13782 = SURFACE_CURVE('',#13783,(#13787,#13794),.PCURVE_S1.);
#13783 = LINE('',#13784,#13785);
#13784 = CARTESIAN_POINT('',(630.,650.,680.));
#13785 = VECTOR('',#13786,1.);
#13786 = DIRECTION('',(0.,1.,0.));
#13787 = PCURVE('',#12234,#13788);
#13788 = DEFINITIONAL_REPRESENTATION('',(#13789),#13793);
#13789 = LINE('',#13790,#13791);
#13790 = CARTESIAN_POINT('',(180.,0.));
#13791 = VECTOR('',#13792,1.);
#13792 = DIRECTION('',(0.,-1.));
#13793 = ( GEOMETRIC_REPRESENTATION_CONTEXT(2) 
PARAMETRIC_REPRESENTATION_CONTEXT() REPRESENTATION_CONTEXT('2D SPACE',''
  ) );
#13794 = PCURVE('',#13795,#13800);
#13795 = PLANE('',#13796);
#13796 = AXIS2_PLACEMENT_3D('',#13797,#13798,#13799);
#13797 = CARTESIAN_POINT('',(630.,650.,680.));
#13798 = DIRECTION('',(0.,0.,1.));
#13799 = DIRECTION('',(1.,0.,0.));
#13800 = DEFINITIONAL_REPRESENTATION('',(#13801),#13805);
#13801 = LINE('',#13802,#13803);
#13802 = CARTESIAN_POINT('',(0.,0.));
#13803 = VECTOR('',#13804,1.);
#13804 = DIRECTION('',(0.,1.));
#13805 = ( GEOMETRIC_REPRESENTATION_CONTEXT(2) 
PARAMETRIC_REPRESENTATION_CONTEXT() REPRESENTATION_CONTEXT('2D SPACE',''
  ) );
#13806 = ADVANCED_FACE('',(#13807),#12262,.T.);
#13807 = FACE_BOUND('',#13808,.T.);
#13808 = EDGE_LOOP('',(#13809,#13810,#13811,#13834));
#13809 = ORIENTED_EDGE('',*,*,#12246,.F.);
#13810 = ORIENTED_EDGE('',*,*,#13758,.T.);
#13811 = ORIENTED_EDGE('',*,*,#13812,.T.);
#13812 = EDGE_CURVE('',#13759,#13813,#13815,.T.);
#13813 = VERTEX_POINT('',#13814);
#13814 = CARTESIAN_POINT('',(770.,790.,680.));
#13815 = SURFACE_CURVE('',#13816,(#13820,#13827),.PCURVE_S1.);
#13816 = LINE('',#13817,#13818);
#13817 = CARTESIAN_POINT('',(630.,790.,680.));
#13818 = VECTOR('',#13819,1.);
#13819 = DIRECTION('',(1.,0.,0.));
#13820 = PCURVE('',#12262,#13821);
#13821 = DEFINITIONAL_REPRESENTATION('',(#13822),#13826);
#13822 = LINE('',#13823,#13824);
#13823 = CARTESIAN_POINT('',(180.,0.));
#13824 = VECTOR('',#13825,1.);
#13825 = DIRECTION('',(0.,1.));
#13826 = ( GEOMETRIC_REPRESENTATION_CONTEXT(2) 
PARAMETRIC_REPRESENTATION_CONTEXT() REPRESENTATION_CONTEXT('2D SPACE',''
  ) );
#13827 = PCURVE('',#13795,#13828);
#13828 = DEFINITIONAL_REPRESENTATION('',(#13829),#13833);
#13829 = LINE('',#13830,#13831);
#13830 = CARTESIAN_POINT('',(0.,140.));
#13831 = VECTOR('',#13832,1.);
#13832 = DIRECTION('',(1.,0.));
#13833 = ( GEOMETRIC_REPRESENTATION_CONTEXT(2) 
PARAMETRIC_REPRESENTATION_CONTEXT() REPRESENTATION_CONTEXT('2D SPACE',''
  ) );
#13834 = ORIENTED_EDGE('',*,*,#13835,.F.);
#13835 = EDGE_CURVE('',#12247,#13813,#13836,.T.);
#13836 = SURFACE_CURVE('',#13837,(#13841,#13848),.PCURVE_S1.);
#13837 = LINE('',#13838,#13839);
#13838 = CARTESIAN_POINT('',(770.,790.,500.));
#13839 = VECTOR('',#13840,1.);
#13840 = DIRECTION('',(0.,0.,1.));
#13841 = PCURVE('',#12262,#13842);
#13842 = DEFINITIONAL_REPRESENTATION('',(#13843),#13847);
#13843 = LINE('',#13844,#13845);
#13844 = CARTESIAN_POINT('',(0.,140.));
#13845 = VECTOR('',#13846,1.);
#13846 = DIRECTION('',(1.,0.));
#13847 = ( GEOMETRIC_REPRESENTATION_CONTEXT(2) 
PARAMETRIC_REPRESENTATION_CONTEXT() REPRESENTATION_CONTEXT('2D SPACE',''
  ) );
#13848 = PCURVE('',#12290,#13849);
#13849 = DEFINITIONAL_REPRESENTATION('',(#13850),#13854);
#13850 = LINE('',#13851,#13852);
#13851 = CARTESIAN_POINT('',(0.,-140.));
#13852 = VECTOR('',#13853,1.);
#13853 = DIRECTION('',(1.,0.));
#13854 = ( GEOMETRIC_REPRESENTATION_CONTEXT(2) 
PARAMETRIC_REPRESENTATION_CONTEXT() REPRESENTATION_CONTEXT('2D SPACE',''
  ) );
#13855 = ADVANCED_FACE('',(#13856),#12316,.F.);
#13856 = FACE_BOUND('',#13857,.F.);
#13857 = EDGE_LOOP('',(#13858,#13859,#13860,#13883));
#13858 = ORIENTED_EDGE('',*,*,#12302,.F.);
#13859 = ORIENTED_EDGE('',*,*,#13734,.T.);
#13860 = ORIENTED_EDGE('',*,*,#13861,.T.);
#13861 = EDGE_CURVE('',#13735,#13862,#13864,.T.);
#13862 = VERTEX_POINT('',#13863);
#13863 = CARTESIAN_POINT('',(770.,650.,680.));
#13864 = SURFACE_CURVE('',#13865,(#13869,#13876),.PCURVE_S1.);
#13865 = LINE('',#13866,#13867);
#13866 = CARTESIAN_POINT('',(630.,650.,680.));
#13867 = VECTOR('',#13868,1.);
#13868 = DIRECTION('',(1.,0.,0.));
#13869 = PCURVE('',#12316,#13870);
#13870 = DEFINITIONAL_REPRESENTATION('',(#13871),#13875);
#13871 = LINE('',#13872,#13873);
#13872 = CARTESIAN_POINT('',(180.,0.));
#13873 = VECTOR('',#13874,1.);
#13874 = DIRECTION('',(0.,1.));
#13875 = ( GEOMETRIC_REPRESENTATION_CONTEXT(2) 
PARAMETRIC_REPRESENTATION_CONTEXT() REPRESENTATION_CONTEXT('2D SPACE',''
  ) );
#13876 = PCURVE('',#13795,#13877);
#13877 = DEFINITIONAL_REPRESENTATION('',(#13878),#13882);
#13878 = LINE('',#13879,#13880);
#13879 = CARTESIAN_POINT('',(0.,0.));
#13880 = VECTOR('',#13881,1.);
#13881 = DIRECTION('',(1.,0.));
#13882 = ( GEOMETRIC_REPRESENTATION_CONTEXT(2) 
PARAMETRIC_REPRESENTATION_CONTEXT() REPRESENTATION_CONTEXT('2D SPACE',''
  ) );
#13883 = ORIENTED_EDGE('',*,*,#13884,.F.);
#13884 = EDGE_CURVE('',#12275,#13862,#13885,.T.);
#13885 = SURFACE_CURVE('',#13886,(#13890,#13897),.PCURVE_S1.);
#13886 = LINE('',#13887,#13888);
#13887 = CARTESIAN_POINT('',(770.,650.,500.));
#13888 = VECTOR('',#13889,1.);
#13889 = DIRECTION('',(0.,0.,1.));
#13890 = PCURVE('',#12316,#13891);
#13891 = DEFINITIONAL_REPRESENTATION('',(#13892),#13896);
#13892 = LINE('',#13893,#13894);
#13893 = CARTESIAN_POINT('',(0.,140.));
#13894 = VECTOR('',#13895,1.);
#13895 = DIRECTION('',(1.,0.));
#13896 = ( GEOMETRIC_REPRESENTATION_CONTEXT(2) 
PARAMETRIC_REPRESENTATION_CONTEXT() REPRESENTATION_CONTEXT('2D SPACE',''
  ) );
#13897 = PCURVE('',#12290,#13898);
#13898 = DEFINITIONAL_REPRESENTATION('',(#13899),#13903);
#13899 = LINE('',#13900,#13901);
#13900 = CARTESIAN_POINT('',(0.,0.));
#13901 = VECTOR('',#13902,1.);
#13902 = DIRECTION('',(1.,0.));
#13903 = ( GEOMETRIC_REPRESENTATION_CONTEXT(2) 
PARAMETRIC_REPRESENTATION_CONTEXT() REPRESENTATION_CONTEXT('2D SPACE',''
  ) );
#13904 = ADVANCED_FACE('',(#13905),#12290,.T.);
#13905 = FACE_BOUND('',#13906,.T.);
#13906 = EDGE_LOOP('',(#13907,#13908,#13909,#13910));
#13907 = ORIENTED_EDGE('',*,*,#13884,.F.);
#13908 = ORIENTED_EDGE('',*,*,#12274,.T.);
#13909 = ORIENTED_EDGE('',*,*,#13835,.T.);
#13910 = ORIENTED_EDGE('',*,*,#13911,.F.);
#13911 = EDGE_CURVE('',#13862,#13813,#13912,.T.);
#13912 = SURFACE_CURVE('',#13913,(#13917,#13924),.PCURVE_S1.);
#13913 = LINE('',#13914,#13915);
#13914 = CARTESIAN_POINT('',(770.,650.,680.));
#13915 = VECTOR('',#13916,1.);
#13916 = DIRECTION('',(0.,1.,0.));
#13917 = PCURVE('',#12290,#13918);
#13918 = DEFINITIONAL_REPRESENTATION('',(#13919),#13923);
#13919 = LINE('',#13920,#13921);
#13920 = CARTESIAN_POINT('',(180.,0.));
#13921 = VECTOR('',#13922,1.);
#13922 = DIRECTION('',(0.,-1.));
#13923 = ( GEOMETRIC_REPRESENTATION_CONTEXT(2) 
PARAMETRIC_REPRESENTATION_CONTEXT() REPRESENTATION_CONTEXT('2D SPACE',''
  ) );
#13924 = PCURVE('',#13795,#13925);
#13925 = DEFINITIONAL_REPRESENTATION('',(#13926),#13930);
#13926 = LINE('',#13927,#13928);
#13927 = CARTESIAN_POINT('',(140.,0.));
#13928 = VECTOR('',#13929,1.);
#13929 = DIRECTION('',(0.,1.));
#13930 = ( GEOMETRIC_REPRESENTATION_CONTEXT(2) 
PARAMETRIC_REPRESENTATION_CONTEXT() REPRESENTATION_CONTEXT('2D SPACE',''
  ) );
#13931 = ADVANCED_FACE('',(#13932),#12348,.F.);
#13932 = FACE_BOUND('',#13933,.F.);
#13933 = EDGE_LOOP('',(#13934,#13957,#13958,#13981));
#13934 = ORIENTED_EDGE('',*,*,#13935,.F.);
#13935 = EDGE_CURVE('',#12331,#13936,#13938,.T.);
#13936 = VERTEX_POINT('',#13937);
#13937 = CARTESIAN_POINT('',(2.03E+03,650.,680.));
#13938 = SURFACE_CURVE('',#13939,(#13943,#13950),.PCURVE_S1.);
#13939 = LINE('',#13940,#13941);
#13940 = CARTESIAN_POINT('',(2.03E+03,650.,500.));
#13941 = VECTOR('',#13942,1.);
#13942 = DIRECTION('',(0.,0.,1.));
#13943 = PCURVE('',#12348,#13944);
#13944 = DEFINITIONAL_REPRESENTATION('',(#13945),#13949);
#13945 = LINE('',#13946,#13947);
#13946 = CARTESIAN_POINT('',(0.,0.));
#13947 = VECTOR('',#13948,1.);
#13948 = DIRECTION('',(1.,0.));
#13949 = ( GEOMETRIC_REPRESENTATION_CONTEXT(2) 
PARAMETRIC_REPRESENTATION_CONTEXT() REPRESENTATION_CONTEXT('2D SPACE',''
  ) );
#13950 = PCURVE('',#12430,#13951);
#13951 = DEFINITIONAL_REPRESENTATION('',(#13952),#13956);
#13952 = LINE('',#13953,#13954);
#13953 = CARTESIAN_POINT('',(0.,0.));
#13954 = VECTOR('',#13955,1.);
#13955 = DIRECTION('',(1.,0.));
#13956 = ( GEOMETRIC_REPRESENTATION_CONTEXT(2) 
PARAMETRIC_REPRESENTATION_CONTEXT() REPRESENTATION_CONTEXT('2D SPACE',''
  ) );
#13957 = ORIENTED_EDGE('',*,*,#12330,.T.);
#13958 = ORIENTED_EDGE('',*,*,#13959,.T.);
#13959 = EDGE_CURVE('',#12333,#13960,#13962,.T.);
#13960 = VERTEX_POINT('',#13961);
#13961 = CARTESIAN_POINT('',(2.03E+03,790.,680.));
#13962 = SURFACE_CURVE('',#13963,(#13967,#13974),.PCURVE_S1.);
#13963 = LINE('',#13964,#13965);
#13964 = CARTESIAN_POINT('',(2.03E+03,790.,500.));
#13965 = VECTOR('',#13966,1.);
#13966 = DIRECTION('',(0.,0.,1.));
#13967 = PCURVE('',#12348,#13968);
#13968 = DEFINITIONAL_REPRESENTATION('',(#13969),#13973);
#13969 = LINE('',#13970,#13971);
#13970 = CARTESIAN_POINT('',(0.,-140.));
#13971 = VECTOR('',#13972,1.);
#13972 = DIRECTION('',(1.,0.));
#13973 = ( GEOMETRIC_REPRESENTATION_CONTEXT(2) 
PARAMETRIC_REPRESENTATION_CONTEXT() REPRESENTATION_CONTEXT('2D SPACE',''
  ) );
#13974 = PCURVE('',#12376,#13975);
#13975 = DEFINITIONAL_REPRESENTATION('',(#13976),#13980);
#13976 = LINE('',#13977,#13978);
#13977 = CARTESIAN_POINT('',(0.,0.));
#13978 = VECTOR('',#13979,1.);
#13979 = DIRECTION('',(1.,0.));
#13980 = ( GEOMETRIC_REPRESENTATION_CONTEXT(2) 
PARAMETRIC_REPRESENTATION_CONTEXT() REPRESENTATION_CONTEXT('2D SPACE',''
  ) );
#13981 = ORIENTED_EDGE('',*,*,#13982,.F.);
#13982 = EDGE_CURVE('',#13936,#13960,#13983,.T.);
#13983 = SURFACE_CURVE('',#13984,(#13988,#13995),.PCURVE_S1.);
#13984 = LINE('',#13985,#13986);
#13985 = CARTESIAN_POINT('',(2.03E+03,650.,680.));
#13986 = VECTOR('',#13987,1.);
#13987 = DIRECTION('',(0.,1.,0.));
#13988 = PCURVE('',#12348,#13989);
#13989 = DEFINITIONAL_REPRESENTATION('',(#13990),#13994);
#13990 = LINE('',#13991,#13992);
#13991 = CARTESIAN_POINT('',(180.,0.));
#13992 = VECTOR('',#13993,1.);
#13993 = DIRECTION('',(0.,-1.));
#13994 = ( GEOMETRIC_REPRESENTATION_CONTEXT(2) 
PARAMETRIC_REPRESENTATION_CONTEXT() REPRESENTATION_CONTEXT('2D SPACE',''
  ) );
#13995 = PCURVE('',#13996,#14001);
#13996 = PLANE('',#13997);
#13997 = AXIS2_PLACEMENT_3D('',#13998,#13999,#14000);
#13998 = CARTESIAN_POINT('',(2.03E+03,650.,680.));
#13999 = DIRECTION('',(0.,0.,1.));
#14000 = DIRECTION('',(1.,0.,0.));
#14001 = DEFINITIONAL_REPRESENTATION('',(#14002),#14006);
#14002 = LINE('',#14003,#14004);
#14003 = CARTESIAN_POINT('',(0.,0.));
#14004 = VECTOR('',#14005,1.);
#14005 = DIRECTION('',(0.,1.));
#14006 = ( GEOMETRIC_REPRESENTATION_CONTEXT(2) 
PARAMETRIC_REPRESENTATION_CONTEXT() REPRESENTATION_CONTEXT('2D SPACE',''
  ) );
#14007 = ADVANCED_FACE('',(#14008),#12430,.F.);
#14008 = FACE_BOUND('',#14009,.F.);
#14009 = EDGE_LOOP('',(#14010,#14011,#14012,#14035));
#14010 = ORIENTED_EDGE('',*,*,#12416,.F.);
#14011 = ORIENTED_EDGE('',*,*,#13935,.T.);
#14012 = ORIENTED_EDGE('',*,*,#14013,.T.);
#14013 = EDGE_CURVE('',#13936,#14014,#14016,.T.);
#14014 = VERTEX_POINT('',#14015);
#14015 = CARTESIAN_POINT('',(2.17E+03,650.,680.));
#14016 = SURFACE_CURVE('',#14017,(#14021,#14028),.PCURVE_S1.);
#14017 = LINE('',#14018,#14019);
#14018 = CARTESIAN_POINT('',(2.03E+03,650.,680.));
#14019 = VECTOR('',#14020,1.);
#14020 = DIRECTION('',(1.,0.,0.));
#14021 = PCURVE('',#12430,#14022);
#14022 = DEFINITIONAL_REPRESENTATION('',(#14023),#14027);
#14023 = LINE('',#14024,#14025);
#14024 = CARTESIAN_POINT('',(180.,0.));
#14025 = VECTOR('',#14026,1.);
#14026 = DIRECTION('',(0.,1.));
#14027 = ( GEOMETRIC_REPRESENTATION_CONTEXT(2) 
PARAMETRIC_REPRESENTATION_CONTEXT() REPRESENTATION_CONTEXT('2D SPACE',''
  ) );
#14028 = PCURVE('',#13996,#14029);
#14029 = DEFINITIONAL_REPRESENTATION('',(#14030),#14034);
#14030 = LINE('',#14031,#14032);
#14031 = CARTESIAN_POINT('',(0.,0.));
#14032 = VECTOR('',#14033,1.);
#14033 = DIRECTION('',(1.,0.));
#14034 = ( GEOMETRIC_REPRESENTATION_CONTEXT(2) 
PARAMETRIC_REPRESENTATION_CONTEXT() REPRESENTATION_CONTEXT('2D SPACE',''
  ) );
#14035 = ORIENTED_EDGE('',*,*,#14036,.F.);
#14036 = EDGE_CURVE('',#12389,#14014,#14037,.T.);
#14037 = SURFACE_CURVE('',#14038,(#14042,#14049),.PCURVE_S1.);
#14038 = LINE('',#14039,#14040);
#14039 = CARTESIAN_POINT('',(2.17E+03,650.,500.));
#14040 = VECTOR('',#14041,1.);
#14041 = DIRECTION('',(0.,0.,1.));
#14042 = PCURVE('',#12430,#14043);
#14043 = DEFINITIONAL_REPRESENTATION('',(#14044),#14048);
#14044 = LINE('',#14045,#14046);
#14045 = CARTESIAN_POINT('',(0.,140.));
#14046 = VECTOR('',#14047,1.);
#14047 = DIRECTION('',(1.,0.));
#14048 = ( GEOMETRIC_REPRESENTATION_CONTEXT(2) 
PARAMETRIC_REPRESENTATION_CONTEXT() REPRESENTATION_CONTEXT('2D SPACE',''
  ) );
#14049 = PCURVE('',#12404,#14050);
#14050 = DEFINITIONAL_REPRESENTATION('',(#14051),#14055);
#14051 = LINE('',#14052,#14053);
#14052 = CARTESIAN_POINT('',(0.,0.));
#14053 = VECTOR('',#14054,1.);
#14054 = DIRECTION('',(1.,0.));
#14055 = ( GEOMETRIC_REPRESENTATION_CONTEXT(2) 
PARAMETRIC_REPRESENTATION_CONTEXT() REPRESENTATION_CONTEXT('2D SPACE',''
  ) );
#14056 = ADVANCED_FACE('',(#14057),#12404,.T.);
#14057 = FACE_BOUND('',#14058,.T.);
#14058 = EDGE_LOOP('',(#14059,#14060,#14061,#14084));
#14059 = ORIENTED_EDGE('',*,*,#14036,.F.);
#14060 = ORIENTED_EDGE('',*,*,#12388,.T.);
#14061 = ORIENTED_EDGE('',*,*,#14062,.T.);
#14062 = EDGE_CURVE('',#12361,#14063,#14065,.T.);
#14063 = VERTEX_POINT('',#14064);
#14064 = CARTESIAN_POINT('',(2.17E+03,790.,680.));
#14065 = SURFACE_CURVE('',#14066,(#14070,#14077),.PCURVE_S1.);
#14066 = LINE('',#14067,#14068);
#14067 = CARTESIAN_POINT('',(2.17E+03,790.,500.));
#14068 = VECTOR('',#14069,1.);
#14069 = DIRECTION('',(0.,0.,1.));
#14070 = PCURVE('',#12404,#14071);
#14071 = DEFINITIONAL_REPRESENTATION('',(#14072),#14076);
#14072 = LINE('',#14073,#14074);
#14073 = CARTESIAN_POINT('',(0.,-140.));
#14074 = VECTOR('',#14075,1.);
#14075 = DIRECTION('',(1.,0.));
#14076 = ( GEOMETRIC_REPRESENTATION_CONTEXT(2) 
PARAMETRIC_REPRESENTATION_CONTEXT() REPRESENTATION_CONTEXT('2D SPACE',''
  ) );
#14077 = PCURVE('',#12376,#14078);
#14078 = DEFINITIONAL_REPRESENTATION('',(#14079),#14083);
#14079 = LINE('',#14080,#14081);
#14080 = CARTESIAN_POINT('',(0.,140.));
#14081 = VECTOR('',#14082,1.);
#14082 = DIRECTION('',(1.,0.));
#14083 = ( GEOMETRIC_REPRESENTATION_CONTEXT(2) 
PARAMETRIC_REPRESENTATION_CONTEXT() REPRESENTATION_CONTEXT('2D SPACE',''
  ) );
#14084 = ORIENTED_EDGE('',*,*,#14085,.F.);
#14085 = EDGE_CURVE('',#14014,#14063,#14086,.T.);
#14086 = SURFACE_CURVE('',#14087,(#14091,#14098),.PCURVE_S1.);
#14087 = LINE('',#14088,#14089);
#14088 = CARTESIAN_POINT('',(2.17E+03,650.,680.));
#14089 = VECTOR('',#14090,1.);
#14090 = DIRECTION('',(0.,1.,0.));
#14091 = PCURVE('',#12404,#14092);
#14092 = DEFINITIONAL_REPRESENTATION('',(#14093),#14097);
#14093 = LINE('',#14094,#14095);
#14094 = CARTESIAN_POINT('',(180.,0.));
#14095 = VECTOR('',#14096,1.);
#14096 = DIRECTION('',(0.,-1.));
#14097 = ( GEOMETRIC_REPRESENTATION_CONTEXT(2) 
PARAMETRIC_REPRESENTATION_CONTEXT() REPRESENTATION_CONTEXT('2D SPACE',''
  ) );
#14098 = PCURVE('',#13996,#14099);
#14099 = DEFINITIONAL_REPRESENTATION('',(#14100),#14104);
#14100 = LINE('',#14101,#14102);
#14101 = CARTESIAN_POINT('',(140.,0.));
#14102 = VECTOR('',#14103,1.);
#14103 = DIRECTION('',(0.,1.));
#14104 = ( GEOMETRIC_REPRESENTATION_CONTEXT(2) 
PARAMETRIC_REPRESENTATION_CONTEXT() REPRESENTATION_CONTEXT('2D SPACE',''
  ) );
#14105 = ADVANCED_FACE('',(#14106),#12376,.T.);
#14106 = FACE_BOUND('',#14107,.T.);
#14107 = EDGE_LOOP('',(#14108,#14109,#14110,#14131));
#14108 = ORIENTED_EDGE('',*,*,#12360,.F.);
#14109 = ORIENTED_EDGE('',*,*,#13959,.T.);
#14110 = ORIENTED_EDGE('',*,*,#14111,.T.);
#14111 = EDGE_CURVE('',#13960,#14063,#14112,.T.);
#14112 = SURFACE_CURVE('',#14113,(#14117,#14124),.PCURVE_S1.);
#14113 = LINE('',#14114,#14115);
#14114 = CARTESIAN_POINT('',(2.03E+03,790.,680.));
#14115 = VECTOR('',#14116,1.);
#14116 = DIRECTION('',(1.,0.,0.));
#14117 = PCURVE('',#12376,#14118);
#14118 = DEFINITIONAL_REPRESENTATION('',(#14119),#14123);
#14119 = LINE('',#14120,#14121);
#14120 = CARTESIAN_POINT('',(180.,0.));
#14121 = VECTOR('',#14122,1.);
#14122 = DIRECTION('',(0.,1.));
#14123 = ( GEOMETRIC_REPRESENTATION_CONTEXT(2) 
PARAMETRIC_REPRESENTATION_CONTEXT() REPRESENTATION_CONTEXT('2D SPACE',''
  ) );
#14124 = PCURVE('',#13996,#14125);
#14125 = DEFINITIONAL_REPRESENTATION('',(#14126),#14130);
#14126 = LINE('',#14127,#14128);
#14127 = CARTESIAN_POINT('',(0.,140.));
#14128 = VECTOR('',#14129,1.);
#14129 = DIRECTION('',(1.,0.));
#14130 = ( GEOMETRIC_REPRESENTATION_CONTEXT(2) 
PARAMETRIC_REPRESENTATION_CONTEXT() REPRESENTATION_CONTEXT('2D SPACE',''
  ) );
#14131 = ORIENTED_EDGE('',*,*,#14062,.F.);
#14132 = ADVANCED_FACE('',(#14133),#12589,.T.);
#14133 = FACE_BOUND('',#14134,.T.);
#14134 = EDGE_LOOP('',(#14135,#14136,#14137,#14138));
#14135 = ORIENTED_EDGE('',*,*,#12575,.F.);
#14136 = ORIENTED_EDGE('',*,*,#12655,.T.);
#14137 = ORIENTED_EDGE('',*,*,#12705,.T.);
#14138 = ORIENTED_EDGE('',*,*,#12606,.F.);
#14139 = ADVANCED_FACE('',(#14140),#12790,.T.);
#14140 = FACE_BOUND('',#14141,.T.);
#14141 = EDGE_LOOP('',(#14142,#14143,#14144,#14145));
#14142 = ORIENTED_EDGE('',*,*,#12776,.F.);
#14143 = ORIENTED_EDGE('',*,*,#12856,.T.);
#14144 = ORIENTED_EDGE('',*,*,#12906,.T.);
#14145 = ORIENTED_EDGE('',*,*,#12807,.F.);
#14146 = ADVANCED_FACE('',(#14147),#12991,.T.);
#14147 = FACE_BOUND('',#14148,.T.);
#14148 = EDGE_LOOP('',(#14149,#14150,#14151,#14152));
#14149 = ORIENTED_EDGE('',*,*,#12977,.F.);
#14150 = ORIENTED_EDGE('',*,*,#13057,.T.);
#14151 = ORIENTED_EDGE('',*,*,#13107,.T.);
#14152 = ORIENTED_EDGE('',*,*,#13008,.F.);
#14153 = ADVANCED_FACE('',(#14154),#13192,.T.);
#14154 = FACE_BOUND('',#14155,.T.);
#14155 = EDGE_LOOP('',(#14156,#14157,#14158,#14159));
#14156 = ORIENTED_EDGE('',*,*,#13178,.F.);
#14157 = ORIENTED_EDGE('',*,*,#13258,.T.);
#14158 = ORIENTED_EDGE('',*,*,#13308,.T.);
#14159 = ORIENTED_EDGE('',*,*,#13209,.F.);
#14160 = ADVANCED_FACE('',(#14161),#13393,.T.);
#14161 = FACE_BOUND('',#14162,.T.);
#14162 = EDGE_LOOP('',(#14163,#14164,#14165,#14166));
#14163 = ORIENTED_EDGE('',*,*,#13379,.F.);
#14164 = ORIENTED_EDGE('',*,*,#13459,.T.);
#14165 = ORIENTED_EDGE('',*,*,#13509,.T.);
#14166 = ORIENTED_EDGE('',*,*,#13410,.F.);
#14167 = ADVANCED_FACE('',(#14168),#13594,.T.);
#14168 = FACE_BOUND('',#14169,.T.);
#14169 = EDGE_LOOP('',(#14170,#14171,#14172,#14173));
#14170 = ORIENTED_EDGE('',*,*,#13580,.F.);
#14171 = ORIENTED_EDGE('',*,*,#13660,.T.);
#14172 = ORIENTED_EDGE('',*,*,#13710,.T.);
#14173 = ORIENTED_EDGE('',*,*,#13611,.F.);
#14174 = ADVANCED_FACE('',(#14175),#13795,.T.);
#14175 = FACE_BOUND('',#14176,.T.);
#14176 = EDGE_LOOP('',(#14177,#14178,#14179,#14180));
#14177 = ORIENTED_EDGE('',*,*,#13781,.F.);
#14178 = ORIENTED_EDGE('',*,*,#13861,.T.);
#14179 = ORIENTED_EDGE('',*,*,#13911,.T.);
#14180 = ORIENTED_EDGE('',*,*,#13812,.F.);
#14181 = ADVANCED_FACE('',(#14182),#13996,.T.);
#14182 = FACE_BOUND('',#14183,.T.);
#14183 = EDGE_LOOP('',(#14184,#14185,#14186,#14187));
#14184 = ORIENTED_EDGE('',*,*,#13982,.F.);
#14185 = ORIENTED_EDGE('',*,*,#14013,.T.);
#14186 = ORIENTED_EDGE('',*,*,#14085,.T.);
#14187 = ORIENTED_EDGE('',*,*,#14111,.F.);
#14188 = ( GEOMETRIC_REPRESENTATION_CONTEXT(3) 
GLOBAL_UNCERTAINTY_ASSIGNED_CONTEXT((#14192)) 
GLOBAL_UNIT_ASSIGNED_CONTEXT((#14189,#14190,#14191)) 
REPRESENTATION_CONTEXT('Context #1',
  '3D Context with UNIT and UNCERTAINTY') );
#14189 = ( LENGTH_UNIT() NAMED_UNIT(*) SI_UNIT(.MILLI.,.METRE.) );
#14190 = ( NAMED_UNIT(*) PLANE_ANGLE_UNIT() SI_UNIT($,.RADIAN.) );
#14191 = ( NAMED_UNIT(*) SI_UNIT($,.STERADIAN.) SOLID_ANGLE_UNIT() );
#14192 = UNCERTAINTY_MEASURE_WITH_UNIT(LENGTH_MEASURE(1.E-07),#14189,
  'distance_accuracy_value','confusion accuracy');
#14193 = CONTEXT_DEPENDENT_SHAPE_REPRESENTATION(#14194,#14196);
#14194 = ( REPRESENTATION_RELATIONSHIP('','',#6169,#10) 
REPRESENTATION_RELATIONSHIP_WITH_TRANSFORMATION(#14195) 
SHAPE_REPRESENTATION_RELATIONSHIP() );
#14195 = ITEM_DEFINED_TRANSFORMATION('','',#11,#19);
#14196 = PRODUCT_DEFINITION_SHAPE('Placement','Placement of an item',
  #14197);
#14197 = NEXT_ASSEMBLY_USAGE_OCCURRENCE('4','frame_skeleton','',#5,#6164
  ,$);
#14198 = PRODUCT_RELATED_PRODUCT_CATEGORY('part',$,(#6166));
#14199 = MECHANICAL_DESIGN_GEOMETRIC_PRESENTATION_REPRESENTATION('',(
    #14200),#6151);
#14200 = STYLED_ITEM('color',(#14201),#37);
#14201 = PRESENTATION_STYLE_ASSIGNMENT((#14202));
#14202 = SURFACE_STYLE_USAGE(.BOTH.,#14203);
#14203 = SURFACE_SIDE_STYLE('',(#14204));
#14204 = SURFACE_STYLE_FILL_AREA(#14205);
#14205 = FILL_AREA_STYLE('',(#14206));
#14206 = FILL_AREA_STYLE_COLOUR('',#14207);
#14207 = COLOUR_RGB('',0.729999995167,0.78000000177,0.819999987296);
#14208 = MECHANICAL_DESIGN_GEOMETRIC_PRESENTATION_REPRESENTATION('',(
    #14209,#14217),#14188);
#14209 = STYLED_ITEM('color',(#14210),#6170);
#14210 = PRESENTATION_STYLE_ASSIGNMENT((#14211));
#14211 = SURFACE_STYLE_USAGE(.BOTH.,#14212);
#14212 = SURFACE_SIDE_STYLE('',(#14213));
#14213 = SURFACE_STYLE_FILL_AREA(#14214);
#14214 = FILL_AREA_STYLE('',(#14215));
#14215 = FILL_AREA_STYLE_COLOUR('',#14216);
#14216 = COLOUR_RGB('',0.219999994989,0.219999994989,0.250000000672);
#14217 = STYLED_ITEM('color',(#14218),#11282);
#14218 = PRESENTATION_STYLE_ASSIGNMENT((#14219));
#14219 = SURFACE_STYLE_USAGE(.BOTH.,#14220);
#14220 = SURFACE_SIDE_STYLE('',(#14221));
#14221 = SURFACE_STYLE_FILL_AREA(#14222);
#14222 = FILL_AREA_STYLE('',(#14223));
#14223 = FILL_AREA_STYLE_COLOUR('',#14216);
ENDSEC;
END-ISO-10303-21;
